Time  Strain  Total stress    Spring stress Gradient
0.0	0.0	1.0e-5	0.0	0.01
0.1	0.001	2.0e-5	0.0	0.01
0.2	0.002	3.0e-5	0.0	0.01
0.3	0.003	4.0e-5	0.0	0.01
0.4	0.004	5.0e-5	0.0	0.01
0.5	0.005	6.0e-5	1.0e-5	0.01
0.6	0.006	7.0e-5	1.0e-5	0.01
0.7	0.007	8.0e-5	1.0e-5	0.01
0.8	0.008	9.0e-5	1.0e-5	0.01001
0.9	0.009	0.0001	1.0e-5	0.01001
1.0	0.01	0.00011	1.0e-5	0.01001
1.1	0.011	0.00012	1.0e-5	0.01001
1.2	0.012	0.00013	1.0e-5	0.01001
1.3	0.013	0.00014	1.0e-5	0.01001
1.4	0.014	0.00015	2.0e-5	0.01002
1.5	0.015	0.00016	2.0e-5	0.01002
1.6	0.016	0.00017	2.0e-5	0.01002
1.7	0.017	0.00018	2.0e-5	0.01002
1.8	0.018	0.00019	2.0e-5	0.01003
1.9	0.019	0.0002	2.0e-5	0.01003
2.0	0.02	0.00021	2.0e-5	0.01003
2.1	0.021	0.00022	2.0e-5	0.01003
2.2	0.022	0.00023	2.0e-5	0.01004
2.3	0.023	0.00024	2.0e-5	0.01004
2.4	0.024	0.00025	3.0e-5	0.01004
2.5	0.025	0.00026	3.0e-5	0.01005
2.6	0.026	0.00027	3.0e-5	0.01005
2.7	0.027	0.00028	3.0e-5	0.01006
2.8	0.028	0.00029	3.0e-5	0.01006
2.9	0.029	0.0003	3.0e-5	0.01006
3.0	0.03	0.00031	3.0e-5	0.01007
3.1	0.031	0.00032	3.0e-5	0.01007
3.2	0.032	0.00033	3.0e-5	0.01008
3.3	0.033	0.00034	3.0e-5	0.01008
3.4	0.034	0.00035	3.0e-5	0.01009
3.5	0.035	0.00036	4.0e-5	0.01009
3.6	0.036	0.00037	4.0e-5	0.0101
3.7	0.037	0.00038	4.0e-5	0.0101
3.8	0.038	0.00039	4.0e-5	0.01011
3.9	0.039	0.0004	4.0e-5	0.01011
4.0	0.04	0.00041	4.0e-5	0.01012
4.1	0.041	0.00042	4.0e-5	0.01013
4.2	0.042	0.00043	4.0e-5	0.01013
4.3	0.043	0.00044	4.0e-5	0.01014
4.4	0.044	0.00045	4.0e-5	0.01014
4.5	0.045	0.00046	5.0e-5	0.01015
4.6	0.046	0.00047	5.0e-5	0.01016
4.7	0.047	0.00048	5.0e-5	0.01016
4.8	0.048	0.00049	5.0e-5	0.01017
4.9	0.049	0.0005	5.0e-5	0.01018
5.0	0.05	0.00051	5.0e-5	0.01019
5.1	0.051	0.00052	5.0e-5	0.01019
5.2	0.052	0.00053	5.0e-5	0.0102
5.3	0.053	0.00054	5.0e-5	0.01021
5.4	0.054	0.00055	5.0e-5	0.01022
5.5	0.055	0.00056	6.0e-5	0.01022
5.6	0.056	0.00057	6.0e-5	0.01023
5.7	0.057	0.00058	6.0e-5	0.01024
5.8	0.058	0.0006	6.0e-5	0.01025
5.9	0.059	0.00061	6.0e-5	0.01026
6.0	0.06	0.00062	6.0e-5	0.01027
6.1	0.061	0.00063	6.0e-5	0.01027
6.2	0.062	0.00064	6.0e-5	0.01028
6.3	0.063	0.00065	6.0e-5	0.01029
6.4	0.064	0.00066	6.0e-5	0.0103
6.5	0.065	0.00067	7.0e-5	0.01031
6.6	0.066	0.00068	7.0e-5	0.01032
6.7	0.067	0.00069	7.0e-5	0.01033
6.8	0.068	0.0007	7.0e-5	0.01034
6.9	0.069	0.00071	7.0e-5	0.01035
7.0	0.07	0.00072	7.0e-5	0.01036
7.1	0.071	0.00073	7.0e-5	0.01037
7.2	0.072	0.00074	7.0e-5	0.01038
7.3	0.073	0.00075	7.0e-5	0.01039
7.4	0.074	0.00076	7.0e-5	0.0104
7.5	0.075	0.00077	8.0e-5	0.01041
7.6	0.076	0.00078	8.0e-5	0.01042
7.7	0.077	0.00079	8.0e-5	0.01043
7.8	0.078	0.0008	8.0e-5	0.01044
7.9	0.079	0.00081	8.0e-5	0.01045
8.0	0.08	0.00082	8.0e-5	0.01046
8.1	0.081	0.00083	8.0e-5	0.01048
8.2	0.082	0.00084	8.0e-5	0.01049
8.3	0.083	0.00085	8.0e-5	0.0105
8.4	0.084	0.00086	8.0e-5	0.01051
8.5	0.085	0.00088	9.0e-5	0.01052
8.6	0.086	0.00089	9.0e-5	0.01053
8.7	0.087	0.0009	9.0e-5	0.01055
8.8	0.088	0.00091	9.0e-5	0.01056
8.9	0.089	0.00092	9.0e-5	0.01057
9.0	0.09	0.00093	9.0e-5	0.01058
9.1	0.091	0.00094	9.0e-5	0.0106
9.2	0.092	0.00095	9.0e-5	0.01061
9.3	0.093	0.00096	9.0e-5	0.01062
9.4	0.094	0.00097	9.0e-5	0.01063
9.5	0.095	0.00098	0.0001	0.01065
9.6	0.096	0.00099	0.0001	0.01066
9.7	0.097	0.001	0.0001	0.01067
9.8	0.098	0.00101	0.0001	0.01069
9.9	0.099	0.00102	0.0001	0.0107
10.0	0.1	0.00103	0.0001	0.01071
10.1	0.101	0.00105	0.0001	0.01073
10.2	0.102	0.00106	0.0001	0.01074
10.3	0.103	0.00107	0.0001	0.01076
10.4	0.104	0.00108	0.0001	0.01077
10.5	0.105	0.00109	0.00011	0.01079
10.6	0.106	0.0011	0.00011	0.0108
10.7	0.107	0.00111	0.00011	0.01081
10.8	0.108	0.00112	0.00011	0.01083
10.9	0.109	0.00113	0.00011	0.01084
11.0	0.11	0.00114	0.00011	0.01086
11.1	0.111	0.00115	0.00011	0.01087
11.2	0.112	0.00116	0.00011	0.01089
11.3	0.113	0.00118	0.00011	0.0109
11.4	0.114	0.00119	0.00011	0.01092
11.5	0.115	0.0012	0.00012	0.01094
11.6	0.116	0.00121	0.00012	0.01095
11.7	0.117	0.00122	0.00012	0.01097
11.8	0.118	0.00123	0.00012	0.01098
11.9	0.119	0.00124	0.00012	0.011
12.0	0.12	0.00125	0.00012	0.01102
12.1	0.121	0.00126	0.00012	0.01103
12.2	0.122	0.00127	0.00012	0.01105
12.3	0.123	0.00129	0.00012	0.01106
12.4	0.124	0.0013	0.00012	0.01108
12.5	0.125	0.00131	0.00013	0.0111
12.6	0.126	0.00132	0.00013	0.01112
12.7	0.127	0.00133	0.00013	0.01113
12.8	0.128	0.00134	0.00013	0.01115
12.9	0.129	0.00135	0.00013	0.01117
13.0	0.13	0.00136	0.00013	0.01118
13.1	0.131	0.00137	0.00013	0.0112
13.2	0.132	0.00139	0.00013	0.01122
13.3	0.133	0.0014	0.00013	0.01124
13.4	0.134	0.00141	0.00013	0.01125
13.5	0.135	0.00142	0.00014	0.01127
13.6	0.136	0.00143	0.00014	0.01129
13.7	0.137	0.00144	0.00014	0.01131
13.8	0.138	0.00145	0.00014	0.01133
13.9	0.139	0.00146	0.00014	0.01135
14.0	0.14	0.00148	0.00014	0.01136
14.1	0.141	0.00149	0.00014	0.01138
14.2	0.142	0.0015	0.00014	0.0114
14.3	0.143	0.00151	0.00014	0.01142
14.4	0.144	0.00152	0.00014	0.01144
14.5	0.145	0.00153	0.00015	0.01146
14.6	0.146	0.00154	0.00015	0.01148
14.7	0.147	0.00156	0.00015	0.0115
14.8	0.148	0.00157	0.00015	0.01152
14.9	0.149	0.00158	0.00015	0.01154
15.0	0.15	0.00159	0.00015	0.01156
15.1	0.151	0.0016	0.00015	0.01158
15.2	0.152	0.00161	0.00015	0.0116
15.3	0.153	0.00163	0.00015	0.01162
15.4	0.154	0.00164	0.00015	0.01164
15.5	0.155	0.00165	0.00016	0.01166
15.6	0.156	0.00166	0.00016	0.01168
15.7	0.157	0.00167	0.00016	0.0117
15.8	0.158	0.00168	0.00016	0.01172
15.9	0.159	0.0017	0.00016	0.01174
16.0	0.16	0.00171	0.00016	0.01176
16.1	0.161	0.00172	0.00016	0.01178
16.2	0.162	0.00173	0.00016	0.0118
16.3	0.163	0.00174	0.00016	0.01182
16.4	0.164	0.00175	0.00016	0.01184
16.5	0.165	0.00177	0.00017	0.01187
16.6	0.166	0.00178	0.00017	0.01189
16.7	0.167	0.00179	0.00017	0.01191
16.8	0.168	0.0018	0.00017	0.01193
16.9	0.169	0.00181	0.00017	0.01195
17.0	0.17	0.00183	0.00017	0.01197
17.1	0.171	0.00184	0.00017	0.012
17.2	0.172	0.00185	0.00017	0.01202
17.3	0.173	0.00186	0.00017	0.01204
17.4	0.174	0.00187	0.00017	0.01206
17.5	0.175	0.00189	0.00018	0.01209
17.6	0.176	0.0019	0.00018	0.01211
17.7	0.177	0.00191	0.00018	0.01213
17.8	0.178	0.00192	0.00018	0.01215
17.9	0.179	0.00193	0.00018	0.01218
18.0	0.18	0.00195	0.00018	0.0122
18.1	0.181	0.00196	0.00018	0.01222
18.2	0.182	0.00197	0.00018	0.01225
18.3	0.183	0.00198	0.00018	0.01227
18.4	0.184	0.002	0.00018	0.01229
18.5	0.185	0.00201	0.00019	0.01232
18.6	0.186	0.00202	0.00019	0.01234
18.7	0.187	0.00203	0.00019	0.01237
18.8	0.188	0.00205	0.00019	0.01239
18.9	0.189	0.00206	0.00019	0.01241
19.0	0.19	0.00207	0.00019	0.01244
19.1	0.191	0.00208	0.00019	0.01246
19.2	0.192	0.0021	0.00019	0.01249
19.3	0.193	0.00211	0.00019	0.01251
19.4	0.194	0.00212	0.00019	0.01253
19.5	0.195	0.00213	0.0002	0.01256
19.6	0.196	0.00215	0.0002	0.01258
19.7	0.197	0.00216	0.0002	0.01261
19.8	0.198	0.00217	0.0002	0.01263
19.9	0.199	0.00218	0.0002	0.01266
20.0	0.2	0.0022	0.0002	0.01268
20.1	0.201	0.00221	0.0002	0.01271
20.2	0.202	0.00222	0.0002	0.01274
20.3	0.203	0.00223	0.0002	0.01276
20.4	0.204	0.00225	0.0002	0.01279
20.5	0.205	0.00226	0.00021	0.01281
20.6	0.206	0.00227	0.00021	0.01284
20.7	0.207	0.00229	0.00021	0.01286
20.8	0.208	0.0023	0.00021	0.01289
20.9	0.209	0.00231	0.00021	0.01292
21.0	0.21	0.00232	0.00021	0.01294
21.1	0.211	0.00234	0.00021	0.01297
21.2	0.212	0.00235	0.00021	0.01299
21.3	0.213	0.00236	0.00021	0.01302
21.4	0.214	0.00238	0.00021	0.01305
21.5	0.215	0.00239	0.00022	0.01307
21.6	0.216	0.0024	0.00022	0.0131
21.7	0.217	0.00242	0.00022	0.01313
21.8	0.218	0.00243	0.00022	0.01316
21.9	0.219	0.00244	0.00022	0.01318
22.0	0.22	0.00246	0.00022	0.01321
22.1	0.221	0.00247	0.00022	0.01324
22.2	0.222	0.00248	0.00022	0.01326
22.3	0.223	0.00249	0.00022	0.01329
22.4	0.224	0.00251	0.00022	0.01332
22.5	0.225	0.00252	0.00023	0.01335
22.6	0.226	0.00254	0.00023	0.01338
22.7	0.227	0.00255	0.00023	0.0134
22.8	0.228	0.00256	0.00023	0.01343
22.9	0.229	0.00258	0.00023	0.01346
23.0	0.23	0.00259	0.00023	0.01349
23.1	0.231	0.0026	0.00023	0.01352
23.2	0.232	0.00262	0.00023	0.01354
23.3	0.233	0.00263	0.00023	0.01357
23.4	0.234	0.00264	0.00023	0.0136
23.5	0.235	0.00266	0.00024	0.01363
23.6	0.236	0.00267	0.00024	0.01366
23.7	0.237	0.00268	0.00024	0.01369
23.8	0.238	0.0027	0.00024	0.01372
23.9	0.239	0.00271	0.00024	0.01375
24.0	0.24	0.00273	0.00024	0.01378
24.1	0.241	0.00274	0.00024	0.01381
24.2	0.242	0.00275	0.00024	0.01383
24.3	0.243	0.00277	0.00024	0.01386
24.4	0.244	0.00278	0.00024	0.01389
24.5	0.245	0.00279	0.00025	0.01392
24.6	0.246	0.00281	0.00025	0.01395
24.7	0.247	0.00282	0.00025	0.01398
24.8	0.248	0.00284	0.00025	0.01401
24.9	0.249	0.00285	0.00025	0.01404
25.0	0.25	0.00286	0.00025	0.01407
25.1	0.251	0.00288	0.00025	0.0141
25.2	0.252	0.00289	0.00025	0.01413
25.3	0.253	0.00291	0.00025	0.01416
25.4	0.254	0.00292	0.00025	0.0142
25.5	0.255	0.00294	0.00026	0.01423
25.6	0.256	0.00295	0.00026	0.01426
25.7	0.257	0.00296	0.00026	0.01429
25.8	0.258	0.00298	0.00026	0.01432
25.9	0.259	0.00299	0.00026	0.01435
26.0	0.26	0.00301	0.00026	0.01438
26.1	0.261	0.00302	0.00026	0.01441
26.2	0.262	0.00304	0.00026	0.01444
26.3	0.263	0.00305	0.00026	0.01447
26.4	0.264	0.00306	0.00026	0.01451
26.5	0.265	0.00308	0.00027	0.01454
26.6	0.266	0.00309	0.00027	0.01457
26.7	0.267	0.00311	0.00027	0.0146
26.8	0.268	0.00312	0.00027	0.01463
26.9	0.269	0.00314	0.00027	0.01466
27.0	0.27	0.00315	0.00027	0.0147
27.1	0.271	0.00317	0.00027	0.01473
27.2	0.272	0.00318	0.00027	0.01476
27.3	0.273	0.0032	0.00027	0.01479
27.4	0.274	0.00321	0.00028	0.01483
27.5	0.275	0.00323	0.00028	0.01486
27.6	0.276	0.00324	0.00028	0.01489
27.7	0.277	0.00326	0.00028	0.01492
27.8	0.278	0.00327	0.00028	0.01496
27.9	0.279	0.00329	0.00028	0.01499
28.0	0.28	0.0033	0.00028	0.01502
28.1	0.281	0.00332	0.00028	0.01506
28.2	0.282	0.00333	0.00028	0.01509
28.3	0.283	0.00335	0.00028	0.01512
28.4	0.284	0.00336	0.00029	0.01516
28.5	0.285	0.00338	0.00029	0.01519
28.6	0.286	0.00339	0.00029	0.01522
28.7	0.287	0.00341	0.00029	0.01526
28.8	0.288	0.00342	0.00029	0.01529
28.9	0.289	0.00344	0.00029	0.01532
29.0	0.29	0.00345	0.00029	0.01536
29.1	0.291	0.00347	0.00029	0.01539
29.2	0.292	0.00348	0.00029	0.01543
29.3	0.293	0.0035	0.00029	0.01546
29.4	0.294	0.00352	0.0003	0.01549
29.5	0.295	0.00353	0.0003	0.01553
29.6	0.296	0.00355	0.0003	0.01556
29.7	0.297	0.00356	0.0003	0.0156
29.8	0.298	0.00358	0.0003	0.01563
29.9	0.299	0.00359	0.0003	0.01567
30.0	0.3	0.00361	0.0003	0.0157
30.1	0.301	0.00362	0.0003	0.01574
30.2	0.302	0.00364	0.0003	0.01577
30.3	0.303	0.00366	0.0003	0.01581
30.4	0.304	0.00367	0.00031	0.01584
30.5	0.305	0.00369	0.00031	0.01588
30.6	0.306	0.0037	0.00031	0.01591
30.7	0.307	0.00372	0.00031	0.01595
30.8	0.308	0.00374	0.00031	0.01598
30.9	0.309	0.00375	0.00031	0.01602
31.0	0.31	0.00377	0.00031	0.01605
31.1	0.311	0.00378	0.00031	0.01609
31.2	0.312	0.0038	0.00031	0.01612
31.3	0.313	0.00382	0.00031	0.01616
31.4	0.314	0.00383	0.00032	0.0162
31.5	0.315	0.00385	0.00032	0.01623
31.6	0.316	0.00386	0.00032	0.01627
31.7	0.317	0.00388	0.00032	0.0163
31.8	0.318	0.0039	0.00032	0.01634
31.9	0.319	0.00391	0.00032	0.01638
32.0	0.32	0.00393	0.00032	0.01641
32.1	0.321	0.00395	0.00032	0.01645
32.2	0.322	0.00396	0.00032	0.01649
32.3	0.323	0.00398	0.00032	0.01652
32.4	0.324	0.004	0.00033	0.01656
32.5	0.325	0.00401	0.00033	0.0166
32.6	0.326	0.00403	0.00033	0.01663
32.7	0.327	0.00405	0.00033	0.01667
32.8	0.328	0.00406	0.00033	0.01671
32.9	0.329	0.00408	0.00033	0.01675
33.0	0.33	0.0041	0.00033	0.01678
33.1	0.331	0.00411	0.00033	0.01682
33.2	0.332	0.00413	0.00033	0.01686
33.3	0.333	0.00415	0.00033	0.0169
33.4	0.334	0.00416	0.00034	0.01693
33.5	0.335	0.00418	0.00034	0.01697
33.6	0.336	0.0042	0.00034	0.01701
33.7	0.337	0.00422	0.00034	0.01705
33.8	0.338	0.00423	0.00034	0.01708
33.9	0.339	0.00425	0.00034	0.01712
34.0	0.34	0.00427	0.00034	0.01716
34.1	0.341	0.00428	0.00034	0.0172
34.2	0.342	0.0043	0.00034	0.01724
34.3	0.343	0.00432	0.00034	0.01727
34.4	0.344	0.00434	0.00035	0.01731
34.5	0.345	0.00435	0.00035	0.01735
34.6	0.346	0.00437	0.00035	0.01739
34.7	0.347	0.00439	0.00035	0.01743
34.8	0.348	0.00441	0.00035	0.01747
34.9	0.349	0.00442	0.00035	0.01751
35.0	0.35	0.00444	0.00035	0.01755
35.1	0.351	0.00446	0.00035	0.01758
35.2	0.352	0.00448	0.00035	0.01762
35.3	0.353	0.00449	0.00035	0.01766
35.4	0.354	0.00451	0.00036	0.0177
35.5	0.355	0.00453	0.00036	0.01774
35.6	0.356	0.00455	0.00036	0.01778
35.7	0.357	0.00456	0.00036	0.01782
35.8	0.358	0.00458	0.00036	0.01786
35.9	0.359	0.0046	0.00036	0.0179
36.0	0.36	0.00462	0.00036	0.01794
36.1	0.361	0.00464	0.00036	0.01798
36.2	0.362	0.00465	0.00036	0.01802
36.3	0.363	0.00467	0.00036	0.01806
36.4	0.364	0.00469	0.00037	0.0181
36.5	0.365	0.00471	0.00037	0.01814
36.6	0.366	0.00473	0.00037	0.01818
36.7	0.367	0.00474	0.00037	0.01822
36.8	0.368	0.00476	0.00037	0.01826
36.9	0.369	0.00478	0.00037	0.0183
37.0	0.37	0.0048	0.00037	0.01834
37.1	0.371	0.00482	0.00037	0.01838
37.2	0.372	0.00484	0.00037	0.01842
37.3	0.373	0.00485	0.00037	0.01846
37.4	0.374	0.00487	0.00038	0.0185
37.5	0.375	0.00489	0.00038	0.01854
37.6	0.376	0.00491	0.00038	0.01858
37.7	0.377	0.00493	0.00038	0.01863
37.8	0.378	0.00495	0.00038	0.01867
37.9	0.379	0.00497	0.00038	0.01871
38.0	0.38	0.00498	0.00038	0.01875
38.1	0.381	0.005	0.00038	0.01879
38.2	0.382	0.00502	0.00038	0.01883
38.3	0.383	0.00504	0.00038	0.01887
38.4	0.384	0.00506	0.00039	0.01891
38.5	0.385	0.00508	0.00039	0.01896
38.6	0.386	0.0051	0.00039	0.019
38.7	0.387	0.00512	0.00039	0.01904
38.8	0.388	0.00514	0.00039	0.01908
38.9	0.389	0.00516	0.00039	0.01912
39.0	0.39	0.00517	0.00039	0.01917
39.1	0.391	0.00519	0.00039	0.01921
39.2	0.392	0.00521	0.00039	0.01925
39.3	0.393	0.00523	0.00039	0.01929
39.4	0.394	0.00525	0.0004	0.01933
39.5	0.395	0.00527	0.0004	0.01938
39.6	0.396	0.00529	0.0004	0.01942
39.7	0.397	0.00531	0.0004	0.01946
39.8	0.398	0.00533	0.0004	0.0195
39.9	0.399	0.00535	0.0004	0.01955
40.0	0.4	0.00537	0.0004	0.01959
40.1	0.401	0.00539	0.0004	0.01963
40.2	0.402	0.00541	0.0004	0.01968
40.3	0.403	0.00543	0.0004	0.01972
40.4	0.404	0.00545	0.00041	0.01976
40.5	0.405	0.00547	0.00041	0.0198
40.6	0.406	0.00549	0.00041	0.01985
40.7	0.407	0.00551	0.00041	0.01989
40.8	0.408	0.00553	0.00041	0.01993
40.9	0.409	0.00555	0.00041	0.01998
41.0	0.41	0.00557	0.00041	0.02002
41.1	0.411	0.00559	0.00041	0.02006
41.2	0.412	0.00561	0.00041	0.02011
41.3	0.413	0.00563	0.00041	0.02015
41.4	0.414	0.00565	0.00042	0.02019
41.5	0.415	0.00567	0.00042	0.02024
41.6	0.416	0.00569	0.00042	0.02028
41.7	0.417	0.00571	0.00042	0.02033
41.8	0.418	0.00573	0.00042	0.02037
41.9	0.419	0.00575	0.00042	0.02041
42.0	0.42	0.00577	0.00042	0.02046
42.1	0.421	0.00579	0.00042	0.0205
42.2	0.422	0.00581	0.00042	0.02055
42.3	0.423	0.00583	0.00042	0.02059
42.4	0.424	0.00585	0.00043	0.02064
42.5	0.425	0.00587	0.00043	0.02068
42.6	0.426	0.00589	0.00043	0.02072
42.7	0.427	0.00591	0.00043	0.02077
42.8	0.428	0.00593	0.00043	0.02081
42.9	0.429	0.00596	0.00043	0.02086
43.0	0.43	0.00598	0.00043	0.0209
43.1	0.431	0.006	0.00043	0.02095
43.2	0.432	0.00602	0.00043	0.02099
43.3	0.433	0.00604	0.00043	0.02104
43.4	0.434	0.00606	0.00044	0.02108
43.5	0.435	0.00608	0.00044	0.02113
43.6	0.436	0.0061	0.00044	0.02117
43.7	0.437	0.00612	0.00044	0.02122
43.8	0.438	0.00615	0.00044	0.02126
43.9	0.439	0.00617	0.00044	0.02131
44.0	0.44	0.00619	0.00044	0.02136
44.1	0.441	0.00621	0.00044	0.0214
44.2	0.442	0.00623	0.00044	0.02145
44.3	0.443	0.00625	0.00044	0.02149
44.4	0.444	0.00627	0.00045	0.02154
44.5	0.445	0.0063	0.00045	0.02158
44.6	0.446	0.00632	0.00045	0.02163
44.7	0.447	0.00634	0.00045	0.02168
44.8	0.448	0.00636	0.00045	0.02172
44.9	0.449	0.00638	0.00045	0.02177
45.0	0.45	0.0064	0.00045	0.02181
45.1	0.451	0.00643	0.00045	0.02186
45.2	0.452	0.00645	0.00045	0.02191
45.3	0.453	0.00647	0.00045	0.02195
45.4	0.454	0.00649	0.00046	0.022
45.5	0.455	0.00651	0.00046	0.02205
45.6	0.456	0.00654	0.00046	0.02209
45.7	0.457	0.00656	0.00046	0.02214
45.8	0.458	0.00658	0.00046	0.02219
45.9	0.459	0.0066	0.00046	0.02223
46.0	0.46	0.00662	0.00046	0.02228
46.1	0.461	0.00665	0.00046	0.02233
46.2	0.462	0.00667	0.00046	0.02237
46.3	0.463	0.00669	0.00046	0.02242
46.4	0.464	0.00671	0.00047	0.02247
46.5	0.465	0.00674	0.00047	0.02252
46.6	0.466	0.00676	0.00047	0.02256
46.7	0.467	0.00678	0.00047	0.02261
46.8	0.468	0.0068	0.00047	0.02266
46.9	0.469	0.00683	0.00047	0.0227
47.0	0.47	0.00685	0.00047	0.02275
47.1	0.471	0.00687	0.00047	0.0228
47.2	0.472	0.0069	0.00047	0.02285
47.3	0.473	0.00692	0.00047	0.02289
47.4	0.474	0.00694	0.00048	0.02294
47.5	0.475	0.00696	0.00048	0.02299
47.6	0.476	0.00699	0.00048	0.02304
47.7	0.477	0.00701	0.00048	0.02309
47.8	0.478	0.00703	0.00048	0.02313
47.9	0.479	0.00706	0.00048	0.02318
48.0	0.48	0.00708	0.00048	0.02323
48.1	0.481	0.0071	0.00048	0.02328
48.2	0.482	0.00713	0.00048	0.02333
48.3	0.483	0.00715	0.00048	0.02338
48.4	0.484	0.00717	0.00049	0.02342
48.5	0.485	0.0072	0.00049	0.02347
48.6	0.486	0.00722	0.00049	0.02352
48.7	0.487	0.00724	0.00049	0.02357
48.8	0.488	0.00727	0.00049	0.02362
48.9	0.489	0.00729	0.00049	0.02367
49.0	0.49	0.00732	0.00049	0.02371
49.1	0.491	0.00734	0.00049	0.02376
49.2	0.492	0.00736	0.00049	0.02381
49.3	0.493	0.00739	0.00049	0.02386
49.4	0.494	0.00741	0.0005	0.02391
49.5	0.495	0.00743	0.0005	0.02396
49.6	0.496	0.00746	0.0005	0.02401
49.7	0.497	0.00748	0.0005	0.02406
49.8	0.498	0.00751	0.0005	0.02411
49.9	0.499	0.00753	0.0005	0.02416
50.0	0.5	0.00756	0.0005	0.02421
50.1	0.501	0.00758	0.0005	0.02426
50.2	0.502	0.0076	0.0005	0.0243
50.3	0.503	0.00763	0.0005	0.02435
50.4	0.504	0.00765	0.00051	0.0244
50.5	0.505	0.00768	0.00051	0.02445
50.6	0.506	0.0077	0.00051	0.0245
50.7	0.507	0.00773	0.00051	0.02455
50.8	0.508	0.00775	0.00051	0.0246
50.9	0.509	0.00778	0.00051	0.02465
51.0	0.51	0.0078	0.00051	0.0247
51.1	0.511	0.00782	0.00051	0.02475
51.2	0.512	0.00785	0.00051	0.0248
51.3	0.513	0.00787	0.00051	0.02485
51.4	0.514	0.0079	0.00052	0.0249
51.5	0.515	0.00792	0.00052	0.02495
51.6	0.516	0.00795	0.00052	0.025
51.7	0.517	0.00797	0.00052	0.02505
51.8	0.518	0.008	0.00052	0.0251
51.9	0.519	0.00802	0.00052	0.02515
52.0	0.52	0.00805	0.00052	0.02521
52.1	0.521	0.00808	0.00052	0.02526
52.2	0.522	0.0081	0.00052	0.02531
52.3	0.523	0.00813	0.00052	0.02536
52.4	0.524	0.00815	0.00053	0.02541
52.5	0.525	0.00818	0.00053	0.02546
52.6	0.526	0.0082	0.00053	0.02551
52.7	0.527	0.00823	0.00053	0.02556
52.8	0.528	0.00825	0.00053	0.02561
52.9	0.529	0.00828	0.00053	0.02566
53.0	0.53	0.0083	0.00053	0.02571
53.1	0.531	0.00833	0.00053	0.02576
53.2	0.532	0.00836	0.00053	0.02582
53.3	0.533	0.00838	0.00053	0.02587
53.4	0.534	0.00841	0.00054	0.02592
53.5	0.535	0.00843	0.00054	0.02597
53.6	0.536	0.00846	0.00054	0.02602
53.7	0.537	0.00849	0.00054	0.02607
53.8	0.538	0.00851	0.00054	0.02612
53.9	0.539	0.00854	0.00054	0.02618
54.0	0.54	0.00856	0.00054	0.02623
54.1	0.541	0.00859	0.00054	0.02628
54.2	0.542	0.00862	0.00054	0.02633
54.3	0.543	0.00864	0.00054	0.02638
54.4	0.544	0.00867	0.00055	0.02644
54.5	0.545	0.0087	0.00055	0.02649
54.6	0.546	0.00872	0.00055	0.02654
54.7	0.547	0.00875	0.00055	0.02659
54.8	0.548	0.00878	0.00055	0.02664
54.9	0.549	0.0088	0.00055	0.0267
55.0	0.55	0.00883	0.00055	0.02675
55.1	0.551	0.00886	0.00055	0.0268
55.2	0.552	0.00888	0.00055	0.02685
55.3	0.553	0.00891	0.00055	0.0269
55.4	0.554	0.00894	0.00056	0.02696
55.5	0.555	0.00896	0.00056	0.02701
55.6	0.556	0.00899	0.00056	0.02706
55.7	0.557	0.00902	0.00056	0.02712
55.8	0.558	0.00905	0.00056	0.02717
55.9	0.559	0.00907	0.00056	0.02722
56.0	0.56	0.0091	0.00056	0.02727
56.1	0.561	0.00913	0.00056	0.02733
56.2	0.562	0.00915	0.00056	0.02738
56.3	0.563	0.00918	0.00056	0.02743
56.4	0.564	0.00921	0.00057	0.02749
56.5	0.565	0.00924	0.00057	0.02754
56.6	0.566	0.00926	0.00057	0.02759
56.7	0.567	0.00929	0.00057	0.02764
56.8	0.568	0.00932	0.00057	0.0277
56.9	0.569	0.00935	0.00057	0.02775
57.0	0.57	0.00938	0.00057	0.0278
57.1	0.571	0.0094	0.00057	0.02786
57.2	0.572	0.00943	0.00057	0.02791
57.3	0.573	0.00946	0.00057	0.02796
57.4	0.574	0.00949	0.00058	0.02802
57.5	0.575	0.00952	0.00058	0.02807
57.6	0.576	0.00954	0.00058	0.02813
57.7	0.577	0.00957	0.00058	0.02818
57.8	0.578	0.0096	0.00058	0.02823
57.9	0.579	0.00963	0.00058	0.02829
58.0	0.58	0.00966	0.00058	0.02834
58.1	0.581	0.00969	0.00058	0.02839
58.2	0.582	0.00971	0.00058	0.02845
58.3	0.583	0.00974	0.00058	0.0285
58.4	0.584	0.00977	0.00059	0.02856
58.5	0.585	0.0098	0.00059	0.02861
58.6	0.586	0.00983	0.00059	0.02866
58.7	0.587	0.00986	0.00059	0.02872
58.8	0.588	0.00989	0.00059	0.02877
58.9	0.589	0.00991	0.00059	0.02883
59.0	0.59	0.00994	0.00059	0.02888
59.1	0.591	0.00997	0.00059	0.02894
59.2	0.592	0.01	0.00059	0.02899
59.3	0.593	0.01003	0.00059	0.02905
59.4	0.594	0.01006	0.0006	0.0291
59.5	0.595	0.01009	0.0006	0.02915
59.6	0.596	0.01012	0.0006	0.02921
59.7	0.597	0.01015	0.0006	0.02926
59.8	0.598	0.01018	0.0006	0.02932
59.9	0.599	0.01021	0.0006	0.02937
60.0	0.6	0.01023	0.0006	0.02943
60.1	0.601	0.01026	0.0006	0.02948
60.2	0.602	0.01029	0.0006	0.02954
60.3	0.603	0.01032	0.0006	0.02959
60.4	0.604	0.01035	0.00061	0.02965
60.5	0.605	0.01038	0.00061	0.0297
60.6	0.606	0.01041	0.00061	0.02976
60.7	0.607	0.01044	0.00061	0.02981
60.8	0.608	0.01047	0.00061	0.02987
60.9	0.609	0.0105	0.00061	0.02992
61.0	0.61	0.01053	0.00061	0.02998
61.1	0.611	0.01056	0.00061	0.03004
61.2	0.612	0.01059	0.00061	0.03009
61.3	0.613	0.01062	0.00061	0.03015
61.4	0.614	0.01065	0.00062	0.0302
61.5	0.615	0.01068	0.00062	0.03026
61.6	0.616	0.01071	0.00062	0.03031
61.7	0.617	0.01074	0.00062	0.03037
61.8	0.618	0.01077	0.00062	0.03042
61.9	0.619	0.0108	0.00062	0.03048
62.0	0.62	0.01084	0.00062	0.03054
62.1	0.621	0.01087	0.00062	0.03059
62.2	0.622	0.0109	0.00062	0.03065
62.3	0.623	0.01093	0.00062	0.0307
62.4	0.624	0.01096	0.00063	0.03076
62.5	0.625	0.01099	0.00063	0.03082
62.6	0.626	0.01102	0.00063	0.03087
62.7	0.627	0.01105	0.00063	0.03093
62.8	0.628	0.01108	0.00063	0.03099
62.9	0.629	0.01111	0.00063	0.03104
63.0	0.63	0.01114	0.00063	0.0311
63.1	0.631	0.01117	0.00063	0.03115
63.2	0.632	0.01121	0.00063	0.03121
63.3	0.633	0.01124	0.00063	0.03127
63.4	0.634	0.01127	0.00064	0.03132
63.5	0.635	0.0113	0.00064	0.03138
63.6	0.636	0.01133	0.00064	0.03144
63.7	0.637	0.01136	0.00064	0.03149
63.8	0.638	0.01139	0.00064	0.03155
63.9	0.639	0.01143	0.00064	0.03161
64.0	0.64	0.01146	0.00064	0.03166
64.1	0.641	0.01149	0.00064	0.03172
64.2	0.642	0.01152	0.00064	0.03178
64.3	0.643	0.01155	0.00064	0.03183
64.4	0.644	0.01158	0.00065	0.03189
64.5	0.645	0.01162	0.00065	0.03195
64.6	0.646	0.01165	0.00065	0.03201
64.7	0.647	0.01168	0.00065	0.03206
64.8	0.648	0.01171	0.00065	0.03212
64.9	0.649	0.01175	0.00065	0.03218
65.0	0.65	0.01178	0.00065	0.03223
65.1	0.651	0.01181	0.00065	0.03229
65.2	0.652	0.01184	0.00065	0.03235
65.3	0.653	0.01187	0.00065	0.03241
65.4	0.654	0.01191	0.00066	0.03246
65.5	0.655	0.01194	0.00066	0.03252
65.6	0.656	0.01197	0.00066	0.03258
65.7	0.657	0.012	0.00066	0.03264
65.8	0.658	0.01204	0.00066	0.03269
65.9	0.659	0.01207	0.00066	0.03275
66.0	0.66	0.0121	0.00066	0.03281
66.1	0.661	0.01214	0.00066	0.03287
66.2	0.662	0.01217	0.00066	0.03293
66.3	0.663	0.0122	0.00066	0.03298
66.4	0.664	0.01223	0.00067	0.03304
66.5	0.665	0.01227	0.00067	0.0331
66.6	0.666	0.0123	0.00067	0.03316
66.7	0.667	0.01233	0.00067	0.03322
66.8	0.668	0.01237	0.00067	0.03327
66.9	0.669	0.0124	0.00067	0.03333
67.0	0.67	0.01243	0.00067	0.03339
67.1	0.671	0.01247	0.00067	0.03345
67.2	0.672	0.0125	0.00067	0.03351
67.3	0.673	0.01253	0.00067	0.03357
67.4	0.674	0.01257	0.00068	0.03362
67.5	0.675	0.0126	0.00068	0.03368
67.6	0.676	0.01264	0.00068	0.03374
67.7	0.677	0.01267	0.00068	0.0338
67.8	0.678	0.0127	0.00068	0.03386
67.9	0.679	0.01274	0.00068	0.03392
68.0	0.68	0.01277	0.00068	0.03397
68.1	0.681	0.01281	0.00068	0.03403
68.2	0.682	0.01284	0.00068	0.03409
68.3	0.683	0.01287	0.00068	0.03415
68.4	0.684	0.01291	0.00069	0.03421
68.5	0.685	0.01294	0.00069	0.03427
68.6	0.686	0.01298	0.00069	0.03433
68.7	0.687	0.01301	0.00069	0.03439
68.8	0.688	0.01305	0.00069	0.03445
68.9	0.689	0.01308	0.00069	0.0345
69.0	0.69	0.01311	0.00069	0.03456
69.1	0.691	0.01315	0.00069	0.03462
69.2	0.692	0.01318	0.00069	0.03468
69.3	0.693	0.01322	0.00069	0.03474
69.4	0.694	0.01325	0.0007	0.0348
69.5	0.695	0.01329	0.0007	0.03486
69.6	0.696	0.01332	0.0007	0.03492
69.7	0.697	0.01336	0.0007	0.03498
69.8	0.698	0.01339	0.0007	0.03504
69.9	0.699	0.01343	0.0007	0.0351
70.0	0.7	0.01346	0.0007	0.03516
70.1	0.701	0.0135	0.0007	0.03522
70.2	0.702	0.01353	0.0007	0.03528
70.3	0.703	0.01357	0.0007	0.03534
70.4	0.704	0.0136	0.00071	0.0354
70.5	0.705	0.01364	0.00071	0.03545
70.6	0.706	0.01368	0.00071	0.03551
70.7	0.707	0.01371	0.00071	0.03557
70.8	0.708	0.01375	0.00071	0.03563
70.9	0.709	0.01378	0.00071	0.03569
71.0	0.71	0.01382	0.00071	0.03575
71.1	0.711	0.01385	0.00071	0.03581
71.2	0.712	0.01389	0.00071	0.03587
71.3	0.713	0.01393	0.00071	0.03593
71.4	0.714	0.01396	0.00072	0.03599
71.5	0.715	0.014	0.00072	0.03605
71.6	0.716	0.01403	0.00072	0.03611
71.7	0.717	0.01407	0.00072	0.03617
71.8	0.718	0.01411	0.00072	0.03623
71.9	0.719	0.01414	0.00072	0.0363
72.0	0.72	0.01418	0.00072	0.03636
72.1	0.721	0.01422	0.00072	0.03642
72.2	0.722	0.01425	0.00072	0.03648
72.3	0.723	0.01429	0.00072	0.03654
72.4	0.724	0.01432	0.00073	0.0366
72.5	0.725	0.01436	0.00073	0.03666
72.6	0.726	0.0144	0.00073	0.03672
72.7	0.727	0.01444	0.00073	0.03678
72.8	0.728	0.01447	0.00073	0.03684
72.9	0.729	0.01451	0.00073	0.0369
73.0	0.73	0.01455	0.00073	0.03696
73.1	0.731	0.01458	0.00073	0.03702
73.2	0.732	0.01462	0.00073	0.03708
73.3	0.733	0.01466	0.00073	0.03714
73.4	0.734	0.01469	0.00074	0.0372
73.5	0.735	0.01473	0.00074	0.03727
73.6	0.736	0.01477	0.00074	0.03733
73.7	0.737	0.01481	0.00074	0.03739
73.8	0.738	0.01484	0.00074	0.03745
73.9	0.739	0.01488	0.00074	0.03751
74.0	0.74	0.01492	0.00074	0.03757
74.1	0.741	0.01496	0.00074	0.03763
74.2	0.742	0.01499	0.00074	0.03769
74.3	0.743	0.01503	0.00074	0.03775
74.4	0.744	0.01507	0.00075	0.03782
74.5	0.745	0.01511	0.00075	0.03788
74.6	0.746	0.01515	0.00075	0.03794
74.7	0.747	0.01518	0.00075	0.038
74.8	0.748	0.01522	0.00075	0.03806
74.9	0.749	0.01526	0.00075	0.03812
75.0	0.75	0.0153	0.00075	0.03818
75.1	0.751	0.01534	0.00075	0.03825
75.2	0.752	0.01537	0.00075	0.03831
75.3	0.753	0.01541	0.00075	0.03837
75.4	0.754	0.01545	0.00076	0.03843
75.5	0.755	0.01549	0.00076	0.03849
75.6	0.756	0.01553	0.00076	0.03855
75.7	0.757	0.01557	0.00076	0.03862
75.8	0.758	0.01561	0.00076	0.03868
75.9	0.759	0.01564	0.00076	0.03874
76.0	0.76	0.01568	0.00076	0.0388
76.1	0.761	0.01572	0.00076	0.03886
76.2	0.762	0.01576	0.00076	0.03892
76.3	0.763	0.0158	0.00076	0.03899
76.4	0.764	0.01584	0.00077	0.03905
76.5	0.765	0.01588	0.00077	0.03911
76.6	0.766	0.01592	0.00077	0.03917
76.7	0.767	0.01596	0.00077	0.03924
76.8	0.768	0.016	0.00077	0.0393
76.9	0.769	0.01604	0.00077	0.03936
77.0	0.77	0.01607	0.00077	0.03942
77.1	0.771	0.01611	0.00077	0.03948
77.2	0.772	0.01615	0.00077	0.03955
77.3	0.773	0.01619	0.00077	0.03961
77.4	0.774	0.01623	0.00078	0.03967
77.5	0.775	0.01627	0.00078	0.03973
77.6	0.776	0.01631	0.00078	0.0398
77.7	0.777	0.01635	0.00078	0.03986
77.8	0.778	0.01639	0.00078	0.03992
77.9	0.779	0.01643	0.00078	0.03998
78.0	0.78	0.01647	0.00078	0.04005
78.1	0.781	0.01651	0.00078	0.04011
78.2	0.782	0.01655	0.00078	0.04017
78.3	0.783	0.01659	0.00078	0.04023
78.4	0.784	0.01663	0.00079	0.0403
78.5	0.785	0.01667	0.00079	0.04036
78.6	0.786	0.01671	0.00079	0.04042
78.7	0.787	0.01675	0.00079	0.04049
78.8	0.788	0.01679	0.00079	0.04055
78.9	0.789	0.01684	0.00079	0.04061
79.0	0.79	0.01688	0.00079	0.04067
79.1	0.791	0.01692	0.00079	0.04074
79.2	0.792	0.01696	0.00079	0.0408
79.3	0.793	0.017	0.00079	0.04086
79.4	0.794	0.01704	0.0008	0.04093
79.5	0.795	0.01708	0.0008	0.04099
79.6	0.796	0.01712	0.0008	0.04105
79.7	0.797	0.01716	0.0008	0.04112
79.8	0.798	0.0172	0.0008	0.04118
79.9	0.799	0.01724	0.0008	0.04124
80.0	0.8	0.01729	0.0008	0.04131
80.1	0.801	0.01733	0.0008	0.04137
80.2	0.802	0.01737	0.0008	0.04143
80.3	0.803	0.01741	0.0008	0.0415
80.4	0.804	0.01745	0.00081	0.04156
80.5	0.805	0.01749	0.00081	0.04162
80.6	0.806	0.01754	0.00081	0.04169
80.7	0.807	0.01758	0.00081	0.04175
80.8	0.808	0.01762	0.00081	0.04181
80.9	0.809	0.01766	0.00081	0.04188
81.0	0.81	0.0177	0.00081	0.04194
81.1	0.811	0.01774	0.00081	0.04201
81.2	0.812	0.01779	0.00081	0.04207
81.3	0.813	0.01783	0.00081	0.04213
81.4	0.814	0.01787	0.00082	0.0422
81.5	0.815	0.01791	0.00082	0.04226
81.6	0.816	0.01796	0.00082	0.04233
81.7	0.817	0.018	0.00082	0.04239
81.8	0.818	0.01804	0.00082	0.04245
81.9	0.819	0.01808	0.00082	0.04252
82.0	0.82	0.01813	0.00082	0.04258
82.1	0.821	0.01817	0.00082	0.04265
82.2	0.822	0.01821	0.00082	0.04271
82.3	0.823	0.01825	0.00082	0.04277
82.4	0.824	0.0183	0.00083	0.04284
82.5	0.825	0.01834	0.00083	0.0429
82.6	0.826	0.01838	0.00083	0.04297
82.7	0.827	0.01843	0.00083	0.04303
82.8	0.828	0.01847	0.00083	0.04309
82.9	0.829	0.01851	0.00083	0.04316
83.0	0.83	0.01856	0.00083	0.04322
83.1	0.831	0.0186	0.00083	0.04329
83.2	0.832	0.01864	0.00083	0.04335
83.3	0.833	0.01869	0.00083	0.04342
83.4	0.834	0.01873	0.00084	0.04348
83.5	0.835	0.01877	0.00084	0.04355
83.6	0.836	0.01882	0.00084	0.04361
83.7	0.837	0.01886	0.00084	0.04367
83.8	0.838	0.0189	0.00084	0.04374
83.9	0.839	0.01895	0.00084	0.0438
84.0	0.84	0.01899	0.00084	0.04387
84.1	0.841	0.01903	0.00084	0.04393
84.2	0.842	0.01908	0.00084	0.044
84.3	0.843	0.01912	0.00084	0.04406
84.4	0.844	0.01917	0.00085	0.04413
84.5	0.845	0.01921	0.00085	0.04419
84.6	0.846	0.01926	0.00085	0.04426
84.7	0.847	0.0193	0.00085	0.04432
84.8	0.848	0.01934	0.00085	0.04439
84.9	0.849	0.01939	0.00085	0.04445
85.0	0.85	0.01943	0.00085	0.04452
85.1	0.851	0.01948	0.00085	0.04458
85.2	0.852	0.01952	0.00085	0.04465
85.3	0.853	0.01957	0.00085	0.04471
85.4	0.854	0.01961	0.00086	0.04478
85.5	0.855	0.01966	0.00086	0.04484
85.6	0.856	0.0197	0.00086	0.04491
85.7	0.857	0.01975	0.00086	0.04497
85.8	0.858	0.01979	0.00086	0.04504
85.9	0.859	0.01984	0.00086	0.0451
86.0	0.86	0.01988	0.00086	0.04517
86.1	0.861	0.01993	0.00086	0.04523
86.2	0.862	0.01997	0.00086	0.0453
86.3	0.863	0.02002	0.00086	0.04537
86.4	0.864	0.02006	0.00087	0.04543
86.5	0.865	0.02011	0.00087	0.0455
86.6	0.866	0.02015	0.00087	0.04556
86.7	0.867	0.0202	0.00087	0.04563
86.8	0.868	0.02025	0.00087	0.04569
86.9	0.869	0.02029	0.00087	0.04576
87.0	0.87	0.02034	0.00087	0.04582
87.1	0.871	0.02038	0.00087	0.04589
87.2	0.872	0.02043	0.00087	0.04596
87.3	0.873	0.02048	0.00087	0.04602
87.4	0.874	0.02052	0.00088	0.04609
87.5	0.875	0.02057	0.00088	0.04615
87.6	0.876	0.02061	0.00088	0.04622
87.7	0.877	0.02066	0.00088	0.04629
87.8	0.878	0.02071	0.00088	0.04635
87.9	0.879	0.02075	0.00088	0.04642
88.0	0.88	0.0208	0.00088	0.04648
88.1	0.881	0.02085	0.00088	0.04655
88.2	0.882	0.02089	0.00088	0.04661
88.3	0.883	0.02094	0.00088	0.04668
88.4	0.884	0.02099	0.00089	0.04675
88.5	0.885	0.02103	0.00089	0.04681
88.6	0.886	0.02108	0.00089	0.04688
88.7	0.887	0.02113	0.00089	0.04695
88.8	0.888	0.02117	0.00089	0.04701
88.9	0.889	0.02122	0.00089	0.04708
89.0	0.89	0.02127	0.00089	0.04714
89.1	0.891	0.02131	0.00089	0.04721
89.2	0.892	0.02136	0.00089	0.04728
89.3	0.893	0.02141	0.00089	0.04734
89.4	0.894	0.02146	0.0009	0.04741
89.5	0.895	0.0215	0.0009	0.04748
89.6	0.896	0.02155	0.0009	0.04754
89.7	0.897	0.0216	0.0009	0.04761
89.8	0.898	0.02165	0.0009	0.04768
89.9	0.899	0.02169	0.0009	0.04774
90.0	0.9	0.02174	0.0009	0.04781
90.1	0.901	0.02179	0.0009	0.04787
90.2	0.902	0.02184	0.0009	0.04794
90.3	0.903	0.02189	0.0009	0.04801
90.4	0.904	0.02193	0.00091	0.04807
90.5	0.905	0.02198	0.00091	0.04814
90.6	0.906	0.02203	0.00091	0.04821
90.7	0.907	0.02208	0.00091	0.04827
90.8	0.908	0.02213	0.00091	0.04834
90.9	0.909	0.02218	0.00091	0.04841
91.0	0.91	0.02222	0.00091	0.04848
91.1	0.911	0.02227	0.00091	0.04854
91.2	0.912	0.02232	0.00091	0.04861
91.3	0.913	0.02237	0.00091	0.04868
91.4	0.914	0.02242	0.00092	0.04874
91.5	0.915	0.02247	0.00092	0.04881
91.6	0.916	0.02252	0.00092	0.04888
91.7	0.917	0.02257	0.00092	0.04894
91.8	0.918	0.02261	0.00092	0.04901
91.9	0.919	0.02266	0.00092	0.04908
92.0	0.92	0.02271	0.00092	0.04915
92.1	0.921	0.02276	0.00092	0.04921
92.2	0.922	0.02281	0.00092	0.04928
92.3	0.923	0.02286	0.00092	0.04935
92.4	0.924	0.02291	0.00093	0.04941
92.5	0.925	0.02296	0.00093	0.04948
92.6	0.926	0.02301	0.00093	0.04955
92.7	0.927	0.02306	0.00093	0.04962
92.8	0.928	0.02311	0.00093	0.04968
92.9	0.929	0.02316	0.00093	0.04975
93.0	0.93	0.02321	0.00093	0.04982
93.1	0.931	0.02326	0.00093	0.04989
93.2	0.932	0.02331	0.00093	0.04995
93.3	0.933	0.02336	0.00093	0.05002
93.4	0.934	0.02341	0.00094	0.05009
93.5	0.935	0.02346	0.00094	0.05016
93.6	0.936	0.02351	0.00094	0.05022
93.7	0.937	0.02356	0.00094	0.05029
93.8	0.938	0.02361	0.00094	0.05036
93.9	0.939	0.02366	0.00094	0.05043
94.0	0.94	0.02371	0.00094	0.05049
94.1	0.941	0.02376	0.00094	0.05056
94.2	0.942	0.02381	0.00094	0.05063
94.3	0.943	0.02386	0.00094	0.0507
94.4	0.944	0.02391	0.00095	0.05076
94.5	0.945	0.02396	0.00095	0.05083
94.6	0.946	0.02401	0.00095	0.0509
94.7	0.947	0.02407	0.00095	0.05097
94.8	0.948	0.02412	0.00095	0.05104
94.9	0.949	0.02417	0.00095	0.0511
95.0	0.95	0.02422	0.00095	0.05117
95.1	0.951	0.02427	0.00095	0.05124
95.2	0.952	0.02432	0.00095	0.05131
95.3	0.953	0.02437	0.00095	0.05138
95.4	0.954	0.02442	0.00096	0.05144
95.5	0.955	0.02448	0.00096	0.05151
95.6	0.956	0.02453	0.00096	0.05158
95.7	0.957	0.02458	0.00096	0.05165
95.8	0.958	0.02463	0.00096	0.05172
95.9	0.959	0.02468	0.00096	0.05178
96.0	0.96	0.02473	0.00096	0.05185
96.1	0.961	0.02479	0.00096	0.05192
96.2	0.962	0.02484	0.00096	0.05199
96.3	0.963	0.02489	0.00096	0.05206
96.4	0.964	0.02494	0.00097	0.05213
96.5	0.965	0.02499	0.00097	0.05219
96.6	0.966	0.02505	0.00097	0.05226
96.7	0.967	0.0251	0.00097	0.05233
96.8	0.968	0.02515	0.00097	0.0524
96.9	0.969	0.0252	0.00097	0.05247
97.0	0.97	0.02526	0.00097	0.05254
97.1	0.971	0.02531	0.00097	0.05261
97.2	0.972	0.02536	0.00097	0.05267
97.3	0.973	0.02541	0.00097	0.05274
97.4	0.974	0.02547	0.00098	0.05281
97.5	0.975	0.02552	0.00098	0.05288
97.6	0.976	0.02557	0.00098	0.05295
97.7	0.977	0.02563	0.00098	0.05302
97.8	0.978	0.02568	0.00098	0.05309
97.9	0.979	0.02573	0.00098	0.05315
98.0	0.98	0.02579	0.00098	0.05322
98.1	0.981	0.02584	0.00098	0.05329
98.2	0.982	0.02589	0.00098	0.05336
98.3	0.983	0.02595	0.00098	0.05343
98.4	0.984	0.026	0.00099	0.0535
98.5	0.985	0.02605	0.00099	0.05357
98.6	0.986	0.02611	0.00099	0.05364
98.7	0.987	0.02616	0.00099	0.0537
98.8	0.988	0.02621	0.00099	0.05377
98.9	0.989	0.02627	0.00099	0.05384
99.0	0.99	0.02632	0.00099	0.05391
99.1	0.991	0.02638	0.00099	0.05398
99.2	0.992	0.02643	0.00099	0.05405
99.3	0.993	0.02648	0.00099	0.05412
99.4	0.994	0.02654	0.001	0.05419
99.5	0.995	0.02659	0.001	0.05426
99.6	0.996	0.02665	0.001	0.05433
99.7	0.997	0.0267	0.001	0.0544
99.8	0.998	0.02676	0.001	0.05446
99.9	0.999	0.02681	0.001	0.05453
100.0	1.0	0.02686	0.001	0.0546
100.1	1.001	0.02692	0.001	0.05467
100.2	1.002	0.02697	0.001	0.05474
100.3	1.003	0.02703	0.001	0.05481
100.4	1.004	0.02708	0.00101	0.05488
100.5	1.005	0.02714	0.00101	0.05495
100.6	1.006	0.02719	0.00101	0.05502
100.7	1.007	0.02725	0.00101	0.05509
100.8	1.008	0.0273	0.00101	0.05516
100.9	1.009	0.02736	0.00101	0.05523
101.0	1.01	0.02741	0.00101	0.0553
101.1	1.011	0.02747	0.00101	0.05537
101.2	1.012	0.02752	0.00101	0.05544
101.3	1.013	0.02758	0.00101	0.05551
101.4	1.014	0.02764	0.00102	0.05557
101.5	1.015	0.02769	0.00102	0.05564
101.6	1.016	0.02775	0.00102	0.05571
101.7	1.017	0.0278	0.00102	0.05578
101.8	1.018	0.02786	0.00102	0.05585
101.9	1.019	0.02791	0.00102	0.05592
102.0	1.02	0.02797	0.00102	0.05599
102.1	1.021	0.02803	0.00102	0.05606
102.2	1.022	0.02808	0.00102	0.05613
102.3	1.023	0.02814	0.00102	0.0562
102.4	1.024	0.0282	0.00103	0.05627
102.5	1.025	0.02825	0.00103	0.05634
102.6	1.026	0.02831	0.00103	0.05641
102.7	1.027	0.02836	0.00103	0.05648
102.8	1.028	0.02842	0.00103	0.05655
102.9	1.029	0.02848	0.00103	0.05662
103.0	1.03	0.02853	0.00103	0.05669
103.1	1.031	0.02859	0.00103	0.05676
103.2	1.032	0.02865	0.00103	0.05683
103.3	1.033	0.02871	0.00103	0.0569
103.4	1.034	0.02876	0.00104	0.05697
103.5	1.035	0.02882	0.00104	0.05704
103.6	1.036	0.02888	0.00104	0.05711
103.7	1.037	0.02893	0.00104	0.05718
103.8	1.038	0.02899	0.00104	0.05725
103.9	1.039	0.02905	0.00104	0.05732
104.0	1.04	0.02911	0.00104	0.05739
104.1	1.041	0.02916	0.00104	0.05746
104.2	1.042	0.02922	0.00104	0.05753
104.3	1.043	0.02928	0.00104	0.0576
104.4	1.044	0.02934	0.00105	0.05767
104.5	1.045	0.02939	0.00105	0.05774
104.6	1.046	0.02945	0.00105	0.05781
104.7	1.047	0.02951	0.00105	0.05788
104.8	1.048	0.02957	0.00105	0.05795
104.9	1.049	0.02963	0.00105	0.05802
105.0	1.05	0.02968	0.00105	0.05809
105.1	1.051	0.02974	0.00105	0.05816
105.2	1.052	0.0298	0.00105	0.05824
105.3	1.053	0.02986	0.00105	0.05831
105.4	1.054	0.02992	0.00106	0.05838
105.5	1.055	0.02997	0.00106	0.05845
105.6	1.056	0.03003	0.00106	0.05852
105.7	1.057	0.03009	0.00106	0.05859
105.8	1.058	0.03015	0.00106	0.05866
105.9	1.059	0.03021	0.00106	0.05873
106.0	1.06	0.03027	0.00106	0.0588
106.1	1.061	0.03033	0.00106	0.05887
106.2	1.062	0.03039	0.00106	0.05894
106.3	1.063	0.03044	0.00106	0.05901
106.4	1.064	0.0305	0.00107	0.05908
106.5	1.065	0.03056	0.00107	0.05915
106.6	1.066	0.03062	0.00107	0.05922
106.7	1.067	0.03068	0.00107	0.05929
106.8	1.068	0.03074	0.00107	0.05937
106.9	1.069	0.0308	0.00107	0.05944
107.0	1.07	0.03086	0.00107	0.05951
107.1	1.071	0.03092	0.00107	0.05958
107.2	1.072	0.03098	0.00107	0.05965
107.3	1.073	0.03104	0.00107	0.05972
107.4	1.074	0.0311	0.00108	0.05979
107.5	1.075	0.03116	0.00108	0.05986
107.6	1.076	0.03122	0.00108	0.05993
107.7	1.077	0.03128	0.00108	0.06
107.8	1.078	0.03134	0.00108	0.06007
107.9	1.079	0.0314	0.00108	0.06015
108.0	1.08	0.03146	0.00108	0.06022
108.1	1.081	0.03152	0.00108	0.06029
108.2	1.082	0.03158	0.00108	0.06036
108.3	1.083	0.03164	0.00108	0.06043
108.4	1.084	0.0317	0.00109	0.0605
108.5	1.085	0.03176	0.00109	0.06057
108.6	1.086	0.03182	0.00109	0.06064
108.7	1.087	0.03188	0.00109	0.06071
108.8	1.088	0.03194	0.00109	0.06079
108.9	1.089	0.032	0.00109	0.06086
109.0	1.09	0.03207	0.00109	0.06093
109.1	1.091	0.03213	0.00109	0.061
109.2	1.092	0.03219	0.00109	0.06107
109.3	1.093	0.03225	0.00109	0.06114
109.4	1.094	0.03231	0.0011	0.06121
109.5	1.095	0.03237	0.0011	0.06128
109.6	1.096	0.03243	0.0011	0.06136
109.7	1.097	0.03249	0.0011	0.06143
109.8	1.098	0.03256	0.0011	0.0615
109.9	1.099	0.03262	0.0011	0.06157
110.0	1.1	0.03268	0.0011	0.06164
110.1	1.101	0.03274	0.0011	0.06171
110.2	1.102	0.0328	0.0011	0.06178
110.3	1.103	0.03286	0.0011	0.06185
110.4	1.104	0.03293	0.00111	0.06192
110.5	1.105	0.03299	0.00111	0.06199
110.6	1.106	0.03305	0.00111	0.06206
110.7	1.107	0.03311	0.00111	0.06213
110.8	1.108	0.03317	0.00111	0.0622
110.9	1.109	0.03324	0.00111	0.06227
111.0	1.11	0.0333	0.00111	0.06234
111.1	1.111	0.03336	0.00111	0.06241
111.2	1.112	0.03342	0.00111	0.06248
111.3	1.113	0.03349	0.00111	0.06255
111.4	1.114	0.03355	0.00112	0.06261
111.5	1.115	0.03361	0.00112	0.06268
111.6	1.116	0.03367	0.00112	0.06275
111.7	1.117	0.03374	0.00112	0.06281
111.8	1.118	0.0338	0.00112	0.06288
111.9	1.119	0.03386	0.00112	0.06295
112.0	1.12	0.03393	0.00112	0.06301
112.1	1.121	0.03399	0.00112	0.06308
112.2	1.122	0.03405	0.00112	0.06314
112.3	1.123	0.03412	0.00112	0.06321
112.4	1.124	0.03418	0.00113	0.06327
112.5	1.125	0.03424	0.00113	0.06334
112.6	1.126	0.03431	0.00113	0.0634
112.7	1.127	0.03437	0.00113	0.06347
112.8	1.128	0.03443	0.00113	0.06353
112.9	1.129	0.0345	0.00113	0.06359
113.0	1.13	0.03456	0.00113	0.06366
113.1	1.131	0.03462	0.00113	0.06372
113.2	1.132	0.03469	0.00113	0.06378
113.3	1.133	0.03475	0.00113	0.06385
113.4	1.134	0.03481	0.00114	0.06391
113.5	1.135	0.03488	0.00114	0.06397
113.6	1.136	0.03494	0.00114	0.06403
113.7	1.137	0.03501	0.00114	0.06409
113.8	1.138	0.03507	0.00114	0.06415
113.9	1.139	0.03514	0.00114	0.06422
114.0	1.14	0.0352	0.00114	0.06428
114.1	1.141	0.03526	0.00114	0.06434
114.2	1.142	0.03533	0.00114	0.0644
114.3	1.143	0.03539	0.00114	0.06446
114.4	1.144	0.03546	0.00115	0.06452
114.5	1.145	0.03552	0.00115	0.06458
114.6	1.146	0.03559	0.00115	0.06463
114.7	1.147	0.03565	0.00115	0.06469
114.8	1.148	0.03572	0.00115	0.06475
114.9	1.149	0.03578	0.00115	0.06481
115.0	1.15	0.03585	0.00115	0.06487
115.1	1.151	0.03591	0.00115	0.06493
115.2	1.152	0.03598	0.00115	0.06498
115.3	1.153	0.03604	0.00115	0.06504
115.4	1.154	0.03611	0.00116	0.0651
115.5	1.155	0.03617	0.00116	0.06515
115.6	1.156	0.03624	0.00116	0.06521
115.7	1.157	0.0363	0.00116	0.06527
115.8	1.158	0.03637	0.00116	0.06532
115.9	1.159	0.03643	0.00116	0.06538
116.0	1.16	0.0365	0.00116	0.06544
116.1	1.161	0.03656	0.00116	0.06549
116.2	1.162	0.03663	0.00116	0.06555
116.3	1.163	0.03669	0.00116	0.0656
116.4	1.164	0.03676	0.00117	0.06565
116.5	1.165	0.03683	0.00117	0.06571
116.6	1.166	0.03689	0.00117	0.06576
116.7	1.167	0.03696	0.00117	0.06582
116.8	1.168	0.03702	0.00117	0.06587
116.9	1.169	0.03709	0.00117	0.06592
117.0	1.17	0.03715	0.00117	0.06598
117.1	1.171	0.03722	0.00117	0.06603
117.2	1.172	0.03729	0.00117	0.06608
117.3	1.173	0.03735	0.00117	0.06613
117.4	1.174	0.03742	0.00118	0.06619
117.5	1.175	0.03749	0.00118	0.06624
117.6	1.176	0.03755	0.00118	0.06629
117.7	1.177	0.03762	0.00118	0.06634
117.8	1.178	0.03768	0.00118	0.06639
117.9	1.179	0.03775	0.00118	0.06644
118.0	1.18	0.03782	0.00118	0.06649
118.1	1.181	0.03788	0.00118	0.06654
118.2	1.182	0.03795	0.00118	0.06659
118.3	1.183	0.03802	0.00118	0.06664
118.4	1.184	0.03808	0.00118	0.06669
118.5	1.185	0.03815	0.00119	0.06674
118.6	1.186	0.03822	0.00119	0.06679
118.7	1.187	0.03828	0.00119	0.06684
118.8	1.188	0.03835	0.00119	0.06689
118.9	1.189	0.03842	0.00119	0.06694
119.0	1.19	0.03848	0.00119	0.06699
119.1	1.191	0.03855	0.00119	0.06703
119.2	1.192	0.03862	0.00119	0.06708
119.3	1.193	0.03869	0.00119	0.06713
119.4	1.194	0.03875	0.00119	0.06718
119.5	1.195	0.03882	0.0012	0.06722
119.6	1.196	0.03889	0.0012	0.06727
119.7	1.197	0.03896	0.0012	0.06732
119.8	1.198	0.03902	0.0012	0.06736
119.9	1.199	0.03909	0.0012	0.06741
120.0	1.2	0.03916	0.0012	0.06746
120.1	1.201	0.03922	0.0012	0.0675
120.2	1.202	0.03929	0.0012	0.06755
120.3	1.203	0.03936	0.0012	0.06759
120.4	1.204	0.03943	0.0012	0.06764
120.5	1.205	0.0395	0.00121	0.06768
120.6	1.206	0.03956	0.00121	0.06773
120.7	1.207	0.03963	0.00121	0.06777
120.8	1.208	0.0397	0.00121	0.06781
120.9	1.209	0.03977	0.00121	0.06786
121.0	1.21	0.03983	0.00121	0.0679
121.1	1.211	0.0399	0.00121	0.06794
121.2	1.212	0.03997	0.00121	0.06799
121.3	1.213	0.04004	0.00121	0.06803
121.4	1.214	0.04011	0.00121	0.06807
121.5	1.215	0.04017	0.00122	0.06812
121.6	1.216	0.04024	0.00122	0.06816
121.7	1.217	0.04031	0.00122	0.0682
121.8	1.218	0.04038	0.00122	0.06824
121.9	1.219	0.04045	0.00122	0.06828
122.0	1.22	0.04052	0.00122	0.06832
122.1	1.221	0.04058	0.00122	0.06836
122.2	1.222	0.04065	0.00122	0.06841
122.3	1.223	0.04072	0.00122	0.06845
122.4	1.224	0.04079	0.00122	0.06849
122.5	1.225	0.04086	0.00123	0.06853
122.6	1.226	0.04093	0.00123	0.06857
122.7	1.227	0.041	0.00123	0.06861
122.8	1.228	0.04106	0.00123	0.06865
122.9	1.229	0.04113	0.00123	0.06868
123.0	1.23	0.0412	0.00123	0.06872
123.1	1.231	0.04127	0.00123	0.06876
123.2	1.232	0.04134	0.00123	0.0688
123.3	1.233	0.04141	0.00123	0.06884
123.4	1.234	0.04148	0.00123	0.06888
123.5	1.235	0.04155	0.00124	0.06892
123.6	1.236	0.04161	0.00124	0.06895
123.7	1.237	0.04168	0.00124	0.06899
123.8	1.238	0.04175	0.00124	0.06903
123.9	1.239	0.04182	0.00124	0.06907
124.0	1.24	0.04189	0.00124	0.0691
124.1	1.241	0.04196	0.00124	0.06914
124.2	1.242	0.04203	0.00124	0.06917
124.3	1.243	0.0421	0.00124	0.06921
124.4	1.244	0.04217	0.00124	0.06925
124.5	1.245	0.04224	0.00125	0.06928
124.6	1.246	0.04231	0.00125	0.06932
124.7	1.247	0.04238	0.00125	0.06935
124.8	1.248	0.04244	0.00125	0.06939
124.9	1.249	0.04251	0.00125	0.06942
125.0	1.25	0.04258	0.00125	0.06946
125.1	1.251	0.04265	0.00125	0.06949
125.2	1.252	0.04272	0.00125	0.06953
125.3	1.253	0.04279	0.00125	0.06956
125.4	1.254	0.04286	0.00125	0.06959
125.5	1.255	0.04293	0.00126	0.06963
125.6	1.256	0.043	0.00126	0.06966
125.7	1.257	0.04307	0.00126	0.0697
125.8	1.258	0.04314	0.00126	0.06973
125.9	1.259	0.04321	0.00126	0.06976
126.0	1.26	0.04328	0.00126	0.06979
126.1	1.261	0.04335	0.00126	0.06983
126.2	1.262	0.04342	0.00126	0.06986
126.3	1.263	0.04349	0.00126	0.06989
126.4	1.264	0.04356	0.00126	0.06992
126.5	1.265	0.04363	0.00127	0.06995
126.6	1.266	0.0437	0.00127	0.06998
126.7	1.267	0.04377	0.00127	0.07002
126.8	1.268	0.04384	0.00127	0.07005
126.9	1.269	0.04391	0.00127	0.07008
127.0	1.27	0.04398	0.00127	0.07011
127.1	1.271	0.04405	0.00127	0.07014
127.2	1.272	0.04412	0.00127	0.07017
127.3	1.273	0.04419	0.00127	0.0702
127.4	1.274	0.04426	0.00127	0.07023
127.5	1.275	0.04433	0.00128	0.07026
127.6	1.276	0.0444	0.00128	0.07029
127.7	1.277	0.04447	0.00128	0.07032
127.8	1.278	0.04454	0.00128	0.07034
127.9	1.279	0.04461	0.00128	0.07037
128.0	1.28	0.04468	0.00128	0.0704
128.1	1.281	0.04475	0.00128	0.07043
128.2	1.282	0.04482	0.00128	0.07046
128.3	1.283	0.04489	0.00128	0.07049
128.4	1.284	0.04496	0.00128	0.07051
128.5	1.285	0.04503	0.00129	0.07054
128.6	1.286	0.04511	0.00129	0.07057
128.7	1.287	0.04518	0.00129	0.07059
128.8	1.288	0.04525	0.00129	0.07062
128.9	1.289	0.04532	0.00129	0.07065
129.0	1.29	0.04539	0.00129	0.07067
129.1	1.291	0.04546	0.00129	0.0707
129.2	1.292	0.04553	0.00129	0.07073
129.3	1.293	0.0456	0.00129	0.07075
129.4	1.294	0.04567	0.00129	0.07078
129.5	1.295	0.04574	0.0013	0.0708
129.6	1.296	0.04581	0.0013	0.07083
129.7	1.297	0.04588	0.0013	0.07085
129.8	1.298	0.04595	0.0013	0.07088
129.9	1.299	0.04603	0.0013	0.0709
130.0	1.3	0.0461	0.0013	0.07093
130.1	1.301	0.04617	0.0013	0.07095
130.2	1.302	0.04624	0.0013	0.07098
130.3	1.303	0.04631	0.0013	0.071
130.4	1.304	0.04638	0.0013	0.07102
130.5	1.305	0.04645	0.00131	0.07105
130.6	1.306	0.04652	0.00131	0.07107
130.7	1.307	0.04659	0.00131	0.07109
130.8	1.308	0.04666	0.00131	0.07112
130.9	1.309	0.04674	0.00131	0.07114
131.0	1.31	0.04681	0.00131	0.07116
131.1	1.311	0.04688	0.00131	0.07118
131.2	1.312	0.04695	0.00131	0.07121
131.3	1.313	0.04702	0.00131	0.07123
131.4	1.314	0.04709	0.00131	0.07125
131.5	1.315	0.04716	0.00132	0.07127
131.6	1.316	0.04723	0.00132	0.07129
131.7	1.317	0.04731	0.00132	0.07131
131.8	1.318	0.04738	0.00132	0.07134
131.9	1.319	0.04745	0.00132	0.07136
132.0	1.32	0.04752	0.00132	0.07138
132.1	1.321	0.04759	0.00132	0.0714
132.2	1.322	0.04766	0.00132	0.07142
132.3	1.323	0.04773	0.00132	0.07144
132.4	1.324	0.04781	0.00132	0.07146
132.5	1.325	0.04788	0.00133	0.07148
132.6	1.326	0.04795	0.00133	0.0715
132.7	1.327	0.04802	0.00133	0.07152
132.8	1.328	0.04809	0.00133	0.07154
132.9	1.329	0.04816	0.00133	0.07155
133.0	1.33	0.04823	0.00133	0.07157
133.1	1.331	0.04831	0.00133	0.07159
133.2	1.332	0.04838	0.00133	0.07161
133.3	1.333	0.04845	0.00133	0.07163
133.4	1.334	0.04852	0.00133	0.07165
133.5	1.335	0.04859	0.00134	0.07166
133.6	1.336	0.04866	0.00134	0.07168
133.7	1.337	0.04874	0.00134	0.0717
133.8	1.338	0.04881	0.00134	0.07172
133.9	1.339	0.04888	0.00134	0.07173
134.0	1.34	0.04895	0.00134	0.07175
134.1	1.341	0.04902	0.00134	0.07177
134.2	1.342	0.04909	0.00134	0.07179
134.3	1.343	0.04917	0.00134	0.0718
134.4	1.344	0.04924	0.00134	0.07182
134.5	1.345	0.04931	0.00135	0.07183
134.6	1.346	0.04938	0.00135	0.07185
134.7	1.347	0.04945	0.00135	0.07187
134.8	1.348	0.04953	0.00135	0.07188
134.9	1.349	0.0496	0.00135	0.0719
135.0	1.35	0.04967	0.00135	0.07191
135.1	1.351	0.04974	0.00135	0.07193
135.2	1.352	0.04981	0.00135	0.07194
135.3	1.353	0.04989	0.00135	0.07196
135.4	1.354	0.04996	0.00135	0.07197
135.5	1.355	0.05003	0.00136	0.07198
135.6	1.356	0.0501	0.00136	0.072
135.7	1.357	0.05017	0.00136	0.07201
135.8	1.358	0.05025	0.00136	0.07203
135.9	1.359	0.05032	0.00136	0.07204
136.0	1.36	0.05039	0.00136	0.07205
136.1	1.361	0.05046	0.00136	0.07207
136.2	1.362	0.05053	0.00136	0.07208
136.3	1.363	0.05061	0.00136	0.07209
136.4	1.364	0.05068	0.00136	0.07211
136.5	1.365	0.05075	0.00137	0.07212
136.6	1.366	0.05082	0.00137	0.07213
136.7	1.367	0.05089	0.00137	0.07214
136.8	1.368	0.05097	0.00137	0.07215
136.9	1.369	0.05104	0.00137	0.07217
137.0	1.37	0.05111	0.00137	0.07218
137.1	1.371	0.05118	0.00137	0.07219
137.2	1.372	0.05125	0.00137	0.0722
137.3	1.373	0.05133	0.00137	0.07221
137.4	1.374	0.0514	0.00137	0.07222
137.5	1.375	0.05147	0.00138	0.07223
137.6	1.376	0.05154	0.00138	0.07224
137.7	1.377	0.05162	0.00138	0.07225
137.8	1.378	0.05169	0.00138	0.07227
137.9	1.379	0.05176	0.00138	0.07228
138.0	1.38	0.05183	0.00138	0.07229
138.1	1.381	0.05191	0.00138	0.0723
138.2	1.382	0.05198	0.00138	0.0723
138.3	1.383	0.05205	0.00138	0.07231
138.4	1.384	0.05212	0.00138	0.07232
138.5	1.385	0.05219	0.00139	0.07233
138.6	1.386	0.05227	0.00139	0.07234
138.7	1.387	0.05234	0.00139	0.07235
138.8	1.388	0.05241	0.00139	0.07236
138.9	1.389	0.05248	0.00139	0.07237
139.0	1.39	0.05256	0.00139	0.07238
139.1	1.391	0.05263	0.00139	0.07238
139.2	1.392	0.0527	0.00139	0.07239
139.3	1.393	0.05277	0.00139	0.0724
139.4	1.394	0.05285	0.00139	0.07241
139.5	1.395	0.05292	0.0014	0.07242
139.6	1.396	0.05299	0.0014	0.07242
139.7	1.397	0.05306	0.0014	0.07243
139.8	1.398	0.05314	0.0014	0.07244
139.9	1.399	0.05321	0.0014	0.07244
140.0	1.4	0.05328	0.0014	0.07245
140.1	1.401	0.05335	0.0014	0.07246
140.2	1.402	0.05343	0.0014	0.07246
140.3	1.403	0.0535	0.0014	0.07247
140.4	1.404	0.05357	0.0014	0.07248
140.5	1.405	0.05364	0.00141	0.07248
140.6	1.406	0.05372	0.00141	0.07249
140.7	1.407	0.05379	0.00141	0.07249
140.8	1.408	0.05386	0.00141	0.0725
140.9	1.409	0.05393	0.00141	0.0725
141.0	1.41	0.05401	0.00141	0.07251
141.1	1.411	0.05408	0.00141	0.07251
141.2	1.412	0.05415	0.00141	0.07252
141.3	1.413	0.05422	0.00141	0.07252
141.4	1.414	0.0543	0.00141	0.07253
141.5	1.415	0.05437	0.00142	0.07253
141.6	1.416	0.05444	0.00142	0.07253
141.7	1.417	0.05451	0.00142	0.07254
141.8	1.418	0.05459	0.00142	0.07254
141.9	1.419	0.05466	0.00142	0.07255
142.0	1.42	0.05473	0.00142	0.07255
142.1	1.421	0.0548	0.00142	0.07255
142.2	1.422	0.05488	0.00142	0.07256
142.3	1.423	0.05495	0.00142	0.07256
142.4	1.424	0.05502	0.00142	0.07256
142.5	1.425	0.05509	0.00143	0.07256
142.6	1.426	0.05517	0.00143	0.07257
142.7	1.427	0.05524	0.00143	0.07257
142.8	1.428	0.05531	0.00143	0.07257
142.9	1.429	0.05538	0.00143	0.07257
143.0	1.43	0.05546	0.00143	0.07258
143.1	1.431	0.05553	0.00143	0.07258
143.2	1.432	0.0556	0.00143	0.07258
143.3	1.433	0.05567	0.00143	0.07258
143.4	1.434	0.05575	0.00143	0.07258
143.5	1.435	0.05582	0.00144	0.07258
143.6	1.436	0.05589	0.00144	0.07258
143.7	1.437	0.05596	0.00144	0.07259
143.8	1.438	0.05604	0.00144	0.07259
143.9	1.439	0.05611	0.00144	0.07259
144.0	1.44	0.05618	0.00144	0.07259
144.1	1.441	0.05625	0.00144	0.07259
144.2	1.442	0.05633	0.00144	0.07259
144.3	1.443	0.0564	0.00144	0.07259
144.4	1.444	0.05647	0.00144	0.07259
144.5	1.445	0.05655	0.00145	0.07259
144.6	1.446	0.05662	0.00145	0.07259
144.7	1.447	0.05669	0.00145	0.07259
144.8	1.448	0.05676	0.00145	0.07258
144.9	1.449	0.05684	0.00145	0.07258
145.0	1.45	0.05691	0.00145	0.07258
145.1	1.451	0.05698	0.00145	0.07258
145.2	1.452	0.05705	0.00145	0.07258
145.3	1.453	0.05713	0.00145	0.07258
145.4	1.454	0.0572	0.00145	0.07258
145.5	1.455	0.05727	0.00146	0.07258
145.6	1.456	0.05734	0.00146	0.07257
145.7	1.457	0.05742	0.00146	0.07257
145.8	1.458	0.05749	0.00146	0.07257
145.9	1.459	0.05756	0.00146	0.07257
146.0	1.46	0.05763	0.00146	0.07256
146.1	1.461	0.05771	0.00146	0.07256
146.2	1.462	0.05778	0.00146	0.07256
146.3	1.463	0.05785	0.00146	0.07256
146.4	1.464	0.05792	0.00146	0.07255
146.5	1.465	0.058	0.00147	0.07255
146.6	1.466	0.05807	0.00147	0.07255
146.7	1.467	0.05814	0.00147	0.07254
146.8	1.468	0.05821	0.00147	0.07254
146.9	1.469	0.05829	0.00147	0.07253
147.0	1.47	0.05836	0.00147	0.07253
147.1	1.471	0.05843	0.00147	0.07253
147.2	1.472	0.0585	0.00147	0.07252
147.3	1.473	0.05858	0.00147	0.07252
147.4	1.474	0.05865	0.00147	0.07251
147.5	1.475	0.05872	0.00148	0.07251
147.6	1.476	0.05879	0.00148	0.0725
147.7	1.477	0.05887	0.00148	0.0725
147.8	1.478	0.05894	0.00148	0.07249
147.9	1.479	0.05901	0.00148	0.07249
148.0	1.48	0.05908	0.00148	0.07248
148.1	1.481	0.05916	0.00148	0.07248
148.2	1.482	0.05923	0.00148	0.07247
148.3	1.483	0.0593	0.00148	0.07247
148.4	1.484	0.05937	0.00148	0.07246
148.5	1.485	0.05945	0.00149	0.07245
148.6	1.486	0.05952	0.00149	0.07245
148.7	1.487	0.05959	0.00149	0.07244
148.8	1.488	0.05966	0.00149	0.07243
148.9	1.489	0.05974	0.00149	0.07243
149.0	1.49	0.05981	0.00149	0.07242
149.1	1.491	0.05988	0.00149	0.07241
149.2	1.492	0.05995	0.00149	0.07241
149.3	1.493	0.06003	0.00149	0.0724
149.4	1.494	0.0601	0.00149	0.07239
149.5	1.495	0.06017	0.0015	0.07238
149.6	1.496	0.06024	0.0015	0.07238
149.7	1.497	0.06032	0.0015	0.07237
149.8	1.498	0.06039	0.0015	0.07236
149.9	1.499	0.06046	0.0015	0.07235
150.0	1.5	0.06053	0.0015	0.07234
150.1	1.501	0.0606	0.0015	0.07234
150.2	1.502	0.06068	0.0015	0.07233
150.3	1.503	0.06075	0.0015	0.07232
150.4	1.504	0.06082	0.0015	0.07231
150.5	1.505	0.06089	0.00151	0.0723
150.6	1.506	0.06097	0.00151	0.07229
150.7	1.507	0.06104	0.00151	0.07228
150.8	1.508	0.06111	0.00151	0.07227
150.9	1.509	0.06118	0.00151	0.07227
151.0	1.51	0.06126	0.00151	0.07226
151.1	1.511	0.06133	0.00151	0.07225
151.2	1.512	0.0614	0.00151	0.07224
151.3	1.513	0.06147	0.00151	0.07223
151.4	1.514	0.06154	0.00151	0.07222
151.5	1.515	0.06162	0.00152	0.07221
151.6	1.516	0.06169	0.00152	0.0722
151.7	1.517	0.06176	0.00152	0.07219
151.8	1.518	0.06183	0.00152	0.07217
151.9	1.519	0.06191	0.00152	0.07216
152.0	1.52	0.06198	0.00152	0.07215
152.1	1.521	0.06205	0.00152	0.07214
152.2	1.522	0.06212	0.00152	0.07213
152.3	1.523	0.06219	0.00152	0.07212
152.4	1.524	0.06227	0.00152	0.07211
152.5	1.525	0.06234	0.00153	0.0721
152.6	1.526	0.06241	0.00153	0.07209
152.7	1.527	0.06248	0.00153	0.07207
152.8	1.528	0.06255	0.00153	0.07206
152.9	1.529	0.06263	0.00153	0.07205
153.0	1.53	0.0627	0.00153	0.07204
153.1	1.531	0.06277	0.00153	0.07203
153.2	1.532	0.06284	0.00153	0.07201
153.3	1.533	0.06291	0.00153	0.072
153.4	1.534	0.06299	0.00153	0.07199
153.5	1.535	0.06306	0.00154	0.07198
153.6	1.536	0.06313	0.00154	0.07196
153.7	1.537	0.0632	0.00154	0.07195
153.8	1.538	0.06327	0.00154	0.07194
153.9	1.539	0.06335	0.00154	0.07192
154.0	1.54	0.06342	0.00154	0.07191
154.1	1.541	0.06349	0.00154	0.0719
154.2	1.542	0.06356	0.00154	0.07188
154.3	1.543	0.06363	0.00154	0.07187
154.4	1.544	0.06371	0.00154	0.07185
154.5	1.545	0.06378	0.00155	0.07184
154.6	1.546	0.06385	0.00155	0.07183
154.7	1.547	0.06392	0.00155	0.07181
154.8	1.548	0.06399	0.00155	0.0718
154.9	1.549	0.06406	0.00155	0.07178
155.0	1.55	0.06414	0.00155	0.07177
155.1	1.551	0.06421	0.00155	0.07175
155.2	1.552	0.06428	0.00155	0.07174
155.3	1.553	0.06435	0.00155	0.07172
155.4	1.554	0.06442	0.00155	0.07171
155.5	1.555	0.0645	0.00156	0.07169
155.6	1.556	0.06457	0.00156	0.07168
155.7	1.557	0.06464	0.00156	0.07166
155.8	1.558	0.06471	0.00156	0.07165
155.9	1.559	0.06478	0.00156	0.07163
156.0	1.56	0.06485	0.00156	0.07162
156.1	1.561	0.06492	0.00156	0.0716
156.2	1.562	0.065	0.00156	0.07158
156.3	1.563	0.06507	0.00156	0.07157
156.4	1.564	0.06514	0.00156	0.07155
156.5	1.565	0.06521	0.00157	0.07153
156.6	1.566	0.06528	0.00157	0.07152
156.7	1.567	0.06535	0.00157	0.0715
156.8	1.568	0.06543	0.00157	0.07148
156.9	1.569	0.0655	0.00157	0.07147
157.0	1.57	0.06557	0.00157	0.07145
157.1	1.571	0.06564	0.00157	0.07143
157.2	1.572	0.06571	0.00157	0.07142
157.3	1.573	0.06578	0.00157	0.0714
157.4	1.574	0.06585	0.00157	0.07138
157.5	1.575	0.06593	0.00158	0.07136
157.6	1.576	0.066	0.00158	0.07134
157.7	1.577	0.06607	0.00158	0.07133
157.8	1.578	0.06614	0.00158	0.07131
157.9	1.579	0.06621	0.00158	0.07129
158.0	1.58	0.06628	0.00158	0.07127
158.1	1.581	0.06635	0.00158	0.07125
158.2	1.582	0.06642	0.00158	0.07124
158.3	1.583	0.0665	0.00158	0.07122
158.4	1.584	0.06657	0.00158	0.0712
158.5	1.585	0.06664	0.00159	0.07118
158.6	1.586	0.06671	0.00159	0.07116
158.7	1.587	0.06678	0.00159	0.07114
158.8	1.588	0.06685	0.00159	0.07112
158.9	1.589	0.06692	0.00159	0.0711
159.0	1.59	0.06699	0.00159	0.07108
159.1	1.591	0.06706	0.00159	0.07106
159.2	1.592	0.06714	0.00159	0.07104
159.3	1.593	0.06721	0.00159	0.07102
159.4	1.594	0.06728	0.00159	0.071
159.5	1.595	0.06735	0.0016	0.07098
159.6	1.596	0.06742	0.0016	0.07096
159.7	1.597	0.06749	0.0016	0.07094
159.8	1.598	0.06756	0.0016	0.07092
159.9	1.599	0.06763	0.0016	0.0709
160.0	1.6	0.0677	0.0016	0.07088
160.1	1.601	0.06777	0.0016	0.07086
160.2	1.602	0.06785	0.0016	0.07084
160.3	1.603	0.06792	0.0016	0.07082
160.4	1.604	0.06799	0.0016	0.0708
160.5	1.605	0.06806	0.00161	0.07078
160.6	1.606	0.06813	0.00161	0.07076
160.7	1.607	0.0682	0.00161	0.07074
160.8	1.608	0.06827	0.00161	0.07071
160.9	1.609	0.06834	0.00161	0.07069
161.0	1.61	0.06841	0.00161	0.07067
161.1	1.611	0.06848	0.00161	0.07065
161.2	1.612	0.06855	0.00161	0.07063
161.3	1.613	0.06862	0.00161	0.07061
161.4	1.614	0.06869	0.00161	0.07058
161.5	1.615	0.06876	0.00162	0.07056
161.6	1.616	0.06883	0.00162	0.07054
161.7	1.617	0.06891	0.00162	0.07052
161.8	1.618	0.06898	0.00162	0.07049
161.9	1.619	0.06905	0.00162	0.07047
162.0	1.62	0.06912	0.00162	0.07045
162.1	1.621	0.06919	0.00162	0.07043
162.2	1.622	0.06926	0.00162	0.0704
162.3	1.623	0.06933	0.00162	0.07038
162.4	1.624	0.0694	0.00162	0.07036
162.5	1.625	0.06947	0.00163	0.07033
162.6	1.626	0.06954	0.00163	0.07031
162.7	1.627	0.06961	0.00163	0.07029
162.8	1.628	0.06968	0.00163	0.07026
162.9	1.629	0.06975	0.00163	0.07024
163.0	1.63	0.06982	0.00163	0.07021
163.1	1.631	0.06989	0.00163	0.07019
163.2	1.632	0.06996	0.00163	0.07017
163.3	1.633	0.07003	0.00163	0.07014
163.4	1.634	0.0701	0.00163	0.07012
163.5	1.635	0.07017	0.00164	0.07009
163.6	1.636	0.07024	0.00164	0.07007
163.7	1.637	0.07031	0.00164	0.07004
163.8	1.638	0.07038	0.00164	0.07002
163.9	1.639	0.07045	0.00164	0.07
164.0	1.64	0.07052	0.00164	0.06997
164.1	1.641	0.07059	0.00164	0.06995
164.2	1.642	0.07066	0.00164	0.06992
164.3	1.643	0.07073	0.00164	0.0699
164.4	1.644	0.0708	0.00164	0.06987
164.5	1.645	0.07087	0.00165	0.06984
164.6	1.646	0.07094	0.00165	0.06982
164.7	1.647	0.07101	0.00165	0.06979
164.8	1.648	0.07108	0.00165	0.06977
164.9	1.649	0.07115	0.00165	0.06974
165.0	1.65	0.07122	0.00165	0.06972
165.1	1.651	0.07129	0.00165	0.06969
165.2	1.652	0.07136	0.00165	0.06966
165.3	1.653	0.07143	0.00165	0.06964
165.4	1.654	0.0715	0.00165	0.06961
165.5	1.655	0.07157	0.00166	0.06958
165.6	1.656	0.07164	0.00166	0.06956
165.7	1.657	0.07171	0.00166	0.06953
165.8	1.658	0.07178	0.00166	0.0695
165.9	1.659	0.07185	0.00166	0.06948
166.0	1.66	0.07191	0.00166	0.06945
166.1	1.661	0.07198	0.00166	0.06942
166.2	1.662	0.07205	0.00166	0.0694
166.3	1.663	0.07212	0.00166	0.06937
166.4	1.664	0.07219	0.00166	0.06934
166.5	1.665	0.07226	0.00167	0.06931
166.6	1.666	0.07233	0.00167	0.06929
166.7	1.667	0.0724	0.00167	0.06926
166.8	1.668	0.07247	0.00167	0.06923
166.9	1.669	0.07254	0.00167	0.0692
167.0	1.67	0.07261	0.00167	0.06918
167.1	1.671	0.07268	0.00167	0.06915
167.2	1.672	0.07275	0.00167	0.06912
167.3	1.673	0.07282	0.00167	0.06909
167.4	1.674	0.07288	0.00167	0.06906
167.5	1.675	0.07295	0.00168	0.06903
167.6	1.676	0.07302	0.00168	0.06901
167.7	1.677	0.07309	0.00168	0.06898
167.8	1.678	0.07316	0.00168	0.06895
167.9	1.679	0.07323	0.00168	0.06892
168.0	1.68	0.0733	0.00168	0.06889
168.1	1.681	0.07337	0.00168	0.06886
168.2	1.682	0.07344	0.00168	0.06883
168.3	1.683	0.0735	0.00168	0.0688
168.4	1.684	0.07357	0.00168	0.06877
168.5	1.685	0.07364	0.00169	0.06874
168.6	1.686	0.07371	0.00169	0.06871
168.7	1.687	0.07378	0.00169	0.06868
168.8	1.688	0.07385	0.00169	0.06865
168.9	1.689	0.07392	0.00169	0.06862
169.0	1.69	0.07399	0.00169	0.06859
169.1	1.691	0.07405	0.00169	0.06856
169.2	1.692	0.07412	0.00169	0.06853
169.3	1.693	0.07419	0.00169	0.0685
169.4	1.694	0.07426	0.00169	0.06847
169.5	1.695	0.07433	0.0017	0.06844
169.6	1.696	0.0744	0.0017	0.06841
169.7	1.697	0.07446	0.0017	0.06838
169.8	1.698	0.07453	0.0017	0.06835
169.9	1.699	0.0746	0.0017	0.06832
170.0	1.7	0.07467	0.0017	0.06829
170.1	1.701	0.07474	0.0017	0.06826
170.2	1.702	0.07481	0.0017	0.06823
170.3	1.703	0.07487	0.0017	0.0682
170.4	1.704	0.07494	0.0017	0.06817
170.5	1.705	0.07501	0.00171	0.06813
170.6	1.706	0.07508	0.00171	0.0681
170.7	1.707	0.07515	0.00171	0.06807
170.8	1.708	0.07521	0.00171	0.06804
170.9	1.709	0.07528	0.00171	0.06801
171.0	1.71	0.07535	0.00171	0.06798
171.1	1.711	0.07542	0.00171	0.06794
171.2	1.712	0.07549	0.00171	0.06791
171.3	1.713	0.07555	0.00171	0.06788
171.4	1.714	0.07562	0.00171	0.06785
171.5	1.715	0.07569	0.00172	0.06782
171.6	1.716	0.07576	0.00172	0.06778
171.7	1.717	0.07583	0.00172	0.06775
171.8	1.718	0.07589	0.00172	0.06772
171.9	1.719	0.07596	0.00172	0.06769
172.0	1.72	0.07603	0.00172	0.06765
172.1	1.721	0.0761	0.00172	0.06762
172.2	1.722	0.07616	0.00172	0.06759
172.3	1.723	0.07623	0.00172	0.06755
172.4	1.724	0.0763	0.00172	0.06752
172.5	1.725	0.07637	0.00173	0.06749
172.6	1.726	0.07643	0.00173	0.06746
172.7	1.727	0.0765	0.00173	0.06742
172.8	1.728	0.07657	0.00173	0.06739
172.9	1.729	0.07664	0.00173	0.06735
173.0	1.73	0.0767	0.00173	0.06732
173.1	1.731	0.07677	0.00173	0.06729
173.2	1.732	0.07684	0.00173	0.06725
173.3	1.733	0.07691	0.00173	0.06722
173.4	1.734	0.07697	0.00173	0.06719
173.5	1.735	0.07704	0.00174	0.06715
173.6	1.736	0.07711	0.00174	0.06712
173.7	1.737	0.07717	0.00174	0.06708
173.8	1.738	0.07724	0.00174	0.06705
173.9	1.739	0.07731	0.00174	0.06701
174.0	1.74	0.07737	0.00174	0.06698
174.1	1.741	0.07744	0.00174	0.06695
174.2	1.742	0.07751	0.00174	0.06691
174.3	1.743	0.07758	0.00174	0.06688
174.4	1.744	0.07764	0.00174	0.06684
174.5	1.745	0.07771	0.00175	0.06681
174.6	1.746	0.07778	0.00175	0.06677
174.7	1.747	0.07784	0.00175	0.06674
174.8	1.748	0.07791	0.00175	0.0667
174.9	1.749	0.07798	0.00175	0.06667
175.0	1.75	0.07804	0.00175	0.06663
175.1	1.751	0.07811	0.00175	0.06659
175.2	1.752	0.07818	0.00175	0.06656
175.3	1.753	0.07824	0.00175	0.06652
175.4	1.754	0.07831	0.00175	0.06649
175.5	1.755	0.07838	0.00176	0.06645
175.6	1.756	0.07844	0.00176	0.06642
175.7	1.757	0.07851	0.00176	0.06638
175.8	1.758	0.07857	0.00176	0.06634
175.9	1.759	0.07864	0.00176	0.06631
176.0	1.76	0.07871	0.00176	0.06627
176.1	1.761	0.07877	0.00176	0.06624
176.2	1.762	0.07884	0.00176	0.0662
176.3	1.763	0.07891	0.00176	0.06616
176.4	1.764	0.07897	0.00176	0.06613
176.5	1.765	0.07904	0.00177	0.06609
176.6	1.766	0.0791	0.00177	0.06605
176.7	1.767	0.07917	0.00177	0.06602
176.8	1.768	0.07924	0.00177	0.06598
176.9	1.769	0.0793	0.00177	0.06594
177.0	1.77	0.07937	0.00177	0.0659
177.1	1.771	0.07943	0.00177	0.06587
177.2	1.772	0.0795	0.00177	0.06583
177.3	1.773	0.07957	0.00177	0.06579
177.4	1.774	0.07963	0.00177	0.06576
177.5	1.775	0.0797	0.00178	0.06572
177.6	1.776	0.07976	0.00178	0.06568
177.7	1.777	0.07983	0.00178	0.06564
177.8	1.778	0.07989	0.00178	0.06561
177.9	1.779	0.07996	0.00178	0.06557
178.0	1.78	0.08002	0.00178	0.06553
178.1	1.781	0.08009	0.00178	0.06549
178.2	1.782	0.08016	0.00178	0.06545
178.3	1.783	0.08022	0.00178	0.06542
178.4	1.784	0.08029	0.00178	0.06538
178.5	1.785	0.08035	0.00179	0.06534
178.6	1.786	0.08042	0.00179	0.0653
178.7	1.787	0.08048	0.00179	0.06526
178.8	1.788	0.08055	0.00179	0.06522
178.9	1.789	0.08061	0.00179	0.06518
179.0	1.79	0.08068	0.00179	0.06515
179.1	1.791	0.08074	0.00179	0.06511
179.2	1.792	0.08081	0.00179	0.06507
179.3	1.793	0.08087	0.00179	0.06503
179.4	1.794	0.08094	0.00179	0.06499
179.5	1.795	0.081	0.0018	0.06495
179.6	1.796	0.08107	0.0018	0.06491
179.7	1.797	0.08113	0.0018	0.06487
179.8	1.798	0.0812	0.0018	0.06483
179.9	1.799	0.08126	0.0018	0.06479
180.0	1.8	0.08133	0.0018	0.06475
180.1	1.801	0.08139	0.0018	0.06472
180.2	1.802	0.08146	0.0018	0.06468
180.3	1.803	0.08152	0.0018	0.06464
180.4	1.804	0.08159	0.0018	0.0646
180.5	1.805	0.08165	0.00181	0.06456
180.6	1.806	0.08171	0.00181	0.06452
180.7	1.807	0.08178	0.00181	0.06448
180.8	1.808	0.08184	0.00181	0.06444
180.9	1.809	0.08191	0.00181	0.0644
181.0	1.81	0.08197	0.00181	0.06436
181.1	1.811	0.08204	0.00181	0.06432
181.2	1.812	0.0821	0.00181	0.06428
181.3	1.813	0.08217	0.00181	0.06423
181.4	1.814	0.08223	0.00181	0.06419
181.5	1.815	0.08229	0.00182	0.06415
181.6	1.816	0.08236	0.00182	0.06411
181.7	1.817	0.08242	0.00182	0.06407
181.8	1.818	0.08249	0.00182	0.06403
181.9	1.819	0.08255	0.00182	0.06399
182.0	1.82	0.08261	0.00182	0.06395
182.1	1.821	0.08268	0.00182	0.06391
182.2	1.822	0.08274	0.00182	0.06387
182.3	1.823	0.08281	0.00182	0.06383
182.4	1.824	0.08287	0.00182	0.06378
182.5	1.825	0.08293	0.00183	0.06374
182.6	1.826	0.083	0.00183	0.0637
182.7	1.827	0.08306	0.00183	0.06366
182.8	1.828	0.08312	0.00183	0.06362
182.9	1.829	0.08319	0.00183	0.06358
183.0	1.83	0.08325	0.00183	0.06353
183.1	1.831	0.08331	0.00183	0.06349
183.2	1.832	0.08338	0.00183	0.06345
183.3	1.833	0.08344	0.00183	0.06341
183.4	1.834	0.0835	0.00183	0.06337
183.5	1.835	0.08357	0.00184	0.06332
183.6	1.836	0.08363	0.00184	0.06328
183.7	1.837	0.08369	0.00184	0.06324
183.8	1.838	0.08376	0.00184	0.0632
183.9	1.839	0.08382	0.00184	0.06316
184.0	1.84	0.08388	0.00184	0.06311
184.1	1.841	0.08395	0.00184	0.06307
184.2	1.842	0.08401	0.00184	0.06303
184.3	1.843	0.08407	0.00184	0.06298
184.4	1.844	0.08414	0.00184	0.06294
184.5	1.845	0.0842	0.00185	0.0629
184.6	1.846	0.08426	0.00185	0.06286
184.7	1.847	0.08432	0.00185	0.06281
184.8	1.848	0.08439	0.00185	0.06277
184.9	1.849	0.08445	0.00185	0.06273
185.0	1.85	0.08451	0.00185	0.06268
185.1	1.851	0.08458	0.00185	0.06264
185.2	1.852	0.08464	0.00185	0.0626
185.3	1.853	0.0847	0.00185	0.06255
185.4	1.854	0.08476	0.00185	0.06251
185.5	1.855	0.08483	0.00186	0.06247
185.6	1.856	0.08489	0.00186	0.06242
185.7	1.857	0.08495	0.00186	0.06238
185.8	1.858	0.08501	0.00186	0.06234
185.9	1.859	0.08508	0.00186	0.06229
186.0	1.86	0.08514	0.00186	0.06225
186.1	1.861	0.0852	0.00186	0.0622
186.2	1.862	0.08526	0.00186	0.06216
186.3	1.863	0.08532	0.00186	0.06212
186.4	1.864	0.08539	0.00186	0.06207
186.5	1.865	0.08545	0.00187	0.06203
186.6	1.866	0.08551	0.00187	0.06198
186.7	1.867	0.08557	0.00187	0.06194
186.8	1.868	0.08563	0.00187	0.06189
186.9	1.869	0.0857	0.00187	0.06185
187.0	1.87	0.08576	0.00187	0.0618
187.1	1.871	0.08582	0.00187	0.06176
187.2	1.872	0.08588	0.00187	0.06171
187.3	1.873	0.08594	0.00187	0.06167
187.4	1.874	0.086	0.00187	0.06162
187.5	1.875	0.08607	0.00188	0.06158
187.6	1.876	0.08613	0.00188	0.06153
187.7	1.877	0.08619	0.00188	0.06149
187.8	1.878	0.08625	0.00188	0.06144
187.9	1.879	0.08631	0.00188	0.0614
188.0	1.88	0.08637	0.00188	0.06135
188.1	1.881	0.08643	0.00188	0.06131
188.2	1.882	0.0865	0.00188	0.06126
188.3	1.883	0.08656	0.00188	0.06122
188.4	1.884	0.08662	0.00188	0.06117
188.5	1.885	0.08668	0.00189	0.06113
188.6	1.886	0.08674	0.00189	0.06108
188.7	1.887	0.0868	0.00189	0.06103
188.8	1.888	0.08686	0.00189	0.06099
188.9	1.889	0.08692	0.00189	0.06094
189.0	1.89	0.08698	0.00189	0.0609
189.1	1.891	0.08704	0.00189	0.06085
189.2	1.892	0.08711	0.00189	0.0608
189.3	1.893	0.08717	0.00189	0.06076
189.4	1.894	0.08723	0.00189	0.06071
189.5	1.895	0.08729	0.0019	0.06067
189.6	1.896	0.08735	0.0019	0.06062
189.7	1.897	0.08741	0.0019	0.06057
189.8	1.898	0.08747	0.0019	0.06053
189.9	1.899	0.08753	0.0019	0.06048
190.0	1.9	0.08759	0.0019	0.06043
190.1	1.901	0.08765	0.0019	0.06039
190.2	1.902	0.08771	0.0019	0.06034
190.3	1.903	0.08777	0.0019	0.06029
190.4	1.904	0.08783	0.0019	0.06025
190.5	1.905	0.08789	0.00191	0.0602
190.6	1.906	0.08795	0.00191	0.06015
190.7	1.907	0.08801	0.00191	0.0601
190.8	1.908	0.08807	0.00191	0.06006
190.9	1.909	0.08813	0.00191	0.06001
191.0	1.91	0.08819	0.00191	0.05996
191.1	1.911	0.08825	0.00191	0.05992
191.2	1.912	0.08831	0.00191	0.05987
191.3	1.913	0.08837	0.00191	0.05982
191.4	1.914	0.08843	0.00191	0.05977
191.5	1.915	0.08849	0.00192	0.05973
191.6	1.916	0.08855	0.00192	0.05968
191.7	1.917	0.08861	0.00192	0.05963
191.8	1.918	0.08867	0.00192	0.05958
191.9	1.919	0.08873	0.00192	0.05953
192.0	1.92	0.08879	0.00192	0.05949
192.1	1.921	0.08885	0.00192	0.05944
192.2	1.922	0.08891	0.00192	0.05939
192.3	1.923	0.08897	0.00192	0.05934
192.4	1.924	0.08903	0.00192	0.05929
192.5	1.925	0.08909	0.00193	0.05925
192.6	1.926	0.08915	0.00193	0.0592
192.7	1.927	0.0892	0.00193	0.05915
192.8	1.928	0.08926	0.00193	0.0591
192.9	1.929	0.08932	0.00193	0.05905
193.0	1.93	0.08938	0.00193	0.059
193.1	1.931	0.08944	0.00193	0.05895
193.2	1.932	0.0895	0.00193	0.05891
193.3	1.933	0.08956	0.00193	0.05886
193.4	1.934	0.08962	0.00193	0.05881
193.5	1.935	0.08968	0.00194	0.05876
193.6	1.936	0.08973	0.00194	0.05871
193.7	1.937	0.08979	0.00194	0.05866
193.8	1.938	0.08985	0.00194	0.05861
193.9	1.939	0.08991	0.00194	0.05856
194.0	1.94	0.08997	0.00194	0.05851
194.1	1.941	0.09003	0.00194	0.05847
194.2	1.942	0.09009	0.00194	0.05842
194.3	1.943	0.09014	0.00194	0.05837
194.4	1.944	0.0902	0.00194	0.05832
194.5	1.945	0.09026	0.00195	0.05827
194.6	1.946	0.09032	0.00195	0.05822
194.7	1.947	0.09038	0.00195	0.05817
194.8	1.948	0.09044	0.00195	0.05812
194.9	1.949	0.09049	0.00195	0.05807
195.0	1.95	0.09055	0.00195	0.05802
195.1	1.951	0.09061	0.00195	0.05797
195.2	1.952	0.09067	0.00195	0.05792
195.3	1.953	0.09072	0.00195	0.05787
195.4	1.954	0.09078	0.00195	0.05782
195.5	1.955	0.09084	0.00196	0.05777
195.6	1.956	0.0909	0.00196	0.05772
195.7	1.957	0.09096	0.00196	0.05767
195.8	1.958	0.09101	0.00196	0.05762
195.9	1.959	0.09107	0.00196	0.05757
196.0	1.96	0.09113	0.00196	0.05752
196.1	1.961	0.09119	0.00196	0.05747
196.2	1.962	0.09124	0.00196	0.05742
196.3	1.963	0.0913	0.00196	0.05737
196.4	1.964	0.09136	0.00196	0.05732
196.5	1.965	0.09142	0.00197	0.05727
196.6	1.966	0.09147	0.00197	0.05721
196.7	1.967	0.09153	0.00197	0.05716
196.8	1.968	0.09159	0.00197	0.05711
196.9	1.969	0.09164	0.00197	0.05706
197.0	1.97	0.0917	0.00197	0.05701
197.1	1.971	0.09176	0.00197	0.05696
197.2	1.972	0.09181	0.00197	0.05691
197.3	1.973	0.09187	0.00197	0.05686
197.4	1.974	0.09193	0.00197	0.05681
197.5	1.975	0.09199	0.00198	0.05676
197.6	1.976	0.09204	0.00198	0.0567
197.7	1.977	0.0921	0.00198	0.05665
197.8	1.978	0.09216	0.00198	0.0566
197.9	1.979	0.09221	0.00198	0.05655
198.0	1.98	0.09227	0.00198	0.0565
198.1	1.981	0.09232	0.00198	0.05645
198.2	1.982	0.09238	0.00198	0.0564
198.3	1.983	0.09244	0.00198	0.05634
198.4	1.984	0.09249	0.00198	0.05629
198.5	1.985	0.09255	0.00199	0.05624
198.6	1.986	0.09261	0.00199	0.05619
198.7	1.987	0.09266	0.00199	0.05614
198.8	1.988	0.09272	0.00199	0.05608
198.9	1.989	0.09277	0.00199	0.05603
199.0	1.99	0.09283	0.00199	0.05598
199.1	1.991	0.09289	0.00199	0.05593
199.2	1.992	0.09294	0.00199	0.05588
199.3	1.993	0.093	0.00199	0.05582
199.4	1.994	0.09305	0.00199	0.05577
199.5	1.995	0.09311	0.002	0.05572
199.6	1.996	0.09317	0.002	0.05567
199.7	1.997	0.09322	0.002	0.05561
199.8	1.998	0.09328	0.002	0.05556
199.9	1.999	0.09333	0.002	0.05551
200.0	2.0	0.09339	0.002	0.05546
200.1	2.001	0.09344	0.002	0.0554
200.2	2.002	0.0935	0.002	0.05535
200.3	2.003	0.09355	0.002	0.0553
200.4	2.004	0.09361	0.002	0.05524
200.5	2.005	0.09366	0.00201	0.05519
200.6	2.006	0.09372	0.00201	0.05514
200.7	2.007	0.09377	0.00201	0.05509
200.8	2.008	0.09383	0.00201	0.05503
200.9	2.009	0.09388	0.00201	0.05498
201.0	2.01	0.09394	0.00201	0.05493
201.1	2.011	0.09399	0.00201	0.05487
201.2	2.012	0.09405	0.00201	0.05482
201.3	2.013	0.0941	0.00201	0.05477
201.4	2.014	0.09416	0.00201	0.05471
201.5	2.015	0.09421	0.00202	0.05466
201.6	2.016	0.09427	0.00202	0.05461
201.7	2.017	0.09432	0.00202	0.05455
201.8	2.018	0.09438	0.00202	0.0545
201.9	2.019	0.09443	0.00202	0.05445
202.0	2.02	0.09449	0.00202	0.05439
202.1	2.021	0.09454	0.00202	0.05434
202.2	2.022	0.09459	0.00202	0.05428
202.3	2.023	0.09465	0.00202	0.05423
202.4	2.024	0.0947	0.00202	0.05418
202.5	2.025	0.09476	0.00203	0.05412
202.6	2.026	0.09481	0.00203	0.05407
202.7	2.027	0.09486	0.00203	0.05401
202.8	2.028	0.09492	0.00203	0.05396
202.9	2.029	0.09497	0.00203	0.05391
203.0	2.03	0.09503	0.00203	0.05385
203.1	2.031	0.09508	0.00203	0.0538
203.2	2.032	0.09513	0.00203	0.05374
203.3	2.033	0.09519	0.00203	0.05369
203.4	2.034	0.09524	0.00203	0.05363
203.5	2.035	0.09529	0.00204	0.05358
203.6	2.036	0.09535	0.00204	0.05353
203.7	2.037	0.0954	0.00204	0.05347
203.8	2.038	0.09546	0.00204	0.05342
203.9	2.039	0.09551	0.00204	0.05336
204.0	2.04	0.09556	0.00204	0.05331
204.1	2.041	0.09562	0.00204	0.05325
204.2	2.042	0.09567	0.00204	0.0532
204.3	2.043	0.09572	0.00204	0.05314
204.4	2.044	0.09577	0.00204	0.05309
204.5	2.045	0.09583	0.00205	0.05303
204.6	2.046	0.09588	0.00205	0.05298
204.7	2.047	0.09593	0.00205	0.05292
204.8	2.048	0.09599	0.00205	0.05287
204.9	2.049	0.09604	0.00205	0.05281
205.0	2.05	0.09609	0.00205	0.05276
205.1	2.051	0.09614	0.00205	0.0527
205.2	2.052	0.0962	0.00205	0.05265
205.3	2.053	0.09625	0.00205	0.05259
205.4	2.054	0.0963	0.00205	0.05253
205.5	2.055	0.09635	0.00206	0.05248
205.6	2.056	0.09641	0.00206	0.05242
205.7	2.057	0.09646	0.00206	0.05237
205.8	2.058	0.09651	0.00206	0.05231
205.9	2.059	0.09656	0.00206	0.05226
206.0	2.06	0.09662	0.00206	0.0522
206.1	2.061	0.09667	0.00206	0.05215
206.2	2.062	0.09672	0.00206	0.05209
206.3	2.063	0.09677	0.00206	0.05203
206.4	2.064	0.09682	0.00206	0.05198
206.5	2.065	0.09688	0.00207	0.05192
206.6	2.066	0.09693	0.00207	0.05187
206.7	2.067	0.09698	0.00207	0.05181
206.8	2.068	0.09703	0.00207	0.05175
206.9	2.069	0.09708	0.00207	0.0517
207.0	2.07	0.09714	0.00207	0.05164
207.1	2.071	0.09719	0.00207	0.05158
207.2	2.072	0.09724	0.00207	0.05153
207.3	2.073	0.09729	0.00207	0.05147
207.4	2.074	0.09734	0.00207	0.05142
207.5	2.075	0.09739	0.00208	0.05136
207.6	2.076	0.09744	0.00208	0.0513
207.7	2.077	0.0975	0.00208	0.05125
207.8	2.078	0.09755	0.00208	0.05119
207.9	2.079	0.0976	0.00208	0.05113
208.0	2.08	0.09765	0.00208	0.05108
208.1	2.081	0.0977	0.00208	0.05102
208.2	2.082	0.09775	0.00208	0.05096
208.3	2.083	0.0978	0.00208	0.05091
208.4	2.084	0.09785	0.00208	0.05085
208.5	2.085	0.0979	0.00209	0.05079
208.6	2.086	0.09795	0.00209	0.05073
208.7	2.087	0.098	0.00209	0.05068
208.8	2.088	0.09806	0.00209	0.05062
208.9	2.089	0.09811	0.00209	0.05056
209.0	2.09	0.09816	0.00209	0.05051
209.1	2.091	0.09821	0.00209	0.05045
209.2	2.092	0.09826	0.00209	0.05039
209.3	2.093	0.09831	0.00209	0.05033
209.4	2.094	0.09836	0.00209	0.05028
209.5	2.095	0.09841	0.0021	0.05022
209.6	2.096	0.09846	0.0021	0.05016
209.7	2.097	0.09851	0.0021	0.05011
209.8	2.098	0.09856	0.0021	0.05005
209.9	2.099	0.09861	0.0021	0.04999
210.0	2.1	0.09866	0.0021	0.04993
210.1	2.101	0.09871	0.0021	0.04987
210.2	2.102	0.09876	0.0021	0.04982
210.3	2.103	0.09881	0.0021	0.04976
210.4	2.104	0.09886	0.0021	0.0497
210.5	2.105	0.09891	0.00211	0.04964
210.6	2.106	0.09896	0.00211	0.04959
210.7	2.107	0.09901	0.00211	0.04953
210.8	2.108	0.09906	0.00211	0.04947
210.9	2.109	0.0991	0.00211	0.04941
211.0	2.11	0.09915	0.00211	0.04935
211.1	2.111	0.0992	0.00211	0.0493
211.2	2.112	0.09925	0.00211	0.04924
211.3	2.113	0.0993	0.00211	0.04918
211.4	2.114	0.09935	0.00211	0.04912
211.5	2.115	0.0994	0.00212	0.04906
211.6	2.116	0.09945	0.00212	0.049
211.7	2.117	0.0995	0.00212	0.04895
211.8	2.118	0.09955	0.00212	0.04889
211.9	2.119	0.0996	0.00212	0.04883
212.0	2.12	0.09964	0.00212	0.04877
212.1	2.121	0.09969	0.00212	0.04871
212.2	2.122	0.09974	0.00212	0.04865
212.3	2.123	0.09979	0.00212	0.04859
212.4	2.124	0.09984	0.00212	0.04854
212.5	2.125	0.09989	0.00213	0.04848
212.6	2.126	0.09994	0.00213	0.04842
212.7	2.127	0.09998	0.00213	0.04836
212.8	2.128	0.10003	0.00213	0.0483
212.9	2.129	0.10008	0.00213	0.04824
213.0	2.13	0.10013	0.00213	0.04818
213.1	2.131	0.10018	0.00213	0.04812
213.2	2.132	0.10023	0.00213	0.04806
213.3	2.133	0.10027	0.00213	0.04801
213.4	2.134	0.10032	0.00213	0.04795
213.5	2.135	0.10037	0.00214	0.04789
213.6	2.136	0.10042	0.00214	0.04783
213.7	2.137	0.10046	0.00214	0.04777
213.8	2.138	0.10051	0.00214	0.04771
213.9	2.139	0.10056	0.00214	0.04765
214.0	2.14	0.10061	0.00214	0.04759
214.1	2.141	0.10066	0.00214	0.04753
214.2	2.142	0.1007	0.00214	0.04747
214.3	2.143	0.10075	0.00214	0.04741
214.4	2.144	0.1008	0.00214	0.04735
214.5	2.145	0.10084	0.00215	0.04729
214.6	2.146	0.10089	0.00215	0.04723
214.7	2.147	0.10094	0.00215	0.04717
214.8	2.148	0.10099	0.00215	0.04711
214.9	2.149	0.10103	0.00215	0.04705
215.0	2.15	0.10108	0.00215	0.04699
215.1	2.151	0.10113	0.00215	0.04693
215.2	2.152	0.10117	0.00215	0.04687
215.3	2.153	0.10122	0.00215	0.04681
215.4	2.154	0.10127	0.00215	0.04675
215.5	2.155	0.10131	0.00216	0.04669
215.6	2.156	0.10136	0.00216	0.04663
215.7	2.157	0.10141	0.00216	0.04657
215.8	2.158	0.10145	0.00216	0.04651
215.9	2.159	0.1015	0.00216	0.04645
216.0	2.16	0.10155	0.00216	0.04639
216.1	2.161	0.10159	0.00216	0.04633
216.2	2.162	0.10164	0.00216	0.04627
216.3	2.163	0.10169	0.00216	0.04621
216.4	2.164	0.10173	0.00216	0.04615
216.5	2.165	0.10178	0.00217	0.04609
216.6	2.166	0.10182	0.00217	0.04603
216.7	2.167	0.10187	0.00217	0.04597
216.8	2.168	0.10192	0.00217	0.04591
216.9	2.169	0.10196	0.00217	0.04585
217.0	2.17	0.10201	0.00217	0.04579
217.1	2.171	0.10205	0.00217	0.04573
217.2	2.172	0.1021	0.00217	0.04567
217.3	2.173	0.10214	0.00217	0.04561
217.4	2.174	0.10219	0.00217	0.04555
217.5	2.175	0.10224	0.00218	0.04549
217.6	2.176	0.10228	0.00218	0.04543
217.7	2.177	0.10233	0.00218	0.04536
217.8	2.178	0.10237	0.00218	0.0453
217.9	2.179	0.10242	0.00218	0.04524
218.0	2.18	0.10246	0.00218	0.04518
218.1	2.181	0.10251	0.00218	0.04512
218.2	2.182	0.10255	0.00218	0.04506
218.3	2.183	0.1026	0.00218	0.045
218.4	2.184	0.10264	0.00218	0.04494
218.5	2.185	0.10269	0.00219	0.04488
218.6	2.186	0.10273	0.00219	0.04481
218.7	2.187	0.10278	0.00219	0.04475
218.8	2.188	0.10282	0.00219	0.04469
218.9	2.189	0.10287	0.00219	0.04463
219.0	2.19	0.10291	0.00219	0.04457
219.1	2.191	0.10296	0.00219	0.04451
219.2	2.192	0.103	0.00219	0.04445
219.3	2.193	0.10304	0.00219	0.04438
219.4	2.194	0.10309	0.00219	0.04432
219.5	2.195	0.10313	0.0022	0.04426
219.6	2.196	0.10318	0.0022	0.0442
219.7	2.197	0.10322	0.0022	0.04414
219.8	2.198	0.10326	0.0022	0.04408
219.9	2.199	0.10331	0.0022	0.04401
220.0	2.2	0.10335	0.0022	0.04395
220.1	2.201	0.1034	0.0022	0.04389
220.2	2.202	0.10344	0.0022	0.04383
220.3	2.203	0.10348	0.0022	0.04377
220.4	2.204	0.10353	0.0022	0.04371
220.5	2.205	0.10357	0.00221	0.04365
220.6	2.206	0.10362	0.00221	0.04358
220.7	2.207	0.10366	0.00221	0.04352
220.8	2.208	0.1037	0.00221	0.04346
220.9	2.209	0.10375	0.00221	0.0434
221.0	2.21	0.10379	0.00221	0.04334
221.1	2.211	0.10383	0.00221	0.04328
221.2	2.212	0.10388	0.00221	0.04322
221.3	2.213	0.10392	0.00221	0.04316
221.4	2.214	0.10396	0.00221	0.0431
221.5	2.215	0.104	0.00222	0.04304
221.6	2.216	0.10405	0.00222	0.04298
221.7	2.217	0.10409	0.00222	0.04292
221.8	2.218	0.10413	0.00222	0.04286
221.9	2.219	0.10418	0.00222	0.0428
222.0	2.22	0.10422	0.00222	0.04274
222.1	2.221	0.10426	0.00222	0.04268
222.2	2.222	0.1043	0.00222	0.04262
222.3	2.223	0.10435	0.00222	0.04256
222.4	2.224	0.10439	0.00222	0.0425
222.5	2.225	0.10443	0.00223	0.04244
222.6	2.226	0.10447	0.00223	0.04239
222.7	2.227	0.10452	0.00223	0.04233
222.8	2.228	0.10456	0.00223	0.04227
222.9	2.229	0.1046	0.00223	0.04221
223.0	2.23	0.10464	0.00223	0.04215
223.1	2.231	0.10469	0.00223	0.04209
223.2	2.232	0.10473	0.00223	0.04203
223.3	2.233	0.10477	0.00223	0.04198
223.4	2.234	0.10481	0.00223	0.04192
223.5	2.235	0.10485	0.00224	0.04186
223.6	2.236	0.10489	0.00224	0.0418
223.7	2.237	0.10494	0.00224	0.04174
223.8	2.238	0.10498	0.00224	0.04169
223.9	2.239	0.10502	0.00224	0.04163
224.0	2.24	0.10506	0.00224	0.04157
224.1	2.241	0.1051	0.00224	0.04151
224.2	2.242	0.10514	0.00224	0.04146
224.3	2.243	0.10519	0.00224	0.0414
224.4	2.244	0.10523	0.00224	0.04134
224.5	2.245	0.10527	0.00225	0.04129
224.6	2.246	0.10531	0.00225	0.04123
224.7	2.247	0.10535	0.00225	0.04117
224.8	2.248	0.10539	0.00225	0.04112
224.9	2.249	0.10543	0.00225	0.04106
225.0	2.25	0.10547	0.00225	0.041
225.1	2.251	0.10552	0.00225	0.04095
225.2	2.252	0.10556	0.00225	0.04089
225.3	2.253	0.1056	0.00225	0.04083
225.4	2.254	0.10564	0.00225	0.04078
225.5	2.255	0.10568	0.00226	0.04072
225.6	2.256	0.10572	0.00226	0.04067
225.7	2.257	0.10576	0.00226	0.04061
225.8	2.258	0.1058	0.00226	0.04055
225.9	2.259	0.10584	0.00226	0.0405
226.0	2.26	0.10588	0.00226	0.04044
226.1	2.261	0.10592	0.00226	0.04039
226.2	2.262	0.10596	0.00226	0.04033
226.3	2.263	0.106	0.00226	0.04028
226.4	2.264	0.10604	0.00226	0.04022
226.5	2.265	0.10608	0.00227	0.04017
226.6	2.266	0.10612	0.00227	0.04011
226.7	2.267	0.10616	0.00227	0.04006
226.8	2.268	0.1062	0.00227	0.04
226.9	2.269	0.10624	0.00227	0.03995
227.0	2.27	0.10628	0.00227	0.0399
227.1	2.271	0.10632	0.00227	0.03984
227.2	2.272	0.10636	0.00227	0.03979
227.3	2.273	0.1064	0.00227	0.03973
227.4	2.274	0.10644	0.00227	0.03968
227.5	2.275	0.10648	0.00228	0.03962
227.6	2.276	0.10652	0.00228	0.03957
227.7	2.277	0.10656	0.00228	0.03952
227.8	2.278	0.1066	0.00228	0.03946
227.9	2.279	0.10664	0.00228	0.03941
228.0	2.28	0.10668	0.00228	0.03936
228.1	2.281	0.10672	0.00228	0.0393
228.2	2.282	0.10676	0.00228	0.03925
228.3	2.283	0.1068	0.00228	0.0392
228.4	2.284	0.10684	0.00228	0.03914
228.5	2.285	0.10687	0.00229	0.03909
228.6	2.286	0.10691	0.00229	0.03904
228.7	2.287	0.10695	0.00229	0.03899
228.8	2.288	0.10699	0.00229	0.03893
228.9	2.289	0.10703	0.00229	0.03888
229.0	2.29	0.10707	0.00229	0.03883
229.1	2.291	0.10711	0.00229	0.03878
229.2	2.292	0.10715	0.00229	0.03872
229.3	2.293	0.10719	0.00229	0.03867
229.4	2.294	0.10722	0.00229	0.03862
229.5	2.295	0.10726	0.0023	0.03857
229.6	2.296	0.1073	0.0023	0.03852
229.7	2.297	0.10734	0.0023	0.03846
229.8	2.298	0.10738	0.0023	0.03841
229.9	2.299	0.10742	0.0023	0.03836
230.0	2.3	0.10745	0.0023	0.03831
230.1	2.301	0.10749	0.0023	0.03826
230.2	2.302	0.10753	0.0023	0.03821
230.3	2.303	0.10757	0.0023	0.03815
230.4	2.304	0.10761	0.0023	0.0381
230.5	2.305	0.10765	0.00231	0.03805
230.6	2.306	0.10768	0.00231	0.038
230.7	2.307	0.10772	0.00231	0.03795
230.8	2.308	0.10776	0.00231	0.0379
230.9	2.309	0.1078	0.00231	0.03785
231.0	2.31	0.10783	0.00231	0.0378
231.1	2.311	0.10787	0.00231	0.03775
231.2	2.312	0.10791	0.00231	0.0377
231.3	2.313	0.10795	0.00231	0.03765
231.4	2.314	0.10799	0.00231	0.0376
231.5	2.315	0.10802	0.00232	0.03755
231.6	2.316	0.10806	0.00232	0.0375
231.7	2.317	0.1081	0.00232	0.03745
231.8	2.318	0.10814	0.00232	0.0374
231.9	2.319	0.10817	0.00232	0.03735
232.0	2.32	0.10821	0.00232	0.0373
232.1	2.321	0.10825	0.00232	0.03725
232.2	2.322	0.10828	0.00232	0.0372
232.3	2.323	0.10832	0.00232	0.03715
232.4	2.324	0.10836	0.00232	0.0371
232.5	2.325	0.1084	0.00233	0.03705
232.6	2.326	0.10843	0.00233	0.037
232.7	2.327	0.10847	0.00233	0.03695
232.8	2.328	0.10851	0.00233	0.0369
232.9	2.329	0.10854	0.00233	0.03685
233.0	2.33	0.10858	0.00233	0.03681
233.1	2.331	0.10862	0.00233	0.03676
233.2	2.332	0.10865	0.00233	0.03671
233.3	2.333	0.10869	0.00233	0.03666
233.4	2.334	0.10873	0.00233	0.03661
233.5	2.335	0.10876	0.00234	0.03656
233.6	2.336	0.1088	0.00234	0.03651
233.7	2.337	0.10884	0.00234	0.03647
233.8	2.338	0.10887	0.00234	0.03642
233.9	2.339	0.10891	0.00234	0.03637
234.0	2.34	0.10895	0.00234	0.03632
234.1	2.341	0.10898	0.00234	0.03627
234.2	2.342	0.10902	0.00234	0.03623
234.3	2.343	0.10905	0.00234	0.03618
234.4	2.344	0.10909	0.00234	0.03613
234.5	2.345	0.10913	0.00235	0.03608
234.6	2.346	0.10916	0.00235	0.03604
234.7	2.347	0.1092	0.00235	0.03599
234.8	2.348	0.10923	0.00235	0.03594
234.9	2.349	0.10927	0.00235	0.0359
235.0	2.35	0.10931	0.00235	0.03585
235.1	2.351	0.10934	0.00235	0.0358
235.2	2.352	0.10938	0.00235	0.03575
235.3	2.353	0.10941	0.00235	0.03571
235.4	2.354	0.10945	0.00235	0.03566
235.5	2.355	0.10948	0.00236	0.03561
235.6	2.356	0.10952	0.00236	0.03557
235.7	2.357	0.10956	0.00236	0.03552
235.8	2.358	0.10959	0.00236	0.03548
235.9	2.359	0.10963	0.00236	0.03543
236.0	2.36	0.10966	0.00236	0.03538
236.1	2.361	0.1097	0.00236	0.03534
236.2	2.362	0.10973	0.00236	0.03529
236.3	2.363	0.10977	0.00236	0.03524
236.4	2.364	0.1098	0.00236	0.0352
236.5	2.365	0.10984	0.00237	0.03515
236.6	2.366	0.10987	0.00237	0.03511
236.7	2.367	0.10991	0.00237	0.03506
236.8	2.368	0.10994	0.00237	0.03502
236.9	2.369	0.10998	0.00237	0.03497
237.0	2.37	0.11001	0.00237	0.03493
237.1	2.371	0.11005	0.00237	0.03488
237.2	2.372	0.11008	0.00237	0.03483
237.3	2.373	0.11012	0.00237	0.03479
237.4	2.374	0.11015	0.00237	0.03474
237.5	2.375	0.11019	0.00238	0.0347
237.6	2.376	0.11022	0.00238	0.03465
237.7	2.377	0.11026	0.00238	0.03461
237.8	2.378	0.11029	0.00238	0.03457
237.9	2.379	0.11033	0.00238	0.03452
238.0	2.38	0.11036	0.00238	0.03448
238.1	2.381	0.11039	0.00238	0.03443
238.2	2.382	0.11043	0.00238	0.03439
238.3	2.383	0.11046	0.00238	0.03434
238.4	2.384	0.1105	0.00238	0.0343
238.5	2.385	0.11053	0.00239	0.03425
238.6	2.386	0.11057	0.00239	0.03421
238.7	2.387	0.1106	0.00239	0.03417
238.8	2.388	0.11063	0.00239	0.03412
238.9	2.389	0.11067	0.00239	0.03408
239.0	2.39	0.1107	0.00239	0.03404
239.1	2.391	0.11074	0.00239	0.03399
239.2	2.392	0.11077	0.00239	0.03395
239.3	2.393	0.1108	0.00239	0.0339
239.4	2.394	0.11084	0.00239	0.03386
239.5	2.395	0.11087	0.0024	0.03382
239.6	2.396	0.11091	0.0024	0.03377
239.7	2.397	0.11094	0.0024	0.03373
239.8	2.398	0.11097	0.0024	0.03369
239.9	2.399	0.11101	0.0024	0.03365
240.0	2.4	0.11104	0.0024	0.0336
240.1	2.401	0.11107	0.0024	0.03356
240.2	2.402	0.11111	0.0024	0.03352
240.3	2.403	0.11114	0.0024	0.03347
240.4	2.404	0.11117	0.0024	0.03343
240.5	2.405	0.11121	0.00241	0.03339
240.6	2.406	0.11124	0.00241	0.03335
240.7	2.407	0.11127	0.00241	0.0333
240.8	2.408	0.11131	0.00241	0.03326
240.9	2.409	0.11134	0.00241	0.03322
241.0	2.41	0.11137	0.00241	0.03318
241.1	2.411	0.11141	0.00241	0.03313
241.2	2.412	0.11144	0.00241	0.03309
241.3	2.413	0.11147	0.00241	0.03305
241.4	2.414	0.11151	0.00241	0.03301
241.5	2.415	0.11154	0.00242	0.03297
241.6	2.416	0.11157	0.00242	0.03293
241.7	2.417	0.11161	0.00242	0.03288
241.8	2.418	0.11164	0.00242	0.03284
241.9	2.419	0.11167	0.00242	0.0328
242.0	2.42	0.1117	0.00242	0.03276
242.1	2.421	0.11174	0.00242	0.03272
242.2	2.422	0.11177	0.00242	0.03268
242.3	2.423	0.1118	0.00242	0.03264
242.4	2.424	0.11183	0.00242	0.03259
242.5	2.425	0.11187	0.00243	0.03255
242.6	2.426	0.1119	0.00243	0.03251
242.7	2.427	0.11193	0.00243	0.03247
242.8	2.428	0.11196	0.00243	0.03243
242.9	2.429	0.112	0.00243	0.03239
243.0	2.43	0.11203	0.00243	0.03235
243.1	2.431	0.11206	0.00243	0.03231
243.2	2.432	0.11209	0.00243	0.03227
243.3	2.433	0.11213	0.00243	0.03223
243.4	2.434	0.11216	0.00243	0.03219
243.5	2.435	0.11219	0.00244	0.03215
243.6	2.436	0.11222	0.00244	0.03211
243.7	2.437	0.11225	0.00244	0.03207
243.8	2.438	0.11229	0.00244	0.03203
243.9	2.439	0.11232	0.00244	0.03199
244.0	2.44	0.11235	0.00244	0.03195
244.1	2.441	0.11238	0.00244	0.03191
244.2	2.442	0.11241	0.00244	0.03187
244.3	2.443	0.11245	0.00244	0.03183
244.4	2.444	0.11248	0.00244	0.03179
244.5	2.445	0.11251	0.00245	0.03175
244.6	2.446	0.11254	0.00245	0.03171
244.7	2.447	0.11257	0.00245	0.03167
244.8	2.448	0.1126	0.00245	0.03163
244.9	2.449	0.11264	0.00245	0.03159
245.0	2.45	0.11267	0.00245	0.03155
245.1	2.451	0.1127	0.00245	0.03151
245.2	2.452	0.11273	0.00245	0.03147
245.3	2.453	0.11276	0.00245	0.03143
245.4	2.454	0.11279	0.00246	0.0314
245.5	2.455	0.11282	0.00246	0.03136
245.6	2.456	0.11286	0.00246	0.03132
245.7	2.457	0.11289	0.00246	0.03128
245.8	2.458	0.11292	0.00246	0.03124
245.9	2.459	0.11295	0.00246	0.0312
246.0	2.46	0.11298	0.00246	0.03116
246.1	2.461	0.11301	0.00246	0.03112
246.2	2.462	0.11304	0.00246	0.03109
246.3	2.463	0.11307	0.00246	0.03105
246.4	2.464	0.11311	0.00247	0.03101
246.5	2.465	0.11314	0.00247	0.03097
246.6	2.466	0.11317	0.00247	0.03093
246.7	2.467	0.1132	0.00247	0.0309
246.8	2.468	0.11323	0.00247	0.03086
246.9	2.469	0.11326	0.00247	0.03082
247.0	2.47	0.11329	0.00247	0.03078
247.1	2.471	0.11332	0.00247	0.03074
247.2	2.472	0.11335	0.00247	0.03071
247.3	2.473	0.11338	0.00247	0.03067
247.4	2.474	0.11341	0.00248	0.03063
247.5	2.475	0.11344	0.00248	0.03059
247.6	2.476	0.11347	0.00248	0.03056
247.7	2.477	0.1135	0.00248	0.03052
247.8	2.478	0.11354	0.00248	0.03048
247.9	2.479	0.11357	0.00248	0.03044
248.0	2.48	0.1136	0.00248	0.03041
248.1	2.481	0.11363	0.00248	0.03037
248.2	2.482	0.11366	0.00248	0.03033
248.3	2.483	0.11369	0.00248	0.0303
248.4	2.484	0.11372	0.00249	0.03026
248.5	2.485	0.11375	0.00249	0.03022
248.6	2.486	0.11378	0.00249	0.03019
248.7	2.487	0.11381	0.00249	0.03015
248.8	2.488	0.11384	0.00249	0.03011
248.9	2.489	0.11387	0.00249	0.03008
249.0	2.49	0.1139	0.00249	0.03004
249.1	2.491	0.11393	0.00249	0.03
249.2	2.492	0.11396	0.00249	0.02997
249.3	2.493	0.11399	0.00249	0.02993
249.4	2.494	0.11402	0.0025	0.02989
249.5	2.495	0.11405	0.0025	0.02986
249.6	2.496	0.11408	0.0025	0.02982
249.7	2.497	0.11411	0.0025	0.02979
249.8	2.498	0.11414	0.0025	0.02975
249.9	2.499	0.11417	0.0025	0.02971
250.0	2.5	0.1142	0.0025	0.02968
250.1	2.501	0.11423	0.0025	0.02964
250.2	2.502	0.11426	0.0025	0.02961
250.3	2.503	0.11429	0.0025	0.02957
250.4	2.504	0.11432	0.00251	0.02954
250.5	2.505	0.11434	0.00251	0.0295
250.6	2.506	0.11437	0.00251	0.02946
250.7	2.507	0.1144	0.00251	0.02943
250.8	2.508	0.11443	0.00251	0.02939
250.9	2.509	0.11446	0.00251	0.02936
251.0	2.51	0.11449	0.00251	0.02932
251.1	2.511	0.11452	0.00251	0.02929
251.2	2.512	0.11455	0.00251	0.02925
251.3	2.513	0.11458	0.00251	0.02922
251.4	2.514	0.11461	0.00252	0.02918
251.5	2.515	0.11464	0.00252	0.02915
251.6	2.516	0.11467	0.00252	0.02911
251.7	2.517	0.1147	0.00252	0.02908
251.8	2.518	0.11472	0.00252	0.02904
251.9	2.519	0.11475	0.00252	0.02901
252.0	2.52	0.11478	0.00252	0.02898
252.1	2.521	0.11481	0.00252	0.02894
252.2	2.522	0.11484	0.00252	0.02891
252.3	2.523	0.11487	0.00252	0.02887
252.4	2.524	0.1149	0.00253	0.02884
252.5	2.525	0.11493	0.00253	0.0288
252.6	2.526	0.11496	0.00253	0.02877
252.7	2.527	0.11498	0.00253	0.02874
252.8	2.528	0.11501	0.00253	0.0287
252.9	2.529	0.11504	0.00253	0.02867
253.0	2.53	0.11507	0.00253	0.02863
253.1	2.531	0.1151	0.00253	0.0286
253.2	2.532	0.11513	0.00253	0.02857
253.3	2.533	0.11516	0.00253	0.02853
253.4	2.534	0.11518	0.00254	0.0285
253.5	2.535	0.11521	0.00254	0.02847
253.6	2.536	0.11524	0.00254	0.02843
253.7	2.537	0.11527	0.00254	0.0284
253.8	2.538	0.1153	0.00254	0.02836
253.9	2.539	0.11533	0.00254	0.02833
254.0	2.54	0.11536	0.00254	0.0283
254.1	2.541	0.11538	0.00254	0.02826
254.2	2.542	0.11541	0.00254	0.02823
254.3	2.543	0.11544	0.00254	0.0282
254.4	2.544	0.11547	0.00255	0.02817
254.5	2.545	0.1155	0.00255	0.02813
254.6	2.546	0.11552	0.00255	0.0281
254.7	2.547	0.11555	0.00255	0.02807
254.8	2.548	0.11558	0.00255	0.02803
254.9	2.549	0.11561	0.00255	0.028
255.0	2.55	0.11564	0.00255	0.02797
255.1	2.551	0.11566	0.00255	0.02794
255.2	2.552	0.11569	0.00255	0.0279
255.3	2.553	0.11572	0.00255	0.02787
255.4	2.554	0.11575	0.00256	0.02784
255.5	2.555	0.11578	0.00256	0.02781
255.6	2.556	0.1158	0.00256	0.02777
255.7	2.557	0.11583	0.00256	0.02774
255.8	2.558	0.11586	0.00256	0.02771
255.9	2.559	0.11589	0.00256	0.02768
256.0	2.56	0.11591	0.00256	0.02764
256.1	2.561	0.11594	0.00256	0.02761
256.2	2.562	0.11597	0.00256	0.02758
256.3	2.563	0.116	0.00256	0.02755
256.4	2.564	0.11602	0.00257	0.02752
256.5	2.565	0.11605	0.00257	0.02748
256.6	2.566	0.11608	0.00257	0.02745
256.7	2.567	0.11611	0.00257	0.02742
256.8	2.568	0.11613	0.00257	0.02739
256.9	2.569	0.11616	0.00257	0.02736
257.0	2.57	0.11619	0.00257	0.02733
257.1	2.571	0.11622	0.00257	0.0273
257.2	2.572	0.11624	0.00257	0.02726
257.3	2.573	0.11627	0.00257	0.02723
257.4	2.574	0.1163	0.00258	0.0272
257.5	2.575	0.11633	0.00258	0.02717
257.6	2.576	0.11635	0.00258	0.02714
257.7	2.577	0.11638	0.00258	0.02711
257.8	2.578	0.11641	0.00258	0.02708
257.9	2.579	0.11643	0.00258	0.02705
258.0	2.58	0.11646	0.00258	0.02701
258.1	2.581	0.11649	0.00258	0.02698
258.2	2.582	0.11651	0.00258	0.02695
258.3	2.583	0.11654	0.00258	0.02692
258.4	2.584	0.11657	0.00259	0.02689
258.5	2.585	0.1166	0.00259	0.02686
258.6	2.586	0.11662	0.00259	0.02683
258.7	2.587	0.11665	0.00259	0.0268
258.8	2.588	0.11668	0.00259	0.02677
258.9	2.589	0.1167	0.00259	0.02674
259.0	2.59	0.11673	0.00259	0.02671
259.1	2.591	0.11676	0.00259	0.02668
259.2	2.592	0.11678	0.00259	0.02665
259.3	2.593	0.11681	0.00259	0.02662
259.4	2.594	0.11684	0.0026	0.02659
259.5	2.595	0.11686	0.0026	0.02656
259.6	2.596	0.11689	0.0026	0.02653
259.7	2.597	0.11692	0.0026	0.0265
259.8	2.598	0.11694	0.0026	0.02647
259.9	2.599	0.11697	0.0026	0.02644
260.0	2.6	0.11699	0.0026	0.02641
260.1	2.601	0.11702	0.0026	0.02638
260.2	2.602	0.11705	0.0026	0.02635
260.3	2.603	0.11707	0.0026	0.02632
260.4	2.604	0.1171	0.00261	0.02629
260.5	2.605	0.11713	0.00261	0.02626
260.6	2.606	0.11715	0.00261	0.02623
260.7	2.607	0.11718	0.00261	0.0262
260.8	2.608	0.1172	0.00261	0.02617
260.9	2.609	0.11723	0.00261	0.02614
261.0	2.61	0.11726	0.00261	0.02611
261.1	2.611	0.11728	0.00261	0.02608
261.2	2.612	0.11731	0.00261	0.02605
261.3	2.613	0.11733	0.00261	0.02602
261.4	2.614	0.11736	0.00262	0.02599
261.5	2.615	0.11739	0.00262	0.02597
261.6	2.616	0.11741	0.00262	0.02594
261.7	2.617	0.11744	0.00262	0.02591
261.8	2.618	0.11746	0.00262	0.02588
261.9	2.619	0.11749	0.00262	0.02585
262.0	2.62	0.11752	0.00262	0.02582
262.1	2.621	0.11754	0.00262	0.02579
262.2	2.622	0.11757	0.00262	0.02576
262.3	2.623	0.11759	0.00262	0.02573
262.4	2.624	0.11762	0.00263	0.02571
262.5	2.625	0.11765	0.00263	0.02568
262.6	2.626	0.11767	0.00263	0.02565
262.7	2.627	0.1177	0.00263	0.02562
262.8	2.628	0.11772	0.00263	0.02559
262.9	2.629	0.11775	0.00263	0.02556
263.0	2.63	0.11777	0.00263	0.02554
263.1	2.631	0.1178	0.00263	0.02551
263.2	2.632	0.11782	0.00263	0.02548
263.3	2.633	0.11785	0.00263	0.02545
263.4	2.634	0.11787	0.00264	0.02542
263.5	2.635	0.1179	0.00264	0.0254
263.6	2.636	0.11793	0.00264	0.02537
263.7	2.637	0.11795	0.00264	0.02534
263.8	2.638	0.11798	0.00264	0.02531
263.9	2.639	0.118	0.00264	0.02528
264.0	2.64	0.11803	0.00264	0.02526
264.1	2.641	0.11805	0.00264	0.02523
264.2	2.642	0.11808	0.00264	0.0252
264.3	2.643	0.1181	0.00264	0.02517
264.4	2.644	0.11813	0.00265	0.02515
264.5	2.645	0.11815	0.00265	0.02512
264.6	2.646	0.11818	0.00265	0.02509
264.7	2.647	0.1182	0.00265	0.02506
264.8	2.648	0.11823	0.00265	0.02504
264.9	2.649	0.11825	0.00265	0.02501
265.0	2.65	0.11828	0.00265	0.02498
265.1	2.651	0.1183	0.00265	0.02495
265.2	2.652	0.11833	0.00265	0.02493
265.3	2.653	0.11835	0.00265	0.0249
265.4	2.654	0.11838	0.00266	0.02487
265.5	2.655	0.1184	0.00266	0.02485
265.6	2.656	0.11843	0.00266	0.02482
265.7	2.657	0.11845	0.00266	0.02479
265.8	2.658	0.11848	0.00266	0.02476
265.9	2.659	0.1185	0.00266	0.02474
266.0	2.66	0.11853	0.00266	0.02471
266.1	2.661	0.11855	0.00266	0.02468
266.2	2.662	0.11858	0.00266	0.02466
266.3	2.663	0.1186	0.00266	0.02463
266.4	2.664	0.11862	0.00267	0.0246
266.5	2.665	0.11865	0.00267	0.02458
266.6	2.666	0.11867	0.00267	0.02455
266.7	2.667	0.1187	0.00267	0.02453
266.8	2.668	0.11872	0.00267	0.0245
266.9	2.669	0.11875	0.00267	0.02447
267.0	2.67	0.11877	0.00267	0.02445
267.1	2.671	0.1188	0.00267	0.02442
267.2	2.672	0.11882	0.00267	0.02439
267.3	2.673	0.11884	0.00267	0.02437
267.4	2.674	0.11887	0.00268	0.02434
267.5	2.675	0.11889	0.00268	0.02432
267.6	2.676	0.11892	0.00268	0.02429
267.7	2.677	0.11894	0.00268	0.02426
267.8	2.678	0.11897	0.00268	0.02424
267.9	2.679	0.11899	0.00268	0.02421
268.0	2.68	0.11901	0.00268	0.02419
268.1	2.681	0.11904	0.00268	0.02416
268.2	2.682	0.11906	0.00268	0.02413
268.3	2.683	0.11909	0.00268	0.02411
268.4	2.684	0.11911	0.00269	0.02408
268.5	2.685	0.11914	0.00269	0.02406
268.6	2.686	0.11916	0.00269	0.02403
268.7	2.687	0.11918	0.00269	0.02401
268.8	2.688	0.11921	0.00269	0.02398
268.9	2.689	0.11923	0.00269	0.02396
269.0	2.69	0.11926	0.00269	0.02393
269.1	2.691	0.11928	0.00269	0.02391
269.2	2.692	0.1193	0.00269	0.02388
269.3	2.693	0.11933	0.00269	0.02385
269.4	2.694	0.11935	0.0027	0.02383
269.5	2.695	0.11937	0.0027	0.0238
269.6	2.696	0.1194	0.0027	0.02378
269.7	2.697	0.11942	0.0027	0.02375
269.8	2.698	0.11945	0.0027	0.02373
269.9	2.699	0.11947	0.0027	0.0237
270.0	2.7	0.11949	0.0027	0.02368
270.1	2.701	0.11952	0.0027	0.02365
270.2	2.702	0.11954	0.0027	0.02363
270.3	2.703	0.11956	0.0027	0.0236
270.4	2.704	0.11959	0.00271	0.02358
270.5	2.705	0.11961	0.00271	0.02356
270.6	2.706	0.11963	0.00271	0.02353
270.7	2.707	0.11966	0.00271	0.02351
270.8	2.708	0.11968	0.00271	0.02348
270.9	2.709	0.11971	0.00271	0.02346
271.0	2.71	0.11973	0.00271	0.02343
271.1	2.711	0.11975	0.00271	0.02341
271.2	2.712	0.11978	0.00271	0.02338
271.3	2.713	0.1198	0.00271	0.02336
271.4	2.714	0.11982	0.00272	0.02334
271.5	2.715	0.11985	0.00272	0.02331
271.6	2.716	0.11987	0.00272	0.02329
271.7	2.717	0.11989	0.00272	0.02326
271.8	2.718	0.11992	0.00272	0.02324
271.9	2.719	0.11994	0.00272	0.02321
272.0	2.72	0.11996	0.00272	0.02319
272.1	2.721	0.11998	0.00272	0.02317
272.2	2.722	0.12001	0.00272	0.02314
272.3	2.723	0.12003	0.00272	0.02312
272.4	2.724	0.12005	0.00273	0.0231
272.5	2.725	0.12008	0.00273	0.02307
272.6	2.726	0.1201	0.00273	0.02305
272.7	2.727	0.12012	0.00273	0.02302
272.8	2.728	0.12015	0.00273	0.023
272.9	2.729	0.12017	0.00273	0.02298
273.0	2.73	0.12019	0.00273	0.02295
273.1	2.731	0.12022	0.00273	0.02293
273.2	2.732	0.12024	0.00273	0.02291
273.3	2.733	0.12026	0.00273	0.02288
273.4	2.734	0.12028	0.00274	0.02286
273.5	2.735	0.12031	0.00274	0.02284
273.6	2.736	0.12033	0.00274	0.02281
273.7	2.737	0.12035	0.00274	0.02279
273.8	2.738	0.12038	0.00274	0.02277
273.9	2.739	0.1204	0.00274	0.02274
274.0	2.74	0.12042	0.00274	0.02272
274.1	2.741	0.12044	0.00274	0.0227
274.2	2.742	0.12047	0.00274	0.02267
274.3	2.743	0.12049	0.00274	0.02265
274.4	2.744	0.12051	0.00275	0.02263
274.5	2.745	0.12053	0.00275	0.0226
274.6	2.746	0.12056	0.00275	0.02258
274.7	2.747	0.12058	0.00275	0.02256
274.8	2.748	0.1206	0.00275	0.02254
274.9	2.749	0.12062	0.00275	0.02251
275.0	2.75	0.12065	0.00275	0.02249
275.1	2.751	0.12067	0.00275	0.02247
275.2	2.752	0.12069	0.00275	0.02245
275.3	2.753	0.12071	0.00275	0.02242
275.4	2.754	0.12074	0.00276	0.0224
275.5	2.755	0.12076	0.00276	0.02238
275.6	2.756	0.12078	0.00276	0.02236
275.7	2.757	0.1208	0.00276	0.02233
275.8	2.758	0.12083	0.00276	0.02231
275.9	2.759	0.12085	0.00276	0.02229
276.0	2.76	0.12087	0.00276	0.02227
276.1	2.761	0.12089	0.00276	0.02224
276.2	2.762	0.12091	0.00276	0.02222
276.3	2.763	0.12094	0.00276	0.0222
276.4	2.764	0.12096	0.00277	0.02218
276.5	2.765	0.12098	0.00277	0.02215
276.6	2.766	0.121	0.00277	0.02213
276.7	2.767	0.12103	0.00277	0.02211
276.8	2.768	0.12105	0.00277	0.02209
276.9	2.769	0.12107	0.00277	0.02207
277.0	2.77	0.12109	0.00277	0.02204
277.1	2.771	0.12111	0.00277	0.02202
277.2	2.772	0.12114	0.00277	0.022
277.3	2.773	0.12116	0.00277	0.02198
277.4	2.774	0.12118	0.00278	0.02196
277.5	2.775	0.1212	0.00278	0.02194
277.6	2.776	0.12122	0.00278	0.02191
277.7	2.777	0.12125	0.00278	0.02189
277.8	2.778	0.12127	0.00278	0.02187
277.9	2.779	0.12129	0.00278	0.02185
278.0	2.78	0.12131	0.00278	0.02183
278.1	2.781	0.12133	0.00278	0.02181
278.2	2.782	0.12135	0.00278	0.02178
278.3	2.783	0.12138	0.00278	0.02176
278.4	2.784	0.1214	0.00279	0.02174
278.5	2.785	0.12142	0.00279	0.02172
278.6	2.786	0.12144	0.00279	0.0217
278.7	2.787	0.12146	0.00279	0.02168
278.8	2.788	0.12148	0.00279	0.02166
278.9	2.789	0.12151	0.00279	0.02164
279.0	2.79	0.12153	0.00279	0.02161
279.1	2.791	0.12155	0.00279	0.02159
279.2	2.792	0.12157	0.00279	0.02157
279.3	2.793	0.12159	0.00279	0.02155
279.4	2.794	0.12161	0.0028	0.02153
279.5	2.795	0.12164	0.0028	0.02151
279.6	2.796	0.12166	0.0028	0.02149
279.7	2.797	0.12168	0.0028	0.02147
279.8	2.798	0.1217	0.0028	0.02145
279.9	2.799	0.12172	0.0028	0.02143
280.0	2.8	0.12174	0.0028	0.02141
280.1	2.801	0.12176	0.0028	0.02138
280.2	2.802	0.12179	0.0028	0.02136
280.3	2.803	0.12181	0.0028	0.02134
280.4	2.804	0.12183	0.00281	0.02132
280.5	2.805	0.12185	0.00281	0.0213
280.6	2.806	0.12187	0.00281	0.02128
280.7	2.807	0.12189	0.00281	0.02126
280.8	2.808	0.12191	0.00281	0.02124
280.9	2.809	0.12193	0.00281	0.02122
281.0	2.81	0.12196	0.00281	0.0212
281.1	2.811	0.12198	0.00281	0.02118
281.2	2.812	0.122	0.00281	0.02116
281.3	2.813	0.12202	0.00281	0.02114
281.4	2.814	0.12204	0.00282	0.02112
281.5	2.815	0.12206	0.00282	0.0211
281.6	2.816	0.12208	0.00282	0.02108
281.7	2.817	0.1221	0.00282	0.02106
281.8	2.818	0.12212	0.00282	0.02104
281.9	2.819	0.12215	0.00282	0.02102
282.0	2.82	0.12217	0.00282	0.021
282.1	2.821	0.12219	0.00282	0.02098
282.2	2.822	0.12221	0.00282	0.02096
282.3	2.823	0.12223	0.00282	0.02094
282.4	2.824	0.12225	0.00283	0.02092
282.5	2.825	0.12227	0.00283	0.0209
282.6	2.826	0.12229	0.00283	0.02088
282.7	2.827	0.12231	0.00283	0.02086
282.8	2.828	0.12233	0.00283	0.02084
282.9	2.829	0.12235	0.00283	0.02082
283.0	2.83	0.12238	0.00283	0.0208
283.1	2.831	0.1224	0.00283	0.02078
283.2	2.832	0.12242	0.00283	0.02076
283.3	2.833	0.12244	0.00283	0.02074
283.4	2.834	0.12246	0.00284	0.02072
283.5	2.835	0.12248	0.00284	0.0207
283.6	2.836	0.1225	0.00284	0.02068
283.7	2.837	0.12252	0.00284	0.02066
283.8	2.838	0.12254	0.00284	0.02064
283.9	2.839	0.12256	0.00284	0.02062
284.0	2.84	0.12258	0.00284	0.02061
284.1	2.841	0.1226	0.00284	0.02059
284.2	2.842	0.12262	0.00284	0.02057
284.3	2.843	0.12264	0.00284	0.02055
284.4	2.844	0.12266	0.00285	0.02053
284.5	2.845	0.12269	0.00285	0.02051
284.6	2.846	0.12271	0.00285	0.02049
284.7	2.847	0.12273	0.00285	0.02047
284.8	2.848	0.12275	0.00285	0.02045
284.9	2.849	0.12277	0.00285	0.02043
285.0	2.85	0.12279	0.00285	0.02041
285.1	2.851	0.12281	0.00285	0.0204
285.2	2.852	0.12283	0.00285	0.02038
285.3	2.853	0.12285	0.00285	0.02036
285.4	2.854	0.12287	0.00286	0.02034
285.5	2.855	0.12289	0.00286	0.02032
285.6	2.856	0.12291	0.00286	0.0203
285.7	2.857	0.12293	0.00286	0.02028
285.8	2.858	0.12295	0.00286	0.02026
285.9	2.859	0.12297	0.00286	0.02025
286.0	2.86	0.12299	0.00286	0.02023
286.1	2.861	0.12301	0.00286	0.02021
286.2	2.862	0.12303	0.00286	0.02019
286.3	2.863	0.12305	0.00286	0.02017
286.4	2.864	0.12307	0.00287	0.02015
286.5	2.865	0.12309	0.00287	0.02013
286.6	2.866	0.12311	0.00287	0.02012
286.7	2.867	0.12313	0.00287	0.0201
286.8	2.868	0.12315	0.00287	0.02008
286.9	2.869	0.12317	0.00287	0.02006
287.0	2.87	0.12319	0.00287	0.02004
287.1	2.871	0.12321	0.00287	0.02002
287.2	2.872	0.12323	0.00287	0.02001
287.3	2.873	0.12325	0.00287	0.01999
287.4	2.874	0.12327	0.00288	0.01997
287.5	2.875	0.12329	0.00288	0.01995
287.6	2.876	0.12331	0.00288	0.01993
287.7	2.877	0.12333	0.00288	0.01992
287.8	2.878	0.12335	0.00288	0.0199
287.9	2.879	0.12337	0.00288	0.01988
288.0	2.88	0.12339	0.00288	0.01986
288.1	2.881	0.12341	0.00288	0.01984
288.2	2.882	0.12343	0.00288	0.01983
288.3	2.883	0.12345	0.00288	0.01981
288.4	2.884	0.12347	0.00289	0.01979
288.5	2.885	0.12349	0.00289	0.01977
288.6	2.886	0.12351	0.00289	0.01975
288.7	2.887	0.12353	0.00289	0.01974
288.8	2.888	0.12355	0.00289	0.01972
288.9	2.889	0.12357	0.00289	0.0197
289.0	2.89	0.12359	0.00289	0.01968
289.1	2.891	0.12361	0.00289	0.01967
289.2	2.892	0.12363	0.00289	0.01965
289.3	2.893	0.12365	0.00289	0.01963
289.4	2.894	0.12367	0.0029	0.01961
289.5	2.895	0.12369	0.0029	0.0196
289.6	2.896	0.12371	0.0029	0.01958
289.7	2.897	0.12373	0.0029	0.01956
289.8	2.898	0.12375	0.0029	0.01954
289.9	2.899	0.12377	0.0029	0.01953
290.0	2.9	0.12378	0.0029	0.01951
290.1	2.901	0.1238	0.0029	0.01949
290.2	2.902	0.12382	0.0029	0.01947
290.3	2.903	0.12384	0.0029	0.01946
290.4	2.904	0.12386	0.00291	0.01944
290.5	2.905	0.12388	0.00291	0.01942
290.6	2.906	0.1239	0.00291	0.01941
290.7	2.907	0.12392	0.00291	0.01939
290.8	2.908	0.12394	0.00291	0.01937
290.9	2.909	0.12396	0.00291	0.01935
291.0	2.91	0.12398	0.00291	0.01934
291.1	2.911	0.124	0.00291	0.01932
291.2	2.912	0.12402	0.00291	0.0193
291.3	2.913	0.12404	0.00291	0.01929
291.4	2.914	0.12406	0.00292	0.01927
291.5	2.915	0.12408	0.00292	0.01925
291.6	2.916	0.12409	0.00292	0.01924
291.7	2.917	0.12411	0.00292	0.01922
291.8	2.918	0.12413	0.00292	0.0192
291.9	2.919	0.12415	0.00292	0.01919
292.0	2.92	0.12417	0.00292	0.01917
292.1	2.921	0.12419	0.00292	0.01915
292.2	2.922	0.12421	0.00292	0.01914
292.3	2.923	0.12423	0.00292	0.01912
292.4	2.924	0.12425	0.00293	0.0191
292.5	2.925	0.12427	0.00293	0.01909
292.6	2.926	0.12429	0.00293	0.01907
292.7	2.927	0.12431	0.00293	0.01905
292.8	2.928	0.12432	0.00293	0.01904
292.9	2.929	0.12434	0.00293	0.01902
293.0	2.93	0.12436	0.00293	0.019
293.1	2.931	0.12438	0.00293	0.01899
293.2	2.932	0.1244	0.00293	0.01897
293.3	2.933	0.12442	0.00293	0.01896
293.4	2.934	0.12444	0.00294	0.01894
293.5	2.935	0.12446	0.00294	0.01892
293.6	2.936	0.12448	0.00294	0.01891
293.7	2.937	0.12449	0.00294	0.01889
293.8	2.938	0.12451	0.00294	0.01887
293.9	2.939	0.12453	0.00294	0.01886
294.0	2.94	0.12455	0.00294	0.01884
294.1	2.941	0.12457	0.00294	0.01883
294.2	2.942	0.12459	0.00294	0.01881
294.3	2.943	0.12461	0.00294	0.01879
294.4	2.944	0.12463	0.00295	0.01878
294.5	2.945	0.12465	0.00295	0.01876
294.6	2.946	0.12466	0.00295	0.01875
294.7	2.947	0.12468	0.00295	0.01873
294.8	2.948	0.1247	0.00295	0.01871
294.9	2.949	0.12472	0.00295	0.0187
295.0	2.95	0.12474	0.00295	0.01868
295.1	2.951	0.12476	0.00295	0.01867
295.2	2.952	0.12478	0.00295	0.01865
295.3	2.953	0.12479	0.00295	0.01864
295.4	2.954	0.12481	0.00296	0.01862
295.5	2.955	0.12483	0.00296	0.0186
295.6	2.956	0.12485	0.00296	0.01859
295.7	2.957	0.12487	0.00296	0.01857
295.8	2.958	0.12489	0.00296	0.01856
295.9	2.959	0.12491	0.00296	0.01854
296.0	2.96	0.12492	0.00296	0.01853
296.1	2.961	0.12494	0.00296	0.01851
296.2	2.962	0.12496	0.00296	0.0185
296.3	2.963	0.12498	0.00296	0.01848
296.4	2.964	0.125	0.00297	0.01846
296.5	2.965	0.12502	0.00297	0.01845
296.6	2.966	0.12504	0.00297	0.01843
296.7	2.967	0.12505	0.00297	0.01842
296.8	2.968	0.12507	0.00297	0.0184
296.9	2.969	0.12509	0.00297	0.01839
297.0	2.97	0.12511	0.00297	0.01837
297.1	2.971	0.12513	0.00297	0.01836
297.2	2.972	0.12515	0.00297	0.01834
297.3	2.973	0.12516	0.00297	0.01833
297.4	2.974	0.12518	0.00298	0.01831
297.5	2.975	0.1252	0.00298	0.0183
297.6	2.976	0.12522	0.00298	0.01828
297.7	2.977	0.12524	0.00298	0.01827
297.8	2.978	0.12526	0.00298	0.01825
297.9	2.979	0.12527	0.00298	0.01824
298.0	2.98	0.12529	0.00298	0.01822
298.1	2.981	0.12531	0.00298	0.01821
298.2	2.982	0.12533	0.00298	0.01819
298.3	2.983	0.12535	0.00298	0.01818
298.4	2.984	0.12536	0.00299	0.01816
298.5	2.985	0.12538	0.00299	0.01815
298.6	2.986	0.1254	0.00299	0.01813
298.7	2.987	0.12542	0.00299	0.01812
298.8	2.988	0.12544	0.00299	0.0181
298.9	2.989	0.12546	0.00299	0.01809
299.0	2.99	0.12547	0.00299	0.01807
299.1	2.991	0.12549	0.00299	0.01806
299.2	2.992	0.12551	0.00299	0.01804
299.3	2.993	0.12553	0.00299	0.01803
299.4	2.994	0.12555	0.003	0.01802
299.5	2.995	0.12556	0.003	0.018
299.6	2.996	0.12558	0.003	0.01799
299.7	2.997	0.1256	0.003	0.01797
299.8	2.998	0.12562	0.003	0.01796
299.9	2.999	0.12564	0.003	0.01794
300.0	3.0	0.12565	0.003	0.01793
300.1	3.001	0.12567	0.003	0.01791
300.2	3.002	0.12569	0.003	0.0179
300.3	3.003	0.12571	0.003	0.01789
300.4	3.004	0.12572	0.00301	0.01787
300.5	3.005	0.12574	0.00301	0.01786
300.6	3.006	0.12576	0.00301	0.01784
300.7	3.007	0.12578	0.00301	0.01783
300.8	3.008	0.1258	0.00301	0.01781
300.9	3.009	0.12581	0.00301	0.0178
301.0	3.01	0.12583	0.00301	0.01779
301.1	3.011	0.12585	0.00301	0.01777
301.2	3.012	0.12587	0.00301	0.01776
301.3	3.013	0.12589	0.00301	0.01774
301.4	3.014	0.1259	0.00302	0.01773
301.5	3.015	0.12592	0.00302	0.01771
301.6	3.016	0.12594	0.00302	0.0177
301.7	3.017	0.12596	0.00302	0.01769
301.8	3.018	0.12597	0.00302	0.01767
301.9	3.019	0.12599	0.00302	0.01766
302.0	3.02	0.12601	0.00302	0.01765
302.1	3.021	0.12603	0.00302	0.01763
302.2	3.022	0.12604	0.00302	0.01762
302.3	3.023	0.12606	0.00302	0.0176
302.4	3.024	0.12608	0.00303	0.01759
302.5	3.025	0.1261	0.00303	0.01758
302.6	3.026	0.12611	0.00303	0.01756
302.7	3.027	0.12613	0.00303	0.01755
302.8	3.028	0.12615	0.00303	0.01753
302.9	3.029	0.12617	0.00303	0.01752
303.0	3.03	0.12618	0.00303	0.01751
303.1	3.031	0.1262	0.00303	0.01749
303.2	3.032	0.12622	0.00303	0.01748
303.3	3.033	0.12624	0.00303	0.01747
303.4	3.034	0.12625	0.00304	0.01745
303.5	3.035	0.12627	0.00304	0.01744
303.6	3.036	0.12629	0.00304	0.01743
303.7	3.037	0.12631	0.00304	0.01741
303.8	3.038	0.12632	0.00304	0.0174
303.9	3.039	0.12634	0.00304	0.01739
304.0	3.04	0.12636	0.00304	0.01737
304.1	3.041	0.12638	0.00304	0.01736
304.2	3.042	0.12639	0.00304	0.01735
304.3	3.043	0.12641	0.00304	0.01733
304.4	3.044	0.12643	0.00305	0.01732
304.5	3.045	0.12645	0.00305	0.01731
304.6	3.046	0.12646	0.00305	0.01729
304.7	3.047	0.12648	0.00305	0.01728
304.8	3.048	0.1265	0.00305	0.01727
304.9	3.049	0.12651	0.00305	0.01725
305.0	3.05	0.12653	0.00305	0.01724
305.1	3.051	0.12655	0.00305	0.01723
305.2	3.052	0.12657	0.00305	0.01721
305.3	3.053	0.12658	0.00305	0.0172
305.4	3.054	0.1266	0.00306	0.01719
305.5	3.055	0.12662	0.00306	0.01717
305.6	3.056	0.12664	0.00306	0.01716
305.7	3.057	0.12665	0.00306	0.01715
305.8	3.058	0.12667	0.00306	0.01713
305.9	3.059	0.12669	0.00306	0.01712
306.0	3.06	0.1267	0.00306	0.01711
306.1	3.061	0.12672	0.00306	0.0171
306.2	3.062	0.12674	0.00306	0.01708
306.3	3.063	0.12675	0.00306	0.01707
306.4	3.064	0.12677	0.00307	0.01706
306.5	3.065	0.12679	0.00307	0.01704
306.6	3.066	0.12681	0.00307	0.01703
306.7	3.067	0.12682	0.00307	0.01702
306.8	3.068	0.12684	0.00307	0.01701
306.9	3.069	0.12686	0.00307	0.01699
307.0	3.07	0.12687	0.00307	0.01698
307.1	3.071	0.12689	0.00307	0.01697
307.2	3.072	0.12691	0.00307	0.01696
307.3	3.073	0.12692	0.00307	0.01694
307.4	3.074	0.12694	0.00308	0.01693
307.5	3.075	0.12696	0.00308	0.01692
307.6	3.076	0.12698	0.00308	0.01691
307.7	3.077	0.12699	0.00308	0.01689
307.8	3.078	0.12701	0.00308	0.01688
307.9	3.079	0.12703	0.00308	0.01687
308.0	3.08	0.12704	0.00308	0.01685
308.1	3.081	0.12706	0.00308	0.01684
308.2	3.082	0.12708	0.00308	0.01683
308.3	3.083	0.12709	0.00308	0.01682
308.4	3.084	0.12711	0.00309	0.01681
308.5	3.085	0.12713	0.00309	0.01679
308.6	3.086	0.12714	0.00309	0.01678
308.7	3.087	0.12716	0.00309	0.01677
308.8	3.088	0.12718	0.00309	0.01676
308.9	3.089	0.12719	0.00309	0.01674
309.0	3.09	0.12721	0.00309	0.01673
309.1	3.091	0.12723	0.00309	0.01672
309.2	3.092	0.12724	0.00309	0.01671
309.3	3.093	0.12726	0.00309	0.01669
309.4	3.094	0.12728	0.0031	0.01668
309.5	3.095	0.12729	0.0031	0.01667
309.6	3.096	0.12731	0.0031	0.01666
309.7	3.097	0.12733	0.0031	0.01665
309.8	3.098	0.12734	0.0031	0.01663
309.9	3.099	0.12736	0.0031	0.01662
310.0	3.1	0.12738	0.0031	0.01661
310.1	3.101	0.12739	0.0031	0.0166
310.2	3.102	0.12741	0.0031	0.01659
310.3	3.103	0.12743	0.0031	0.01657
310.4	3.104	0.12744	0.00311	0.01656
310.5	3.105	0.12746	0.00311	0.01655
310.6	3.106	0.12748	0.00311	0.01654
310.7	3.107	0.12749	0.00311	0.01653
310.8	3.108	0.12751	0.00311	0.01651
310.9	3.109	0.12753	0.00311	0.0165
311.0	3.11	0.12754	0.00311	0.01649
311.1	3.111	0.12756	0.00311	0.01648
311.2	3.112	0.12758	0.00311	0.01647
311.3	3.113	0.12759	0.00311	0.01646
311.4	3.114	0.12761	0.00312	0.01644
311.5	3.115	0.12763	0.00312	0.01643
311.6	3.116	0.12764	0.00312	0.01642
311.7	3.117	0.12766	0.00312	0.01641
311.8	3.118	0.12767	0.00312	0.0164
311.9	3.119	0.12769	0.00312	0.01639
312.0	3.12	0.12771	0.00312	0.01637
312.1	3.121	0.12772	0.00312	0.01636
312.2	3.122	0.12774	0.00312	0.01635
312.3	3.123	0.12776	0.00312	0.01634
312.4	3.124	0.12777	0.00313	0.01633
312.5	3.125	0.12779	0.00313	0.01632
312.6	3.126	0.12781	0.00313	0.0163
312.7	3.127	0.12782	0.00313	0.01629
312.8	3.128	0.12784	0.00313	0.01628
312.9	3.129	0.12785	0.00313	0.01627
313.0	3.13	0.12787	0.00313	0.01626
313.1	3.131	0.12789	0.00313	0.01625
313.2	3.132	0.1279	0.00313	0.01624
313.3	3.133	0.12792	0.00313	0.01623
313.4	3.134	0.12794	0.00314	0.01621
313.5	3.135	0.12795	0.00314	0.0162
313.6	3.136	0.12797	0.00314	0.01619
313.7	3.137	0.12798	0.00314	0.01618
313.8	3.138	0.128	0.00314	0.01617
313.9	3.139	0.12802	0.00314	0.01616
314.0	3.14	0.12803	0.00314	0.01615
314.1	3.141	0.12805	0.00314	0.01614
314.2	3.142	0.12806	0.00314	0.01612
314.3	3.143	0.12808	0.00314	0.01611
314.4	3.144	0.1281	0.00315	0.0161
314.5	3.145	0.12811	0.00315	0.01609
314.6	3.146	0.12813	0.00315	0.01608
314.7	3.147	0.12815	0.00315	0.01607
314.8	3.148	0.12816	0.00315	0.01606
314.9	3.149	0.12818	0.00315	0.01605
315.0	3.15	0.12819	0.00315	0.01604
315.1	3.151	0.12821	0.00315	0.01602
315.2	3.152	0.12823	0.00315	0.01601
315.3	3.153	0.12824	0.00315	0.016
315.4	3.154	0.12826	0.00316	0.01599
315.5	3.155	0.12827	0.00316	0.01598
315.6	3.156	0.12829	0.00316	0.01597
315.7	3.157	0.12831	0.00316	0.01596
315.8	3.158	0.12832	0.00316	0.01595
315.9	3.159	0.12834	0.00316	0.01594
316.0	3.16	0.12835	0.00316	0.01593
316.1	3.161	0.12837	0.00316	0.01592
316.2	3.162	0.12838	0.00316	0.01591
316.3	3.163	0.1284	0.00316	0.01589
316.4	3.164	0.12842	0.00317	0.01588
316.5	3.165	0.12843	0.00317	0.01587
316.6	3.166	0.12845	0.00317	0.01586
316.7	3.167	0.12846	0.00317	0.01585
316.8	3.168	0.12848	0.00317	0.01584
316.9	3.169	0.1285	0.00317	0.01583
317.0	3.17	0.12851	0.00317	0.01582
317.1	3.171	0.12853	0.00317	0.01581
317.2	3.172	0.12854	0.00317	0.0158
317.3	3.173	0.12856	0.00317	0.01579
317.4	3.174	0.12857	0.00318	0.01578
317.5	3.175	0.12859	0.00318	0.01577
317.6	3.176	0.12861	0.00318	0.01576
317.7	3.177	0.12862	0.00318	0.01575
317.8	3.178	0.12864	0.00318	0.01574
317.9	3.179	0.12865	0.00318	0.01573
318.0	3.18	0.12867	0.00318	0.01572
318.1	3.181	0.12869	0.00318	0.0157
318.2	3.182	0.1287	0.00318	0.01569
318.3	3.183	0.12872	0.00318	0.01568
318.4	3.184	0.12873	0.00319	0.01567
318.5	3.185	0.12875	0.00319	0.01566
318.6	3.186	0.12876	0.00319	0.01565
318.7	3.187	0.12878	0.00319	0.01564
318.8	3.188	0.12879	0.00319	0.01563
318.9	3.189	0.12881	0.00319	0.01562
319.0	3.19	0.12883	0.00319	0.01561
319.1	3.191	0.12884	0.00319	0.0156
319.2	3.192	0.12886	0.00319	0.01559
319.3	3.193	0.12887	0.00319	0.01558
319.4	3.194	0.12889	0.0032	0.01557
319.5	3.195	0.1289	0.0032	0.01556
319.6	3.196	0.12892	0.0032	0.01555
319.7	3.197	0.12893	0.0032	0.01554
319.8	3.198	0.12895	0.0032	0.01553
319.9	3.199	0.12897	0.0032	0.01552
320.0	3.2	0.12898	0.0032	0.01551
320.1	3.201	0.129	0.0032	0.0155
320.2	3.202	0.12901	0.0032	0.01549
320.3	3.203	0.12903	0.0032	0.01548
320.4	3.204	0.12904	0.00321	0.01547
320.5	3.205	0.12906	0.00321	0.01546
320.6	3.206	0.12907	0.00321	0.01545
320.7	3.207	0.12909	0.00321	0.01544
320.8	3.208	0.12911	0.00321	0.01543
320.9	3.209	0.12912	0.00321	0.01542
321.0	3.21	0.12914	0.00321	0.01541
321.1	3.211	0.12915	0.00321	0.0154
321.2	3.212	0.12917	0.00321	0.01539
321.3	3.213	0.12918	0.00321	0.01538
321.4	3.214	0.1292	0.00322	0.01537
321.5	3.215	0.12921	0.00322	0.01536
321.6	3.216	0.12923	0.00322	0.01535
321.7	3.217	0.12924	0.00322	0.01534
321.8	3.218	0.12926	0.00322	0.01533
321.9	3.219	0.12927	0.00322	0.01532
322.0	3.22	0.12929	0.00322	0.01531
322.1	3.221	0.12931	0.00322	0.0153
322.2	3.222	0.12932	0.00322	0.0153
322.3	3.223	0.12934	0.00322	0.01529
322.4	3.224	0.12935	0.00323	0.01528
322.5	3.225	0.12937	0.00323	0.01527
322.6	3.226	0.12938	0.00323	0.01526
322.7	3.227	0.1294	0.00323	0.01525
322.8	3.228	0.12941	0.00323	0.01524
322.9	3.229	0.12943	0.00323	0.01523
323.0	3.23	0.12944	0.00323	0.01522
323.1	3.231	0.12946	0.00323	0.01521
323.2	3.232	0.12947	0.00323	0.0152
323.3	3.233	0.12949	0.00323	0.01519
323.4	3.234	0.1295	0.00324	0.01518
323.5	3.235	0.12952	0.00324	0.01517
323.6	3.236	0.12953	0.00324	0.01516
323.7	3.237	0.12955	0.00324	0.01515
323.8	3.238	0.12956	0.00324	0.01514
323.9	3.239	0.12958	0.00324	0.01513
324.0	3.24	0.12959	0.00324	0.01512
324.1	3.241	0.12961	0.00324	0.01512
324.2	3.242	0.12962	0.00324	0.01511
324.3	3.243	0.12964	0.00324	0.0151
324.4	3.244	0.12965	0.00325	0.01509
324.5	3.245	0.12967	0.00325	0.01508
324.6	3.246	0.12968	0.00325	0.01507
324.7	3.247	0.1297	0.00325	0.01506
324.8	3.248	0.12971	0.00325	0.01505
324.9	3.249	0.12973	0.00325	0.01504
325.0	3.25	0.12974	0.00325	0.01503
325.1	3.251	0.12976	0.00325	0.01502
325.2	3.252	0.12977	0.00325	0.01501
325.3	3.253	0.12979	0.00325	0.015
325.4	3.254	0.1298	0.00326	0.015
325.5	3.255	0.12982	0.00326	0.01499
325.6	3.256	0.12983	0.00326	0.01498
325.7	3.257	0.12985	0.00326	0.01497
325.8	3.258	0.12986	0.00326	0.01496
325.9	3.259	0.12988	0.00326	0.01495
326.0	3.26	0.12989	0.00326	0.01494
326.1	3.261	0.12991	0.00326	0.01493
326.2	3.262	0.12992	0.00326	0.01492
326.3	3.263	0.12994	0.00326	0.01491
326.4	3.264	0.12995	0.00327	0.01491
326.5	3.265	0.12997	0.00327	0.0149
326.6	3.266	0.12998	0.00327	0.01489
326.7	3.267	0.13	0.00327	0.01488
326.8	3.268	0.13001	0.00327	0.01487
326.9	3.269	0.13003	0.00327	0.01486
327.0	3.27	0.13004	0.00327	0.01485
327.1	3.271	0.13006	0.00327	0.01484
327.2	3.272	0.13007	0.00327	0.01484
327.3	3.273	0.13009	0.00327	0.01483
327.4	3.274	0.1301	0.00328	0.01482
327.5	3.275	0.13012	0.00328	0.01481
327.6	3.276	0.13013	0.00328	0.0148
327.7	3.277	0.13015	0.00328	0.01479
327.8	3.278	0.13016	0.00328	0.01478
327.9	3.279	0.13018	0.00328	0.01477
328.0	3.28	0.13019	0.00328	0.01477
328.1	3.281	0.13021	0.00328	0.01476
328.2	3.282	0.13022	0.00328	0.01475
328.3	3.283	0.13024	0.00328	0.01474
328.4	3.284	0.13025	0.00329	0.01473
328.5	3.285	0.13027	0.00329	0.01472
328.6	3.286	0.13028	0.00329	0.01471
328.7	3.287	0.13029	0.00329	0.0147
328.8	3.288	0.13031	0.00329	0.0147
328.9	3.289	0.13032	0.00329	0.01469
329.0	3.29	0.13034	0.00329	0.01468
329.1	3.291	0.13035	0.00329	0.01467
329.2	3.292	0.13037	0.00329	0.01466
329.3	3.293	0.13038	0.00329	0.01465
329.4	3.294	0.1304	0.0033	0.01465
329.5	3.295	0.13041	0.0033	0.01464
329.6	3.296	0.13043	0.0033	0.01463
329.7	3.297	0.13044	0.0033	0.01462
329.8	3.298	0.13046	0.0033	0.01461
329.9	3.299	0.13047	0.0033	0.0146
330.0	3.3	0.13049	0.0033	0.0146
330.1	3.301	0.1305	0.0033	0.01459
330.2	3.302	0.13051	0.0033	0.01458
330.3	3.303	0.13053	0.0033	0.01457
330.4	3.304	0.13054	0.00331	0.01456
330.5	3.305	0.13056	0.00331	0.01455
330.6	3.306	0.13057	0.00331	0.01455
330.7	3.307	0.13059	0.00331	0.01454
330.8	3.308	0.1306	0.00331	0.01453
330.9	3.309	0.13062	0.00331	0.01452
331.0	3.31	0.13063	0.00331	0.01451
331.1	3.311	0.13065	0.00331	0.0145
331.2	3.312	0.13066	0.00331	0.0145
331.3	3.313	0.13067	0.00331	0.01449
331.4	3.314	0.13069	0.00332	0.01448
331.5	3.315	0.1307	0.00332	0.01447
331.6	3.316	0.13072	0.00332	0.01446
331.7	3.317	0.13073	0.00332	0.01446
331.8	3.318	0.13075	0.00332	0.01445
331.9	3.319	0.13076	0.00332	0.01444
332.0	3.32	0.13078	0.00332	0.01443
332.1	3.321	0.13079	0.00332	0.01442
332.2	3.322	0.1308	0.00332	0.01441
332.3	3.323	0.13082	0.00332	0.01441
332.4	3.324	0.13083	0.00333	0.0144
332.5	3.325	0.13085	0.00333	0.01439
332.6	3.326	0.13086	0.00333	0.01438
332.7	3.327	0.13088	0.00333	0.01437
332.8	3.328	0.13089	0.00333	0.01437
332.9	3.329	0.1309	0.00333	0.01436
333.0	3.33	0.13092	0.00333	0.01435
333.1	3.331	0.13093	0.00333	0.01434
333.2	3.332	0.13095	0.00333	0.01434
333.3	3.333	0.13096	0.00333	0.01433
333.4	3.334	0.13098	0.00334	0.01432
333.5	3.335	0.13099	0.00334	0.01431
333.6	3.336	0.13101	0.00334	0.0143
333.7	3.337	0.13102	0.00334	0.0143
333.8	3.338	0.13103	0.00334	0.01429
333.9	3.339	0.13105	0.00334	0.01428
334.0	3.34	0.13106	0.00334	0.01427
334.1	3.341	0.13108	0.00334	0.01426
334.2	3.342	0.13109	0.00334	0.01426
334.3	3.343	0.1311	0.00334	0.01425
334.4	3.344	0.13112	0.00335	0.01424
334.5	3.345	0.13113	0.00335	0.01423
334.6	3.346	0.13115	0.00335	0.01423
334.7	3.347	0.13116	0.00335	0.01422
334.8	3.348	0.13118	0.00335	0.01421
334.9	3.349	0.13119	0.00335	0.0142
335.0	3.35	0.1312	0.00335	0.0142
335.1	3.351	0.13122	0.00335	0.01419
335.2	3.352	0.13123	0.00335	0.01418
335.3	3.353	0.13125	0.00335	0.01417
335.4	3.354	0.13126	0.00336	0.01417
335.5	3.355	0.13128	0.00336	0.01416
335.6	3.356	0.13129	0.00336	0.01415
335.7	3.357	0.1313	0.00336	0.01414
335.8	3.358	0.13132	0.00336	0.01414
335.9	3.359	0.13133	0.00336	0.01413
336.0	3.36	0.13135	0.00336	0.01412
336.1	3.361	0.13136	0.00336	0.01411
336.2	3.362	0.13137	0.00336	0.01411
336.3	3.363	0.13139	0.00336	0.0141
336.4	3.364	0.1314	0.00337	0.01409
336.5	3.365	0.13142	0.00337	0.01408
336.6	3.366	0.13143	0.00337	0.01408
336.7	3.367	0.13144	0.00337	0.01407
336.8	3.368	0.13146	0.00337	0.01406
336.9	3.369	0.13147	0.00337	0.01405
337.0	3.37	0.13149	0.00337	0.01405
337.1	3.371	0.1315	0.00337	0.01404
337.2	3.372	0.13151	0.00337	0.01403
337.3	3.373	0.13153	0.00337	0.01402
337.4	3.374	0.13154	0.00338	0.01402
337.5	3.375	0.13156	0.00338	0.01401
337.6	3.376	0.13157	0.00338	0.014
337.7	3.377	0.13158	0.00338	0.01399
337.8	3.378	0.1316	0.00338	0.01399
337.9	3.379	0.13161	0.00338	0.01398
338.0	3.38	0.13163	0.00338	0.01397
338.1	3.381	0.13164	0.00338	0.01397
338.2	3.382	0.13165	0.00338	0.01396
338.3	3.383	0.13167	0.00338	0.01395
338.4	3.384	0.13168	0.00339	0.01394
338.5	3.385	0.1317	0.00339	0.01394
338.6	3.386	0.13171	0.00339	0.01393
338.7	3.387	0.13172	0.00339	0.01392
338.8	3.388	0.13174	0.00339	0.01392
338.9	3.389	0.13175	0.00339	0.01391
339.0	3.39	0.13177	0.00339	0.0139
339.1	3.391	0.13178	0.00339	0.01389
339.2	3.392	0.13179	0.00339	0.01389
339.3	3.393	0.13181	0.00339	0.01388
339.4	3.394	0.13182	0.0034	0.01387
339.5	3.395	0.13184	0.0034	0.01387
339.6	3.396	0.13185	0.0034	0.01386
339.7	3.397	0.13186	0.0034	0.01385
339.8	3.398	0.13188	0.0034	0.01385
339.9	3.399	0.13189	0.0034	0.01384
340.0	3.4	0.1319	0.0034	0.01383
340.1	3.401	0.13192	0.0034	0.01382
340.2	3.402	0.13193	0.0034	0.01382
340.3	3.403	0.13195	0.0034	0.01381
340.4	3.404	0.13196	0.00341	0.0138
340.5	3.405	0.13197	0.00341	0.0138
340.6	3.406	0.13199	0.00341	0.01379
340.7	3.407	0.132	0.00341	0.01378
340.8	3.408	0.13202	0.00341	0.01378
340.9	3.409	0.13203	0.00341	0.01377
341.0	3.41	0.13204	0.00341	0.01376
341.1	3.411	0.13206	0.00341	0.01376
341.2	3.412	0.13207	0.00341	0.01375
341.3	3.413	0.13208	0.00341	0.01374
341.4	3.414	0.1321	0.00342	0.01373
341.5	3.415	0.13211	0.00342	0.01373
341.6	3.416	0.13213	0.00342	0.01372
341.7	3.417	0.13214	0.00342	0.01371
341.8	3.418	0.13215	0.00342	0.01371
341.9	3.419	0.13217	0.00342	0.0137
342.0	3.42	0.13218	0.00342	0.01369
342.1	3.421	0.13219	0.00342	0.01369
342.2	3.422	0.13221	0.00342	0.01368
342.3	3.423	0.13222	0.00342	0.01367
342.4	3.424	0.13223	0.00343	0.01367
342.5	3.425	0.13225	0.00343	0.01366
342.6	3.426	0.13226	0.00343	0.01365
342.7	3.427	0.13228	0.00343	0.01365
342.8	3.428	0.13229	0.00343	0.01364
342.9	3.429	0.1323	0.00343	0.01363
343.0	3.43	0.13232	0.00343	0.01363
343.1	3.431	0.13233	0.00343	0.01362
343.2	3.432	0.13234	0.00343	0.01361
343.3	3.433	0.13236	0.00343	0.01361
343.4	3.434	0.13237	0.00344	0.0136
343.5	3.435	0.13238	0.00344	0.01359
343.6	3.436	0.1324	0.00344	0.01359
343.7	3.437	0.13241	0.00344	0.01358
343.8	3.438	0.13243	0.00344	0.01358
343.9	3.439	0.13244	0.00344	0.01357
344.0	3.44	0.13245	0.00344	0.01356
344.1	3.441	0.13247	0.00344	0.01356
344.2	3.442	0.13248	0.00344	0.01355
344.3	3.443	0.13249	0.00344	0.01354
344.4	3.444	0.13251	0.00345	0.01354
344.5	3.445	0.13252	0.00345	0.01353
344.6	3.446	0.13253	0.00345	0.01352
344.7	3.447	0.13255	0.00345	0.01352
344.8	3.448	0.13256	0.00345	0.01351
344.9	3.449	0.13257	0.00345	0.0135
345.0	3.45	0.13259	0.00345	0.0135
345.1	3.451	0.1326	0.00345	0.01349
345.2	3.452	0.13261	0.00345	0.01349
345.3	3.453	0.13263	0.00345	0.01348
345.4	3.454	0.13264	0.00346	0.01347
345.5	3.455	0.13266	0.00346	0.01347
345.6	3.456	0.13267	0.00346	0.01346
345.7	3.457	0.13268	0.00346	0.01345
345.8	3.458	0.1327	0.00346	0.01345
345.9	3.459	0.13271	0.00346	0.01344
346.0	3.46	0.13272	0.00346	0.01344
346.1	3.461	0.13274	0.00346	0.01343
346.2	3.462	0.13275	0.00346	0.01342
346.3	3.463	0.13276	0.00346	0.01342
346.4	3.464	0.13278	0.00347	0.01341
346.5	3.465	0.13279	0.00347	0.0134
346.6	3.466	0.1328	0.00347	0.0134
346.7	3.467	0.13282	0.00347	0.01339
346.8	3.468	0.13283	0.00347	0.01339
346.9	3.469	0.13284	0.00347	0.01338
347.0	3.47	0.13286	0.00347	0.01337
347.1	3.471	0.13287	0.00347	0.01337
347.2	3.472	0.13288	0.00347	0.01336
347.3	3.473	0.1329	0.00347	0.01335
347.4	3.474	0.13291	0.00348	0.01335
347.5	3.475	0.13292	0.00348	0.01334
347.6	3.476	0.13294	0.00348	0.01334
347.7	3.477	0.13295	0.00348	0.01333
347.8	3.478	0.13296	0.00348	0.01332
347.9	3.479	0.13298	0.00348	0.01332
348.0	3.48	0.13299	0.00348	0.01331
348.1	3.481	0.133	0.00348	0.01331
348.2	3.482	0.13302	0.00348	0.0133
348.3	3.483	0.13303	0.00348	0.01329
348.4	3.484	0.13304	0.00349	0.01329
348.5	3.485	0.13306	0.00349	0.01328
348.6	3.486	0.13307	0.00349	0.01328
348.7	3.487	0.13308	0.00349	0.01327
348.8	3.488	0.1331	0.00349	0.01326
348.9	3.489	0.13311	0.00349	0.01326
349.0	3.49	0.13312	0.00349	0.01325
349.1	3.491	0.13314	0.00349	0.01325
349.2	3.492	0.13315	0.00349	0.01324
349.3	3.493	0.13316	0.00349	0.01324
349.4	3.494	0.13318	0.0035	0.01323
349.5	3.495	0.13319	0.0035	0.01322
349.6	3.496	0.1332	0.0035	0.01322
349.7	3.497	0.13322	0.0035	0.01321
349.8	3.498	0.13323	0.0035	0.01321
349.9	3.499	0.13324	0.0035	0.0132
350.0	3.5	0.13325	0.0035	0.01319
350.1	3.501	0.13327	0.0035	0.01319
350.2	3.502	0.13328	0.0035	0.01318
350.3	3.503	0.13329	0.0035	0.01318
350.4	3.504	0.13331	0.00351	0.01317
350.5	3.505	0.13332	0.00351	0.01317
350.6	3.506	0.13333	0.00351	0.01316
350.7	3.507	0.13335	0.00351	0.01315
350.8	3.508	0.13336	0.00351	0.01315
350.9	3.509	0.13337	0.00351	0.01314
351.0	3.51	0.13339	0.00351	0.01314
351.1	3.511	0.1334	0.00351	0.01313
351.2	3.512	0.13341	0.00351	0.01313
351.3	3.513	0.13343	0.00351	0.01312
351.4	3.514	0.13344	0.00352	0.01311
351.5	3.515	0.13345	0.00352	0.01311
351.6	3.516	0.13347	0.00352	0.0131
351.7	3.517	0.13348	0.00352	0.0131
351.8	3.518	0.13349	0.00352	0.01309
351.9	3.519	0.1335	0.00352	0.01309
352.0	3.52	0.13352	0.00352	0.01308
352.1	3.521	0.13353	0.00352	0.01307
352.2	3.522	0.13354	0.00352	0.01307
352.3	3.523	0.13356	0.00352	0.01306
352.4	3.524	0.13357	0.00353	0.01306
352.5	3.525	0.13358	0.00353	0.01305
352.6	3.526	0.1336	0.00353	0.01305
352.7	3.527	0.13361	0.00353	0.01304
352.8	3.528	0.13362	0.00353	0.01304
352.9	3.529	0.13363	0.00353	0.01303
353.0	3.53	0.13365	0.00353	0.01302
353.1	3.531	0.13366	0.00353	0.01302
353.2	3.532	0.13367	0.00353	0.01301
353.3	3.533	0.13369	0.00353	0.01301
353.4	3.534	0.1337	0.00354	0.013
353.5	3.535	0.13371	0.00354	0.013
353.6	3.536	0.13373	0.00354	0.01299
353.7	3.537	0.13374	0.00354	0.01299
353.8	3.538	0.13375	0.00354	0.01298
353.9	3.539	0.13376	0.00354	0.01298
354.0	3.54	0.13378	0.00354	0.01297
354.1	3.541	0.13379	0.00354	0.01296
354.2	3.542	0.1338	0.00354	0.01296
354.3	3.543	0.13382	0.00354	0.01295
354.4	3.544	0.13383	0.00355	0.01295
354.5	3.545	0.13384	0.00355	0.01294
354.6	3.546	0.13386	0.00355	0.01294
354.7	3.547	0.13387	0.00355	0.01293
354.8	3.548	0.13388	0.00355	0.01293
354.9	3.549	0.13389	0.00355	0.01292
355.0	3.55	0.13391	0.00355	0.01292
355.1	3.551	0.13392	0.00355	0.01291
355.2	3.552	0.13393	0.00355	0.01291
355.3	3.553	0.13395	0.00355	0.0129
355.4	3.554	0.13396	0.00356	0.0129
355.5	3.555	0.13397	0.00356	0.01289
355.6	3.556	0.13398	0.00356	0.01288
355.7	3.557	0.134	0.00356	0.01288
355.8	3.558	0.13401	0.00356	0.01287
355.9	3.559	0.13402	0.00356	0.01287
356.0	3.56	0.13404	0.00356	0.01286
356.1	3.561	0.13405	0.00356	0.01286
356.2	3.562	0.13406	0.00356	0.01285
356.3	3.563	0.13407	0.00356	0.01285
356.4	3.564	0.13409	0.00357	0.01284
356.5	3.565	0.1341	0.00357	0.01284
356.6	3.566	0.13411	0.00357	0.01283
356.7	3.567	0.13413	0.00357	0.01283
356.8	3.568	0.13414	0.00357	0.01282
356.9	3.569	0.13415	0.00357	0.01282
357.0	3.57	0.13416	0.00357	0.01281
357.1	3.571	0.13418	0.00357	0.01281
357.2	3.572	0.13419	0.00357	0.0128
357.3	3.573	0.1342	0.00357	0.0128
357.4	3.574	0.13422	0.00358	0.01279
357.5	3.575	0.13423	0.00358	0.01279
357.6	3.576	0.13424	0.00358	0.01278
357.7	3.577	0.13425	0.00358	0.01278
357.8	3.578	0.13427	0.00358	0.01277
357.9	3.579	0.13428	0.00358	0.01277
358.0	3.58	0.13429	0.00358	0.01276
358.1	3.581	0.13431	0.00358	0.01276
358.2	3.582	0.13432	0.00358	0.01275
358.3	3.583	0.13433	0.00358	0.01275
358.4	3.584	0.13434	0.00359	0.01274
358.5	3.585	0.13436	0.00359	0.01274
358.6	3.586	0.13437	0.00359	0.01273
358.7	3.587	0.13438	0.00359	0.01273
358.8	3.588	0.13439	0.00359	0.01272
358.9	3.589	0.13441	0.00359	0.01272
359.0	3.59	0.13442	0.00359	0.01271
359.1	3.591	0.13443	0.00359	0.01271
359.2	3.592	0.13445	0.00359	0.0127
359.3	3.593	0.13446	0.00359	0.0127
359.4	3.594	0.13447	0.0036	0.01269
359.5	3.595	0.13448	0.0036	0.01269
359.6	3.596	0.1345	0.0036	0.01268
359.7	3.597	0.13451	0.0036	0.01268
359.8	3.598	0.13452	0.0036	0.01267
359.9	3.599	0.13453	0.0036	0.01267
360.0	3.6	0.13455	0.0036	0.01266
360.1	3.601	0.13456	0.0036	0.01266
360.2	3.602	0.13457	0.0036	0.01265
360.3	3.603	0.13458	0.0036	0.01265
360.4	3.604	0.1346	0.00361	0.01264
360.5	3.605	0.13461	0.00361	0.01264
360.6	3.606	0.13462	0.00361	0.01263
360.7	3.607	0.13464	0.00361	0.01263
360.8	3.608	0.13465	0.00361	0.01262
360.9	3.609	0.13466	0.00361	0.01262
361.0	3.61	0.13467	0.00361	0.01262
361.1	3.611	0.13469	0.00361	0.01261
361.2	3.612	0.1347	0.00361	0.01261
361.3	3.613	0.13471	0.00361	0.0126
361.4	3.614	0.13472	0.00362	0.0126
361.5	3.615	0.13474	0.00362	0.01259
361.6	3.616	0.13475	0.00362	0.01259
361.7	3.617	0.13476	0.00362	0.01258
361.8	3.618	0.13477	0.00362	0.01258
361.9	3.619	0.13479	0.00362	0.01257
362.0	3.62	0.1348	0.00362	0.01257
362.1	3.621	0.13481	0.00362	0.01256
362.2	3.622	0.13482	0.00362	0.01256
362.3	3.623	0.13484	0.00362	0.01255
362.4	3.624	0.13485	0.00363	0.01255
362.5	3.625	0.13486	0.00363	0.01254
362.6	3.626	0.13487	0.00363	0.01254
362.7	3.627	0.13489	0.00363	0.01254
362.8	3.628	0.1349	0.00363	0.01253
362.9	3.629	0.13491	0.00363	0.01253
363.0	3.63	0.13492	0.00363	0.01252
363.1	3.631	0.13494	0.00363	0.01252
363.2	3.632	0.13495	0.00363	0.01251
363.3	3.633	0.13496	0.00363	0.01251
363.4	3.634	0.13497	0.00364	0.0125
363.5	3.635	0.13499	0.00364	0.0125
363.6	3.636	0.135	0.00364	0.01249
363.7	3.637	0.13501	0.00364	0.01249
363.8	3.638	0.13502	0.00364	0.01249
363.9	3.639	0.13504	0.00364	0.01248
364.0	3.64	0.13505	0.00364	0.01248
364.1	3.641	0.13506	0.00364	0.01247
364.2	3.642	0.13507	0.00364	0.01247
364.3	3.643	0.13509	0.00364	0.01246
364.4	3.644	0.1351	0.00365	0.01246
364.5	3.645	0.13511	0.00365	0.01245
364.6	3.646	0.13512	0.00365	0.01245
364.7	3.647	0.13514	0.00365	0.01245
364.8	3.648	0.13515	0.00365	0.01244
364.9	3.649	0.13516	0.00365	0.01244
365.0	3.65	0.13517	0.00365	0.01243
365.1	3.651	0.13519	0.00365	0.01243
365.2	3.652	0.1352	0.00365	0.01242
365.3	3.653	0.13521	0.00365	0.01242
365.4	3.654	0.13522	0.00366	0.01241
365.5	3.655	0.13524	0.00366	0.01241
365.6	3.656	0.13525	0.00366	0.01241
365.7	3.657	0.13526	0.00366	0.0124
365.8	3.658	0.13527	0.00366	0.0124
365.9	3.659	0.13529	0.00366	0.01239
366.0	3.66	0.1353	0.00366	0.01239
366.1	3.661	0.13531	0.00366	0.01238
366.2	3.662	0.13532	0.00366	0.01238
366.3	3.663	0.13533	0.00366	0.01237
366.4	3.664	0.13535	0.00367	0.01237
366.5	3.665	0.13536	0.00367	0.01237
366.6	3.666	0.13537	0.00367	0.01236
366.7	3.667	0.13538	0.00367	0.01236
366.8	3.668	0.1354	0.00367	0.01235
366.9	3.669	0.13541	0.00367	0.01235
367.0	3.67	0.13542	0.00367	0.01234
367.1	3.671	0.13543	0.00367	0.01234
367.2	3.672	0.13545	0.00367	0.01234
367.3	3.673	0.13546	0.00367	0.01233
367.4	3.674	0.13547	0.00368	0.01233
367.5	3.675	0.13548	0.00368	0.01232
367.6	3.676	0.1355	0.00368	0.01232
367.7	3.677	0.13551	0.00368	0.01232
367.8	3.678	0.13552	0.00368	0.01231
367.9	3.679	0.13553	0.00368	0.01231
368.0	3.68	0.13554	0.00368	0.0123
368.1	3.681	0.13556	0.00368	0.0123
368.2	3.682	0.13557	0.00368	0.01229
368.3	3.683	0.13558	0.00368	0.01229
368.4	3.684	0.13559	0.00369	0.01229
368.5	3.685	0.13561	0.00369	0.01228
368.6	3.686	0.13562	0.00369	0.01228
368.7	3.687	0.13563	0.00369	0.01227
368.8	3.688	0.13564	0.00369	0.01227
368.9	3.689	0.13566	0.00369	0.01227
369.0	3.69	0.13567	0.00369	0.01226
369.1	3.691	0.13568	0.00369	0.01226
369.2	3.692	0.13569	0.00369	0.01225
369.3	3.693	0.1357	0.00369	0.01225
369.4	3.694	0.13572	0.0037	0.01224
369.5	3.695	0.13573	0.0037	0.01224
369.6	3.696	0.13574	0.0037	0.01224
369.7	3.697	0.13575	0.0037	0.01223
369.8	3.698	0.13577	0.0037	0.01223
369.9	3.699	0.13578	0.0037	0.01222
370.0	3.7	0.13579	0.0037	0.01222
370.1	3.701	0.1358	0.0037	0.01222
370.2	3.702	0.13581	0.0037	0.01221
370.3	3.703	0.13583	0.0037	0.01221
370.4	3.704	0.13584	0.00371	0.0122
370.5	3.705	0.13585	0.00371	0.0122
370.6	3.706	0.13586	0.00371	0.0122
370.7	3.707	0.13588	0.00371	0.01219
370.8	3.708	0.13589	0.00371	0.01219
370.9	3.709	0.1359	0.00371	0.01218
371.0	3.71	0.13591	0.00371	0.01218
371.1	3.711	0.13592	0.00371	0.01218
371.2	3.712	0.13594	0.00371	0.01217
371.3	3.713	0.13595	0.00371	0.01217
371.4	3.714	0.13596	0.00372	0.01216
371.5	3.715	0.13597	0.00372	0.01216
371.6	3.716	0.13598	0.00372	0.01216
371.7	3.717	0.136	0.00372	0.01215
371.8	3.718	0.13601	0.00372	0.01215
371.9	3.719	0.13602	0.00372	0.01215
372.0	3.72	0.13603	0.00372	0.01214
372.1	3.721	0.13605	0.00372	0.01214
372.2	3.722	0.13606	0.00372	0.01213
372.3	3.723	0.13607	0.00372	0.01213
372.4	3.724	0.13608	0.00373	0.01213
372.5	3.725	0.13609	0.00373	0.01212
372.6	3.726	0.13611	0.00373	0.01212
372.7	3.727	0.13612	0.00373	0.01211
372.8	3.728	0.13613	0.00373	0.01211
372.9	3.729	0.13614	0.00373	0.01211
373.0	3.73	0.13615	0.00373	0.0121
373.1	3.731	0.13617	0.00373	0.0121
373.2	3.732	0.13618	0.00373	0.01209
373.3	3.733	0.13619	0.00373	0.01209
373.4	3.734	0.1362	0.00374	0.01209
373.5	3.735	0.13622	0.00374	0.01208
373.6	3.736	0.13623	0.00374	0.01208
373.7	3.737	0.13624	0.00374	0.01208
373.8	3.738	0.13625	0.00374	0.01207
373.9	3.739	0.13626	0.00374	0.01207
374.0	3.74	0.13628	0.00374	0.01206
374.1	3.741	0.13629	0.00374	0.01206
374.2	3.742	0.1363	0.00374	0.01206
374.3	3.743	0.13631	0.00374	0.01205
374.4	3.744	0.13632	0.00375	0.01205
374.5	3.745	0.13634	0.00375	0.01205
374.6	3.746	0.13635	0.00375	0.01204
374.7	3.747	0.13636	0.00375	0.01204
374.8	3.748	0.13637	0.00375	0.01203
374.9	3.749	0.13638	0.00375	0.01203
375.0	3.75	0.1364	0.00375	0.01203
375.1	3.751	0.13641	0.00375	0.01202
375.2	3.752	0.13642	0.00375	0.01202
375.3	3.753	0.13643	0.00375	0.01202
375.4	3.754	0.13644	0.00376	0.01201
375.5	3.755	0.13646	0.00376	0.01201
375.6	3.756	0.13647	0.00376	0.01201
375.7	3.757	0.13648	0.00376	0.012
375.8	3.758	0.13649	0.00376	0.012
375.9	3.759	0.1365	0.00376	0.01199
376.0	3.76	0.13652	0.00376	0.01199
376.1	3.761	0.13653	0.00376	0.01199
376.2	3.762	0.13654	0.00376	0.01198
376.3	3.763	0.13655	0.00376	0.01198
376.4	3.764	0.13656	0.00377	0.01198
376.5	3.765	0.13658	0.00377	0.01197
376.6	3.766	0.13659	0.00377	0.01197
376.7	3.767	0.1366	0.00377	0.01197
376.8	3.768	0.13661	0.00377	0.01196
376.9	3.769	0.13662	0.00377	0.01196
377.0	3.77	0.13664	0.00377	0.01196
377.1	3.771	0.13665	0.00377	0.01195
377.2	3.772	0.13666	0.00377	0.01195
377.3	3.773	0.13667	0.00377	0.01194
377.4	3.774	0.13668	0.00378	0.01194
377.5	3.775	0.1367	0.00378	0.01194
377.6	3.776	0.13671	0.00378	0.01193
377.7	3.777	0.13672	0.00378	0.01193
377.8	3.778	0.13673	0.00378	0.01193
377.9	3.779	0.13674	0.00378	0.01192
378.0	3.78	0.13676	0.00378	0.01192
378.1	3.781	0.13677	0.00378	0.01192
378.2	3.782	0.13678	0.00378	0.01191
378.3	3.783	0.13679	0.00378	0.01191
378.4	3.784	0.1368	0.00379	0.01191
378.5	3.785	0.13681	0.00379	0.0119
378.6	3.786	0.13683	0.00379	0.0119
378.7	3.787	0.13684	0.00379	0.0119
378.8	3.788	0.13685	0.00379	0.01189
378.9	3.789	0.13686	0.00379	0.01189
379.0	3.79	0.13687	0.00379	0.01189
379.1	3.791	0.13689	0.00379	0.01188
379.2	3.792	0.1369	0.00379	0.01188
379.3	3.793	0.13691	0.00379	0.01188
379.4	3.794	0.13692	0.0038	0.01187
379.5	3.795	0.13693	0.0038	0.01187
379.6	3.796	0.13695	0.0038	0.01186
379.7	3.797	0.13696	0.0038	0.01186
379.8	3.798	0.13697	0.0038	0.01186
379.9	3.799	0.13698	0.0038	0.01185
380.0	3.8	0.13699	0.0038	0.01185
380.1	3.801	0.137	0.0038	0.01185
380.2	3.802	0.13702	0.0038	0.01184
380.3	3.803	0.13703	0.0038	0.01184
380.4	3.804	0.13704	0.00381	0.01184
380.5	3.805	0.13705	0.00381	0.01183
380.6	3.806	0.13706	0.00381	0.01183
380.7	3.807	0.13708	0.00381	0.01183
380.8	3.808	0.13709	0.00381	0.01182
380.9	3.809	0.1371	0.00381	0.01182
381.0	3.81	0.13711	0.00381	0.01182
381.1	3.811	0.13712	0.00381	0.01181
381.2	3.812	0.13713	0.00381	0.01181
381.3	3.813	0.13715	0.00381	0.01181
381.4	3.814	0.13716	0.00382	0.0118
381.5	3.815	0.13717	0.00382	0.0118
381.6	3.816	0.13718	0.00382	0.0118
381.7	3.817	0.13719	0.00382	0.01179
381.8	3.818	0.13721	0.00382	0.01179
381.9	3.819	0.13722	0.00382	0.01179
382.0	3.82	0.13723	0.00382	0.01179
382.1	3.821	0.13724	0.00382	0.01178
382.2	3.822	0.13725	0.00382	0.01178
382.3	3.823	0.13726	0.00382	0.01178
382.4	3.824	0.13728	0.00383	0.01177
382.5	3.825	0.13729	0.00383	0.01177
382.6	3.826	0.1373	0.00383	0.01177
382.7	3.827	0.13731	0.00383	0.01176
382.8	3.828	0.13732	0.00383	0.01176
382.9	3.829	0.13733	0.00383	0.01176
383.0	3.83	0.13735	0.00383	0.01175
383.1	3.831	0.13736	0.00383	0.01175
383.2	3.832	0.13737	0.00383	0.01175
383.3	3.833	0.13738	0.00383	0.01174
383.4	3.834	0.13739	0.00384	0.01174
383.5	3.835	0.13741	0.00384	0.01174
383.6	3.836	0.13742	0.00384	0.01173
383.7	3.837	0.13743	0.00384	0.01173
383.8	3.838	0.13744	0.00384	0.01173
383.9	3.839	0.13745	0.00384	0.01172
384.0	3.84	0.13746	0.00384	0.01172
384.1	3.841	0.13748	0.00384	0.01172
384.2	3.842	0.13749	0.00384	0.01172
384.3	3.843	0.1375	0.00384	0.01171
384.4	3.844	0.13751	0.00385	0.01171
384.5	3.845	0.13752	0.00385	0.01171
384.6	3.846	0.13753	0.00385	0.0117
384.7	3.847	0.13755	0.00385	0.0117
384.8	3.848	0.13756	0.00385	0.0117
384.9	3.849	0.13757	0.00385	0.01169
385.0	3.85	0.13758	0.00385	0.01169
385.1	3.851	0.13759	0.00385	0.01169
385.2	3.852	0.1376	0.00385	0.01168
385.3	3.853	0.13762	0.00385	0.01168
385.4	3.854	0.13763	0.00386	0.01168
385.5	3.855	0.13764	0.00386	0.01168
385.6	3.856	0.13765	0.00386	0.01167
385.7	3.857	0.13766	0.00386	0.01167
385.8	3.858	0.13767	0.00386	0.01167
385.9	3.859	0.13769	0.00386	0.01166
386.0	3.86	0.1377	0.00386	0.01166
386.1	3.861	0.13771	0.00386	0.01166
386.2	3.862	0.13772	0.00386	0.01165
386.3	3.863	0.13773	0.00386	0.01165
386.4	3.864	0.13774	0.00387	0.01165
386.5	3.865	0.13776	0.00387	0.01164
386.6	3.866	0.13777	0.00387	0.01164
386.7	3.867	0.13778	0.00387	0.01164
386.8	3.868	0.13779	0.00387	0.01164
386.9	3.869	0.1378	0.00387	0.01163
387.0	3.87	0.13781	0.00387	0.01163
387.1	3.871	0.13783	0.00387	0.01163
387.2	3.872	0.13784	0.00387	0.01162
387.3	3.873	0.13785	0.00387	0.01162
387.4	3.874	0.13786	0.00388	0.01162
387.5	3.875	0.13787	0.00388	0.01162
387.6	3.876	0.13788	0.00388	0.01161
387.7	3.877	0.1379	0.00388	0.01161
387.8	3.878	0.13791	0.00388	0.01161
387.9	3.879	0.13792	0.00388	0.0116
388.0	3.88	0.13793	0.00388	0.0116
388.1	3.881	0.13794	0.00388	0.0116
388.2	3.882	0.13795	0.00388	0.01159
388.3	3.883	0.13797	0.00388	0.01159
388.4	3.884	0.13798	0.00389	0.01159
388.5	3.885	0.13799	0.00389	0.01159
388.6	3.886	0.138	0.00389	0.01158
388.7	3.887	0.13801	0.00389	0.01158
388.8	3.888	0.13802	0.00389	0.01158
388.9	3.889	0.13803	0.00389	0.01157
389.0	3.89	0.13805	0.00389	0.01157
389.1	3.891	0.13806	0.00389	0.01157
389.2	3.892	0.13807	0.00389	0.01157
389.3	3.893	0.13808	0.00389	0.01156
389.4	3.894	0.13809	0.0039	0.01156
389.5	3.895	0.1381	0.0039	0.01156
389.6	3.896	0.13812	0.0039	0.01155
389.7	3.897	0.13813	0.0039	0.01155
389.8	3.898	0.13814	0.0039	0.01155
389.9	3.899	0.13815	0.0039	0.01155
390.0	3.9	0.13816	0.0039	0.01154
390.1	3.901	0.13817	0.0039	0.01154
390.2	3.902	0.13818	0.0039	0.01154
390.3	3.903	0.1382	0.0039	0.01154
390.4	3.904	0.13821	0.00391	0.01153
390.5	3.905	0.13822	0.00391	0.01153
390.6	3.906	0.13823	0.00391	0.01153
390.7	3.907	0.13824	0.00391	0.01152
390.8	3.908	0.13825	0.00391	0.01152
390.9	3.909	0.13827	0.00391	0.01152
391.0	3.91	0.13828	0.00391	0.01152
391.1	3.911	0.13829	0.00391	0.01151
391.2	3.912	0.1383	0.00391	0.01151
391.3	3.913	0.13831	0.00391	0.01151
391.4	3.914	0.13832	0.00392	0.0115
391.5	3.915	0.13833	0.00392	0.0115
391.6	3.916	0.13835	0.00392	0.0115
391.7	3.917	0.13836	0.00392	0.0115
391.8	3.918	0.13837	0.00392	0.01149
391.9	3.919	0.13838	0.00392	0.01149
392.0	3.92	0.13839	0.00392	0.01149
392.1	3.921	0.1384	0.00392	0.01149
392.2	3.922	0.13842	0.00392	0.01148
392.3	3.923	0.13843	0.00392	0.01148
392.4	3.924	0.13844	0.00393	0.01148
392.5	3.925	0.13845	0.00393	0.01147
392.6	3.926	0.13846	0.00393	0.01147
392.7	3.927	0.13847	0.00393	0.01147
392.8	3.928	0.13848	0.00393	0.01147
392.9	3.929	0.1385	0.00393	0.01146
393.0	3.93	0.13851	0.00393	0.01146
393.1	3.931	0.13852	0.00393	0.01146
393.2	3.932	0.13853	0.00393	0.01146
393.3	3.933	0.13854	0.00393	0.01145
393.4	3.934	0.13855	0.00394	0.01145
393.5	3.935	0.13856	0.00394	0.01145
393.6	3.936	0.13858	0.00394	0.01145
393.7	3.937	0.13859	0.00394	0.01144
393.8	3.938	0.1386	0.00394	0.01144
393.9	3.939	0.13861	0.00394	0.01144
394.0	3.94	0.13862	0.00394	0.01144
394.1	3.941	0.13863	0.00394	0.01143
394.2	3.942	0.13864	0.00394	0.01143
394.3	3.943	0.13866	0.00394	0.01143
394.4	3.944	0.13867	0.00395	0.01142
394.5	3.945	0.13868	0.00395	0.01142
394.6	3.946	0.13869	0.00395	0.01142
394.7	3.947	0.1387	0.00395	0.01142
394.8	3.948	0.13871	0.00395	0.01141
394.9	3.949	0.13872	0.00395	0.01141
395.0	3.95	0.13874	0.00395	0.01141
395.1	3.951	0.13875	0.00395	0.01141
395.2	3.952	0.13876	0.00395	0.0114
395.3	3.953	0.13877	0.00395	0.0114
395.4	3.954	0.13878	0.00396	0.0114
395.5	3.955	0.13879	0.00396	0.0114
395.6	3.956	0.1388	0.00396	0.01139
395.7	3.957	0.13882	0.00396	0.01139
395.8	3.958	0.13883	0.00396	0.01139
395.9	3.959	0.13884	0.00396	0.01139
396.0	3.96	0.13885	0.00396	0.01138
396.1	3.961	0.13886	0.00396	0.01138
396.2	3.962	0.13887	0.00396	0.01138
396.3	3.963	0.13888	0.00396	0.01138
396.4	3.964	0.1389	0.00397	0.01137
396.5	3.965	0.13891	0.00397	0.01137
396.6	3.966	0.13892	0.00397	0.01137
396.7	3.967	0.13893	0.00397	0.01137
396.8	3.968	0.13894	0.00397	0.01136
396.9	3.969	0.13895	0.00397	0.01136
397.0	3.97	0.13896	0.00397	0.01136
397.1	3.971	0.13897	0.00397	0.01136
397.2	3.972	0.13899	0.00397	0.01135
397.3	3.973	0.139	0.00397	0.01135
397.4	3.974	0.13901	0.00398	0.01135
397.5	3.975	0.13902	0.00398	0.01135
397.6	3.976	0.13903	0.00398	0.01134
397.7	3.977	0.13904	0.00398	0.01134
397.8	3.978	0.13905	0.00398	0.01134
397.9	3.979	0.13907	0.00398	0.01134
398.0	3.98	0.13908	0.00398	0.01133
398.1	3.981	0.13909	0.00398	0.01133
398.2	3.982	0.1391	0.00398	0.01133
398.3	3.983	0.13911	0.00398	0.01133
398.4	3.984	0.13912	0.00399	0.01132
398.5	3.985	0.13913	0.00399	0.01132
398.6	3.986	0.13914	0.00399	0.01132
398.7	3.987	0.13916	0.00399	0.01132
398.8	3.988	0.13917	0.00399	0.01132
398.9	3.989	0.13918	0.00399	0.01131
399.0	3.99	0.13919	0.00399	0.01131
399.1	3.991	0.1392	0.00399	0.01131
399.2	3.992	0.13921	0.00399	0.01131
399.3	3.993	0.13922	0.00399	0.0113
399.4	3.994	0.13924	0.004	0.0113
399.5	3.995	0.13925	0.004	0.0113
399.6	3.996	0.13926	0.004	0.0113
399.7	3.997	0.13927	0.004	0.01129
399.8	3.998	0.13928	0.004	0.01129
399.9	3.999	0.13929	0.004	0.01129
400.0	4.0	0.1393	0.004	0.01129
400.1	4.001	0.13931	0.004	0.01128
400.2	4.002	0.13933	0.004	0.01128
400.3	4.003	0.13934	0.004	0.01128
400.4	4.004	0.13935	0.00401	0.01128
400.5	4.005	0.13936	0.00401	0.01128
400.6	4.006	0.13937	0.00401	0.01127
400.7	4.007	0.13938	0.00401	0.01127
400.8	4.008	0.13939	0.00401	0.01127
400.9	4.009	0.1394	0.00401	0.01127
401.0	4.01	0.13942	0.00401	0.01126
401.1	4.011	0.13943	0.00401	0.01126
401.2	4.012	0.13944	0.00401	0.01126
401.3	4.013	0.13945	0.00401	0.01126
401.4	4.014	0.13946	0.00402	0.01125
401.5	4.015	0.13947	0.00402	0.01125
401.6	4.016	0.13948	0.00402	0.01125
401.7	4.017	0.13949	0.00402	0.01125
401.8	4.018	0.13951	0.00402	0.01125
401.9	4.019	0.13952	0.00402	0.01124
402.0	4.02	0.13953	0.00402	0.01124
402.1	4.021	0.13954	0.00402	0.01124
402.2	4.022	0.13955	0.00402	0.01124
402.3	4.023	0.13956	0.00402	0.01123
402.4	4.024	0.13957	0.00403	0.01123
402.5	4.025	0.13958	0.00403	0.01123
402.6	4.026	0.1396	0.00403	0.01123
402.7	4.027	0.13961	0.00403	0.01123
402.8	4.028	0.13962	0.00403	0.01122
402.9	4.029	0.13963	0.00403	0.01122
403.0	4.03	0.13964	0.00403	0.01122
403.1	4.031	0.13965	0.00403	0.01122
403.2	4.032	0.13966	0.00403	0.01121
403.3	4.033	0.13967	0.00403	0.01121
403.4	4.034	0.13969	0.00404	0.01121
403.5	4.035	0.1397	0.00404	0.01121
403.6	4.036	0.13971	0.00404	0.01121
403.7	4.037	0.13972	0.00404	0.0112
403.8	4.038	0.13973	0.00404	0.0112
403.9	4.039	0.13974	0.00404	0.0112
404.0	4.04	0.13975	0.00404	0.0112
404.1	4.041	0.13976	0.00404	0.01119
404.2	4.042	0.13977	0.00404	0.01119
404.3	4.043	0.13979	0.00404	0.01119
404.4	4.044	0.1398	0.00405	0.01119
404.5	4.045	0.13981	0.00405	0.01119
404.6	4.046	0.13982	0.00405	0.01118
404.7	4.047	0.13983	0.00405	0.01118
404.8	4.048	0.13984	0.00405	0.01118
404.9	4.049	0.13985	0.00405	0.01118
405.0	4.05	0.13986	0.00405	0.01118
405.1	4.051	0.13988	0.00405	0.01117
405.2	4.052	0.13989	0.00405	0.01117
405.3	4.053	0.1399	0.00405	0.01117
405.4	4.054	0.13991	0.00406	0.01117
405.5	4.055	0.13992	0.00406	0.01116
405.6	4.056	0.13993	0.00406	0.01116
405.7	4.057	0.13994	0.00406	0.01116
405.8	4.058	0.13995	0.00406	0.01116
405.9	4.059	0.13996	0.00406	0.01116
406.0	4.06	0.13998	0.00406	0.01115
406.1	4.061	0.13999	0.00406	0.01115
406.2	4.062	0.14	0.00406	0.01115
406.3	4.063	0.14001	0.00406	0.01115
406.4	4.064	0.14002	0.00407	0.01115
406.5	4.065	0.14003	0.00407	0.01114
406.6	4.066	0.14004	0.00407	0.01114
406.7	4.067	0.14005	0.00407	0.01114
406.8	4.068	0.14007	0.00407	0.01114
406.9	4.069	0.14008	0.00407	0.01114
407.0	4.07	0.14009	0.00407	0.01113
407.1	4.071	0.1401	0.00407	0.01113
407.2	4.072	0.14011	0.00407	0.01113
407.3	4.073	0.14012	0.00407	0.01113
407.4	4.074	0.14013	0.00408	0.01112
407.5	4.075	0.14014	0.00408	0.01112
407.6	4.076	0.14015	0.00408	0.01112
407.7	4.077	0.14017	0.00408	0.01112
407.8	4.078	0.14018	0.00408	0.01112
407.9	4.079	0.14019	0.00408	0.01111
408.0	4.08	0.1402	0.00408	0.01111
408.1	4.081	0.14021	0.00408	0.01111
408.2	4.082	0.14022	0.00408	0.01111
408.3	4.083	0.14023	0.00408	0.01111
408.4	4.084	0.14024	0.00409	0.0111
408.5	4.085	0.14025	0.00409	0.0111
408.6	4.086	0.14027	0.00409	0.0111
408.7	4.087	0.14028	0.00409	0.0111
408.8	4.088	0.14029	0.00409	0.0111
408.9	4.089	0.1403	0.00409	0.01109
409.0	4.09	0.14031	0.00409	0.01109
409.1	4.091	0.14032	0.00409	0.01109
409.2	4.092	0.14033	0.00409	0.01109
409.3	4.093	0.14034	0.00409	0.01109
409.4	4.094	0.14035	0.0041	0.01108
409.5	4.095	0.14037	0.0041	0.01108
409.6	4.096	0.14038	0.0041	0.01108
409.7	4.097	0.14039	0.0041	0.01108
409.8	4.098	0.1404	0.0041	0.01108
409.9	4.099	0.14041	0.0041	0.01107
410.0	4.1	0.14042	0.0041	0.01107
410.1	4.101	0.14043	0.0041	0.01107
410.2	4.102	0.14044	0.0041	0.01107
410.3	4.103	0.14045	0.0041	0.01107
410.4	4.104	0.14046	0.00411	0.01107
410.5	4.105	0.14048	0.00411	0.01106
410.6	4.106	0.14049	0.00411	0.01106
410.7	4.107	0.1405	0.00411	0.01106
410.8	4.108	0.14051	0.00411	0.01106
410.9	4.109	0.14052	0.00411	0.01106
411.0	4.11	0.14053	0.00411	0.01105
411.1	4.111	0.14054	0.00411	0.01105
411.2	4.112	0.14055	0.00411	0.01105
411.3	4.113	0.14056	0.00411	0.01105
411.4	4.114	0.14058	0.00412	0.01105
411.5	4.115	0.14059	0.00412	0.01104
411.6	4.116	0.1406	0.00412	0.01104
411.7	4.117	0.14061	0.00412	0.01104
411.8	4.118	0.14062	0.00412	0.01104
411.9	4.119	0.14063	0.00412	0.01104
412.0	4.12	0.14064	0.00412	0.01103
412.1	4.121	0.14065	0.00412	0.01103
412.2	4.122	0.14066	0.00412	0.01103
412.3	4.123	0.14067	0.00412	0.01103
412.4	4.124	0.14069	0.00413	0.01103
412.5	4.125	0.1407	0.00413	0.01103
412.6	4.126	0.14071	0.00413	0.01102
412.7	4.127	0.14072	0.00413	0.01102
412.8	4.128	0.14073	0.00413	0.01102
412.9	4.129	0.14074	0.00413	0.01102
413.0	4.13	0.14075	0.00413	0.01102
413.1	4.131	0.14076	0.00413	0.01101
413.2	4.132	0.14077	0.00413	0.01101
413.3	4.133	0.14078	0.00413	0.01101
413.4	4.134	0.1408	0.00414	0.01101
413.5	4.135	0.14081	0.00414	0.01101
413.6	4.136	0.14082	0.00414	0.011
413.7	4.137	0.14083	0.00414	0.011
413.8	4.138	0.14084	0.00414	0.011
413.9	4.139	0.14085	0.00414	0.011
414.0	4.14	0.14086	0.00414	0.011
414.1	4.141	0.14087	0.00414	0.011
414.2	4.142	0.14088	0.00414	0.01099
414.3	4.143	0.14089	0.00414	0.01099
414.4	4.144	0.14091	0.00415	0.01099
414.5	4.145	0.14092	0.00415	0.01099
414.6	4.146	0.14093	0.00415	0.01099
414.7	4.147	0.14094	0.00415	0.01099
414.8	4.148	0.14095	0.00415	0.01098
414.9	4.149	0.14096	0.00415	0.01098
415.0	4.15	0.14097	0.00415	0.01098
415.1	4.151	0.14098	0.00415	0.01098
415.2	4.152	0.14099	0.00415	0.01098
415.3	4.153	0.141	0.00415	0.01097
415.4	4.154	0.14102	0.00416	0.01097
415.5	4.155	0.14103	0.00416	0.01097
415.6	4.156	0.14104	0.00416	0.01097
415.7	4.157	0.14105	0.00416	0.01097
415.8	4.158	0.14106	0.00416	0.01097
415.9	4.159	0.14107	0.00416	0.01096
416.0	4.16	0.14108	0.00416	0.01096
416.1	4.161	0.14109	0.00416	0.01096
416.2	4.162	0.1411	0.00416	0.01096
416.3	4.163	0.14111	0.00416	0.01096
416.4	4.164	0.14113	0.00417	0.01096
416.5	4.165	0.14114	0.00417	0.01095
416.6	4.166	0.14115	0.00417	0.01095
416.7	4.167	0.14116	0.00417	0.01095
416.8	4.168	0.14117	0.00417	0.01095
416.9	4.169	0.14118	0.00417	0.01095
417.0	4.17	0.14119	0.00417	0.01094
417.1	4.171	0.1412	0.00417	0.01094
417.2	4.172	0.14121	0.00417	0.01094
417.3	4.173	0.14122	0.00417	0.01094
417.4	4.174	0.14123	0.00418	0.01094
417.5	4.175	0.14125	0.00418	0.01094
417.6	4.176	0.14126	0.00418	0.01093
417.7	4.177	0.14127	0.00418	0.01093
417.8	4.178	0.14128	0.00418	0.01093
417.9	4.179	0.14129	0.00418	0.01093
418.0	4.18	0.1413	0.00418	0.01093
418.1	4.181	0.14131	0.00418	0.01093
418.2	4.182	0.14132	0.00418	0.01092
418.3	4.183	0.14133	0.00418	0.01092
418.4	4.184	0.14134	0.00419	0.01092
418.5	4.185	0.14135	0.00419	0.01092
418.6	4.186	0.14137	0.00419	0.01092
418.7	4.187	0.14138	0.00419	0.01092
418.8	4.188	0.14139	0.00419	0.01091
418.9	4.189	0.1414	0.00419	0.01091
419.0	4.19	0.14141	0.00419	0.01091
419.1	4.191	0.14142	0.00419	0.01091
419.2	4.192	0.14143	0.00419	0.01091
419.3	4.193	0.14144	0.00419	0.01091
419.4	4.194	0.14145	0.0042	0.0109
419.5	4.195	0.14146	0.0042	0.0109
419.6	4.196	0.14147	0.0042	0.0109
419.7	4.197	0.14149	0.0042	0.0109
419.8	4.198	0.1415	0.0042	0.0109
419.9	4.199	0.14151	0.0042	0.0109
420.0	4.2	0.14152	0.0042	0.01089
420.1	4.201	0.14153	0.0042	0.01089
420.2	4.202	0.14154	0.0042	0.01089
420.3	4.203	0.14155	0.0042	0.01089
420.4	4.204	0.14156	0.00421	0.01089
420.5	4.205	0.14157	0.00421	0.01089
420.6	4.206	0.14158	0.00421	0.01088
420.7	4.207	0.14159	0.00421	0.01088
420.8	4.208	0.14161	0.00421	0.01088
420.9	4.209	0.14162	0.00421	0.01088
421.0	4.21	0.14163	0.00421	0.01088
421.1	4.211	0.14164	0.00421	0.01088
421.2	4.212	0.14165	0.00421	0.01088
421.3	4.213	0.14166	0.00421	0.01087
421.4	4.214	0.14167	0.00422	0.01087
421.5	4.215	0.14168	0.00422	0.01087
421.6	4.216	0.14169	0.00422	0.01087
421.7	4.217	0.1417	0.00422	0.01087
421.8	4.218	0.14171	0.00422	0.01087
421.9	4.219	0.14173	0.00422	0.01086
422.0	4.22	0.14174	0.00422	0.01086
422.1	4.221	0.14175	0.00422	0.01086
422.2	4.222	0.14176	0.00422	0.01086
422.3	4.223	0.14177	0.00422	0.01086
422.4	4.224	0.14178	0.00423	0.01086
422.5	4.225	0.14179	0.00423	0.01085
422.6	4.226	0.1418	0.00423	0.01085
422.7	4.227	0.14181	0.00423	0.01085
422.8	4.228	0.14182	0.00423	0.01085
422.9	4.229	0.14183	0.00423	0.01085
423.0	4.23	0.14184	0.00423	0.01085
423.1	4.231	0.14186	0.00423	0.01085
423.2	4.232	0.14187	0.00423	0.01084
423.3	4.233	0.14188	0.00423	0.01084
423.4	4.234	0.14189	0.00424	0.01084
423.5	4.235	0.1419	0.00424	0.01084
423.6	4.236	0.14191	0.00424	0.01084
423.7	4.237	0.14192	0.00424	0.01084
423.8	4.238	0.14193	0.00424	0.01083
423.9	4.239	0.14194	0.00424	0.01083
424.0	4.24	0.14195	0.00424	0.01083
424.1	4.241	0.14196	0.00424	0.01083
424.2	4.242	0.14197	0.00424	0.01083
424.3	4.243	0.14199	0.00424	0.01083
424.4	4.244	0.142	0.00425	0.01083
424.5	4.245	0.14201	0.00425	0.01082
424.6	4.246	0.14202	0.00425	0.01082
424.7	4.247	0.14203	0.00425	0.01082
424.8	4.248	0.14204	0.00425	0.01082
424.9	4.249	0.14205	0.00425	0.01082
425.0	4.25	0.14206	0.00425	0.01082
425.1	4.251	0.14207	0.00425	0.01082
425.2	4.252	0.14208	0.00425	0.01081
425.3	4.253	0.14209	0.00425	0.01081
425.4	4.254	0.1421	0.00426	0.01081
425.5	4.255	0.14212	0.00426	0.01081
425.6	4.256	0.14213	0.00426	0.01081
425.7	4.257	0.14214	0.00426	0.01081
425.8	4.258	0.14215	0.00426	0.01081
425.9	4.259	0.14216	0.00426	0.0108
426.0	4.26	0.14217	0.00426	0.0108
426.1	4.261	0.14218	0.00426	0.0108
426.2	4.262	0.14219	0.00426	0.0108
426.3	4.263	0.1422	0.00426	0.0108
426.4	4.264	0.14221	0.00427	0.0108
426.5	4.265	0.14222	0.00427	0.01079
426.6	4.266	0.14223	0.00427	0.01079
426.7	4.267	0.14224	0.00427	0.01079
426.8	4.268	0.14226	0.00427	0.01079
426.9	4.269	0.14227	0.00427	0.01079
427.0	4.27	0.14228	0.00427	0.01079
427.1	4.271	0.14229	0.00427	0.01079
427.2	4.272	0.1423	0.00427	0.01078
427.3	4.273	0.14231	0.00427	0.01078
427.4	4.274	0.14232	0.00428	0.01078
427.5	4.275	0.14233	0.00428	0.01078
427.6	4.276	0.14234	0.00428	0.01078
427.7	4.277	0.14235	0.00428	0.01078
427.8	4.278	0.14236	0.00428	0.01078
427.9	4.279	0.14237	0.00428	0.01077
428.0	4.28	0.14238	0.00428	0.01077
428.1	4.281	0.1424	0.00428	0.01077
428.2	4.282	0.14241	0.00428	0.01077
428.3	4.283	0.14242	0.00428	0.01077
428.4	4.284	0.14243	0.00429	0.01077
428.5	4.285	0.14244	0.00429	0.01077
428.6	4.286	0.14245	0.00429	0.01077
428.7	4.287	0.14246	0.00429	0.01076
428.8	4.288	0.14247	0.00429	0.01076
428.9	4.289	0.14248	0.00429	0.01076
429.0	4.29	0.14249	0.00429	0.01076
429.1	4.291	0.1425	0.00429	0.01076
429.2	4.292	0.14251	0.00429	0.01076
429.3	4.293	0.14252	0.00429	0.01076
429.4	4.294	0.14254	0.0043	0.01075
429.5	4.295	0.14255	0.0043	0.01075
429.6	4.296	0.14256	0.0043	0.01075
429.7	4.297	0.14257	0.0043	0.01075
429.8	4.298	0.14258	0.0043	0.01075
429.9	4.299	0.14259	0.0043	0.01075
430.0	4.3	0.1426	0.0043	0.01075
430.1	4.301	0.14261	0.0043	0.01074
430.2	4.302	0.14262	0.0043	0.01074
430.3	4.303	0.14263	0.0043	0.01074
430.4	4.304	0.14264	0.00431	0.01074
430.5	4.305	0.14265	0.00431	0.01074
430.6	4.306	0.14266	0.00431	0.01074
430.7	4.307	0.14268	0.00431	0.01074
430.8	4.308	0.14269	0.00431	0.01074
430.9	4.309	0.1427	0.00431	0.01073
431.0	4.31	0.14271	0.00431	0.01073
431.1	4.311	0.14272	0.00431	0.01073
431.2	4.312	0.14273	0.00431	0.01073
431.3	4.313	0.14274	0.00431	0.01073
431.4	4.314	0.14275	0.00432	0.01073
431.5	4.315	0.14276	0.00432	0.01073
431.6	4.316	0.14277	0.00432	0.01072
431.7	4.317	0.14278	0.00432	0.01072
431.8	4.318	0.14279	0.00432	0.01072
431.9	4.319	0.1428	0.00432	0.01072
432.0	4.32	0.14281	0.00432	0.01072
432.1	4.321	0.14283	0.00432	0.01072
432.2	4.322	0.14284	0.00432	0.01072
432.3	4.323	0.14285	0.00432	0.01072
432.4	4.324	0.14286	0.00433	0.01071
432.5	4.325	0.14287	0.00433	0.01071
432.6	4.326	0.14288	0.00433	0.01071
432.7	4.327	0.14289	0.00433	0.01071
432.8	4.328	0.1429	0.00433	0.01071
432.9	4.329	0.14291	0.00433	0.01071
433.0	4.33	0.14292	0.00433	0.01071
433.1	4.331	0.14293	0.00433	0.0107
433.2	4.332	0.14294	0.00433	0.0107
433.3	4.333	0.14295	0.00433	0.0107
433.4	4.334	0.14296	0.00434	0.0107
433.5	4.335	0.14298	0.00434	0.0107
433.6	4.336	0.14299	0.00434	0.0107
433.7	4.337	0.143	0.00434	0.0107
433.8	4.338	0.14301	0.00434	0.0107
433.9	4.339	0.14302	0.00434	0.01069
434.0	4.34	0.14303	0.00434	0.01069
434.1	4.341	0.14304	0.00434	0.01069
434.2	4.342	0.14305	0.00434	0.01069
434.3	4.343	0.14306	0.00434	0.01069
434.4	4.344	0.14307	0.00435	0.01069
434.5	4.345	0.14308	0.00435	0.01069
434.6	4.346	0.14309	0.00435	0.01069
434.7	4.347	0.1431	0.00435	0.01068
434.8	4.348	0.14311	0.00435	0.01068
434.9	4.349	0.14313	0.00435	0.01068
435.0	4.35	0.14314	0.00435	0.01068
435.1	4.351	0.14315	0.00435	0.01068
435.2	4.352	0.14316	0.00435	0.01068
435.3	4.353	0.14317	0.00435	0.01068
435.4	4.354	0.14318	0.00436	0.01068
435.5	4.355	0.14319	0.00436	0.01067
435.6	4.356	0.1432	0.00436	0.01067
435.7	4.357	0.14321	0.00436	0.01067
435.8	4.358	0.14322	0.00436	0.01067
435.9	4.359	0.14323	0.00436	0.01067
436.0	4.36	0.14324	0.00436	0.01067
436.1	4.361	0.14325	0.00436	0.01067
436.2	4.362	0.14326	0.00436	0.01067
436.3	4.363	0.14327	0.00436	0.01067
436.4	4.364	0.14329	0.00437	0.01066
436.5	4.365	0.1433	0.00437	0.01066
436.6	4.366	0.14331	0.00437	0.01066
436.7	4.367	0.14332	0.00437	0.01066
436.8	4.368	0.14333	0.00437	0.01066
436.9	4.369	0.14334	0.00437	0.01066
437.0	4.37	0.14335	0.00437	0.01066
437.1	4.371	0.14336	0.00437	0.01066
437.2	4.372	0.14337	0.00437	0.01065
437.3	4.373	0.14338	0.00437	0.01065
437.4	4.374	0.14339	0.00438	0.01065
437.5	4.375	0.1434	0.00438	0.01065
437.6	4.376	0.14341	0.00438	0.01065
437.7	4.377	0.14342	0.00438	0.01065
437.8	4.378	0.14343	0.00438	0.01065
437.9	4.379	0.14344	0.00438	0.01065
438.0	4.38	0.14346	0.00438	0.01064
438.1	4.381	0.14347	0.00438	0.01064
438.2	4.382	0.14348	0.00438	0.01064
438.3	4.383	0.14349	0.00438	0.01064
438.4	4.384	0.1435	0.00439	0.01064
438.5	4.385	0.14351	0.00439	0.01064
438.6	4.386	0.14352	0.00439	0.01064
438.7	4.387	0.14353	0.00439	0.01064
438.8	4.388	0.14354	0.00439	0.01064
438.9	4.389	0.14355	0.00439	0.01063
439.0	4.39	0.14356	0.00439	0.01063
439.1	4.391	0.14357	0.00439	0.01063
439.2	4.392	0.14358	0.00439	0.01063
439.3	4.393	0.14359	0.00439	0.01063
439.4	4.394	0.1436	0.0044	0.01063
439.5	4.395	0.14362	0.0044	0.01063
439.6	4.396	0.14363	0.0044	0.01063
439.7	4.397	0.14364	0.0044	0.01063
439.8	4.398	0.14365	0.0044	0.01062
439.9	4.399	0.14366	0.0044	0.01062
440.0	4.4	0.14367	0.0044	0.01062
440.1	4.401	0.14368	0.0044	0.01062
440.2	4.402	0.14369	0.0044	0.01062
440.3	4.403	0.1437	0.0044	0.01062
440.4	4.404	0.14371	0.00441	0.01062
440.5	4.405	0.14372	0.00441	0.01062
440.6	4.406	0.14373	0.00441	0.01062
440.7	4.407	0.14374	0.00441	0.01061
440.8	4.408	0.14375	0.00441	0.01061
440.9	4.409	0.14376	0.00441	0.01061
441.0	4.41	0.14377	0.00441	0.01061
441.1	4.411	0.14379	0.00441	0.01061
441.2	4.412	0.1438	0.00441	0.01061
441.3	4.413	0.14381	0.00441	0.01061
441.4	4.414	0.14382	0.00442	0.01061
441.5	4.415	0.14383	0.00442	0.01061
441.6	4.416	0.14384	0.00442	0.0106
441.7	4.417	0.14385	0.00442	0.0106
441.8	4.418	0.14386	0.00442	0.0106
441.9	4.419	0.14387	0.00442	0.0106
442.0	4.42	0.14388	0.00442	0.0106
442.1	4.421	0.14389	0.00442	0.0106
442.2	4.422	0.1439	0.00442	0.0106
442.3	4.423	0.14391	0.00442	0.0106
442.4	4.424	0.14392	0.00443	0.0106
442.5	4.425	0.14393	0.00443	0.01059
442.6	4.426	0.14394	0.00443	0.01059
442.7	4.427	0.14395	0.00443	0.01059
442.8	4.428	0.14397	0.00443	0.01059
442.9	4.429	0.14398	0.00443	0.01059
443.0	4.43	0.14399	0.00443	0.01059
443.1	4.431	0.144	0.00443	0.01059
443.2	4.432	0.14401	0.00443	0.01059
443.3	4.433	0.14402	0.00443	0.01059
443.4	4.434	0.14403	0.00444	0.01058
443.5	4.435	0.14404	0.00444	0.01058
443.6	4.436	0.14405	0.00444	0.01058
443.7	4.437	0.14406	0.00444	0.01058
443.8	4.438	0.14407	0.00444	0.01058
443.9	4.439	0.14408	0.00444	0.01058
444.0	4.44	0.14409	0.00444	0.01058
444.1	4.441	0.1441	0.00444	0.01058
444.2	4.442	0.14411	0.00444	0.01058
444.3	4.443	0.14412	0.00444	0.01058
444.4	4.444	0.14413	0.00445	0.01057
444.5	4.445	0.14415	0.00445	0.01057
444.6	4.446	0.14416	0.00445	0.01057
444.7	4.447	0.14417	0.00445	0.01057
444.8	4.448	0.14418	0.00445	0.01057
444.9	4.449	0.14419	0.00445	0.01057
445.0	4.45	0.1442	0.00445	0.01057
445.1	4.451	0.14421	0.00445	0.01057
445.2	4.452	0.14422	0.00445	0.01057
445.3	4.453	0.14423	0.00445	0.01056
445.4	4.454	0.14424	0.00446	0.01056
445.5	4.455	0.14425	0.00446	0.01056
445.6	4.456	0.14426	0.00446	0.01056
445.7	4.457	0.14427	0.00446	0.01056
445.8	4.458	0.14428	0.00446	0.01056
445.9	4.459	0.14429	0.00446	0.01056
446.0	4.46	0.1443	0.00446	0.01056
446.1	4.461	0.14431	0.00446	0.01056
446.2	4.462	0.14432	0.00446	0.01056
446.3	4.463	0.14434	0.00446	0.01055
446.4	4.464	0.14435	0.00447	0.01055
446.5	4.465	0.14436	0.00447	0.01055
446.6	4.466	0.14437	0.00447	0.01055
446.7	4.467	0.14438	0.00447	0.01055
446.8	4.468	0.14439	0.00447	0.01055
446.9	4.469	0.1444	0.00447	0.01055
447.0	4.47	0.14441	0.00447	0.01055
447.1	4.471	0.14442	0.00447	0.01055
447.2	4.472	0.14443	0.00447	0.01055
447.3	4.473	0.14444	0.00447	0.01054
447.4	4.474	0.14445	0.00448	0.01054
447.5	4.475	0.14446	0.00448	0.01054
447.6	4.476	0.14447	0.00448	0.01054
447.7	4.477	0.14448	0.00448	0.01054
447.8	4.478	0.14449	0.00448	0.01054
447.9	4.479	0.1445	0.00448	0.01054
448.0	4.48	0.14451	0.00448	0.01054
448.1	4.481	0.14453	0.00448	0.01054
448.2	4.482	0.14454	0.00448	0.01054
448.3	4.483	0.14455	0.00448	0.01053
448.4	4.484	0.14456	0.00449	0.01053
448.5	4.485	0.14457	0.00449	0.01053
448.6	4.486	0.14458	0.00449	0.01053
448.7	4.487	0.14459	0.00449	0.01053
448.8	4.488	0.1446	0.00449	0.01053
448.9	4.489	0.14461	0.00449	0.01053
449.0	4.49	0.14462	0.00449	0.01053
449.1	4.491	0.14463	0.00449	0.01053
449.2	4.492	0.14464	0.00449	0.01053
449.3	4.493	0.14465	0.00449	0.01053
449.4	4.494	0.14466	0.0045	0.01052
449.5	4.495	0.14467	0.0045	0.01052
449.6	4.496	0.14468	0.0045	0.01052
449.7	4.497	0.14469	0.0045	0.01052
449.8	4.498	0.1447	0.0045	0.01052
449.9	4.499	0.14471	0.0045	0.01052
450.0	4.5	0.14473	0.0045	0.01052
450.1	4.501	0.14474	0.0045	0.01052
450.2	4.502	0.14475	0.0045	0.01052
450.3	4.503	0.14476	0.0045	0.01052
450.4	4.504	0.14477	0.00451	0.01051
450.5	4.505	0.14478	0.00451	0.01051
450.6	4.506	0.14479	0.00451	0.01051
450.7	4.507	0.1448	0.00451	0.01051
450.8	4.508	0.14481	0.00451	0.01051
450.9	4.509	0.14482	0.00451	0.01051
451.0	4.51	0.14483	0.00451	0.01051
451.1	4.511	0.14484	0.00451	0.01051
451.2	4.512	0.14485	0.00451	0.01051
451.3	4.513	0.14486	0.00451	0.01051
451.4	4.514	0.14487	0.00452	0.01051
451.5	4.515	0.14488	0.00452	0.0105
451.6	4.516	0.14489	0.00452	0.0105
451.7	4.517	0.1449	0.00452	0.0105
451.8	4.518	0.14491	0.00452	0.0105
451.9	4.519	0.14492	0.00452	0.0105
452.0	4.52	0.14494	0.00452	0.0105
452.1	4.521	0.14495	0.00452	0.0105
452.2	4.522	0.14496	0.00452	0.0105
452.3	4.523	0.14497	0.00452	0.0105
452.4	4.524	0.14498	0.00453	0.0105
452.5	4.525	0.14499	0.00453	0.0105
452.6	4.526	0.145	0.00453	0.01049
452.7	4.527	0.14501	0.00453	0.01049
452.8	4.528	0.14502	0.00453	0.01049
452.9	4.529	0.14503	0.00453	0.01049
453.0	4.53	0.14504	0.00453	0.01049
453.1	4.531	0.14505	0.00453	0.01049
453.2	4.532	0.14506	0.00453	0.01049
453.3	4.533	0.14507	0.00453	0.01049
453.4	4.534	0.14508	0.00454	0.01049
453.5	4.535	0.14509	0.00454	0.01049
453.6	4.536	0.1451	0.00454	0.01049
453.7	4.537	0.14511	0.00454	0.01048
453.8	4.538	0.14512	0.00454	0.01048
453.9	4.539	0.14513	0.00454	0.01048
454.0	4.54	0.14515	0.00454	0.01048
454.1	4.541	0.14516	0.00454	0.01048
454.2	4.542	0.14517	0.00454	0.01048
454.3	4.543	0.14518	0.00454	0.01048
454.4	4.544	0.14519	0.00455	0.01048
454.5	4.545	0.1452	0.00455	0.01048
454.6	4.546	0.14521	0.00455	0.01048
454.7	4.547	0.14522	0.00455	0.01048
454.8	4.548	0.14523	0.00455	0.01048
454.9	4.549	0.14524	0.00455	0.01047
455.0	4.55	0.14525	0.00455	0.01047
455.1	4.551	0.14526	0.00455	0.01047
455.2	4.552	0.14527	0.00455	0.01047
455.3	4.553	0.14528	0.00455	0.01047
455.4	4.554	0.14529	0.00456	0.01047
455.5	4.555	0.1453	0.00456	0.01047
455.6	4.556	0.14531	0.00456	0.01047
455.7	4.557	0.14532	0.00456	0.01047
455.8	4.558	0.14533	0.00456	0.01047
455.9	4.559	0.14534	0.00456	0.01047
456.0	4.56	0.14535	0.00456	0.01046
456.1	4.561	0.14537	0.00456	0.01046
456.2	4.562	0.14538	0.00456	0.01046
456.3	4.563	0.14539	0.00456	0.01046
456.4	4.564	0.1454	0.00457	0.01046
456.5	4.565	0.14541	0.00457	0.01046
456.6	4.566	0.14542	0.00457	0.01046
456.7	4.567	0.14543	0.00457	0.01046
456.8	4.568	0.14544	0.00457	0.01046
456.9	4.569	0.14545	0.00457	0.01046
457.0	4.57	0.14546	0.00457	0.01046
457.1	4.571	0.14547	0.00457	0.01046
457.2	4.572	0.14548	0.00457	0.01045
457.3	4.573	0.14549	0.00457	0.01045
457.4	4.574	0.1455	0.00458	0.01045
457.5	4.575	0.14551	0.00458	0.01045
457.6	4.576	0.14552	0.00458	0.01045
457.7	4.577	0.14553	0.00458	0.01045
457.8	4.578	0.14554	0.00458	0.01045
457.9	4.579	0.14555	0.00458	0.01045
458.0	4.58	0.14556	0.00458	0.01045
458.1	4.581	0.14557	0.00458	0.01045
458.2	4.582	0.14558	0.00458	0.01045
458.3	4.583	0.14559	0.00458	0.01045
458.4	4.584	0.14561	0.00459	0.01045
458.5	4.585	0.14562	0.00459	0.01044
458.6	4.586	0.14563	0.00459	0.01044
458.7	4.587	0.14564	0.00459	0.01044
458.8	4.588	0.14565	0.00459	0.01044
458.9	4.589	0.14566	0.00459	0.01044
459.0	4.59	0.14567	0.00459	0.01044
459.1	4.591	0.14568	0.00459	0.01044
459.2	4.592	0.14569	0.00459	0.01044
459.3	4.593	0.1457	0.00459	0.01044
459.4	4.594	0.14571	0.0046	0.01044
459.5	4.595	0.14572	0.0046	0.01044
459.6	4.596	0.14573	0.0046	0.01044
459.7	4.597	0.14574	0.0046	0.01043
459.8	4.598	0.14575	0.0046	0.01043
459.9	4.599	0.14576	0.0046	0.01043
460.0	4.6	0.14577	0.0046	0.01043
460.1	4.601	0.14578	0.0046	0.01043
460.2	4.602	0.14579	0.0046	0.01043
460.3	4.603	0.1458	0.0046	0.01043
460.4	4.604	0.14581	0.00461	0.01043
460.5	4.605	0.14582	0.00461	0.01043
460.6	4.606	0.14584	0.00461	0.01043
460.7	4.607	0.14585	0.00461	0.01043
460.8	4.608	0.14586	0.00461	0.01043
460.9	4.609	0.14587	0.00461	0.01043
461.0	4.61	0.14588	0.00461	0.01042
461.1	4.611	0.14589	0.00461	0.01042
461.2	4.612	0.1459	0.00461	0.01042
461.3	4.613	0.14591	0.00461	0.01042
461.4	4.614	0.14592	0.00462	0.01042
461.5	4.615	0.14593	0.00462	0.01042
461.6	4.616	0.14594	0.00462	0.01042
461.7	4.617	0.14595	0.00462	0.01042
461.8	4.618	0.14596	0.00462	0.01042
461.9	4.619	0.14597	0.00462	0.01042
462.0	4.62	0.14598	0.00462	0.01042
462.1	4.621	0.14599	0.00462	0.01042
462.2	4.622	0.146	0.00462	0.01042
462.3	4.623	0.14601	0.00462	0.01041
462.4	4.624	0.14602	0.00463	0.01041
462.5	4.625	0.14603	0.00463	0.01041
462.6	4.626	0.14604	0.00463	0.01041
462.7	4.627	0.14605	0.00463	0.01041
462.8	4.628	0.14606	0.00463	0.01041
462.9	4.629	0.14607	0.00463	0.01041
463.0	4.63	0.14609	0.00463	0.01041
463.1	4.631	0.1461	0.00463	0.01041
463.2	4.632	0.14611	0.00463	0.01041
463.3	4.633	0.14612	0.00463	0.01041
463.4	4.634	0.14613	0.00464	0.01041
463.5	4.635	0.14614	0.00464	0.01041
463.6	4.636	0.14615	0.00464	0.0104
463.7	4.637	0.14616	0.00464	0.0104
463.8	4.638	0.14617	0.00464	0.0104
463.9	4.639	0.14618	0.00464	0.0104
464.0	4.64	0.14619	0.00464	0.0104
464.1	4.641	0.1462	0.00464	0.0104
464.2	4.642	0.14621	0.00464	0.0104
464.3	4.643	0.14622	0.00464	0.0104
464.4	4.644	0.14623	0.00465	0.0104
464.5	4.645	0.14624	0.00465	0.0104
464.6	4.646	0.14625	0.00465	0.0104
464.7	4.647	0.14626	0.00465	0.0104
464.8	4.648	0.14627	0.00465	0.0104
464.9	4.649	0.14628	0.00465	0.0104
465.0	4.65	0.14629	0.00465	0.01039
465.1	4.651	0.1463	0.00465	0.01039
465.2	4.652	0.14631	0.00465	0.01039
465.3	4.653	0.14632	0.00465	0.01039
465.4	4.654	0.14633	0.00466	0.01039
465.5	4.655	0.14635	0.00466	0.01039
465.6	4.656	0.14636	0.00466	0.01039
465.7	4.657	0.14637	0.00466	0.01039
465.8	4.658	0.14638	0.00466	0.01039
465.9	4.659	0.14639	0.00466	0.01039
466.0	4.66	0.1464	0.00466	0.01039
466.1	4.661	0.14641	0.00466	0.01039
466.2	4.662	0.14642	0.00466	0.01039
466.3	4.663	0.14643	0.00466	0.01039
466.4	4.664	0.14644	0.00467	0.01038
466.5	4.665	0.14645	0.00467	0.01038
466.6	4.666	0.14646	0.00467	0.01038
466.7	4.667	0.14647	0.00467	0.01038
466.8	4.668	0.14648	0.00467	0.01038
466.9	4.669	0.14649	0.00467	0.01038
467.0	4.67	0.1465	0.00467	0.01038
467.1	4.671	0.14651	0.00467	0.01038
467.2	4.672	0.14652	0.00467	0.01038
467.3	4.673	0.14653	0.00467	0.01038
467.4	4.674	0.14654	0.00468	0.01038
467.5	4.675	0.14655	0.00468	0.01038
467.6	4.676	0.14656	0.00468	0.01038
467.7	4.677	0.14657	0.00468	0.01038
467.8	4.678	0.14658	0.00468	0.01038
467.9	4.679	0.14659	0.00468	0.01037
468.0	4.68	0.1466	0.00468	0.01037
468.1	4.681	0.14661	0.00468	0.01037
468.2	4.682	0.14663	0.00468	0.01037
468.3	4.683	0.14664	0.00468	0.01037
468.4	4.684	0.14665	0.00469	0.01037
468.5	4.685	0.14666	0.00469	0.01037
468.6	4.686	0.14667	0.00469	0.01037
468.7	4.687	0.14668	0.00469	0.01037
468.8	4.688	0.14669	0.00469	0.01037
468.9	4.689	0.1467	0.00469	0.01037
469.0	4.69	0.14671	0.00469	0.01037
469.1	4.691	0.14672	0.00469	0.01037
469.2	4.692	0.14673	0.00469	0.01037
469.3	4.693	0.14674	0.00469	0.01037
469.4	4.694	0.14675	0.0047	0.01036
469.5	4.695	0.14676	0.0047	0.01036
469.6	4.696	0.14677	0.0047	0.01036
469.7	4.697	0.14678	0.0047	0.01036
469.8	4.698	0.14679	0.0047	0.01036
469.9	4.699	0.1468	0.0047	0.01036
470.0	4.7	0.14681	0.0047	0.01036
470.1	4.701	0.14682	0.0047	0.01036
470.2	4.702	0.14683	0.0047	0.01036
470.3	4.703	0.14684	0.0047	0.01036
470.4	4.704	0.14685	0.00471	0.01036
470.5	4.705	0.14686	0.00471	0.01036
470.6	4.706	0.14687	0.00471	0.01036
470.7	4.707	0.14688	0.00471	0.01036
470.8	4.708	0.14689	0.00471	0.01036
470.9	4.709	0.14691	0.00471	0.01035
471.0	4.71	0.14692	0.00471	0.01035
471.1	4.711	0.14693	0.00471	0.01035
471.2	4.712	0.14694	0.00471	0.01035
471.3	4.713	0.14695	0.00471	0.01035
471.4	4.714	0.14696	0.00472	0.01035
471.5	4.715	0.14697	0.00472	0.01035
471.6	4.716	0.14698	0.00472	0.01035
471.7	4.717	0.14699	0.00472	0.01035
471.8	4.718	0.147	0.00472	0.01035
471.9	4.719	0.14701	0.00472	0.01035
472.0	4.72	0.14702	0.00472	0.01035
472.1	4.721	0.14703	0.00472	0.01035
472.2	4.722	0.14704	0.00472	0.01035
472.3	4.723	0.14705	0.00472	0.01035
472.4	4.724	0.14706	0.00473	0.01035
472.5	4.725	0.14707	0.00473	0.01034
472.6	4.726	0.14708	0.00473	0.01034
472.7	4.727	0.14709	0.00473	0.01034
472.8	4.728	0.1471	0.00473	0.01034
472.9	4.729	0.14711	0.00473	0.01034
473.0	4.73	0.14712	0.00473	0.01034
473.1	4.731	0.14713	0.00473	0.01034
473.2	4.732	0.14714	0.00473	0.01034
473.3	4.733	0.14715	0.00473	0.01034
473.4	4.734	0.14716	0.00474	0.01034
473.5	4.735	0.14717	0.00474	0.01034
473.6	4.736	0.14718	0.00474	0.01034
473.7	4.737	0.14719	0.00474	0.01034
473.8	4.738	0.14721	0.00474	0.01034
473.9	4.739	0.14722	0.00474	0.01034
474.0	4.74	0.14723	0.00474	0.01034
474.1	4.741	0.14724	0.00474	0.01033
474.2	4.742	0.14725	0.00474	0.01033
474.3	4.743	0.14726	0.00474	0.01033
474.4	4.744	0.14727	0.00475	0.01033
474.5	4.745	0.14728	0.00475	0.01033
474.6	4.746	0.14729	0.00475	0.01033
474.7	4.747	0.1473	0.00475	0.01033
474.8	4.748	0.14731	0.00475	0.01033
474.9	4.749	0.14732	0.00475	0.01033
475.0	4.75	0.14733	0.00475	0.01033
475.1	4.751	0.14734	0.00475	0.01033
475.2	4.752	0.14735	0.00475	0.01033
475.3	4.753	0.14736	0.00475	0.01033
475.4	4.754	0.14737	0.00476	0.01033
475.5	4.755	0.14738	0.00476	0.01033
475.6	4.756	0.14739	0.00476	0.01033
475.7	4.757	0.1474	0.00476	0.01032
475.8	4.758	0.14741	0.00476	0.01032
475.9	4.759	0.14742	0.00476	0.01032
476.0	4.76	0.14743	0.00476	0.01032
476.1	4.761	0.14744	0.00476	0.01032
476.2	4.762	0.14745	0.00476	0.01032
476.3	4.763	0.14746	0.00476	0.01032
476.4	4.764	0.14747	0.00477	0.01032
476.5	4.765	0.14748	0.00477	0.01032
476.6	4.766	0.14749	0.00477	0.01032
476.7	4.767	0.1475	0.00477	0.01032
476.8	4.768	0.14751	0.00477	0.01032
476.9	4.769	0.14753	0.00477	0.01032
477.0	4.77	0.14754	0.00477	0.01032
477.1	4.771	0.14755	0.00477	0.01032
477.2	4.772	0.14756	0.00477	0.01032
477.3	4.773	0.14757	0.00477	0.01032
477.4	4.774	0.14758	0.00478	0.01032
477.5	4.775	0.14759	0.00478	0.01031
477.6	4.776	0.1476	0.00478	0.01031
477.7	4.777	0.14761	0.00478	0.01031
477.8	4.778	0.14762	0.00478	0.01031
477.9	4.779	0.14763	0.00478	0.01031
478.0	4.78	0.14764	0.00478	0.01031
478.1	4.781	0.14765	0.00478	0.01031
478.2	4.782	0.14766	0.00478	0.01031
478.3	4.783	0.14767	0.00478	0.01031
478.4	4.784	0.14768	0.00479	0.01031
478.5	4.785	0.14769	0.00479	0.01031
478.6	4.786	0.1477	0.00479	0.01031
478.7	4.787	0.14771	0.00479	0.01031
478.8	4.788	0.14772	0.00479	0.01031
478.9	4.789	0.14773	0.00479	0.01031
479.0	4.79	0.14774	0.00479	0.01031
479.1	4.791	0.14775	0.00479	0.01031
479.2	4.792	0.14776	0.00479	0.0103
479.3	4.793	0.14777	0.00479	0.0103
479.4	4.794	0.14778	0.0048	0.0103
479.5	4.795	0.14779	0.0048	0.0103
479.6	4.796	0.1478	0.0048	0.0103
479.7	4.797	0.14781	0.0048	0.0103
479.8	4.798	0.14782	0.0048	0.0103
479.9	4.799	0.14783	0.0048	0.0103
480.0	4.8	0.14784	0.0048	0.0103
480.1	4.801	0.14786	0.0048	0.0103
480.2	4.802	0.14787	0.0048	0.0103
480.3	4.803	0.14788	0.0048	0.0103
480.4	4.804	0.14789	0.00481	0.0103
480.5	4.805	0.1479	0.00481	0.0103
480.6	4.806	0.14791	0.00481	0.0103
480.7	4.807	0.14792	0.00481	0.0103
480.8	4.808	0.14793	0.00481	0.0103
480.9	4.809	0.14794	0.00481	0.0103
481.0	4.81	0.14795	0.00481	0.0103
481.1	4.811	0.14796	0.00481	0.01029
481.2	4.812	0.14797	0.00481	0.01029
481.3	4.813	0.14798	0.00481	0.01029
481.4	4.814	0.14799	0.00482	0.01029
481.5	4.815	0.148	0.00482	0.01029
481.6	4.816	0.14801	0.00482	0.01029
481.7	4.817	0.14802	0.00482	0.01029
481.8	4.818	0.14803	0.00482	0.01029
481.9	4.819	0.14804	0.00482	0.01029
482.0	4.82	0.14805	0.00482	0.01029
482.1	4.821	0.14806	0.00482	0.01029
482.2	4.822	0.14807	0.00482	0.01029
482.3	4.823	0.14808	0.00482	0.01029
482.4	4.824	0.14809	0.00483	0.01029
482.5	4.825	0.1481	0.00483	0.01029
482.6	4.826	0.14811	0.00483	0.01029
482.7	4.827	0.14812	0.00483	0.01029
482.8	4.828	0.14813	0.00483	0.01029
482.9	4.829	0.14814	0.00483	0.01029
483.0	4.83	0.14815	0.00483	0.01028
483.1	4.831	0.14816	0.00483	0.01028
483.2	4.832	0.14817	0.00483	0.01028
483.3	4.833	0.14818	0.00483	0.01028
483.4	4.834	0.14819	0.00484	0.01028
483.5	4.835	0.14821	0.00484	0.01028
483.6	4.836	0.14822	0.00484	0.01028
483.7	4.837	0.14823	0.00484	0.01028
483.8	4.838	0.14824	0.00484	0.01028
483.9	4.839	0.14825	0.00484	0.01028
484.0	4.84	0.14826	0.00484	0.01028
484.1	4.841	0.14827	0.00484	0.01028
484.2	4.842	0.14828	0.00484	0.01028
484.3	4.843	0.14829	0.00484	0.01028
484.4	4.844	0.1483	0.00485	0.01028
484.5	4.845	0.14831	0.00485	0.01028
484.6	4.846	0.14832	0.00485	0.01028
484.7	4.847	0.14833	0.00485	0.01028
484.8	4.848	0.14834	0.00485	0.01028
484.9	4.849	0.14835	0.00485	0.01027
485.0	4.85	0.14836	0.00485	0.01027
485.1	4.851	0.14837	0.00485	0.01027
485.2	4.852	0.14838	0.00485	0.01027
485.3	4.853	0.14839	0.00485	0.01027
485.4	4.854	0.1484	0.00486	0.01027
485.5	4.855	0.14841	0.00486	0.01027
485.6	4.856	0.14842	0.00486	0.01027
485.7	4.857	0.14843	0.00486	0.01027
485.8	4.858	0.14844	0.00486	0.01027
485.9	4.859	0.14845	0.00486	0.01027
486.0	4.86	0.14846	0.00486	0.01027
486.1	4.861	0.14847	0.00486	0.01027
486.2	4.862	0.14848	0.00486	0.01027
486.3	4.863	0.14849	0.00486	0.01027
486.4	4.864	0.1485	0.00487	0.01027
486.5	4.865	0.14851	0.00487	0.01027
486.6	4.866	0.14852	0.00487	0.01027
486.7	4.867	0.14853	0.00487	0.01027
486.8	4.868	0.14854	0.00487	0.01027
486.9	4.869	0.14855	0.00487	0.01027
487.0	4.87	0.14856	0.00487	0.01026
487.1	4.871	0.14857	0.00487	0.01026
487.2	4.872	0.14859	0.00487	0.01026
487.3	4.873	0.1486	0.00487	0.01026
487.4	4.874	0.14861	0.00488	0.01026
487.5	4.875	0.14862	0.00488	0.01026
487.6	4.876	0.14863	0.00488	0.01026
487.7	4.877	0.14864	0.00488	0.01026
487.8	4.878	0.14865	0.00488	0.01026
487.9	4.879	0.14866	0.00488	0.01026
488.0	4.88	0.14867	0.00488	0.01026
488.1	4.881	0.14868	0.00488	0.01026
488.2	4.882	0.14869	0.00488	0.01026
488.3	4.883	0.1487	0.00488	0.01026
488.4	4.884	0.14871	0.00489	0.01026
488.5	4.885	0.14872	0.00489	0.01026
488.6	4.886	0.14873	0.00489	0.01026
488.7	4.887	0.14874	0.00489	0.01026
488.8	4.888	0.14875	0.00489	0.01026
488.9	4.889	0.14876	0.00489	0.01026
489.0	4.89	0.14877	0.00489	0.01026
489.1	4.891	0.14878	0.00489	0.01025
489.2	4.892	0.14879	0.00489	0.01025
489.3	4.893	0.1488	0.00489	0.01025
489.4	4.894	0.14881	0.0049	0.01025
489.5	4.895	0.14882	0.0049	0.01025
489.6	4.896	0.14883	0.0049	0.01025
489.7	4.897	0.14884	0.0049	0.01025
489.8	4.898	0.14885	0.0049	0.01025
489.9	4.899	0.14886	0.0049	0.01025
490.0	4.9	0.14887	0.0049	0.01025
490.1	4.901	0.14888	0.0049	0.01025
490.2	4.902	0.14889	0.0049	0.01025
490.3	4.903	0.1489	0.0049	0.01025
490.4	4.904	0.14891	0.00491	0.01025
490.5	4.905	0.14892	0.00491	0.01025
490.6	4.906	0.14893	0.00491	0.01025
490.7	4.907	0.14894	0.00491	0.01025
490.8	4.908	0.14895	0.00491	0.01025
490.9	4.909	0.14896	0.00491	0.01025
491.0	4.91	0.14897	0.00491	0.01025
491.1	4.911	0.14899	0.00491	0.01025
491.2	4.912	0.149	0.00491	0.01025
491.3	4.913	0.14901	0.00491	0.01024
491.4	4.914	0.14902	0.00492	0.01024
491.5	4.915	0.14903	0.00492	0.01024
491.6	4.916	0.14904	0.00492	0.01024
491.7	4.917	0.14905	0.00492	0.01024
491.8	4.918	0.14906	0.00492	0.01024
491.9	4.919	0.14907	0.00492	0.01024
492.0	4.92	0.14908	0.00492	0.01024
492.1	4.921	0.14909	0.00492	0.01024
492.2	4.922	0.1491	0.00492	0.01024
492.3	4.923	0.14911	0.00492	0.01024
492.4	4.924	0.14912	0.00493	0.01024
492.5	4.925	0.14913	0.00493	0.01024
492.6	4.926	0.14914	0.00493	0.01024
492.7	4.927	0.14915	0.00493	0.01024
492.8	4.928	0.14916	0.00493	0.01024
492.9	4.929	0.14917	0.00493	0.01024
493.0	4.93	0.14918	0.00493	0.01024
493.1	4.931	0.14919	0.00493	0.01024
493.2	4.932	0.1492	0.00493	0.01024
493.3	4.933	0.14921	0.00493	0.01024
493.4	4.934	0.14922	0.00494	0.01024
493.5	4.935	0.14923	0.00494	0.01024
493.6	4.936	0.14924	0.00494	0.01023
493.7	4.937	0.14925	0.00494	0.01023
493.8	4.938	0.14926	0.00494	0.01023
493.9	4.939	0.14927	0.00494	0.01023
494.0	4.94	0.14928	0.00494	0.01023
494.1	4.941	0.14929	0.00494	0.01023
494.2	4.942	0.1493	0.00494	0.01023
494.3	4.943	0.14931	0.00494	0.01023
494.4	4.944	0.14932	0.00495	0.01023
494.5	4.945	0.14933	0.00495	0.01023
494.6	4.946	0.14934	0.00495	0.01023
494.7	4.947	0.14935	0.00495	0.01023
494.8	4.948	0.14936	0.00495	0.01023
494.9	4.949	0.14937	0.00495	0.01023
495.0	4.95	0.14938	0.00495	0.01023
495.1	4.951	0.14939	0.00495	0.01023
495.2	4.952	0.1494	0.00495	0.01023
495.3	4.953	0.14941	0.00495	0.01023
495.4	4.954	0.14943	0.00496	0.01023
495.5	4.955	0.14944	0.00496	0.01023
495.6	4.956	0.14945	0.00496	0.01023
495.7	4.957	0.14946	0.00496	0.01023
495.8	4.958	0.14947	0.00496	0.01023
495.9	4.959	0.14948	0.00496	0.01023
496.0	4.96	0.14949	0.00496	0.01022
496.1	4.961	0.1495	0.00496	0.01022
496.2	4.962	0.14951	0.00496	0.01022
496.3	4.963	0.14952	0.00496	0.01022
496.4	4.964	0.14953	0.00497	0.01022
496.5	4.965	0.14954	0.00497	0.01022
496.6	4.966	0.14955	0.00497	0.01022
496.7	4.967	0.14956	0.00497	0.01022
496.8	4.968	0.14957	0.00497	0.01022
496.9	4.969	0.14958	0.00497	0.01022
497.0	4.97	0.14959	0.00497	0.01022
497.1	4.971	0.1496	0.00497	0.01022
497.2	4.972	0.14961	0.00497	0.01022
497.3	4.973	0.14962	0.00497	0.01022
497.4	4.974	0.14963	0.00498	0.01022
497.5	4.975	0.14964	0.00498	0.01022
497.6	4.976	0.14965	0.00498	0.01022
497.7	4.977	0.14966	0.00498	0.01022
497.8	4.978	0.14967	0.00498	0.01022
497.9	4.979	0.14968	0.00498	0.01022
498.0	4.98	0.14969	0.00498	0.01022
498.1	4.981	0.1497	0.00498	0.01022
498.2	4.982	0.14971	0.00498	0.01022
498.3	4.983	0.14972	0.00498	0.01022
498.4	4.984	0.14973	0.00499	0.01022
498.5	4.985	0.14974	0.00499	0.01021
498.6	4.986	0.14975	0.00499	0.01021
498.7	4.987	0.14976	0.00499	0.01021
498.8	4.988	0.14977	0.00499	0.01021
498.9	4.989	0.14978	0.00499	0.01021
499.0	4.99	0.14979	0.00499	0.01021
499.1	4.991	0.1498	0.00499	0.01021
499.2	4.992	0.14981	0.00499	0.01021
499.3	4.993	0.14982	0.00499	0.01021
499.4	4.994	0.14983	0.005	0.01021
499.5	4.995	0.14984	0.005	0.01021
499.6	4.996	0.14985	0.005	0.01021
499.7	4.997	0.14986	0.005	0.01021
499.8	4.998	0.14987	0.005	0.01021
499.9	4.999	0.14989	0.005	0.01021
500.0	5.0	0.1499	0.005	0.01021
500.1	5.001	0.14991	0.005	0.01021
500.2	5.002	0.14992	0.005	0.01021
500.3	5.003	0.14993	0.005	0.01021
500.4	5.004	0.14994	0.00501	0.01021
500.5	5.005	0.14995	0.00501	0.01021
500.6	5.006	0.14996	0.00501	0.01021
500.7	5.007	0.14997	0.00501	0.01021
500.8	5.008	0.14998	0.00501	0.01021
500.9	5.009	0.14999	0.00501	0.01021
501.0	5.01	0.15	0.00501	0.01021
501.1	5.011	0.15001	0.00501	0.0102
501.2	5.012	0.15002	0.00501	0.0102
501.3	5.013	0.15003	0.00501	0.0102
501.4	5.014	0.15004	0.00502	0.0102
501.5	5.015	0.15005	0.00502	0.0102
501.6	5.016	0.15006	0.00502	0.0102
501.7	5.017	0.15007	0.00502	0.0102
501.8	5.018	0.15008	0.00502	0.0102
501.9	5.019	0.15009	0.00502	0.0102
502.0	5.02	0.1501	0.00502	0.0102
502.1	5.021	0.15011	0.00502	0.0102
502.2	5.022	0.15012	0.00502	0.0102
502.3	5.023	0.15013	0.00502	0.0102
502.4	5.024	0.15014	0.00503	0.0102
502.5	5.025	0.15015	0.00503	0.0102
502.6	5.026	0.15016	0.00503	0.0102
502.7	5.027	0.15017	0.00503	0.0102
502.8	5.028	0.15018	0.00503	0.0102
502.9	5.029	0.15019	0.00503	0.0102
503.0	5.03	0.1502	0.00503	0.0102
503.1	5.031	0.15021	0.00503	0.0102
503.2	5.032	0.15022	0.00503	0.0102
503.3	5.033	0.15023	0.00503	0.0102
503.4	5.034	0.15024	0.00504	0.0102
503.5	5.035	0.15025	0.00504	0.0102
503.6	5.036	0.15026	0.00504	0.0102
503.7	5.037	0.15027	0.00504	0.0102
503.8	5.038	0.15028	0.00504	0.01019
503.9	5.039	0.15029	0.00504	0.01019
504.0	5.04	0.1503	0.00504	0.01019
504.1	5.041	0.15031	0.00504	0.01019
504.2	5.042	0.15032	0.00504	0.01019
504.3	5.043	0.15033	0.00504	0.01019
504.4	5.044	0.15034	0.00505	0.01019
504.5	5.045	0.15035	0.00505	0.01019
504.6	5.046	0.15036	0.00505	0.01019
504.7	5.047	0.15037	0.00505	0.01019
504.8	5.048	0.15038	0.00505	0.01019
504.9	5.049	0.15039	0.00505	0.01019
505.0	5.05	0.15041	0.00505	0.01019
505.1	5.051	0.15042	0.00505	0.01019
505.2	5.052	0.15043	0.00505	0.01019
505.3	5.053	0.15044	0.00505	0.01019
505.4	5.054	0.15045	0.00506	0.01019
505.5	5.055	0.15046	0.00506	0.01019
505.6	5.056	0.15047	0.00506	0.01019
505.7	5.057	0.15048	0.00506	0.01019
505.8	5.058	0.15049	0.00506	0.01019
505.9	5.059	0.1505	0.00506	0.01019
506.0	5.06	0.15051	0.00506	0.01019
506.1	5.061	0.15052	0.00506	0.01019
506.2	5.062	0.15053	0.00506	0.01019
506.3	5.063	0.15054	0.00506	0.01019
506.4	5.064	0.15055	0.00507	0.01019
506.5	5.065	0.15056	0.00507	0.01019
506.6	5.066	0.15057	0.00507	0.01019
506.7	5.067	0.15058	0.00507	0.01018
506.8	5.068	0.15059	0.00507	0.01018
506.9	5.069	0.1506	0.00507	0.01018
507.0	5.07	0.15061	0.00507	0.01018
507.1	5.071	0.15062	0.00507	0.01018
507.2	5.072	0.15063	0.00507	0.01018
507.3	5.073	0.15064	0.00507	0.01018
507.4	5.074	0.15065	0.00508	0.01018
507.5	5.075	0.15066	0.00508	0.01018
507.6	5.076	0.15067	0.00508	0.01018
507.7	5.077	0.15068	0.00508	0.01018
507.8	5.078	0.15069	0.00508	0.01018
507.9	5.079	0.1507	0.00508	0.01018
508.0	5.08	0.15071	0.00508	0.01018
508.1	5.081	0.15072	0.00508	0.01018
508.2	5.082	0.15073	0.00508	0.01018
508.3	5.083	0.15074	0.00508	0.01018
508.4	5.084	0.15075	0.00509	0.01018
508.5	5.085	0.15076	0.00509	0.01018
508.6	5.086	0.15077	0.00509	0.01018
508.7	5.087	0.15078	0.00509	0.01018
508.8	5.088	0.15079	0.00509	0.01018
508.9	5.089	0.1508	0.00509	0.01018
509.0	5.09	0.15081	0.00509	0.01018
509.1	5.091	0.15082	0.00509	0.01018
509.2	5.092	0.15083	0.00509	0.01018
509.3	5.093	0.15084	0.00509	0.01018
509.4	5.094	0.15085	0.0051	0.01018
509.5	5.095	0.15086	0.0051	0.01018
509.6	5.096	0.15087	0.0051	0.01018
509.7	5.097	0.15088	0.0051	0.01018
509.8	5.098	0.15089	0.0051	0.01017
509.9	5.099	0.1509	0.0051	0.01017
510.0	5.1	0.15091	0.0051	0.01017
510.1	5.101	0.15092	0.0051	0.01017
510.2	5.102	0.15093	0.0051	0.01017
510.3	5.103	0.15094	0.0051	0.01017
510.4	5.104	0.15095	0.00511	0.01017
510.5	5.105	0.15097	0.00511	0.01017
510.6	5.106	0.15098	0.00511	0.01017
510.7	5.107	0.15099	0.00511	0.01017
510.8	5.108	0.151	0.00511	0.01017
510.9	5.109	0.15101	0.00511	0.01017
511.0	5.11	0.15102	0.00511	0.01017
511.1	5.111	0.15103	0.00511	0.01017
511.2	5.112	0.15104	0.00511	0.01017
511.3	5.113	0.15105	0.00511	0.01017
511.4	5.114	0.15106	0.00512	0.01017
511.5	5.115	0.15107	0.00512	0.01017
511.6	5.116	0.15108	0.00512	0.01017
511.7	5.117	0.15109	0.00512	0.01017
511.8	5.118	0.1511	0.00512	0.01017
511.9	5.119	0.15111	0.00512	0.01017
512.0	5.12	0.15112	0.00512	0.01017
512.1	5.121	0.15113	0.00512	0.01017
512.2	5.122	0.15114	0.00512	0.01017
512.3	5.123	0.15115	0.00512	0.01017
512.4	5.124	0.15116	0.00513	0.01017
512.5	5.125	0.15117	0.00513	0.01017
512.6	5.126	0.15118	0.00513	0.01017
512.7	5.127	0.15119	0.00513	0.01017
512.8	5.128	0.1512	0.00513	0.01017
512.9	5.129	0.15121	0.00513	0.01017
513.0	5.13	0.15122	0.00513	0.01016
513.1	5.131	0.15123	0.00513	0.01016
513.2	5.132	0.15124	0.00513	0.01016
513.3	5.133	0.15125	0.00513	0.01016
513.4	5.134	0.15126	0.00514	0.01016
513.5	5.135	0.15127	0.00514	0.01016
513.6	5.136	0.15128	0.00514	0.01016
513.7	5.137	0.15129	0.00514	0.01016
513.8	5.138	0.1513	0.00514	0.01016
513.9	5.139	0.15131	0.00514	0.01016
514.0	5.14	0.15132	0.00514	0.01016
514.1	5.141	0.15133	0.00514	0.01016
514.2	5.142	0.15134	0.00514	0.01016
514.3	5.143	0.15135	0.00514	0.01016
514.4	5.144	0.15136	0.00515	0.01016
514.5	5.145	0.15137	0.00515	0.01016
514.6	5.146	0.15138	0.00515	0.01016
514.7	5.147	0.15139	0.00515	0.01016
514.8	5.148	0.1514	0.00515	0.01016
514.9	5.149	0.15141	0.00515	0.01016
515.0	5.15	0.15142	0.00515	0.01016
515.1	5.151	0.15143	0.00515	0.01016
515.2	5.152	0.15144	0.00515	0.01016
515.3	5.153	0.15145	0.00515	0.01016
515.4	5.154	0.15146	0.00516	0.01016
515.5	5.155	0.15147	0.00516	0.01016
515.6	5.156	0.15148	0.00516	0.01016
515.7	5.157	0.15149	0.00516	0.01016
515.8	5.158	0.1515	0.00516	0.01016
515.9	5.159	0.15151	0.00516	0.01016
516.0	5.16	0.15152	0.00516	0.01016
516.1	5.161	0.15153	0.00516	0.01016
516.2	5.162	0.15154	0.00516	0.01016
516.3	5.163	0.15155	0.00516	0.01016
516.4	5.164	0.15156	0.00517	0.01016
516.5	5.165	0.15157	0.00517	0.01015
516.6	5.166	0.15159	0.00517	0.01015
516.7	5.167	0.1516	0.00517	0.01015
516.8	5.168	0.15161	0.00517	0.01015
516.9	5.169	0.15162	0.00517	0.01015
517.0	5.17	0.15163	0.00517	0.01015
517.1	5.171	0.15164	0.00517	0.01015
517.2	5.172	0.15165	0.00517	0.01015
517.3	5.173	0.15166	0.00517	0.01015
517.4	5.174	0.15167	0.00518	0.01015
517.5	5.175	0.15168	0.00518	0.01015
517.6	5.176	0.15169	0.00518	0.01015
517.7	5.177	0.1517	0.00518	0.01015
517.8	5.178	0.15171	0.00518	0.01015
517.9	5.179	0.15172	0.00518	0.01015
518.0	5.18	0.15173	0.00518	0.01015
518.1	5.181	0.15174	0.00518	0.01015
518.2	5.182	0.15175	0.00518	0.01015
518.3	5.183	0.15176	0.00518	0.01015
518.4	5.184	0.15177	0.00519	0.01015
518.5	5.185	0.15178	0.00519	0.01015
518.6	5.186	0.15179	0.00519	0.01015
518.7	5.187	0.1518	0.00519	0.01015
518.8	5.188	0.15181	0.00519	0.01015
518.9	5.189	0.15182	0.00519	0.01015
519.0	5.19	0.15183	0.00519	0.01015
519.1	5.191	0.15184	0.00519	0.01015
519.2	5.192	0.15185	0.00519	0.01015
519.3	5.193	0.15186	0.00519	0.01015
519.4	5.194	0.15187	0.0052	0.01015
519.5	5.195	0.15188	0.0052	0.01015
519.6	5.196	0.15189	0.0052	0.01015
519.7	5.197	0.1519	0.0052	0.01015
519.8	5.198	0.15191	0.0052	0.01015
519.9	5.199	0.15192	0.0052	0.01015
520.0	5.2	0.15193	0.0052	0.01015
520.1	5.201	0.15194	0.0052	0.01014
520.2	5.202	0.15195	0.0052	0.01014
520.3	5.203	0.15196	0.0052	0.01014
520.4	5.204	0.15197	0.00521	0.01014
520.5	5.205	0.15198	0.00521	0.01014
520.6	5.206	0.15199	0.00521	0.01014
520.7	5.207	0.152	0.00521	0.01014
520.8	5.208	0.15201	0.00521	0.01014
520.9	5.209	0.15202	0.00521	0.01014
521.0	5.21	0.15203	0.00521	0.01014
521.1	5.211	0.15204	0.00521	0.01014
521.2	5.212	0.15205	0.00521	0.01014
521.3	5.213	0.15206	0.00521	0.01014
521.4	5.214	0.15207	0.00522	0.01014
521.5	5.215	0.15208	0.00522	0.01014
521.6	5.216	0.15209	0.00522	0.01014
521.7	5.217	0.1521	0.00522	0.01014
521.8	5.218	0.15211	0.00522	0.01014
521.9	5.219	0.15212	0.00522	0.01014
522.0	5.22	0.15213	0.00522	0.01014
522.1	5.221	0.15214	0.00522	0.01014
522.2	5.222	0.15215	0.00522	0.01014
522.3	5.223	0.15216	0.00522	0.01014
522.4	5.224	0.15217	0.00523	0.01014
522.5	5.225	0.15218	0.00523	0.01014
522.6	5.226	0.15219	0.00523	0.01014
522.7	5.227	0.1522	0.00523	0.01014
522.8	5.228	0.15221	0.00523	0.01014
522.9	5.229	0.15222	0.00523	0.01014
523.0	5.23	0.15223	0.00523	0.01014
523.1	5.231	0.15224	0.00523	0.01014
523.2	5.232	0.15225	0.00523	0.01014
523.3	5.233	0.15226	0.00523	0.01014
523.4	5.234	0.15227	0.00524	0.01014
523.5	5.235	0.15229	0.00524	0.01014
523.6	5.236	0.1523	0.00524	0.01014
523.7	5.237	0.15231	0.00524	0.01014
523.8	5.238	0.15232	0.00524	0.01014
523.9	5.239	0.15233	0.00524	0.01014
524.0	5.24	0.15234	0.00524	0.01014
524.1	5.241	0.15235	0.00524	0.01013
524.2	5.242	0.15236	0.00524	0.01013
524.3	5.243	0.15237	0.00524	0.01013
524.4	5.244	0.15238	0.00525	0.01013
524.5	5.245	0.15239	0.00525	0.01013
524.6	5.246	0.1524	0.00525	0.01013
524.7	5.247	0.15241	0.00525	0.01013
524.8	5.248	0.15242	0.00525	0.01013
524.9	5.249	0.15243	0.00525	0.01013
525.0	5.25	0.15244	0.00525	0.01013
525.1	5.251	0.15245	0.00525	0.01013
525.2	5.252	0.15246	0.00525	0.01013
525.3	5.253	0.15247	0.00525	0.01013
525.4	5.254	0.15248	0.00526	0.01013
525.5	5.255	0.15249	0.00526	0.01013
525.6	5.256	0.1525	0.00526	0.01013
525.7	5.257	0.15251	0.00526	0.01013
525.8	5.258	0.15252	0.00526	0.01013
525.9	5.259	0.15253	0.00526	0.01013
526.0	5.26	0.15254	0.00526	0.01013
526.1	5.261	0.15255	0.00526	0.01013
526.2	5.262	0.15256	0.00526	0.01013
526.3	5.263	0.15257	0.00526	0.01013
526.4	5.264	0.15258	0.00527	0.01013
526.5	5.265	0.15259	0.00527	0.01013
526.6	5.266	0.1526	0.00527	0.01013
526.7	5.267	0.15261	0.00527	0.01013
526.8	5.268	0.15262	0.00527	0.01013
526.9	5.269	0.15263	0.00527	0.01013
527.0	5.27	0.15264	0.00527	0.01013
527.1	5.271	0.15265	0.00527	0.01013
527.2	5.272	0.15266	0.00527	0.01013
527.3	5.273	0.15267	0.00527	0.01013
527.4	5.274	0.15268	0.00528	0.01013
527.5	5.275	0.15269	0.00528	0.01013
527.6	5.276	0.1527	0.00528	0.01013
527.7	5.277	0.15271	0.00528	0.01013
527.8	5.278	0.15272	0.00528	0.01013
527.9	5.279	0.15273	0.00528	0.01013
528.0	5.28	0.15274	0.00528	0.01013
528.1	5.281	0.15275	0.00528	0.01013
528.2	5.282	0.15276	0.00528	0.01013
528.3	5.283	0.15277	0.00528	0.01012
528.4	5.284	0.15278	0.00529	0.01012
528.5	5.285	0.15279	0.00529	0.01012
528.6	5.286	0.1528	0.00529	0.01012
528.7	5.287	0.15281	0.00529	0.01012
528.8	5.288	0.15282	0.00529	0.01012
528.9	5.289	0.15283	0.00529	0.01012
529.0	5.29	0.15284	0.00529	0.01012
529.1	5.291	0.15285	0.00529	0.01012
529.2	5.292	0.15286	0.00529	0.01012
529.3	5.293	0.15287	0.00529	0.01012
529.4	5.294	0.15288	0.0053	0.01012
529.5	5.295	0.15289	0.0053	0.01012
529.6	5.296	0.1529	0.0053	0.01012
529.7	5.297	0.15291	0.0053	0.01012
529.8	5.298	0.15292	0.0053	0.01012
529.9	5.299	0.15293	0.0053	0.01012
530.0	5.3	0.15294	0.0053	0.01012
530.1	5.301	0.15295	0.0053	0.01012
530.2	5.302	0.15296	0.0053	0.01012
530.3	5.303	0.15297	0.0053	0.01012
530.4	5.304	0.15298	0.00531	0.01012
530.5	5.305	0.15299	0.00531	0.01012
530.6	5.306	0.153	0.00531	0.01012
530.7	5.307	0.15301	0.00531	0.01012
530.8	5.308	0.15302	0.00531	0.01012
530.9	5.309	0.15303	0.00531	0.01012
531.0	5.31	0.15304	0.00531	0.01012
531.1	5.311	0.15305	0.00531	0.01012
531.2	5.312	0.15306	0.00531	0.01012
531.3	5.313	0.15308	0.00531	0.01012
531.4	5.314	0.15309	0.00532	0.01012
531.5	5.315	0.1531	0.00532	0.01012
531.6	5.316	0.15311	0.00532	0.01012
531.7	5.317	0.15312	0.00532	0.01012
531.8	5.318	0.15313	0.00532	0.01012
531.9	5.319	0.15314	0.00532	0.01012
532.0	5.32	0.15315	0.00532	0.01012
532.1	5.321	0.15316	0.00532	0.01012
532.2	5.322	0.15317	0.00532	0.01012
532.3	5.323	0.15318	0.00532	0.01012
532.4	5.324	0.15319	0.00533	0.01012
532.5	5.325	0.1532	0.00533	0.01012
532.6	5.326	0.15321	0.00533	0.01012
532.7	5.327	0.15322	0.00533	0.01012
532.8	5.328	0.15323	0.00533	0.01012
532.9	5.329	0.15324	0.00533	0.01011
533.0	5.33	0.15325	0.00533	0.01011
533.1	5.331	0.15326	0.00533	0.01011
533.2	5.332	0.15327	0.00533	0.01011
533.3	5.333	0.15328	0.00533	0.01011
533.4	5.334	0.15329	0.00534	0.01011
533.5	5.335	0.1533	0.00534	0.01011
533.6	5.336	0.15331	0.00534	0.01011
533.7	5.337	0.15332	0.00534	0.01011
533.8	5.338	0.15333	0.00534	0.01011
533.9	5.339	0.15334	0.00534	0.01011
534.0	5.34	0.15335	0.00534	0.01011
534.1	5.341	0.15336	0.00534	0.01011
534.2	5.342	0.15337	0.00534	0.01011
534.3	5.343	0.15338	0.00534	0.01011
534.4	5.344	0.15339	0.00535	0.01011
534.5	5.345	0.1534	0.00535	0.01011
534.6	5.346	0.15341	0.00535	0.01011
534.7	5.347	0.15342	0.00535	0.01011
534.8	5.348	0.15343	0.00535	0.01011
534.9	5.349	0.15344	0.00535	0.01011
535.0	5.35	0.15345	0.00535	0.01011
535.1	5.351	0.15346	0.00535	0.01011
535.2	5.352	0.15347	0.00535	0.01011
535.3	5.353	0.15348	0.00535	0.01011
535.4	5.354	0.15349	0.00536	0.01011
535.5	5.355	0.1535	0.00536	0.01011
535.6	5.356	0.15351	0.00536	0.01011
535.7	5.357	0.15352	0.00536	0.01011
535.8	5.358	0.15353	0.00536	0.01011
535.9	5.359	0.15354	0.00536	0.01011
536.0	5.36	0.15355	0.00536	0.01011
536.1	5.361	0.15356	0.00536	0.01011
536.2	5.362	0.15357	0.00536	0.01011
536.3	5.363	0.15358	0.00536	0.01011
536.4	5.364	0.15359	0.00537	0.01011
536.5	5.365	0.1536	0.00537	0.01011
536.6	5.366	0.15361	0.00537	0.01011
536.7	5.367	0.15362	0.00537	0.01011
536.8	5.368	0.15363	0.00537	0.01011
536.9	5.369	0.15364	0.00537	0.01011
537.0	5.37	0.15365	0.00537	0.01011
537.1	5.371	0.15366	0.00537	0.01011
537.2	5.372	0.15367	0.00537	0.01011
537.3	5.373	0.15368	0.00537	0.01011
537.4	5.374	0.15369	0.00538	0.01011
537.5	5.375	0.1537	0.00538	0.01011
537.6	5.376	0.15371	0.00538	0.01011
537.7	5.377	0.15372	0.00538	0.01011
537.8	5.378	0.15373	0.00538	0.01011
537.9	5.379	0.15374	0.00538	0.0101
538.0	5.38	0.15375	0.00538	0.0101
538.1	5.381	0.15376	0.00538	0.0101
538.2	5.382	0.15377	0.00538	0.0101
538.3	5.383	0.15378	0.00538	0.0101
538.4	5.384	0.15379	0.00539	0.0101
538.5	5.385	0.1538	0.00539	0.0101
538.6	5.386	0.15381	0.00539	0.0101
538.7	5.387	0.15382	0.00539	0.0101
538.8	5.388	0.15383	0.00539	0.0101
538.9	5.389	0.15384	0.00539	0.0101
539.0	5.39	0.15385	0.00539	0.0101
539.1	5.391	0.15386	0.00539	0.0101
539.2	5.392	0.15387	0.00539	0.0101
539.3	5.393	0.15388	0.00539	0.0101
539.4	5.394	0.15389	0.0054	0.0101
539.5	5.395	0.1539	0.0054	0.0101
539.6	5.396	0.15391	0.0054	0.0101
539.7	5.397	0.15392	0.0054	0.0101
539.8	5.398	0.15393	0.0054	0.0101
539.9	5.399	0.15394	0.0054	0.0101
540.0	5.4	0.15395	0.0054	0.0101
540.1	5.401	0.15396	0.0054	0.0101
540.2	5.402	0.15397	0.0054	0.0101
540.3	5.403	0.15398	0.0054	0.0101
540.4	5.404	0.15399	0.00541	0.0101
540.5	5.405	0.15401	0.00541	0.0101
540.6	5.406	0.15402	0.00541	0.0101
540.7	5.407	0.15403	0.00541	0.0101
540.8	5.408	0.15404	0.00541	0.0101
540.9	5.409	0.15405	0.00541	0.0101
541.0	5.41	0.15406	0.00541	0.0101
541.1	5.411	0.15407	0.00541	0.0101
541.2	5.412	0.15408	0.00541	0.0101
541.3	5.413	0.15409	0.00541	0.0101
541.4	5.414	0.1541	0.00542	0.0101
541.5	5.415	0.15411	0.00542	0.0101
541.6	5.416	0.15412	0.00542	0.0101
541.7	5.417	0.15413	0.00542	0.0101
541.8	5.418	0.15414	0.00542	0.0101
541.9	5.419	0.15415	0.00542	0.0101
542.0	5.42	0.15416	0.00542	0.0101
542.1	5.421	0.15417	0.00542	0.0101
542.2	5.422	0.15418	0.00542	0.0101
542.3	5.423	0.15419	0.00542	0.0101
542.4	5.424	0.1542	0.00543	0.0101
542.5	5.425	0.15421	0.00543	0.0101
542.6	5.426	0.15422	0.00543	0.0101
542.7	5.427	0.15423	0.00543	0.0101
542.8	5.428	0.15424	0.00543	0.0101
542.9	5.429	0.15425	0.00543	0.0101
543.0	5.43	0.15426	0.00543	0.0101
543.1	5.431	0.15427	0.00543	0.0101
543.2	5.432	0.15428	0.00543	0.0101
543.3	5.433	0.15429	0.00543	0.0101
543.4	5.434	0.1543	0.00544	0.01009
543.5	5.435	0.15431	0.00544	0.01009
543.6	5.436	0.15432	0.00544	0.01009
543.7	5.437	0.15433	0.00544	0.01009
543.8	5.438	0.15434	0.00544	0.01009
543.9	5.439	0.15435	0.00544	0.01009
544.0	5.44	0.15436	0.00544	0.01009
544.1	5.441	0.15437	0.00544	0.01009
544.2	5.442	0.15438	0.00544	0.01009
544.3	5.443	0.15439	0.00544	0.01009
544.4	5.444	0.1544	0.00545	0.01009
544.5	5.445	0.15441	0.00545	0.01009
544.6	5.446	0.15442	0.00545	0.01009
544.7	5.447	0.15443	0.00545	0.01009
544.8	5.448	0.15444	0.00545	0.01009
544.9	5.449	0.15445	0.00545	0.01009
545.0	5.45	0.15446	0.00545	0.01009
545.1	5.451	0.15447	0.00545	0.01009
545.2	5.452	0.15448	0.00545	0.01009
545.3	5.453	0.15449	0.00545	0.01009
545.4	5.454	0.1545	0.00546	0.01009
545.5	5.455	0.15451	0.00546	0.01009
545.6	5.456	0.15452	0.00546	0.01009
545.7	5.457	0.15453	0.00546	0.01009
545.8	5.458	0.15454	0.00546	0.01009
545.9	5.459	0.15455	0.00546	0.01009
546.0	5.46	0.15456	0.00546	0.01009
546.1	5.461	0.15457	0.00546	0.01009
546.2	5.462	0.15458	0.00546	0.01009
546.3	5.463	0.15459	0.00546	0.01009
546.4	5.464	0.1546	0.00547	0.01009
546.5	5.465	0.15461	0.00547	0.01009
546.6	5.466	0.15462	0.00547	0.01009
546.7	5.467	0.15463	0.00547	0.01009
546.8	5.468	0.15464	0.00547	0.01009
546.9	5.469	0.15465	0.00547	0.01009
547.0	5.47	0.15466	0.00547	0.01009
547.1	5.471	0.15467	0.00547	0.01009
547.2	5.472	0.15468	0.00547	0.01009
547.3	5.473	0.15469	0.00547	0.01009
547.4	5.474	0.1547	0.00548	0.01009
547.5	5.475	0.15471	0.00548	0.01009
547.6	5.476	0.15472	0.00548	0.01009
547.7	5.477	0.15473	0.00548	0.01009
547.8	5.478	0.15474	0.00548	0.01009
547.9	5.479	0.15475	0.00548	0.01009
548.0	5.48	0.15476	0.00548	0.01009
548.1	5.481	0.15477	0.00548	0.01009
548.2	5.482	0.15478	0.00548	0.01009
548.3	5.483	0.15479	0.00548	0.01009
548.4	5.484	0.1548	0.00549	0.01009
548.5	5.485	0.15481	0.00549	0.01009
548.6	5.486	0.15482	0.00549	0.01009
548.7	5.487	0.15483	0.00549	0.01009
548.8	5.488	0.15484	0.00549	0.01009
548.9	5.489	0.15485	0.00549	0.01009
549.0	5.49	0.15486	0.00549	0.01009
549.1	5.491	0.15487	0.00549	0.01009
549.2	5.492	0.15488	0.00549	0.01009
549.3	5.493	0.15489	0.00549	0.01009
549.4	5.494	0.1549	0.0055	0.01009
549.5	5.495	0.15491	0.0055	0.01008
549.6	5.496	0.15492	0.0055	0.01008
549.7	5.497	0.15493	0.0055	0.01008
549.8	5.498	0.15494	0.0055	0.01008
549.9	5.499	0.15495	0.0055	0.01008
550.0	5.5	0.15496	0.0055	0.01008
550.1	5.501	0.15497	0.0055	0.01008
550.2	5.502	0.15498	0.0055	0.01008
550.3	5.503	0.15499	0.0055	0.01008
550.4	5.504	0.155	0.00551	0.01008
550.5	5.505	0.15501	0.00551	0.01008
550.6	5.506	0.15502	0.00551	0.01008
550.7	5.507	0.15503	0.00551	0.01008
550.8	5.508	0.15504	0.00551	0.01008
550.9	5.509	0.15505	0.00551	0.01008
551.0	5.51	0.15506	0.00551	0.01008
551.1	5.511	0.15507	0.00551	0.01008
551.2	5.512	0.15508	0.00551	0.01008
551.3	5.513	0.15509	0.00551	0.01008
551.4	5.514	0.1551	0.00552	0.01008
551.5	5.515	0.15511	0.00552	0.01008
551.6	5.516	0.15513	0.00552	0.01008
551.7	5.517	0.15514	0.00552	0.01008
551.8	5.518	0.15515	0.00552	0.01008
551.9	5.519	0.15516	0.00552	0.01008
552.0	5.52	0.15517	0.00552	0.01008
552.1	5.521	0.15518	0.00552	0.01008
552.2	5.522	0.15519	0.00552	0.01008
552.3	5.523	0.1552	0.00552	0.01008
552.4	5.524	0.15521	0.00553	0.01008
552.5	5.525	0.15522	0.00553	0.01008
552.6	5.526	0.15523	0.00553	0.01008
552.7	5.527	0.15524	0.00553	0.01008
552.8	5.528	0.15525	0.00553	0.01008
552.9	5.529	0.15526	0.00553	0.01008
553.0	5.53	0.15527	0.00553	0.01008
553.1	5.531	0.15528	0.00553	0.01008
553.2	5.532	0.15529	0.00553	0.01008
553.3	5.533	0.1553	0.00553	0.01008
553.4	5.534	0.15531	0.00554	0.01008
553.5	5.535	0.15532	0.00554	0.01008
553.6	5.536	0.15533	0.00554	0.01008
553.7	5.537	0.15534	0.00554	0.01008
553.8	5.538	0.15535	0.00554	0.01008
553.9	5.539	0.15536	0.00554	0.01008
554.0	5.54	0.15537	0.00554	0.01008
554.1	5.541	0.15538	0.00554	0.01008
554.2	5.542	0.15539	0.00554	0.01008
554.3	5.543	0.1554	0.00554	0.01008
554.4	5.544	0.15541	0.00555	0.01008
554.5	5.545	0.15542	0.00555	0.01008
554.6	5.546	0.15543	0.00555	0.01008
554.7	5.547	0.15544	0.00555	0.01008
554.8	5.548	0.15545	0.00555	0.01008
554.9	5.549	0.15546	0.00555	0.01008
555.0	5.55	0.15547	0.00555	0.01008
555.1	5.551	0.15548	0.00555	0.01008
555.2	5.552	0.15549	0.00555	0.01008
555.3	5.553	0.1555	0.00555	0.01008
555.4	5.554	0.15551	0.00556	0.01008
555.5	5.555	0.15552	0.00556	0.01008
555.6	5.556	0.15553	0.00556	0.01008
555.7	5.557	0.15554	0.00556	0.01008
555.8	5.558	0.15555	0.00556	0.01008
555.9	5.559	0.15556	0.00556	0.01008
556.0	5.56	0.15557	0.00556	0.01008
556.1	5.561	0.15558	0.00556	0.01008
556.2	5.562	0.15559	0.00556	0.01008
556.3	5.563	0.1556	0.00556	0.01008
556.4	5.564	0.15561	0.00557	0.01007
556.5	5.565	0.15562	0.00557	0.01007
556.6	5.566	0.15563	0.00557	0.01007
556.7	5.567	0.15564	0.00557	0.01007
556.8	5.568	0.15565	0.00557	0.01007
556.9	5.569	0.15566	0.00557	0.01007
557.0	5.57	0.15567	0.00557	0.01007
557.1	5.571	0.15568	0.00557	0.01007
557.2	5.572	0.15569	0.00557	0.01007
557.3	5.573	0.1557	0.00557	0.01007
557.4	5.574	0.15571	0.00558	0.01007
557.5	5.575	0.15572	0.00558	0.01007
557.6	5.576	0.15573	0.00558	0.01007
557.7	5.577	0.15574	0.00558	0.01007
557.8	5.578	0.15575	0.00558	0.01007
557.9	5.579	0.15576	0.00558	0.01007
558.0	5.58	0.15577	0.00558	0.01007
558.1	5.581	0.15578	0.00558	0.01007
558.2	5.582	0.15579	0.00558	0.01007
558.3	5.583	0.1558	0.00558	0.01007
558.4	5.584	0.15581	0.00559	0.01007
558.5	5.585	0.15582	0.00559	0.01007
558.6	5.586	0.15583	0.00559	0.01007
558.7	5.587	0.15584	0.00559	0.01007
558.8	5.588	0.15585	0.00559	0.01007
558.9	5.589	0.15586	0.00559	0.01007
559.0	5.59	0.15587	0.00559	0.01007
559.1	5.591	0.15588	0.00559	0.01007
559.2	5.592	0.15589	0.00559	0.01007
559.3	5.593	0.1559	0.00559	0.01007
559.4	5.594	0.15591	0.0056	0.01007
559.5	5.595	0.15592	0.0056	0.01007
559.6	5.596	0.15593	0.0056	0.01007
559.7	5.597	0.15594	0.0056	0.01007
559.8	5.598	0.15595	0.0056	0.01007
559.9	5.599	0.15596	0.0056	0.01007
560.0	5.6	0.15597	0.0056	0.01007
560.1	5.601	0.15598	0.0056	0.01007
560.2	5.602	0.15599	0.0056	0.01007
560.3	5.603	0.156	0.0056	0.01007
560.4	5.604	0.15601	0.00561	0.01007
560.5	5.605	0.15602	0.00561	0.01007
560.6	5.606	0.15603	0.00561	0.01007
560.7	5.607	0.15604	0.00561	0.01007
560.8	5.608	0.15605	0.00561	0.01007
560.9	5.609	0.15606	0.00561	0.01007
561.0	5.61	0.15607	0.00561	0.01007
561.1	5.611	0.15608	0.00561	0.01007
561.2	5.612	0.15609	0.00561	0.01007
561.3	5.613	0.1561	0.00561	0.01007
561.4	5.614	0.15611	0.00562	0.01007
561.5	5.615	0.15612	0.00562	0.01007
561.6	5.616	0.15613	0.00562	0.01007
561.7	5.617	0.15614	0.00562	0.01007
561.8	5.618	0.15615	0.00562	0.01007
561.9	5.619	0.15616	0.00562	0.01007
562.0	5.62	0.15617	0.00562	0.01007
562.1	5.621	0.15618	0.00562	0.01007
562.2	5.622	0.15619	0.00562	0.01007
562.3	5.623	0.1562	0.00562	0.01007
562.4	5.624	0.15621	0.00563	0.01007
562.5	5.625	0.15622	0.00563	0.01007
562.6	5.626	0.15623	0.00563	0.01007
562.7	5.627	0.15624	0.00563	0.01007
562.8	5.628	0.15625	0.00563	0.01007
562.9	5.629	0.15626	0.00563	0.01007
563.0	5.63	0.15627	0.00563	0.01007
563.1	5.631	0.15628	0.00563	0.01007
563.2	5.632	0.15629	0.00563	0.01007
563.3	5.633	0.1563	0.00563	0.01007
563.4	5.634	0.15631	0.00564	0.01007
563.5	5.635	0.15632	0.00564	0.01007
563.6	5.636	0.15633	0.00564	0.01007
563.7	5.637	0.15634	0.00564	0.01007
563.8	5.638	0.15635	0.00564	0.01007
563.9	5.639	0.15636	0.00564	0.01007
564.0	5.64	0.15637	0.00564	0.01007
564.1	5.641	0.15638	0.00564	0.01007
564.2	5.642	0.15639	0.00564	0.01007
564.3	5.643	0.1564	0.00564	0.01006
564.4	5.644	0.15641	0.00565	0.01006
564.5	5.645	0.15642	0.00565	0.01006
564.6	5.646	0.15643	0.00565	0.01006
564.7	5.647	0.15644	0.00565	0.01006
564.8	5.648	0.15645	0.00565	0.01006
564.9	5.649	0.15646	0.00565	0.01006
565.0	5.65	0.15647	0.00565	0.01006
565.1	5.651	0.15648	0.00565	0.01006
565.2	5.652	0.15649	0.00565	0.01006
565.3	5.653	0.1565	0.00565	0.01006
565.4	5.654	0.15652	0.00566	0.01006
565.5	5.655	0.15653	0.00566	0.01006
565.6	5.656	0.15654	0.00566	0.01006
565.7	5.657	0.15655	0.00566	0.01006
565.8	5.658	0.15656	0.00566	0.01006
565.9	5.659	0.15657	0.00566	0.01006
566.0	5.66	0.15658	0.00566	0.01006
566.1	5.661	0.15659	0.00566	0.01006
566.2	5.662	0.1566	0.00566	0.01006
566.3	5.663	0.15661	0.00566	0.01006
566.4	5.664	0.15662	0.00567	0.01006
566.5	5.665	0.15663	0.00567	0.01006
566.6	5.666	0.15664	0.00567	0.01006
566.7	5.667	0.15665	0.00567	0.01006
566.8	5.668	0.15666	0.00567	0.01006
566.9	5.669	0.15667	0.00567	0.01006
567.0	5.67	0.15668	0.00567	0.01006
567.1	5.671	0.15669	0.00567	0.01006
567.2	5.672	0.1567	0.00567	0.01006
567.3	5.673	0.15671	0.00567	0.01006
567.4	5.674	0.15672	0.00568	0.01006
567.5	5.675	0.15673	0.00568	0.01006
567.6	5.676	0.15674	0.00568	0.01006
567.7	5.677	0.15675	0.00568	0.01006
567.8	5.678	0.15676	0.00568	0.01006
567.9	5.679	0.15677	0.00568	0.01006
568.0	5.68	0.15678	0.00568	0.01006
568.1	5.681	0.15679	0.00568	0.01006
568.2	5.682	0.1568	0.00568	0.01006
568.3	5.683	0.15681	0.00568	0.01006
568.4	5.684	0.15682	0.00569	0.01006
568.5	5.685	0.15683	0.00569	0.01006
568.6	5.686	0.15684	0.00569	0.01006
568.7	5.687	0.15685	0.00569	0.01006
568.8	5.688	0.15686	0.00569	0.01006
568.9	5.689	0.15687	0.00569	0.01006
569.0	5.69	0.15688	0.00569	0.01006
569.1	5.691	0.15689	0.00569	0.01006
569.2	5.692	0.1569	0.00569	0.01006
569.3	5.693	0.15691	0.00569	0.01006
569.4	5.694	0.15692	0.0057	0.01006
569.5	5.695	0.15693	0.0057	0.01006
569.6	5.696	0.15694	0.0057	0.01006
569.7	5.697	0.15695	0.0057	0.01006
569.8	5.698	0.15696	0.0057	0.01006
569.9	5.699	0.15697	0.0057	0.01006
570.0	5.7	0.15698	0.0057	0.01006
570.1	5.701	0.15699	0.0057	0.01006
570.2	5.702	0.157	0.0057	0.01006
570.3	5.703	0.15701	0.0057	0.01006
570.4	5.704	0.15702	0.00571	0.01006
570.5	5.705	0.15703	0.00571	0.01006
570.6	5.706	0.15704	0.00571	0.01006
570.7	5.707	0.15705	0.00571	0.01006
570.8	5.708	0.15706	0.00571	0.01006
570.9	5.709	0.15707	0.00571	0.01006
571.0	5.71	0.15708	0.00571	0.01006
571.1	5.711	0.15709	0.00571	0.01006
571.2	5.712	0.1571	0.00571	0.01006
571.3	5.713	0.15711	0.00571	0.01006
571.4	5.714	0.15712	0.00572	0.01006
571.5	5.715	0.15713	0.00572	0.01006
571.6	5.716	0.15714	0.00572	0.01006
571.7	5.717	0.15715	0.00572	0.01006
571.8	5.718	0.15716	0.00572	0.01006
571.9	5.719	0.15717	0.00572	0.01006
572.0	5.72	0.15718	0.00572	0.01006
572.1	5.721	0.15719	0.00572	0.01006
572.2	5.722	0.1572	0.00572	0.01006
572.3	5.723	0.15721	0.00572	0.01006
572.4	5.724	0.15722	0.00573	0.01006
572.5	5.725	0.15723	0.00573	0.01006
572.6	5.726	0.15724	0.00573	0.01006
572.7	5.727	0.15725	0.00573	0.01006
572.8	5.728	0.15726	0.00573	0.01006
572.9	5.729	0.15727	0.00573	0.01006
573.0	5.73	0.15728	0.00573	0.01006
573.1	5.731	0.15729	0.00573	0.01006
573.2	5.732	0.1573	0.00573	0.01006
573.3	5.733	0.15731	0.00573	0.01006
573.4	5.734	0.15732	0.00574	0.01005
573.5	5.735	0.15733	0.00574	0.01005
573.6	5.736	0.15734	0.00574	0.01005
573.7	5.737	0.15735	0.00574	0.01005
573.8	5.738	0.15736	0.00574	0.01005
573.9	5.739	0.15737	0.00574	0.01005
574.0	5.74	0.15738	0.00574	0.01005
574.1	5.741	0.15739	0.00574	0.01005
574.2	5.742	0.1574	0.00574	0.01005
574.3	5.743	0.15741	0.00574	0.01005
574.4	5.744	0.15742	0.00575	0.01005
574.5	5.745	0.15743	0.00575	0.01005
574.6	5.746	0.15744	0.00575	0.01005
574.7	5.747	0.15745	0.00575	0.01005
574.8	5.748	0.15746	0.00575	0.01005
574.9	5.749	0.15747	0.00575	0.01005
575.0	5.75	0.15748	0.00575	0.01005
575.1	5.751	0.15749	0.00575	0.01005
575.2	5.752	0.1575	0.00575	0.01005
575.3	5.753	0.15751	0.00575	0.01005
575.4	5.754	0.15752	0.00576	0.01005
575.5	5.755	0.15753	0.00576	0.01005
575.6	5.756	0.15754	0.00576	0.01005
575.7	5.757	0.15755	0.00576	0.01005
575.8	5.758	0.15756	0.00576	0.01005
575.9	5.759	0.15757	0.00576	0.01005
576.0	5.76	0.15758	0.00576	0.01005
576.1	5.761	0.15759	0.00576	0.01005
576.2	5.762	0.1576	0.00576	0.01005
576.3	5.763	0.15761	0.00576	0.01005
576.4	5.764	0.15762	0.00577	0.01005
576.5	5.765	0.15763	0.00577	0.01005
576.6	5.766	0.15764	0.00577	0.01005
576.7	5.767	0.15765	0.00577	0.01005
576.8	5.768	0.15766	0.00577	0.01005
576.9	5.769	0.15767	0.00577	0.01005
577.0	5.77	0.15768	0.00577	0.01005
577.1	5.771	0.15769	0.00577	0.01005
577.2	5.772	0.1577	0.00577	0.01005
577.3	5.773	0.15771	0.00577	0.01005
577.4	5.774	0.15772	0.00578	0.01005
577.5	5.775	0.15773	0.00578	0.01005
577.6	5.776	0.15774	0.00578	0.01005
577.7	5.777	0.15775	0.00578	0.01005
577.8	5.778	0.15776	0.00578	0.01005
577.9	5.779	0.15777	0.00578	0.01005
578.0	5.78	0.15778	0.00578	0.01005
578.1	5.781	0.15779	0.00578	0.01005
578.2	5.782	0.1578	0.00578	0.01005
578.3	5.783	0.15781	0.00578	0.01005
578.4	5.784	0.15782	0.00579	0.01005
578.5	5.785	0.15783	0.00579	0.01005
578.6	5.786	0.15784	0.00579	0.01005
578.7	5.787	0.15785	0.00579	0.01005
578.8	5.788	0.15786	0.00579	0.01005
578.9	5.789	0.15787	0.00579	0.01005
579.0	5.79	0.15788	0.00579	0.01005
579.1	5.791	0.15789	0.00579	0.01005
579.2	5.792	0.1579	0.00579	0.01005
579.3	5.793	0.15791	0.00579	0.01005
579.4	5.794	0.15792	0.0058	0.01005
579.5	5.795	0.15793	0.0058	0.01005
579.6	5.796	0.15794	0.0058	0.01005
579.7	5.797	0.15795	0.0058	0.01005
579.8	5.798	0.15796	0.0058	0.01005
579.9	5.799	0.15797	0.0058	0.01005
580.0	5.8	0.15798	0.0058	0.01005
580.1	5.801	0.15799	0.0058	0.01005
580.2	5.802	0.158	0.0058	0.01005
580.3	5.803	0.15801	0.0058	0.01005
580.4	5.804	0.15802	0.00581	0.01005
580.5	5.805	0.15803	0.00581	0.01005
580.6	5.806	0.15804	0.00581	0.01005
580.7	5.807	0.15805	0.00581	0.01005
580.8	5.808	0.15806	0.00581	0.01005
580.9	5.809	0.15807	0.00581	0.01005
581.0	5.81	0.15808	0.00581	0.01005
581.1	5.811	0.15809	0.00581	0.01005
581.2	5.812	0.1581	0.00581	0.01005
581.3	5.813	0.15811	0.00581	0.01005
581.4	5.814	0.15812	0.00582	0.01005
581.5	5.815	0.15813	0.00582	0.01005
581.6	5.816	0.15814	0.00582	0.01005
581.7	5.817	0.15815	0.00582	0.01005
581.8	5.818	0.15816	0.00582	0.01005
581.9	5.819	0.15817	0.00582	0.01005
582.0	5.82	0.15818	0.00582	0.01005
582.1	5.821	0.15819	0.00582	0.01005
582.2	5.822	0.1582	0.00582	0.01005
582.3	5.823	0.15821	0.00582	0.01005
582.4	5.824	0.15822	0.00583	0.01005
582.5	5.825	0.15823	0.00583	0.01005
582.6	5.826	0.15824	0.00583	0.01005
582.7	5.827	0.15825	0.00583	0.01005
582.8	5.828	0.15826	0.00583	0.01005
582.9	5.829	0.15827	0.00583	0.01005
583.0	5.83	0.15828	0.00583	0.01005
583.1	5.831	0.15829	0.00583	0.01005
583.2	5.832	0.1583	0.00583	0.01005
583.3	5.833	0.15831	0.00583	0.01005
583.4	5.834	0.15832	0.00584	0.01005
583.5	5.835	0.15833	0.00584	0.01005
583.6	5.836	0.15834	0.00584	0.01005
583.7	5.837	0.15835	0.00584	0.01005
583.8	5.838	0.15836	0.00584	0.01005
583.9	5.839	0.15838	0.00584	0.01005
584.0	5.84	0.15839	0.00584	0.01005
584.1	5.841	0.1584	0.00584	0.01005
584.2	5.842	0.15841	0.00584	0.01005
584.3	5.843	0.15842	0.00584	0.01005
584.4	5.844	0.15843	0.00585	0.01005
584.5	5.845	0.15844	0.00585	0.01004
584.6	5.846	0.15845	0.00585	0.01004
584.7	5.847	0.15846	0.00585	0.01004
584.8	5.848	0.15847	0.00585	0.01004
584.9	5.849	0.15848	0.00585	0.01004
585.0	5.85	0.15849	0.00585	0.01004
585.1	5.851	0.1585	0.00585	0.01004
585.2	5.852	0.15851	0.00585	0.01004
585.3	5.853	0.15852	0.00585	0.01004
585.4	5.854	0.15853	0.00586	0.01004
585.5	5.855	0.15854	0.00586	0.01004
585.6	5.856	0.15855	0.00586	0.01004
585.7	5.857	0.15856	0.00586	0.01004
585.8	5.858	0.15857	0.00586	0.01004
585.9	5.859	0.15858	0.00586	0.01004
586.0	5.86	0.15859	0.00586	0.01004
586.1	5.861	0.1586	0.00586	0.01004
586.2	5.862	0.15861	0.00586	0.01004
586.3	5.863	0.15862	0.00586	0.01004
586.4	5.864	0.15863	0.00587	0.01004
586.5	5.865	0.15864	0.00587	0.01004
586.6	5.866	0.15865	0.00587	0.01004
586.7	5.867	0.15866	0.00587	0.01004
586.8	5.868	0.15867	0.00587	0.01004
586.9	5.869	0.15868	0.00587	0.01004
587.0	5.87	0.15869	0.00587	0.01004
587.1	5.871	0.1587	0.00587	0.01004
587.2	5.872	0.15871	0.00587	0.01004
587.3	5.873	0.15872	0.00587	0.01004
587.4	5.874	0.15873	0.00588	0.01004
587.5	5.875	0.15874	0.00588	0.01004
587.6	5.876	0.15875	0.00588	0.01004
587.7	5.877	0.15876	0.00588	0.01004
587.8	5.878	0.15877	0.00588	0.01004
587.9	5.879	0.15878	0.00588	0.01004
588.0	5.88	0.15879	0.00588	0.01004
588.1	5.881	0.1588	0.00588	0.01004
588.2	5.882	0.15881	0.00588	0.01004
588.3	5.883	0.15882	0.00588	0.01004
588.4	5.884	0.15883	0.00589	0.01004
588.5	5.885	0.15884	0.00589	0.01004
588.6	5.886	0.15885	0.00589	0.01004
588.7	5.887	0.15886	0.00589	0.01004
588.8	5.888	0.15887	0.00589	0.01004
588.9	5.889	0.15888	0.00589	0.01004
589.0	5.89	0.15889	0.00589	0.01004
589.1	5.891	0.1589	0.00589	0.01004
589.2	5.892	0.15891	0.00589	0.01004
589.3	5.893	0.15892	0.00589	0.01004
589.4	5.894	0.15893	0.0059	0.01004
589.5	5.895	0.15894	0.0059	0.01004
589.6	5.896	0.15895	0.0059	0.01004
589.7	5.897	0.15896	0.0059	0.01004
589.8	5.898	0.15897	0.0059	0.01004
589.9	5.899	0.15898	0.0059	0.01004
590.0	5.9	0.15899	0.0059	0.01004
590.1	5.901	0.159	0.0059	0.01004
590.2	5.902	0.15901	0.0059	0.01004
590.3	5.903	0.15902	0.0059	0.01004
590.4	5.904	0.15903	0.00591	0.01004
590.5	5.905	0.15904	0.00591	0.01004
590.6	5.906	0.15905	0.00591	0.01004
590.7	5.907	0.15906	0.00591	0.01004
590.8	5.908	0.15907	0.00591	0.01004
590.9	5.909	0.15908	0.00591	0.01004
591.0	5.91	0.15909	0.00591	0.01004
591.1	5.911	0.1591	0.00591	0.01004
591.2	5.912	0.15911	0.00591	0.01004
591.3	5.913	0.15912	0.00591	0.01004
591.4	5.914	0.15913	0.00592	0.01004
591.5	5.915	0.15914	0.00592	0.01004
591.6	5.916	0.15915	0.00592	0.01004
591.7	5.917	0.15916	0.00592	0.01004
591.8	5.918	0.15917	0.00592	0.01004
591.9	5.919	0.15918	0.00592	0.01004
592.0	5.92	0.15919	0.00592	0.01004
592.1	5.921	0.1592	0.00592	0.01004
592.2	5.922	0.15921	0.00592	0.01004
592.3	5.923	0.15922	0.00592	0.01004
592.4	5.924	0.15923	0.00593	0.01004
592.5	5.925	0.15924	0.00593	0.01004
592.6	5.926	0.15925	0.00593	0.01004
592.7	5.927	0.15926	0.00593	0.01004
592.8	5.928	0.15927	0.00593	0.01004
592.9	5.929	0.15928	0.00593	0.01004
593.0	5.93	0.15929	0.00593	0.01004
593.1	5.931	0.1593	0.00593	0.01004
593.2	5.932	0.15931	0.00593	0.01004
593.3	5.933	0.15932	0.00593	0.01004
593.4	5.934	0.15933	0.00594	0.01004
593.5	5.935	0.15934	0.00594	0.01004
593.6	5.936	0.15935	0.00594	0.01004
593.7	5.937	0.15936	0.00594	0.01004
593.8	5.938	0.15937	0.00594	0.01004
593.9	5.939	0.15938	0.00594	0.01004
594.0	5.94	0.15939	0.00594	0.01004
594.1	5.941	0.1594	0.00594	0.01004
594.2	5.942	0.15941	0.00594	0.01004
594.3	5.943	0.15942	0.00594	0.01004
594.4	5.944	0.15943	0.00595	0.01004
594.5	5.945	0.15944	0.00595	0.01004
594.6	5.946	0.15945	0.00595	0.01004
594.7	5.947	0.15946	0.00595	0.01004
594.8	5.948	0.15947	0.00595	0.01004
594.9	5.949	0.15948	0.00595	0.01004
595.0	5.95	0.15949	0.00595	0.01004
595.1	5.951	0.1595	0.00595	0.01004
595.2	5.952	0.15951	0.00595	0.01004
595.3	5.953	0.15952	0.00595	0.01004
595.4	5.954	0.15953	0.00596	0.01004
595.5	5.955	0.15954	0.00596	0.01004
595.6	5.956	0.15955	0.00596	0.01004
595.7	5.957	0.15956	0.00596	0.01004
595.8	5.958	0.15957	0.00596	0.01004
595.9	5.959	0.15958	0.00596	0.01004
596.0	5.96	0.15959	0.00596	0.01004
596.1	5.961	0.1596	0.00596	0.01004
596.2	5.962	0.15961	0.00596	0.01004
596.3	5.963	0.15962	0.00596	0.01004
596.4	5.964	0.15963	0.00597	0.01004
596.5	5.965	0.15964	0.00597	0.01004
596.6	5.966	0.15965	0.00597	0.01004
596.7	5.967	0.15966	0.00597	0.01004
596.8	5.968	0.15967	0.00597	0.01004
596.9	5.969	0.15968	0.00597	0.01004
597.0	5.97	0.15969	0.00597	0.01004
597.1	5.971	0.1597	0.00597	0.01004
597.2	5.972	0.15971	0.00597	0.01004
597.3	5.973	0.15972	0.00597	0.01004
597.4	5.974	0.15973	0.00598	0.01004
597.5	5.975	0.15974	0.00598	0.01004
597.6	5.976	0.15975	0.00598	0.01004
597.7	5.977	0.15976	0.00598	0.01004
597.8	5.978	0.15977	0.00598	0.01004
597.9	5.979	0.15978	0.00598	0.01004
598.0	5.98	0.15979	0.00598	0.01004
598.1	5.981	0.1598	0.00598	0.01004
598.2	5.982	0.15981	0.00598	0.01004
598.3	5.983	0.15982	0.00598	0.01003
598.4	5.984	0.15983	0.00599	0.01003
598.5	5.985	0.15984	0.00599	0.01003
598.6	5.986	0.15985	0.00599	0.01003
598.7	5.987	0.15986	0.00599	0.01003
598.8	5.988	0.15987	0.00599	0.01003
598.9	5.989	0.15988	0.00599	0.01003
599.0	5.99	0.15989	0.00599	0.01003
599.1	5.991	0.1599	0.00599	0.01003
599.2	5.992	0.15991	0.00599	0.01003
599.3	5.993	0.15992	0.00599	0.01003
599.4	5.994	0.15993	0.006	0.01003
599.5	5.995	0.15994	0.006	0.01003
599.6	5.996	0.15995	0.006	0.01003
599.7	5.997	0.15996	0.006	0.01003
599.8	5.998	0.15997	0.006	0.01003
599.9	5.999	0.15998	0.006	0.01003
600.0	6.0	0.15999	0.006	0.01003
600.1	6.001	0.16	0.006	0.01003
600.2	6.002	0.16001	0.006	0.01003
600.3	6.003	0.16002	0.006	0.01003
600.4	6.004	0.16003	0.00601	0.01003
600.5	6.005	0.16004	0.00601	0.01003
600.6	6.006	0.16005	0.00601	0.01003
600.7	6.007	0.16006	0.00601	0.01003
600.8	6.008	0.16007	0.00601	0.01003
600.9	6.009	0.16008	0.00601	0.01003
601.0	6.01	0.16009	0.00601	0.01003
601.1	6.011	0.1601	0.00601	0.01003
601.2	6.012	0.16011	0.00601	0.01003
601.3	6.013	0.16012	0.00601	0.01003
601.4	6.014	0.16013	0.00602	0.01003
601.5	6.015	0.16014	0.00602	0.01003
601.6	6.016	0.16015	0.00602	0.01003
601.7	6.017	0.16016	0.00602	0.01003
601.8	6.018	0.16017	0.00602	0.01003
601.9	6.019	0.16018	0.00602	0.01003
602.0	6.02	0.16019	0.00602	0.01003
602.1	6.021	0.1602	0.00602	0.01003
602.2	6.022	0.16021	0.00602	0.01003
602.3	6.023	0.16022	0.00602	0.01003
602.4	6.024	0.16023	0.00603	0.01003
602.5	6.025	0.16024	0.00603	0.01003
602.6	6.026	0.16025	0.00603	0.01003
602.7	6.027	0.16026	0.00603	0.01003
602.8	6.028	0.16027	0.00603	0.01003
602.9	6.029	0.16028	0.00603	0.01003
603.0	6.03	0.16029	0.00603	0.01003
603.1	6.031	0.1603	0.00603	0.01003
603.2	6.032	0.16031	0.00603	0.01003
603.3	6.033	0.16032	0.00603	0.01003
603.4	6.034	0.16033	0.00604	0.01003
603.5	6.035	0.16034	0.00604	0.01003
603.6	6.036	0.16035	0.00604	0.01003
603.7	6.037	0.16036	0.00604	0.01003
603.8	6.038	0.16037	0.00604	0.01003
603.9	6.039	0.16038	0.00604	0.01003
604.0	6.04	0.16039	0.00604	0.01003
604.1	6.041	0.1604	0.00604	0.01003
604.2	6.042	0.16041	0.00604	0.01003
604.3	6.043	0.16042	0.00604	0.01003
604.4	6.044	0.16043	0.00605	0.01003
604.5	6.045	0.16044	0.00605	0.01003
604.6	6.046	0.16045	0.00605	0.01003
604.7	6.047	0.16046	0.00605	0.01003
604.8	6.048	0.16047	0.00605	0.01003
604.9	6.049	0.16048	0.00605	0.01003
605.0	6.05	0.16049	0.00605	0.01003
605.1	6.051	0.1605	0.00605	0.01003
605.2	6.052	0.16051	0.00605	0.01003
605.3	6.053	0.16052	0.00605	0.01003
605.4	6.054	0.16053	0.00606	0.01003
605.5	6.055	0.16054	0.00606	0.01003
605.6	6.056	0.16055	0.00606	0.01003
605.7	6.057	0.16056	0.00606	0.01003
605.8	6.058	0.16057	0.00606	0.01003
605.9	6.059	0.16058	0.00606	0.01003
606.0	6.06	0.16059	0.00606	0.01003
606.1	6.061	0.1606	0.00606	0.01003
606.2	6.062	0.16061	0.00606	0.01003
606.3	6.063	0.16062	0.00606	0.01003
606.4	6.064	0.16063	0.00607	0.01003
606.5	6.065	0.16064	0.00607	0.01003
606.6	6.066	0.16065	0.00607	0.01003
606.7	6.067	0.16066	0.00607	0.01003
606.8	6.068	0.16067	0.00607	0.01003
606.9	6.069	0.16068	0.00607	0.01003
607.0	6.07	0.16069	0.00607	0.01003
607.1	6.071	0.1607	0.00607	0.01003
607.2	6.072	0.16071	0.00607	0.01003
607.3	6.073	0.16072	0.00607	0.01003
607.4	6.074	0.16073	0.00608	0.01003
607.5	6.075	0.16074	0.00608	0.01003
607.6	6.076	0.16075	0.00608	0.01003
607.7	6.077	0.16076	0.00608	0.01003
607.8	6.078	0.16077	0.00608	0.01003
607.9	6.079	0.16078	0.00608	0.01003
608.0	6.08	0.16079	0.00608	0.01003
608.1	6.081	0.1608	0.00608	0.01003
608.2	6.082	0.16081	0.00608	0.01003
608.3	6.083	0.16082	0.00608	0.01003
608.4	6.084	0.16083	0.00609	0.01003
608.5	6.085	0.16084	0.00609	0.01003
608.6	6.086	0.16085	0.00609	0.01003
608.7	6.087	0.16086	0.00609	0.01003
608.8	6.088	0.16087	0.00609	0.01003
608.9	6.089	0.16088	0.00609	0.01003
609.0	6.09	0.16089	0.00609	0.01003
609.1	6.091	0.1609	0.00609	0.01003
609.2	6.092	0.16091	0.00609	0.01003
609.3	6.093	0.16092	0.00609	0.01003
609.4	6.094	0.16093	0.0061	0.01003
609.5	6.095	0.16094	0.0061	0.01003
609.6	6.096	0.16095	0.0061	0.01003
609.7	6.097	0.16096	0.0061	0.01003
609.8	6.098	0.16097	0.0061	0.01003
609.9	6.099	0.16098	0.0061	0.01003
610.0	6.1	0.16099	0.0061	0.01003
610.1	6.101	0.161	0.0061	0.01003
610.2	6.102	0.16101	0.0061	0.01003
610.3	6.103	0.16102	0.0061	0.01003
610.4	6.104	0.16103	0.00611	0.01003
610.5	6.105	0.16104	0.00611	0.01003
610.6	6.106	0.16105	0.00611	0.01003
610.7	6.107	0.16106	0.00611	0.01003
610.8	6.108	0.16107	0.00611	0.01003
610.9	6.109	0.16108	0.00611	0.01003
611.0	6.11	0.16109	0.00611	0.01003
611.1	6.111	0.1611	0.00611	0.01003
611.2	6.112	0.16111	0.00611	0.01003
611.3	6.113	0.16112	0.00611	0.01003
611.4	6.114	0.16113	0.00612	0.01003
611.5	6.115	0.16114	0.00612	0.01003
611.6	6.116	0.16115	0.00612	0.01003
611.7	6.117	0.16116	0.00612	0.01003
611.8	6.118	0.16117	0.00612	0.01003
611.9	6.119	0.16118	0.00612	0.01003
612.0	6.12	0.1612	0.00612	0.01003
612.1	6.121	0.16121	0.00612	0.01003
612.2	6.122	0.16122	0.00612	0.01003
612.3	6.123	0.16123	0.00612	0.01003
612.4	6.124	0.16124	0.00613	0.01003
612.5	6.125	0.16125	0.00613	0.01003
612.6	6.126	0.16126	0.00613	0.01003
612.7	6.127	0.16127	0.00613	0.01003
612.8	6.128	0.16128	0.00613	0.01003
612.9	6.129	0.16129	0.00613	0.01003
613.0	6.13	0.1613	0.00613	0.01003
613.1	6.131	0.16131	0.00613	0.01003
613.2	6.132	0.16132	0.00613	0.01003
613.3	6.133	0.16133	0.00613	0.01003
613.4	6.134	0.16134	0.00614	0.01003
613.5	6.135	0.16135	0.00614	0.01003
613.6	6.136	0.16136	0.00614	0.01003
613.7	6.137	0.16137	0.00614	0.01003
613.8	6.138	0.16138	0.00614	0.01003
613.9	6.139	0.16139	0.00614	0.01003
614.0	6.14	0.1614	0.00614	0.01003
614.1	6.141	0.16141	0.00614	0.01003
614.2	6.142	0.16142	0.00614	0.01003
614.3	6.143	0.16143	0.00614	0.01003
614.4	6.144	0.16144	0.00615	0.01003
614.5	6.145	0.16145	0.00615	0.01003
614.6	6.146	0.16146	0.00615	0.01003
614.7	6.147	0.16147	0.00615	0.01003
614.8	6.148	0.16148	0.00615	0.01003
614.9	6.149	0.16149	0.00615	0.01003
615.0	6.15	0.1615	0.00615	0.01003
615.1	6.151	0.16151	0.00615	0.01003
615.2	6.152	0.16152	0.00615	0.01003
615.3	6.153	0.16153	0.00615	0.01003
615.4	6.154	0.16154	0.00616	0.01003
615.5	6.155	0.16155	0.00616	0.01003
615.6	6.156	0.16156	0.00616	0.01003
615.7	6.157	0.16157	0.00616	0.01003
615.8	6.158	0.16158	0.00616	0.01003
615.9	6.159	0.16159	0.00616	0.01003
616.0	6.16	0.1616	0.00616	0.01003
616.1	6.161	0.16161	0.00616	0.01003
616.2	6.162	0.16162	0.00616	0.01003
616.3	6.163	0.16163	0.00616	0.01003
616.4	6.164	0.16164	0.00617	0.01003
616.5	6.165	0.16165	0.00617	0.01003
616.6	6.166	0.16166	0.00617	0.01003
616.7	6.167	0.16167	0.00617	0.01003
616.8	6.168	0.16168	0.00617	0.01002
616.9	6.169	0.16169	0.00617	0.01002
617.0	6.17	0.1617	0.00617	0.01002
617.1	6.171	0.16171	0.00617	0.01002
617.2	6.172	0.16172	0.00617	0.01002
617.3	6.173	0.16173	0.00617	0.01002
617.4	6.174	0.16174	0.00618	0.01002
617.5	6.175	0.16175	0.00618	0.01002
617.6	6.176	0.16176	0.00618	0.01002
617.7	6.177	0.16177	0.00618	0.01002
617.8	6.178	0.16178	0.00618	0.01002
617.9	6.179	0.16179	0.00618	0.01002
618.0	6.18	0.1618	0.00618	0.01002
618.1	6.181	0.16181	0.00618	0.01002
618.2	6.182	0.16182	0.00618	0.01002
618.3	6.183	0.16183	0.00618	0.01002
618.4	6.184	0.16184	0.00619	0.01002
618.5	6.185	0.16185	0.00619	0.01002
618.6	6.186	0.16186	0.00619	0.01002
618.7	6.187	0.16187	0.00619	0.01002
618.8	6.188	0.16188	0.00619	0.01002
618.9	6.189	0.16189	0.00619	0.01002
619.0	6.19	0.1619	0.00619	0.01002
619.1	6.191	0.16191	0.00619	0.01002
619.2	6.192	0.16192	0.00619	0.01002
619.3	6.193	0.16193	0.00619	0.01002
619.4	6.194	0.16194	0.0062	0.01002
619.5	6.195	0.16195	0.0062	0.01002
619.6	6.196	0.16196	0.0062	0.01002
619.7	6.197	0.16197	0.0062	0.01002
619.8	6.198	0.16198	0.0062	0.01002
619.9	6.199	0.16199	0.0062	0.01002
620.0	6.2	0.162	0.0062	0.01002
620.1	6.201	0.16201	0.0062	0.01002
620.2	6.202	0.16202	0.0062	0.01002
620.3	6.203	0.16203	0.0062	0.01002
620.4	6.204	0.16204	0.00621	0.01002
620.5	6.205	0.16205	0.00621	0.01002
620.6	6.206	0.16206	0.00621	0.01002
620.7	6.207	0.16207	0.00621	0.01002
620.8	6.208	0.16208	0.00621	0.01002
620.9	6.209	0.16209	0.00621	0.01002
621.0	6.21	0.1621	0.00621	0.01002
621.1	6.211	0.16211	0.00621	0.01002
621.2	6.212	0.16212	0.00621	0.01002
621.3	6.213	0.16213	0.00621	0.01002
621.4	6.214	0.16214	0.00622	0.01002
621.5	6.215	0.16215	0.00622	0.01002
621.6	6.216	0.16216	0.00622	0.01002
621.7	6.217	0.16217	0.00622	0.01002
621.8	6.218	0.16218	0.00622	0.01002
621.9	6.219	0.16219	0.00622	0.01002
622.0	6.22	0.1622	0.00622	0.01002
622.1	6.221	0.16221	0.00622	0.01002
622.2	6.222	0.16222	0.00622	0.01002
622.3	6.223	0.16223	0.00622	0.01002
622.4	6.224	0.16224	0.00623	0.01002
622.5	6.225	0.16225	0.00623	0.01002
622.6	6.226	0.16226	0.00623	0.01002
622.7	6.227	0.16227	0.00623	0.01002
622.8	6.228	0.16228	0.00623	0.01002
622.9	6.229	0.16229	0.00623	0.01002
623.0	6.23	0.1623	0.00623	0.01002
623.1	6.231	0.16231	0.00623	0.01002
623.2	6.232	0.16232	0.00623	0.01002
623.3	6.233	0.16233	0.00623	0.01002
623.4	6.234	0.16234	0.00624	0.01002
623.5	6.235	0.16235	0.00624	0.01002
623.6	6.236	0.16236	0.00624	0.01002
623.7	6.237	0.16237	0.00624	0.01002
623.8	6.238	0.16238	0.00624	0.01002
623.9	6.239	0.16239	0.00624	0.01002
624.0	6.24	0.1624	0.00624	0.01002
624.1	6.241	0.16241	0.00624	0.01002
624.2	6.242	0.16242	0.00624	0.01002
624.3	6.243	0.16243	0.00624	0.01002
624.4	6.244	0.16244	0.00625	0.01002
624.5	6.245	0.16245	0.00625	0.01002
624.6	6.246	0.16246	0.00625	0.01002
624.7	6.247	0.16247	0.00625	0.01002
624.8	6.248	0.16248	0.00625	0.01002
624.9	6.249	0.16249	0.00625	0.01002
625.0	6.25	0.1625	0.00625	0.01002
625.1	6.251	0.16251	0.00625	0.01002
625.2	6.252	0.16252	0.00625	0.01002
625.3	6.253	0.16253	0.00625	0.01002
625.4	6.254	0.16254	0.00626	0.01002
625.5	6.255	0.16255	0.00626	0.01002
625.6	6.256	0.16256	0.00626	0.01002
625.7	6.257	0.16257	0.00626	0.01002
625.8	6.258	0.16258	0.00626	0.01002
625.9	6.259	0.16259	0.00626	0.01002
626.0	6.26	0.1626	0.00626	0.01002
626.1	6.261	0.16261	0.00626	0.01002
626.2	6.262	0.16262	0.00626	0.01002
626.3	6.263	0.16263	0.00626	0.01002
626.4	6.264	0.16264	0.00627	0.01002
626.5	6.265	0.16265	0.00627	0.01002
626.6	6.266	0.16266	0.00627	0.01002
626.7	6.267	0.16267	0.00627	0.01002
626.8	6.268	0.16268	0.00627	0.01002
626.9	6.269	0.16269	0.00627	0.01002
627.0	6.27	0.1627	0.00627	0.01002
627.1	6.271	0.16271	0.00627	0.01002
627.2	6.272	0.16272	0.00627	0.01002
627.3	6.273	0.16273	0.00627	0.01002
627.4	6.274	0.16274	0.00628	0.01002
627.5	6.275	0.16275	0.00628	0.01002
627.6	6.276	0.16276	0.00628	0.01002
627.7	6.277	0.16277	0.00628	0.01002
627.8	6.278	0.16278	0.00628	0.01002
627.9	6.279	0.16279	0.00628	0.01002
628.0	6.28	0.1628	0.00628	0.01002
628.1	6.281	0.16281	0.00628	0.01002
628.2	6.282	0.16282	0.00628	0.01002
628.3	6.283	0.16283	0.00628	0.01002
628.4	6.284	0.16284	0.00629	0.01002
628.5	6.285	0.16285	0.00629	0.01002
628.6	6.286	0.16286	0.00629	0.01002
628.7	6.287	0.16287	0.00629	0.01002
628.8	6.288	0.16288	0.00629	0.01002
628.9	6.289	0.16289	0.00629	0.01002
629.0	6.29	0.1629	0.00629	0.01002
629.1	6.291	0.16291	0.00629	0.01002
629.2	6.292	0.16292	0.00629	0.01002
629.3	6.293	0.16293	0.00629	0.01002
629.4	6.294	0.16294	0.0063	0.01002
629.5	6.295	0.16295	0.0063	0.01002
629.6	6.296	0.16296	0.0063	0.01002
629.7	6.297	0.16297	0.0063	0.01002
629.8	6.298	0.16298	0.0063	0.01002
629.9	6.299	0.16299	0.0063	0.01002
630.0	6.3	0.163	0.0063	0.01002
630.1	6.301	0.16301	0.0063	0.01002
630.2	6.302	0.16302	0.0063	0.01002
630.3	6.303	0.16303	0.0063	0.01002
630.4	6.304	0.16304	0.00631	0.01002
630.5	6.305	0.16305	0.00631	0.01002
630.6	6.306	0.16306	0.00631	0.01002
630.7	6.307	0.16307	0.00631	0.01002
630.8	6.308	0.16308	0.00631	0.01002
630.9	6.309	0.16309	0.00631	0.01002
631.0	6.31	0.1631	0.00631	0.01002
631.1	6.311	0.16311	0.00631	0.01002
631.2	6.312	0.16312	0.00631	0.01002
631.3	6.313	0.16313	0.00631	0.01002
631.4	6.314	0.16314	0.00632	0.01002
631.5	6.315	0.16315	0.00632	0.01002
631.6	6.316	0.16316	0.00632	0.01002
631.7	6.317	0.16317	0.00632	0.01002
631.8	6.318	0.16318	0.00632	0.01002
631.9	6.319	0.16319	0.00632	0.01002
632.0	6.32	0.1632	0.00632	0.01002
632.1	6.321	0.16321	0.00632	0.01002
632.2	6.322	0.16322	0.00632	0.01002
632.3	6.323	0.16323	0.00632	0.01002
632.4	6.324	0.16324	0.00633	0.01002
632.5	6.325	0.16325	0.00633	0.01002
632.6	6.326	0.16326	0.00633	0.01002
632.7	6.327	0.16327	0.00633	0.01002
632.8	6.328	0.16328	0.00633	0.01002
632.9	6.329	0.16329	0.00633	0.01002
633.0	6.33	0.1633	0.00633	0.01002
633.1	6.331	0.16331	0.00633	0.01002
633.2	6.332	0.16332	0.00633	0.01002
633.3	6.333	0.16333	0.00633	0.01002
633.4	6.334	0.16334	0.00634	0.01002
633.5	6.335	0.16335	0.00634	0.01002
633.6	6.336	0.16336	0.00634	0.01002
633.7	6.337	0.16337	0.00634	0.01002
633.8	6.338	0.16338	0.00634	0.01002
633.9	6.339	0.16339	0.00634	0.01002
634.0	6.34	0.1634	0.00634	0.01002
634.1	6.341	0.16341	0.00634	0.01002
634.2	6.342	0.16342	0.00634	0.01002
634.3	6.343	0.16343	0.00634	0.01002
634.4	6.344	0.16344	0.00635	0.01002
634.5	6.345	0.16345	0.00635	0.01002
634.6	6.346	0.16346	0.00635	0.01002
634.7	6.347	0.16347	0.00635	0.01002
634.8	6.348	0.16348	0.00635	0.01002
634.9	6.349	0.16349	0.00635	0.01002
635.0	6.35	0.1635	0.00635	0.01002
635.1	6.351	0.16351	0.00635	0.01002
635.2	6.352	0.16352	0.00635	0.01002
635.3	6.353	0.16353	0.00635	0.01002
635.4	6.354	0.16354	0.00636	0.01002
635.5	6.355	0.16355	0.00636	0.01002
635.6	6.356	0.16356	0.00636	0.01002
635.7	6.357	0.16357	0.00636	0.01002
635.8	6.358	0.16358	0.00636	0.01002
635.9	6.359	0.16359	0.00636	0.01002
636.0	6.36	0.1636	0.00636	0.01002
636.1	6.361	0.16361	0.00636	0.01002
636.2	6.362	0.16362	0.00636	0.01002
636.3	6.363	0.16363	0.00636	0.01002
636.4	6.364	0.16364	0.00637	0.01002
636.5	6.365	0.16365	0.00637	0.01002
636.6	6.366	0.16366	0.00637	0.01002
636.7	6.367	0.16367	0.00637	0.01002
636.8	6.368	0.16368	0.00637	0.01002
636.9	6.369	0.16369	0.00637	0.01002
637.0	6.37	0.1637	0.00637	0.01002
637.1	6.371	0.16371	0.00637	0.01002
637.2	6.372	0.16372	0.00637	0.01002
637.3	6.373	0.16373	0.00637	0.01002
637.4	6.374	0.16374	0.00638	0.01002
637.5	6.375	0.16375	0.00638	0.01002
637.6	6.376	0.16376	0.00638	0.01002
637.7	6.377	0.16377	0.00638	0.01002
637.8	6.378	0.16378	0.00638	0.01002
637.9	6.379	0.16379	0.00638	0.01002
638.0	6.38	0.1638	0.00638	0.01002
638.1	6.381	0.16381	0.00638	0.01002
638.2	6.382	0.16382	0.00638	0.01002
638.3	6.383	0.16383	0.00638	0.01002
638.4	6.384	0.16384	0.00639	0.01002
638.5	6.385	0.16385	0.00639	0.01002
638.6	6.386	0.16386	0.00639	0.01002
638.7	6.387	0.16387	0.00639	0.01002
638.8	6.388	0.16388	0.00639	0.01002
638.9	6.389	0.16389	0.00639	0.01002
639.0	6.39	0.1639	0.00639	0.01002
639.1	6.391	0.16391	0.00639	0.01002
639.2	6.392	0.16392	0.00639	0.01002
639.3	6.393	0.16393	0.00639	0.01002
639.4	6.394	0.16394	0.0064	0.01002
639.5	6.395	0.16395	0.0064	0.01002
639.6	6.396	0.16396	0.0064	0.01002
639.7	6.397	0.16397	0.0064	0.01002
639.8	6.398	0.16398	0.0064	0.01002
639.9	6.399	0.16399	0.0064	0.01002
640.0	6.4	0.164	0.0064	0.01002
640.1	6.401	0.16401	0.0064	0.01002
640.2	6.402	0.16402	0.0064	0.01002
640.3	6.403	0.16403	0.0064	0.01002
640.4	6.404	0.16404	0.00641	0.01002
640.5	6.405	0.16405	0.00641	0.01002
640.6	6.406	0.16406	0.00641	0.01002
640.7	6.407	0.16407	0.00641	0.01002
640.8	6.408	0.16408	0.00641	0.01002
640.9	6.409	0.16409	0.00641	0.01002
641.0	6.41	0.1641	0.00641	0.01002
641.1	6.411	0.16411	0.00641	0.01002
641.2	6.412	0.16412	0.00641	0.01002
641.3	6.413	0.16413	0.00641	0.01002
641.4	6.414	0.16414	0.00642	0.01002
641.5	6.415	0.16415	0.00642	0.01002
641.6	6.416	0.16416	0.00642	0.01002
641.7	6.417	0.16417	0.00642	0.01002
641.8	6.418	0.16418	0.00642	0.01002
641.9	6.419	0.16419	0.00642	0.01002
642.0	6.42	0.1642	0.00642	0.01002
642.1	6.421	0.16421	0.00642	0.01002
642.2	6.422	0.16422	0.00642	0.01002
642.3	6.423	0.16423	0.00642	0.01002
642.4	6.424	0.16424	0.00643	0.01002
642.5	6.425	0.16425	0.00643	0.01002
642.6	6.426	0.16426	0.00643	0.01002
642.7	6.427	0.16427	0.00643	0.01002
642.8	6.428	0.16428	0.00643	0.01002
642.9	6.429	0.16429	0.00643	0.01002
643.0	6.43	0.1643	0.00643	0.01002
643.1	6.431	0.16431	0.00643	0.01002
643.2	6.432	0.16432	0.00643	0.01002
643.3	6.433	0.16433	0.00643	0.01002
643.4	6.434	0.16434	0.00644	0.01002
643.5	6.435	0.16435	0.00644	0.01002
643.6	6.436	0.16436	0.00644	0.01002
643.7	6.437	0.16437	0.00644	0.01002
643.8	6.438	0.16438	0.00644	0.01002
643.9	6.439	0.16439	0.00644	0.01002
644.0	6.44	0.1644	0.00644	0.01002
644.1	6.441	0.16441	0.00644	0.01002
644.2	6.442	0.16442	0.00644	0.01002
644.3	6.443	0.16443	0.00644	0.01002
644.4	6.444	0.16444	0.00645	0.01002
644.5	6.445	0.16445	0.00645	0.01002
644.6	6.446	0.16446	0.00645	0.01002
644.7	6.447	0.16447	0.00645	0.01002
644.8	6.448	0.16448	0.00645	0.01002
644.9	6.449	0.16449	0.00645	0.01001
645.0	6.45	0.1645	0.00645	0.01001
645.1	6.451	0.16451	0.00645	0.01001
645.2	6.452	0.16452	0.00645	0.01001
645.3	6.453	0.16453	0.00645	0.01001
645.4	6.454	0.16454	0.00646	0.01001
645.5	6.455	0.16455	0.00646	0.01001
645.6	6.456	0.16456	0.00646	0.01001
645.7	6.457	0.16457	0.00646	0.01001
645.8	6.458	0.16458	0.00646	0.01001
645.9	6.459	0.16459	0.00646	0.01001
646.0	6.46	0.1646	0.00646	0.01001
646.1	6.461	0.16461	0.00646	0.01001
646.2	6.462	0.16462	0.00646	0.01001
646.3	6.463	0.16463	0.00646	0.01001
646.4	6.464	0.16464	0.00647	0.01001
646.5	6.465	0.16465	0.00647	0.01001
646.6	6.466	0.16466	0.00647	0.01001
646.7	6.467	0.16467	0.00647	0.01001
646.8	6.468	0.16468	0.00647	0.01001
646.9	6.469	0.16469	0.00647	0.01001
647.0	6.47	0.1647	0.00647	0.01001
647.1	6.471	0.16471	0.00647	0.01001
647.2	6.472	0.16472	0.00647	0.01001
647.3	6.473	0.16473	0.00647	0.01001
647.4	6.474	0.16474	0.00648	0.01001
647.5	6.475	0.16475	0.00648	0.01001
647.6	6.476	0.16476	0.00648	0.01001
647.7	6.477	0.16477	0.00648	0.01001
647.8	6.478	0.16478	0.00648	0.01001
647.9	6.479	0.16479	0.00648	0.01001
648.0	6.48	0.1648	0.00648	0.01001
648.1	6.481	0.16481	0.00648	0.01001
648.2	6.482	0.16482	0.00648	0.01001
648.3	6.483	0.16483	0.00648	0.01001
648.4	6.484	0.16484	0.00649	0.01001
648.5	6.485	0.16485	0.00649	0.01001
648.6	6.486	0.16486	0.00649	0.01001
648.7	6.487	0.16487	0.00649	0.01001
648.8	6.488	0.16488	0.00649	0.01001
648.9	6.489	0.16489	0.00649	0.01001
649.0	6.49	0.1649	0.00649	0.01001
649.1	6.491	0.16491	0.00649	0.01001
649.2	6.492	0.16492	0.00649	0.01001
649.3	6.493	0.16493	0.00649	0.01001
649.4	6.494	0.16494	0.0065	0.01001
649.5	6.495	0.16495	0.0065	0.01001
649.6	6.496	0.16496	0.0065	0.01001
649.7	6.497	0.16497	0.0065	0.01001
649.8	6.498	0.16498	0.0065	0.01001
649.9	6.499	0.16499	0.0065	0.01001
650.0	6.5	0.165	0.0065	0.01001
650.1	6.501	0.16501	0.0065	0.01001
650.2	6.502	0.16502	0.0065	0.01001
650.3	6.503	0.16503	0.0065	0.01001
650.4	6.504	0.16504	0.00651	0.01001
650.5	6.505	0.16505	0.00651	0.01001
650.6	6.506	0.16506	0.00651	0.01001
650.7	6.507	0.16507	0.00651	0.01001
650.8	6.508	0.16508	0.00651	0.01001
650.9	6.509	0.16509	0.00651	0.01001
651.0	6.51	0.1651	0.00651	0.01001
651.1	6.511	0.16511	0.00651	0.01001
651.2	6.512	0.16512	0.00651	0.01001
651.3	6.513	0.16513	0.00651	0.01001
651.4	6.514	0.16514	0.00652	0.01001
651.5	6.515	0.16515	0.00652	0.01001
651.6	6.516	0.16516	0.00652	0.01001
651.7	6.517	0.16517	0.00652	0.01001
651.8	6.518	0.16518	0.00652	0.01001
651.9	6.519	0.16519	0.00652	0.01001
652.0	6.52	0.1652	0.00652	0.01001
652.1	6.521	0.16521	0.00652	0.01001
652.2	6.522	0.16522	0.00652	0.01001
652.3	6.523	0.16523	0.00652	0.01001
652.4	6.524	0.16524	0.00653	0.01001
652.5	6.525	0.16525	0.00653	0.01001
652.6	6.526	0.16526	0.00653	0.01001
652.7	6.527	0.16527	0.00653	0.01001
652.8	6.528	0.16528	0.00653	0.01001
652.9	6.529	0.16529	0.00653	0.01001
653.0	6.53	0.1653	0.00653	0.01001
653.1	6.531	0.16531	0.00653	0.01001
653.2	6.532	0.16532	0.00653	0.01001
653.3	6.533	0.16533	0.00653	0.01001
653.4	6.534	0.16534	0.00654	0.01001
653.5	6.535	0.16535	0.00654	0.01001
653.6	6.536	0.16536	0.00654	0.01001
653.7	6.537	0.16537	0.00654	0.01001
653.8	6.538	0.16538	0.00654	0.01001
653.9	6.539	0.16539	0.00654	0.01001
654.0	6.54	0.1654	0.00654	0.01001
654.1	6.541	0.16541	0.00654	0.01001
654.2	6.542	0.16542	0.00654	0.01001
654.3	6.543	0.16543	0.00654	0.01001
654.4	6.544	0.16544	0.00655	0.01001
654.5	6.545	0.16545	0.00655	0.01001
654.6	6.546	0.16546	0.00655	0.01001
654.7	6.547	0.16547	0.00655	0.01001
654.8	6.548	0.16548	0.00655	0.01001
654.9	6.549	0.16549	0.00655	0.01001
655.0	6.55	0.1655	0.00655	0.01001
655.1	6.551	0.16551	0.00655	0.01001
655.2	6.552	0.16552	0.00655	0.01001
655.3	6.553	0.16553	0.00655	0.01001
655.4	6.554	0.16554	0.00656	0.01001
655.5	6.555	0.16555	0.00656	0.01001
655.6	6.556	0.16556	0.00656	0.01001
655.7	6.557	0.16557	0.00656	0.01001
655.8	6.558	0.16558	0.00656	0.01001
655.9	6.559	0.16559	0.00656	0.01001
656.0	6.56	0.1656	0.00656	0.01001
656.1	6.561	0.16561	0.00656	0.01001
656.2	6.562	0.16562	0.00656	0.01001
656.3	6.563	0.16563	0.00656	0.01001
656.4	6.564	0.16564	0.00657	0.01001
656.5	6.565	0.16565	0.00657	0.01001
656.6	6.566	0.16566	0.00657	0.01001
656.7	6.567	0.16567	0.00657	0.01001
656.8	6.568	0.16568	0.00657	0.01001
656.9	6.569	0.16569	0.00657	0.01001
657.0	6.57	0.1657	0.00657	0.01001
657.1	6.571	0.16571	0.00657	0.01001
657.2	6.572	0.16572	0.00657	0.01001
657.3	6.573	0.16573	0.00657	0.01001
657.4	6.574	0.16574	0.00658	0.01001
657.5	6.575	0.16575	0.00658	0.01001
657.6	6.576	0.16576	0.00658	0.01001
657.7	6.577	0.16577	0.00658	0.01001
657.8	6.578	0.16578	0.00658	0.01001
657.9	6.579	0.16579	0.00658	0.01001
658.0	6.58	0.1658	0.00658	0.01001
658.1	6.581	0.16581	0.00658	0.01001
658.2	6.582	0.16582	0.00658	0.01001
658.3	6.583	0.16583	0.00658	0.01001
658.4	6.584	0.16584	0.00659	0.01001
658.5	6.585	0.16585	0.00659	0.01001
658.6	6.586	0.16586	0.00659	0.01001
658.7	6.587	0.16587	0.00659	0.01001
658.8	6.588	0.16588	0.00659	0.01001
658.9	6.589	0.16589	0.00659	0.01001
659.0	6.59	0.1659	0.00659	0.01001
659.1	6.591	0.16591	0.00659	0.01001
659.2	6.592	0.16592	0.00659	0.01001
659.3	6.593	0.16593	0.00659	0.01001
659.4	6.594	0.16594	0.0066	0.01001
659.5	6.595	0.16595	0.0066	0.01001
659.6	6.596	0.16596	0.0066	0.01001
659.7	6.597	0.16597	0.0066	0.01001
659.8	6.598	0.16598	0.0066	0.01001
659.9	6.599	0.16599	0.0066	0.01001
660.0	6.6	0.166	0.0066	0.01001
660.1	6.601	0.16601	0.0066	0.01001
660.2	6.602	0.16602	0.0066	0.01001
660.3	6.603	0.16603	0.0066	0.01001
660.4	6.604	0.16604	0.00661	0.01001
660.5	6.605	0.16605	0.00661	0.01001
660.6	6.606	0.16606	0.00661	0.01001
660.7	6.607	0.16607	0.00661	0.01001
660.8	6.608	0.16608	0.00661	0.01001
660.9	6.609	0.16609	0.00661	0.01001
661.0	6.61	0.1661	0.00661	0.01001
661.1	6.611	0.16611	0.00661	0.01001
661.2	6.612	0.16612	0.00661	0.01001
661.3	6.613	0.16613	0.00661	0.01001
661.4	6.614	0.16614	0.00662	0.01001
661.5	6.615	0.16615	0.00662	0.01001
661.6	6.616	0.16616	0.00662	0.01001
661.7	6.617	0.16617	0.00662	0.01001
661.8	6.618	0.16618	0.00662	0.01001
661.9	6.619	0.16619	0.00662	0.01001
662.0	6.62	0.1662	0.00662	0.01001
662.1	6.621	0.16621	0.00662	0.01001
662.2	6.622	0.16622	0.00662	0.01001
662.3	6.623	0.16623	0.00662	0.01001
662.4	6.624	0.16624	0.00663	0.01001
662.5	6.625	0.16625	0.00663	0.01001
662.6	6.626	0.16626	0.00663	0.01001
662.7	6.627	0.16627	0.00663	0.01001
662.8	6.628	0.16628	0.00663	0.01001
662.9	6.629	0.16629	0.00663	0.01001
663.0	6.63	0.1663	0.00663	0.01001
663.1	6.631	0.16631	0.00663	0.01001
663.2	6.632	0.16632	0.00663	0.01001
663.3	6.633	0.16633	0.00663	0.01001
663.4	6.634	0.16634	0.00664	0.01001
663.5	6.635	0.16635	0.00664	0.01001
663.6	6.636	0.16636	0.00664	0.01001
663.7	6.637	0.16637	0.00664	0.01001
663.8	6.638	0.16638	0.00664	0.01001
663.9	6.639	0.16639	0.00664	0.01001
664.0	6.64	0.1664	0.00664	0.01001
664.1	6.641	0.16641	0.00664	0.01001
664.2	6.642	0.16642	0.00664	0.01001
664.3	6.643	0.16643	0.00664	0.01001
664.4	6.644	0.16644	0.00665	0.01001
664.5	6.645	0.16645	0.00665	0.01001
664.6	6.646	0.16646	0.00665	0.01001
664.7	6.647	0.16647	0.00665	0.01001
664.8	6.648	0.16648	0.00665	0.01001
664.9	6.649	0.16649	0.00665	0.01001
665.0	6.65	0.1665	0.00665	0.01001
665.1	6.651	0.16651	0.00665	0.01001
665.2	6.652	0.16652	0.00665	0.01001
665.3	6.653	0.16653	0.00665	0.01001
665.4	6.654	0.16654	0.00666	0.01001
665.5	6.655	0.16655	0.00666	0.01001
665.6	6.656	0.16656	0.00666	0.01001
665.7	6.657	0.16657	0.00666	0.01001
665.8	6.658	0.16658	0.00666	0.01001
665.9	6.659	0.16659	0.00666	0.01001
666.0	6.66	0.1666	0.00666	0.01001
666.1	6.661	0.16661	0.00666	0.01001
666.2	6.662	0.16662	0.00666	0.01001
666.3	6.663	0.16663	0.00666	0.01001
666.4	6.664	0.16664	0.00667	0.01001
666.5	6.665	0.16665	0.00667	0.01001
666.6	6.666	0.16666	0.00667	0.01001
666.7	6.667	0.16667	0.00667	0.01001
666.8	6.668	0.16668	0.00667	0.01001
666.9	6.669	0.16669	0.00667	0.01001
667.0	6.67	0.1667	0.00667	0.01001
667.1	6.671	0.16671	0.00667	0.01001
667.2	6.672	0.16672	0.00667	0.01001
667.3	6.673	0.16673	0.00667	0.01001
667.4	6.674	0.16674	0.00668	0.01001
667.5	6.675	0.16675	0.00668	0.01001
667.6	6.676	0.16676	0.00668	0.01001
667.7	6.677	0.16677	0.00668	0.01001
667.8	6.678	0.16678	0.00668	0.01001
667.9	6.679	0.16679	0.00668	0.01001
668.0	6.68	0.1668	0.00668	0.01001
668.1	6.681	0.16681	0.00668	0.01001
668.2	6.682	0.16682	0.00668	0.01001
668.3	6.683	0.16683	0.00668	0.01001
668.4	6.684	0.16684	0.00669	0.01001
668.5	6.685	0.16685	0.00669	0.01001
668.6	6.686	0.16686	0.00669	0.01001
668.7	6.687	0.16687	0.00669	0.01001
668.8	6.688	0.16688	0.00669	0.01001
668.9	6.689	0.16689	0.00669	0.01001
669.0	6.69	0.1669	0.00669	0.01001
669.1	6.691	0.16691	0.00669	0.01001
669.2	6.692	0.16692	0.00669	0.01001
669.3	6.693	0.16693	0.00669	0.01001
669.4	6.694	0.16694	0.0067	0.01001
669.5	6.695	0.16695	0.0067	0.01001
669.6	6.696	0.16696	0.0067	0.01001
669.7	6.697	0.16697	0.0067	0.01001
669.8	6.698	0.16698	0.0067	0.01001
669.9	6.699	0.16699	0.0067	0.01001
670.0	6.7	0.167	0.0067	0.01001
670.1	6.701	0.16701	0.0067	0.01001
670.2	6.702	0.16702	0.0067	0.01001
670.3	6.703	0.16703	0.0067	0.01001
670.4	6.704	0.16704	0.00671	0.01001
670.5	6.705	0.16705	0.00671	0.01001
670.6	6.706	0.16706	0.00671	0.01001
670.7	6.707	0.16707	0.00671	0.01001
670.8	6.708	0.16708	0.00671	0.01001
670.9	6.709	0.16709	0.00671	0.01001
671.0	6.71	0.1671	0.00671	0.01001
671.1	6.711	0.16711	0.00671	0.01001
671.2	6.712	0.16712	0.00671	0.01001
671.3	6.713	0.16713	0.00671	0.01001
671.4	6.714	0.16714	0.00672	0.01001
671.5	6.715	0.16715	0.00672	0.01001
671.6	6.716	0.16716	0.00672	0.01001
671.7	6.717	0.16717	0.00672	0.01001
671.8	6.718	0.16718	0.00672	0.01001
671.9	6.719	0.16719	0.00672	0.01001
672.0	6.72	0.1672	0.00672	0.01001
672.1	6.721	0.16721	0.00672	0.01001
672.2	6.722	0.16722	0.00672	0.01001
672.3	6.723	0.16723	0.00672	0.01001
672.4	6.724	0.16725	0.00673	0.01001
672.5	6.725	0.16726	0.00673	0.01001
672.6	6.726	0.16727	0.00673	0.01001
672.7	6.727	0.16728	0.00673	0.01001
672.8	6.728	0.16729	0.00673	0.01001
672.9	6.729	0.1673	0.00673	0.01001
673.0	6.73	0.16731	0.00673	0.01001
673.1	6.731	0.16732	0.00673	0.01001
673.2	6.732	0.16733	0.00673	0.01001
673.3	6.733	0.16734	0.00673	0.01001
673.4	6.734	0.16735	0.00674	0.01001
673.5	6.735	0.16736	0.00674	0.01001
673.6	6.736	0.16737	0.00674	0.01001
673.7	6.737	0.16738	0.00674	0.01001
673.8	6.738	0.16739	0.00674	0.01001
673.9	6.739	0.1674	0.00674	0.01001
674.0	6.74	0.16741	0.00674	0.01001
674.1	6.741	0.16742	0.00674	0.01001
674.2	6.742	0.16743	0.00674	0.01001
674.3	6.743	0.16744	0.00674	0.01001
674.4	6.744	0.16745	0.00675	0.01001
674.5	6.745	0.16746	0.00675	0.01001
674.6	6.746	0.16747	0.00675	0.01001
674.7	6.747	0.16748	0.00675	0.01001
674.8	6.748	0.16749	0.00675	0.01001
674.9	6.749	0.1675	0.00675	0.01001
675.0	6.75	0.16751	0.00675	0.01001
675.1	6.751	0.16752	0.00675	0.01001
675.2	6.752	0.16753	0.00675	0.01001
675.3	6.753	0.16754	0.00675	0.01001
675.4	6.754	0.16755	0.00676	0.01001
675.5	6.755	0.16756	0.00676	0.01001
675.6	6.756	0.16757	0.00676	0.01001
675.7	6.757	0.16758	0.00676	0.01001
675.8	6.758	0.16759	0.00676	0.01001
675.9	6.759	0.1676	0.00676	0.01001
676.0	6.76	0.16761	0.00676	0.01001
676.1	6.761	0.16762	0.00676	0.01001
676.2	6.762	0.16763	0.00676	0.01001
676.3	6.763	0.16764	0.00676	0.01001
676.4	6.764	0.16765	0.00677	0.01001
676.5	6.765	0.16766	0.00677	0.01001
676.6	6.766	0.16767	0.00677	0.01001
676.7	6.767	0.16768	0.00677	0.01001
676.8	6.768	0.16769	0.00677	0.01001
676.9	6.769	0.1677	0.00677	0.01001
677.0	6.77	0.16771	0.00677	0.01001
677.1	6.771	0.16772	0.00677	0.01001
677.2	6.772	0.16773	0.00677	0.01001
677.3	6.773	0.16774	0.00677	0.01001
677.4	6.774	0.16775	0.00678	0.01001
677.5	6.775	0.16776	0.00678	0.01001
677.6	6.776	0.16777	0.00678	0.01001
677.7	6.777	0.16778	0.00678	0.01001
677.8	6.778	0.16779	0.00678	0.01001
677.9	6.779	0.1678	0.00678	0.01001
678.0	6.78	0.16781	0.00678	0.01001
678.1	6.781	0.16782	0.00678	0.01001
678.2	6.782	0.16783	0.00678	0.01001
678.3	6.783	0.16784	0.00678	0.01001
678.4	6.784	0.16785	0.00679	0.01001
678.5	6.785	0.16786	0.00679	0.01001
678.6	6.786	0.16787	0.00679	0.01001
678.7	6.787	0.16788	0.00679	0.01001
678.8	6.788	0.16789	0.00679	0.01001
678.9	6.789	0.1679	0.00679	0.01001
679.0	6.79	0.16791	0.00679	0.01001
679.1	6.791	0.16792	0.00679	0.01001
679.2	6.792	0.16793	0.00679	0.01001
679.3	6.793	0.16794	0.00679	0.01001
679.4	6.794	0.16795	0.0068	0.01001
679.5	6.795	0.16796	0.0068	0.01001
679.6	6.796	0.16797	0.0068	0.01001
679.7	6.797	0.16798	0.0068	0.01001
679.8	6.798	0.16799	0.0068	0.01001
679.9	6.799	0.168	0.0068	0.01001
680.0	6.8	0.16801	0.0068	0.01001
680.1	6.801	0.16802	0.0068	0.01001
680.2	6.802	0.16803	0.0068	0.01001
680.3	6.803	0.16804	0.0068	0.01001
680.4	6.804	0.16805	0.00681	0.01001
680.5	6.805	0.16806	0.00681	0.01001
680.6	6.806	0.16807	0.00681	0.01001
680.7	6.807	0.16808	0.00681	0.01001
680.8	6.808	0.16809	0.00681	0.01001
680.9	6.809	0.1681	0.00681	0.01001
681.0	6.81	0.16811	0.00681	0.01001
681.1	6.811	0.16812	0.00681	0.01001
681.2	6.812	0.16813	0.00681	0.01001
681.3	6.813	0.16814	0.00681	0.01001
681.4	6.814	0.16815	0.00682	0.01001
681.5	6.815	0.16816	0.00682	0.01001
681.6	6.816	0.16817	0.00682	0.01001
681.7	6.817	0.16818	0.00682	0.01001
681.8	6.818	0.16819	0.00682	0.01001
681.9	6.819	0.1682	0.00682	0.01001
682.0	6.82	0.16821	0.00682	0.01001
682.1	6.821	0.16822	0.00682	0.01001
682.2	6.822	0.16823	0.00682	0.01001
682.3	6.823	0.16824	0.00682	0.01001
682.4	6.824	0.16825	0.00683	0.01001
682.5	6.825	0.16826	0.00683	0.01001
682.6	6.826	0.16827	0.00683	0.01001
682.7	6.827	0.16828	0.00683	0.01001
682.8	6.828	0.16829	0.00683	0.01001
682.9	6.829	0.1683	0.00683	0.01001
683.0	6.83	0.16831	0.00683	0.01001
683.1	6.831	0.16832	0.00683	0.01001
683.2	6.832	0.16833	0.00683	0.01001
683.3	6.833	0.16834	0.00683	0.01001
683.4	6.834	0.16835	0.00684	0.01001
683.5	6.835	0.16836	0.00684	0.01001
683.6	6.836	0.16837	0.00684	0.01001
683.7	6.837	0.16838	0.00684	0.01001
683.8	6.838	0.16839	0.00684	0.01001
683.9	6.839	0.1684	0.00684	0.01001
684.0	6.84	0.16841	0.00684	0.01001
684.1	6.841	0.16842	0.00684	0.01001
684.2	6.842	0.16843	0.00684	0.01001
684.3	6.843	0.16844	0.00684	0.01001
684.4	6.844	0.16845	0.00685	0.01001
684.5	6.845	0.16846	0.00685	0.01001
684.6	6.846	0.16847	0.00685	0.01001
684.7	6.847	0.16848	0.00685	0.01001
684.8	6.848	0.16849	0.00685	0.01001
684.9	6.849	0.1685	0.00685	0.01001
685.0	6.85	0.16851	0.00685	0.01001
685.1	6.851	0.16852	0.00685	0.01001
685.2	6.852	0.16853	0.00685	0.01001
685.3	6.853	0.16854	0.00685	0.01001
685.4	6.854	0.16855	0.00686	0.01001
685.5	6.855	0.16856	0.00686	0.01001
685.6	6.856	0.16857	0.00686	0.01001
685.7	6.857	0.16858	0.00686	0.01001
685.8	6.858	0.16859	0.00686	0.01001
685.9	6.859	0.1686	0.00686	0.01001
686.0	6.86	0.16861	0.00686	0.01001
686.1	6.861	0.16862	0.00686	0.01001
686.2	6.862	0.16863	0.00686	0.01001
686.3	6.863	0.16864	0.00686	0.01001
686.4	6.864	0.16865	0.00687	0.01001
686.5	6.865	0.16866	0.00687	0.01001
686.6	6.866	0.16867	0.00687	0.01001
686.7	6.867	0.16868	0.00687	0.01001
686.8	6.868	0.16869	0.00687	0.01001
686.9	6.869	0.1687	0.00687	0.01001
687.0	6.87	0.16871	0.00687	0.01001
687.1	6.871	0.16872	0.00687	0.01001
687.2	6.872	0.16873	0.00687	0.01001
687.3	6.873	0.16874	0.00687	0.01001
687.4	6.874	0.16875	0.00688	0.01001
687.5	6.875	0.16876	0.00688	0.01001
687.6	6.876	0.16877	0.00688	0.01001
687.7	6.877	0.16878	0.00688	0.01001
687.8	6.878	0.16879	0.00688	0.01001
687.9	6.879	0.1688	0.00688	0.01001
688.0	6.88	0.16881	0.00688	0.01001
688.1	6.881	0.16882	0.00688	0.01001
688.2	6.882	0.16883	0.00688	0.01001
688.3	6.883	0.16884	0.00688	0.01001
688.4	6.884	0.16885	0.00689	0.01001
688.5	6.885	0.16886	0.00689	0.01001
688.6	6.886	0.16887	0.00689	0.01001
688.7	6.887	0.16888	0.00689	0.01001
688.8	6.888	0.16889	0.00689	0.01001
688.9	6.889	0.1689	0.00689	0.01001
689.0	6.89	0.16891	0.00689	0.01001
689.1	6.891	0.16892	0.00689	0.01001
689.2	6.892	0.16893	0.00689	0.01001
689.3	6.893	0.16894	0.00689	0.01001
689.4	6.894	0.16895	0.0069	0.01001
689.5	6.895	0.16896	0.0069	0.01001
689.6	6.896	0.16897	0.0069	0.01001
689.7	6.897	0.16898	0.0069	0.01001
689.8	6.898	0.16899	0.0069	0.01001
689.9	6.899	0.169	0.0069	0.01001
690.0	6.9	0.16901	0.0069	0.01001
690.1	6.901	0.16902	0.0069	0.01001
690.2	6.902	0.16903	0.0069	0.01001
690.3	6.903	0.16904	0.0069	0.01001
690.4	6.904	0.16905	0.00691	0.01001
690.5	6.905	0.16906	0.00691	0.01001
690.6	6.906	0.16907	0.00691	0.01001
690.7	6.907	0.16908	0.00691	0.01001
690.8	6.908	0.16909	0.00691	0.01001
690.9	6.909	0.1691	0.00691	0.01001
691.0	6.91	0.16911	0.00691	0.01001
691.1	6.911	0.16912	0.00691	0.01001
691.2	6.912	0.16913	0.00691	0.01001
691.3	6.913	0.16914	0.00691	0.01001
691.4	6.914	0.16915	0.00692	0.01001
691.5	6.915	0.16916	0.00692	0.01001
691.6	6.916	0.16917	0.00692	0.01001
691.7	6.917	0.16918	0.00692	0.01001
691.8	6.918	0.16919	0.00692	0.01001
691.9	6.919	0.1692	0.00692	0.01001
692.0	6.92	0.16921	0.00692	0.01001
692.1	6.921	0.16922	0.00692	0.01001
692.2	6.922	0.16923	0.00692	0.01001
692.3	6.923	0.16924	0.00692	0.01001
692.4	6.924	0.16925	0.00693	0.01001
692.5	6.925	0.16926	0.00693	0.01001
692.6	6.926	0.16927	0.00693	0.01001
692.7	6.927	0.16928	0.00693	0.01001
692.8	6.928	0.16929	0.00693	0.01001
692.9	6.929	0.1693	0.00693	0.01001
693.0	6.93	0.16931	0.00693	0.01001
693.1	6.931	0.16932	0.00693	0.01001
693.2	6.932	0.16933	0.00693	0.01001
693.3	6.933	0.16934	0.00693	0.01001
693.4	6.934	0.16935	0.00694	0.01001
693.5	6.935	0.16936	0.00694	0.01001
693.6	6.936	0.16937	0.00694	0.01001
693.7	6.937	0.16938	0.00694	0.01001
693.8	6.938	0.16939	0.00694	0.01001
693.9	6.939	0.1694	0.00694	0.01001
694.0	6.94	0.16941	0.00694	0.01001
694.1	6.941	0.16942	0.00694	0.01001
694.2	6.942	0.16943	0.00694	0.01001
694.3	6.943	0.16944	0.00694	0.01001
694.4	6.944	0.16945	0.00695	0.01001
694.5	6.945	0.16946	0.00695	0.01001
694.6	6.946	0.16947	0.00695	0.01001
694.7	6.947	0.16948	0.00695	0.01001
694.8	6.948	0.16949	0.00695	0.01001
694.9	6.949	0.1695	0.00695	0.01001
695.0	6.95	0.16951	0.00695	0.01001
695.1	6.951	0.16952	0.00695	0.01001
695.2	6.952	0.16953	0.00695	0.01001
695.3	6.953	0.16954	0.00695	0.01001
695.4	6.954	0.16955	0.00696	0.01001
695.5	6.955	0.16956	0.00696	0.01001
695.6	6.956	0.16957	0.00696	0.01001
695.7	6.957	0.16958	0.00696	0.01001
695.8	6.958	0.16959	0.00696	0.01001
695.9	6.959	0.1696	0.00696	0.01001
696.0	6.96	0.16961	0.00696	0.01001
696.1	6.961	0.16962	0.00696	0.01001
696.2	6.962	0.16963	0.00696	0.01001
696.3	6.963	0.16964	0.00696	0.01001
696.4	6.964	0.16965	0.00697	0.01001
696.5	6.965	0.16966	0.00697	0.01001
696.6	6.966	0.16967	0.00697	0.01001
696.7	6.967	0.16968	0.00697	0.01001
696.8	6.968	0.16969	0.00697	0.01001
696.9	6.969	0.1697	0.00697	0.01001
697.0	6.97	0.16971	0.00697	0.01001
697.1	6.971	0.16972	0.00697	0.01001
697.2	6.972	0.16973	0.00697	0.01001
697.3	6.973	0.16974	0.00697	0.01001
697.4	6.974	0.16975	0.00698	0.01001
697.5	6.975	0.16976	0.00698	0.01001
697.6	6.976	0.16977	0.00698	0.01001
697.7	6.977	0.16978	0.00698	0.01001
697.8	6.978	0.16979	0.00698	0.01001
697.9	6.979	0.1698	0.00698	0.01001
698.0	6.98	0.16981	0.00698	0.01001
698.1	6.981	0.16982	0.00698	0.01001
698.2	6.982	0.16983	0.00698	0.01001
698.3	6.983	0.16984	0.00698	0.01001
698.4	6.984	0.16985	0.00699	0.01001
698.5	6.985	0.16986	0.00699	0.01001
698.6	6.986	0.16987	0.00699	0.01001
698.7	6.987	0.16988	0.00699	0.01001
698.8	6.988	0.16989	0.00699	0.01001
698.9	6.989	0.1699	0.00699	0.01001
699.0	6.99	0.16991	0.00699	0.01001
699.1	6.991	0.16992	0.00699	0.01001
699.2	6.992	0.16993	0.00699	0.01001
699.3	6.993	0.16994	0.00699	0.01001
699.4	6.994	0.16995	0.007	0.01001
699.5	6.995	0.16996	0.007	0.01001
699.6	6.996	0.16997	0.007	0.01001
699.7	6.997	0.16998	0.007	0.01001
699.8	6.998	0.16999	0.007	0.01001
699.9	6.999	0.17	0.007	0.01001
700.0	7.0	0.17001	0.007	0.01001
700.1	7.001	0.17002	0.007	0.01001
700.2	7.002	0.17003	0.007	0.01001
700.3	7.003	0.17004	0.007	0.01001
700.4	7.004	0.17005	0.00701	0.01001
700.5	7.005	0.17006	0.00701	0.01001
700.6	7.006	0.17007	0.00701	0.01001
700.7	7.007	0.17008	0.00701	0.01001
700.8	7.008	0.17009	0.00701	0.01001
700.9	7.009	0.1701	0.00701	0.01001
701.0	7.01	0.17011	0.00701	0.01001
701.1	7.011	0.17012	0.00701	0.01001
701.2	7.012	0.17013	0.00701	0.01001
701.3	7.013	0.17014	0.00701	0.01001
701.4	7.014	0.17015	0.00702	0.01001
701.5	7.015	0.17016	0.00702	0.01001
701.6	7.016	0.17017	0.00702	0.01001
701.7	7.017	0.17018	0.00702	0.01001
701.8	7.018	0.17019	0.00702	0.01001
701.9	7.019	0.1702	0.00702	0.01001
702.0	7.02	0.17021	0.00702	0.01001
702.1	7.021	0.17022	0.00702	0.01001
702.2	7.022	0.17023	0.00702	0.01001
702.3	7.023	0.17024	0.00702	0.01001
702.4	7.024	0.17025	0.00703	0.01001
702.5	7.025	0.17026	0.00703	0.01001
702.6	7.026	0.17027	0.00703	0.01001
702.7	7.027	0.17028	0.00703	0.01001
702.8	7.028	0.17029	0.00703	0.01001
702.9	7.029	0.1703	0.00703	0.01001
703.0	7.03	0.17031	0.00703	0.01001
703.1	7.031	0.17032	0.00703	0.01001
703.2	7.032	0.17033	0.00703	0.01001
703.3	7.033	0.17034	0.00703	0.01001
703.4	7.034	0.17035	0.00704	0.01001
703.5	7.035	0.17036	0.00704	0.01001
703.6	7.036	0.17037	0.00704	0.01001
703.7	7.037	0.17038	0.00704	0.01001
703.8	7.038	0.17039	0.00704	0.01001
703.9	7.039	0.1704	0.00704	0.01001
704.0	7.04	0.17041	0.00704	0.01001
704.1	7.041	0.17042	0.00704	0.01001
704.2	7.042	0.17043	0.00704	0.01001
704.3	7.043	0.17044	0.00704	0.01001
704.4	7.044	0.17045	0.00705	0.01001
704.5	7.045	0.17046	0.00705	0.01001
704.6	7.046	0.17047	0.00705	0.01001
704.7	7.047	0.17048	0.00705	0.01001
704.8	7.048	0.17049	0.00705	0.01001
704.9	7.049	0.1705	0.00705	0.01001
705.0	7.05	0.17051	0.00705	0.01001
705.1	7.051	0.17052	0.00705	0.01001
705.2	7.052	0.17053	0.00705	0.01001
705.3	7.053	0.17054	0.00705	0.01
705.4	7.054	0.17055	0.00706	0.01
705.5	7.055	0.17056	0.00706	0.01
705.6	7.056	0.17057	0.00706	0.01
705.7	7.057	0.17058	0.00706	0.01
705.8	7.058	0.17059	0.00706	0.01
705.9	7.059	0.1706	0.00706	0.01
706.0	7.06	0.17061	0.00706	0.01
706.1	7.061	0.17062	0.00706	0.01
706.2	7.062	0.17063	0.00706	0.01
706.3	7.063	0.17064	0.00706	0.01
706.4	7.064	0.17065	0.00707	0.01
706.5	7.065	0.17066	0.00707	0.01
706.6	7.066	0.17067	0.00707	0.01
706.7	7.067	0.17068	0.00707	0.01
706.8	7.068	0.17069	0.00707	0.01
706.9	7.069	0.1707	0.00707	0.01
707.0	7.07	0.17071	0.00707	0.01
707.1	7.071	0.17072	0.00707	0.01
707.2	7.072	0.17073	0.00707	0.01
707.3	7.073	0.17074	0.00707	0.01
707.4	7.074	0.17075	0.00708	0.01
707.5	7.075	0.17076	0.00708	0.01
707.6	7.076	0.17077	0.00708	0.01
707.7	7.077	0.17078	0.00708	0.01
707.8	7.078	0.17079	0.00708	0.01
707.9	7.079	0.1708	0.00708	0.01
708.0	7.08	0.17081	0.00708	0.01
708.1	7.081	0.17082	0.00708	0.01
708.2	7.082	0.17083	0.00708	0.01
708.3	7.083	0.17084	0.00708	0.01
708.4	7.084	0.17085	0.00709	0.01
708.5	7.085	0.17086	0.00709	0.01
708.6	7.086	0.17087	0.00709	0.01
708.7	7.087	0.17088	0.00709	0.01
708.8	7.088	0.17089	0.00709	0.01
708.9	7.089	0.1709	0.00709	0.01
709.0	7.09	0.17091	0.00709	0.01
709.1	7.091	0.17092	0.00709	0.01
709.2	7.092	0.17093	0.00709	0.01
709.3	7.093	0.17094	0.00709	0.01
709.4	7.094	0.17095	0.0071	0.01
709.5	7.095	0.17096	0.0071	0.01
709.6	7.096	0.17097	0.0071	0.01
709.7	7.097	0.17098	0.0071	0.01
709.8	7.098	0.17099	0.0071	0.01
709.9	7.099	0.171	0.0071	0.01
710.0	7.1	0.17101	0.0071	0.01
710.1	7.101	0.17102	0.0071	0.01
710.2	7.102	0.17103	0.0071	0.01
710.3	7.103	0.17104	0.0071	0.01
710.4	7.104	0.17105	0.00711	0.01
710.5	7.105	0.17106	0.00711	0.01
710.6	7.106	0.17107	0.00711	0.01
710.7	7.107	0.17108	0.00711	0.01
710.8	7.108	0.17109	0.00711	0.01
710.9	7.109	0.1711	0.00711	0.01
711.0	7.11	0.17111	0.00711	0.01
711.1	7.111	0.17112	0.00711	0.01
711.2	7.112	0.17113	0.00711	0.01
711.3	7.113	0.17114	0.00711	0.01
711.4	7.114	0.17115	0.00712	0.01
711.5	7.115	0.17116	0.00712	0.01
711.6	7.116	0.17117	0.00712	0.01
711.7	7.117	0.17118	0.00712	0.01
711.8	7.118	0.17119	0.00712	0.01
711.9	7.119	0.1712	0.00712	0.01
712.0	7.12	0.17121	0.00712	0.01
712.1	7.121	0.17122	0.00712	0.01
712.2	7.122	0.17123	0.00712	0.01
712.3	7.123	0.17124	0.00712	0.01
712.4	7.124	0.17125	0.00713	0.01
712.5	7.125	0.17126	0.00713	0.01
712.6	7.126	0.17127	0.00713	0.01
712.7	7.127	0.17128	0.00713	0.01
712.8	7.128	0.17129	0.00713	0.01
712.9	7.129	0.1713	0.00713	0.01
713.0	7.13	0.17131	0.00713	0.01
713.1	7.131	0.17132	0.00713	0.01
713.2	7.132	0.17133	0.00713	0.01
713.3	7.133	0.17134	0.00713	0.01
713.4	7.134	0.17135	0.00714	0.01
713.5	7.135	0.17136	0.00714	0.01
713.6	7.136	0.17137	0.00714	0.01
713.7	7.137	0.17138	0.00714	0.01
713.8	7.138	0.17139	0.00714	0.01
713.9	7.139	0.1714	0.00714	0.01
714.0	7.14	0.17141	0.00714	0.01
714.1	7.141	0.17142	0.00714	0.01
714.2	7.142	0.17143	0.00714	0.01
714.3	7.143	0.17144	0.00714	0.01
714.4	7.144	0.17145	0.00715	0.01
714.5	7.145	0.17146	0.00715	0.01
714.6	7.146	0.17147	0.00715	0.01
714.7	7.147	0.17148	0.00715	0.01
714.8	7.148	0.17149	0.00715	0.01
714.9	7.149	0.1715	0.00715	0.01
715.0	7.15	0.17151	0.00715	0.01
715.1	7.151	0.17152	0.00715	0.01
715.2	7.152	0.17153	0.00715	0.01
715.3	7.153	0.17154	0.00715	0.01
715.4	7.154	0.17155	0.00716	0.01
715.5	7.155	0.17156	0.00716	0.01
715.6	7.156	0.17157	0.00716	0.01
715.7	7.157	0.17158	0.00716	0.01
715.8	7.158	0.17159	0.00716	0.01
715.9	7.159	0.1716	0.00716	0.01
716.0	7.16	0.17161	0.00716	0.01
716.1	7.161	0.17162	0.00716	0.01
716.2	7.162	0.17163	0.00716	0.01
716.3	7.163	0.17164	0.00716	0.01
716.4	7.164	0.17165	0.00717	0.01
716.5	7.165	0.17166	0.00717	0.01
716.6	7.166	0.17167	0.00717	0.01
716.7	7.167	0.17168	0.00717	0.01
716.8	7.168	0.17169	0.00717	0.01
716.9	7.169	0.1717	0.00717	0.01
717.0	7.17	0.17171	0.00717	0.01
717.1	7.171	0.17172	0.00717	0.01
717.2	7.172	0.17173	0.00717	0.01
717.3	7.173	0.17174	0.00717	0.01
717.4	7.174	0.17175	0.00718	0.01
717.5	7.175	0.17176	0.00718	0.01
717.6	7.176	0.17177	0.00718	0.01
717.7	7.177	0.17178	0.00718	0.01
717.8	7.178	0.17179	0.00718	0.01
717.9	7.179	0.1718	0.00718	0.01
718.0	7.18	0.17181	0.00718	0.01
718.1	7.181	0.17182	0.00718	0.01
718.2	7.182	0.17183	0.00718	0.01
718.3	7.183	0.17184	0.00718	0.01
718.4	7.184	0.17185	0.00719	0.01
718.5	7.185	0.17186	0.00719	0.01
718.6	7.186	0.17187	0.00719	0.01
718.7	7.187	0.17188	0.00719	0.01
718.8	7.188	0.17189	0.00719	0.01
718.9	7.189	0.1719	0.00719	0.01
719.0	7.19	0.17191	0.00719	0.01
719.1	7.191	0.17192	0.00719	0.01
719.2	7.192	0.17193	0.00719	0.01
719.3	7.193	0.17194	0.00719	0.01
719.4	7.194	0.17195	0.0072	0.01
719.5	7.195	0.17196	0.0072	0.01
719.6	7.196	0.17197	0.0072	0.01
719.7	7.197	0.17198	0.0072	0.01
719.8	7.198	0.17199	0.0072	0.01
719.9	7.199	0.172	0.0072	0.01
720.0	7.2	0.17201	0.0072	0.01
720.1	7.201	0.17202	0.0072	0.01
720.2	7.202	0.17203	0.0072	0.01
720.3	7.203	0.17204	0.0072	0.01
720.4	7.204	0.17205	0.00721	0.01
720.5	7.205	0.17206	0.00721	0.01
720.6	7.206	0.17207	0.00721	0.01
720.7	7.207	0.17208	0.00721	0.01
720.8	7.208	0.17209	0.00721	0.01
720.9	7.209	0.1721	0.00721	0.01
721.0	7.21	0.17211	0.00721	0.01
721.1	7.211	0.17212	0.00721	0.01
721.2	7.212	0.17213	0.00721	0.01
721.3	7.213	0.17214	0.00721	0.01
721.4	7.214	0.17215	0.00722	0.01
721.5	7.215	0.17216	0.00722	0.01
721.6	7.216	0.17217	0.00722	0.01
721.7	7.217	0.17218	0.00722	0.01
721.8	7.218	0.17219	0.00722	0.01
721.9	7.219	0.1722	0.00722	0.01
722.0	7.22	0.17221	0.00722	0.01
722.1	7.221	0.17222	0.00722	0.01
722.2	7.222	0.17223	0.00722	0.01
722.3	7.223	0.17224	0.00722	0.01
722.4	7.224	0.17225	0.00723	0.01
722.5	7.225	0.17226	0.00723	0.01
722.6	7.226	0.17227	0.00723	0.01
722.7	7.227	0.17228	0.00723	0.01
722.8	7.228	0.17229	0.00723	0.01
722.9	7.229	0.1723	0.00723	0.01
723.0	7.23	0.17231	0.00723	0.01
723.1	7.231	0.17232	0.00723	0.01
723.2	7.232	0.17233	0.00723	0.01
723.3	7.233	0.17234	0.00723	0.01
723.4	7.234	0.17235	0.00724	0.01
723.5	7.235	0.17236	0.00724	0.01
723.6	7.236	0.17237	0.00724	0.01
723.7	7.237	0.17238	0.00724	0.01
723.8	7.238	0.17239	0.00724	0.01
723.9	7.239	0.1724	0.00724	0.01
724.0	7.24	0.17241	0.00724	0.01
724.1	7.241	0.17242	0.00724	0.01
724.2	7.242	0.17243	0.00724	0.01
724.3	7.243	0.17244	0.00724	0.01
724.4	7.244	0.17245	0.00725	0.01
724.5	7.245	0.17246	0.00725	0.01
724.6	7.246	0.17247	0.00725	0.01
724.7	7.247	0.17248	0.00725	0.01
724.8	7.248	0.17249	0.00725	0.01
724.9	7.249	0.1725	0.00725	0.01
725.0	7.25	0.17251	0.00725	0.01
725.1	7.251	0.17252	0.00725	0.01
725.2	7.252	0.17253	0.00725	0.01
725.3	7.253	0.17254	0.00725	0.01
725.4	7.254	0.17255	0.00726	0.01
725.5	7.255	0.17256	0.00726	0.01
725.6	7.256	0.17257	0.00726	0.01
725.7	7.257	0.17258	0.00726	0.01
725.8	7.258	0.17259	0.00726	0.01
725.9	7.259	0.1726	0.00726	0.01
726.0	7.26	0.17261	0.00726	0.01
726.1	7.261	0.17262	0.00726	0.01
726.2	7.262	0.17263	0.00726	0.01
726.3	7.263	0.17264	0.00726	0.01
726.4	7.264	0.17265	0.00727	0.01
726.5	7.265	0.17266	0.00727	0.01
726.6	7.266	0.17267	0.00727	0.01
726.7	7.267	0.17268	0.00727	0.01
726.8	7.268	0.17269	0.00727	0.01
726.9	7.269	0.1727	0.00727	0.01
727.0	7.27	0.17271	0.00727	0.01
727.1	7.271	0.17272	0.00727	0.01
727.2	7.272	0.17273	0.00727	0.01
727.3	7.273	0.17274	0.00727	0.01
727.4	7.274	0.17275	0.00728	0.01
727.5	7.275	0.17276	0.00728	0.01
727.6	7.276	0.17277	0.00728	0.01
727.7	7.277	0.17278	0.00728	0.01
727.8	7.278	0.17279	0.00728	0.01
727.9	7.279	0.1728	0.00728	0.01
728.0	7.28	0.17281	0.00728	0.01
728.1	7.281	0.17282	0.00728	0.01
728.2	7.282	0.17283	0.00728	0.01
728.3	7.283	0.17284	0.00728	0.01
728.4	7.284	0.17285	0.00729	0.01
728.5	7.285	0.17286	0.00729	0.01
728.6	7.286	0.17287	0.00729	0.01
728.7	7.287	0.17288	0.00729	0.01
728.8	7.288	0.17289	0.00729	0.01
728.9	7.289	0.1729	0.00729	0.01
729.0	7.29	0.17291	0.00729	0.01
729.1	7.291	0.17292	0.00729	0.01
729.2	7.292	0.17293	0.00729	0.01
729.3	7.293	0.17294	0.00729	0.01
729.4	7.294	0.17295	0.0073	0.01
729.5	7.295	0.17296	0.0073	0.01
729.6	7.296	0.17297	0.0073	0.01
729.7	7.297	0.17298	0.0073	0.01
729.8	7.298	0.17299	0.0073	0.01
729.9	7.299	0.173	0.0073	0.01
730.0	7.3	0.17301	0.0073	0.01
730.1	7.301	0.17302	0.0073	0.01
730.2	7.302	0.17303	0.0073	0.01
730.3	7.303	0.17304	0.0073	0.01
730.4	7.304	0.17305	0.00731	0.01
730.5	7.305	0.17306	0.00731	0.01
730.6	7.306	0.17307	0.00731	0.01
730.7	7.307	0.17308	0.00731	0.01
730.8	7.308	0.17309	0.00731	0.01
730.9	7.309	0.1731	0.00731	0.01
731.0	7.31	0.17311	0.00731	0.01
731.1	7.311	0.17312	0.00731	0.01
731.2	7.312	0.17313	0.00731	0.01
731.3	7.313	0.17314	0.00731	0.01
731.4	7.314	0.17315	0.00732	0.01
731.5	7.315	0.17316	0.00732	0.01
731.6	7.316	0.17317	0.00732	0.01
731.7	7.317	0.17318	0.00732	0.01
731.8	7.318	0.17319	0.00732	0.01
731.9	7.319	0.1732	0.00732	0.01
732.0	7.32	0.17321	0.00732	0.01
732.1	7.321	0.17322	0.00732	0.01
732.2	7.322	0.17323	0.00732	0.01
732.3	7.323	0.17324	0.00732	0.01
732.4	7.324	0.17325	0.00733	0.01
732.5	7.325	0.17326	0.00733	0.01
732.6	7.326	0.17327	0.00733	0.01
732.7	7.327	0.17328	0.00733	0.01
732.8	7.328	0.17329	0.00733	0.01
732.9	7.329	0.1733	0.00733	0.01
733.0	7.33	0.17331	0.00733	0.01
733.1	7.331	0.17332	0.00733	0.01
733.2	7.332	0.17333	0.00733	0.01
733.3	7.333	0.17334	0.00733	0.01
733.4	7.334	0.17335	0.00734	0.01
733.5	7.335	0.17336	0.00734	0.01
733.6	7.336	0.17337	0.00734	0.01
733.7	7.337	0.17338	0.00734	0.01
733.8	7.338	0.17339	0.00734	0.01
733.9	7.339	0.1734	0.00734	0.01
734.0	7.34	0.17341	0.00734	0.01
734.1	7.341	0.17342	0.00734	0.01
734.2	7.342	0.17343	0.00734	0.01
734.3	7.343	0.17344	0.00734	0.01
734.4	7.344	0.17345	0.00735	0.01
734.5	7.345	0.17346	0.00735	0.01
734.6	7.346	0.17347	0.00735	0.01
734.7	7.347	0.17348	0.00735	0.01
734.8	7.348	0.17349	0.00735	0.01
734.9	7.349	0.1735	0.00735	0.01
735.0	7.35	0.17351	0.00735	0.01
735.1	7.351	0.17352	0.00735	0.01
735.2	7.352	0.17353	0.00735	0.01
735.3	7.353	0.17354	0.00735	0.01
735.4	7.354	0.17355	0.00736	0.01
735.5	7.355	0.17356	0.00736	0.01
735.6	7.356	0.17357	0.00736	0.01
735.7	7.357	0.17358	0.00736	0.01
735.8	7.358	0.17359	0.00736	0.01
735.9	7.359	0.1736	0.00736	0.01
736.0	7.36	0.17361	0.00736	0.01
736.1	7.361	0.17362	0.00736	0.01
736.2	7.362	0.17363	0.00736	0.01
736.3	7.363	0.17364	0.00736	0.01
736.4	7.364	0.17365	0.00737	0.01
736.5	7.365	0.17366	0.00737	0.01
736.6	7.366	0.17367	0.00737	0.01
736.7	7.367	0.17368	0.00737	0.01
736.8	7.368	0.17369	0.00737	0.01
736.9	7.369	0.1737	0.00737	0.01
737.0	7.37	0.17371	0.00737	0.01
737.1	7.371	0.17372	0.00737	0.01
737.2	7.372	0.17373	0.00737	0.01
737.3	7.373	0.17374	0.00737	0.01
737.4	7.374	0.17375	0.00738	0.01
737.5	7.375	0.17376	0.00738	0.01
737.6	7.376	0.17377	0.00738	0.01
737.7	7.377	0.17378	0.00738	0.01
737.8	7.378	0.17379	0.00738	0.01
737.9	7.379	0.1738	0.00738	0.01
738.0	7.38	0.17381	0.00738	0.01
738.1	7.381	0.17382	0.00738	0.01
738.2	7.382	0.17383	0.00738	0.01
738.3	7.383	0.17384	0.00738	0.01
738.4	7.384	0.17385	0.00739	0.01
738.5	7.385	0.17386	0.00739	0.01
738.6	7.386	0.17387	0.00739	0.01
738.7	7.387	0.17388	0.00739	0.01
738.8	7.388	0.17389	0.00739	0.01
738.9	7.389	0.1739	0.00739	0.01
739.0	7.39	0.17391	0.00739	0.01
739.1	7.391	0.17392	0.00739	0.01
739.2	7.392	0.17393	0.00739	0.01
739.3	7.393	0.17394	0.00739	0.01
739.4	7.394	0.17395	0.0074	0.01
739.5	7.395	0.17396	0.0074	0.01
739.6	7.396	0.17397	0.0074	0.01
739.7	7.397	0.17398	0.0074	0.01
739.8	7.398	0.17399	0.0074	0.01
739.9	7.399	0.174	0.0074	0.01
740.0	7.4	0.17401	0.0074	0.01
740.1	7.401	0.17402	0.0074	0.01
740.2	7.402	0.17403	0.0074	0.01
740.3	7.403	0.17404	0.0074	0.01
740.4	7.404	0.17405	0.00741	0.01
740.5	7.405	0.17406	0.00741	0.01
740.6	7.406	0.17407	0.00741	0.01
740.7	7.407	0.17408	0.00741	0.01
740.8	7.408	0.17409	0.00741	0.01
740.9	7.409	0.1741	0.00741	0.01
741.0	7.41	0.17411	0.00741	0.01
741.1	7.411	0.17412	0.00741	0.01
741.2	7.412	0.17413	0.00741	0.01
741.3	7.413	0.17414	0.00741	0.01
741.4	7.414	0.17415	0.00742	0.01
741.5	7.415	0.17416	0.00742	0.01
741.6	7.416	0.17417	0.00742	0.01
741.7	7.417	0.17418	0.00742	0.01
741.8	7.418	0.17419	0.00742	0.01
741.9	7.419	0.1742	0.00742	0.01
742.0	7.42	0.17421	0.00742	0.01
742.1	7.421	0.17422	0.00742	0.01
742.2	7.422	0.17423	0.00742	0.01
742.3	7.423	0.17424	0.00742	0.01
742.4	7.424	0.17425	0.00743	0.01
742.5	7.425	0.17426	0.00743	0.01
742.6	7.426	0.17427	0.00743	0.01
742.7	7.427	0.17428	0.00743	0.01
742.8	7.428	0.17429	0.00743	0.01
742.9	7.429	0.1743	0.00743	0.01
743.0	7.43	0.17431	0.00743	0.01
743.1	7.431	0.17432	0.00743	0.01
743.2	7.432	0.17433	0.00743	0.01
743.3	7.433	0.17434	0.00743	0.01
743.4	7.434	0.17435	0.00744	0.01
743.5	7.435	0.17436	0.00744	0.01
743.6	7.436	0.17437	0.00744	0.01
743.7	7.437	0.17438	0.00744	0.01
743.8	7.438	0.17439	0.00744	0.01
743.9	7.439	0.1744	0.00744	0.01
744.0	7.44	0.17441	0.00744	0.01
744.1	7.441	0.17442	0.00744	0.01
744.2	7.442	0.17443	0.00744	0.01
744.3	7.443	0.17444	0.00744	0.01
744.4	7.444	0.17445	0.00745	0.01
744.5	7.445	0.17446	0.00745	0.01
744.6	7.446	0.17447	0.00745	0.01
744.7	7.447	0.17448	0.00745	0.01
744.8	7.448	0.17449	0.00745	0.01
744.9	7.449	0.1745	0.00745	0.01
745.0	7.45	0.17451	0.00745	0.01
745.1	7.451	0.17452	0.00745	0.01
745.2	7.452	0.17453	0.00745	0.01
745.3	7.453	0.17454	0.00745	0.01
745.4	7.454	0.17455	0.00746	0.01
745.5	7.455	0.17456	0.00746	0.01
745.6	7.456	0.17457	0.00746	0.01
745.7	7.457	0.17458	0.00746	0.01
745.8	7.458	0.17459	0.00746	0.01
745.9	7.459	0.1746	0.00746	0.01
746.0	7.46	0.17461	0.00746	0.01
746.1	7.461	0.17462	0.00746	0.01
746.2	7.462	0.17463	0.00746	0.01
746.3	7.463	0.17464	0.00746	0.01
746.4	7.464	0.17465	0.00747	0.01
746.5	7.465	0.17466	0.00747	0.01
746.6	7.466	0.17467	0.00747	0.01
746.7	7.467	0.17468	0.00747	0.01
746.8	7.468	0.17469	0.00747	0.01
746.9	7.469	0.1747	0.00747	0.01
747.0	7.47	0.17471	0.00747	0.01
747.1	7.471	0.17472	0.00747	0.01
747.2	7.472	0.17473	0.00747	0.01
747.3	7.473	0.17474	0.00747	0.01
747.4	7.474	0.17475	0.00748	0.01
747.5	7.475	0.17476	0.00748	0.01
747.6	7.476	0.17477	0.00748	0.01
747.7	7.477	0.17478	0.00748	0.01
747.8	7.478	0.17479	0.00748	0.01
747.9	7.479	0.1748	0.00748	0.01
748.0	7.48	0.17481	0.00748	0.01
748.1	7.481	0.17482	0.00748	0.01
748.2	7.482	0.17483	0.00748	0.01
748.3	7.483	0.17484	0.00748	0.01
748.4	7.484	0.17485	0.00749	0.01
748.5	7.485	0.17486	0.00749	0.01
748.6	7.486	0.17487	0.00749	0.01
748.7	7.487	0.17488	0.00749	0.01
748.8	7.488	0.17489	0.00749	0.01
748.9	7.489	0.1749	0.00749	0.01
749.0	7.49	0.17491	0.00749	0.01
749.1	7.491	0.17492	0.00749	0.01
749.2	7.492	0.17493	0.00749	0.01
749.3	7.493	0.17494	0.00749	0.01
749.4	7.494	0.17495	0.0075	0.01
749.5	7.495	0.17496	0.0075	0.01
749.6	7.496	0.17497	0.0075	0.01
749.7	7.497	0.17498	0.0075	0.01
749.8	7.498	0.17499	0.0075	0.01
749.9	7.499	0.175	0.0075	0.01
750.0	7.5	0.17501	0.0075	0.01
750.1	7.501	0.17502	0.0075	0.01
750.2	7.502	0.17503	0.0075	0.01
750.3	7.503	0.17504	0.0075	0.01
750.4	7.504	0.17505	0.00751	0.01
750.5	7.505	0.17506	0.00751	0.01
750.6	7.506	0.17507	0.00751	0.01
750.7	7.507	0.17508	0.00751	0.01
750.8	7.508	0.17509	0.00751	0.01
750.9	7.509	0.1751	0.00751	0.01
751.0	7.51	0.17511	0.00751	0.01
751.1	7.511	0.17512	0.00751	0.01
751.2	7.512	0.17513	0.00751	0.01
751.3	7.513	0.17514	0.00751	0.01
751.4	7.514	0.17515	0.00752	0.01
751.5	7.515	0.17516	0.00752	0.01
751.6	7.516	0.17517	0.00752	0.01
751.7	7.517	0.17518	0.00752	0.01
751.8	7.518	0.17519	0.00752	0.01
751.9	7.519	0.1752	0.00752	0.01
752.0	7.52	0.17521	0.00752	0.01
752.1	7.521	0.17522	0.00752	0.01
752.2	7.522	0.17523	0.00752	0.01
752.3	7.523	0.17524	0.00752	0.01
752.4	7.524	0.17525	0.00753	0.01
752.5	7.525	0.17526	0.00753	0.01
752.6	7.526	0.17527	0.00753	0.01
752.7	7.527	0.17528	0.00753	0.01
752.8	7.528	0.17529	0.00753	0.01
752.9	7.529	0.1753	0.00753	0.01
753.0	7.53	0.17531	0.00753	0.01
753.1	7.531	0.17532	0.00753	0.01
753.2	7.532	0.17533	0.00753	0.01
753.3	7.533	0.17534	0.00753	0.01
753.4	7.534	0.17535	0.00754	0.01
753.5	7.535	0.17536	0.00754	0.01
753.6	7.536	0.17537	0.00754	0.01
753.7	7.537	0.17538	0.00754	0.01
753.8	7.538	0.17539	0.00754	0.01
753.9	7.539	0.1754	0.00754	0.01
754.0	7.54	0.17541	0.00754	0.01
754.1	7.541	0.17542	0.00754	0.01
754.2	7.542	0.17543	0.00754	0.01
754.3	7.543	0.17544	0.00754	0.01
754.4	7.544	0.17545	0.00755	0.01
754.5	7.545	0.17546	0.00755	0.01
754.6	7.546	0.17547	0.00755	0.01
754.7	7.547	0.17548	0.00755	0.01
754.8	7.548	0.17549	0.00755	0.01
754.9	7.549	0.1755	0.00755	0.01
755.0	7.55	0.17551	0.00755	0.01
755.1	7.551	0.17552	0.00755	0.01
755.2	7.552	0.17553	0.00755	0.01
755.3	7.553	0.17554	0.00755	0.01
755.4	7.554	0.17555	0.00756	0.01
755.5	7.555	0.17556	0.00756	0.01
755.6	7.556	0.17557	0.00756	0.01
755.7	7.557	0.17558	0.00756	0.01
755.8	7.558	0.17559	0.00756	0.01
755.9	7.559	0.1756	0.00756	0.01
756.0	7.56	0.17561	0.00756	0.01
756.1	7.561	0.17562	0.00756	0.01
756.2	7.562	0.17563	0.00756	0.01
756.3	7.563	0.17564	0.00756	0.01
756.4	7.564	0.17565	0.00757	0.01
756.5	7.565	0.17566	0.00757	0.01
756.6	7.566	0.17567	0.00757	0.01
756.7	7.567	0.17568	0.00757	0.01
756.8	7.568	0.17569	0.00757	0.01
756.9	7.569	0.1757	0.00757	0.01
757.0	7.57	0.17571	0.00757	0.01
757.1	7.571	0.17572	0.00757	0.01
757.2	7.572	0.17573	0.00757	0.01
757.3	7.573	0.17574	0.00757	0.01
757.4	7.574	0.17575	0.00758	0.01
757.5	7.575	0.17576	0.00758	0.01
757.6	7.576	0.17577	0.00758	0.01
757.7	7.577	0.17578	0.00758	0.01
757.8	7.578	0.17579	0.00758	0.01
757.9	7.579	0.1758	0.00758	0.01
758.0	7.58	0.17581	0.00758	0.01
758.1	7.581	0.17582	0.00758	0.01
758.2	7.582	0.17583	0.00758	0.01
758.3	7.583	0.17584	0.00758	0.01
758.4	7.584	0.17585	0.00759	0.01
758.5	7.585	0.17586	0.00759	0.01
758.6	7.586	0.17587	0.00759	0.01
758.7	7.587	0.17588	0.00759	0.01
758.8	7.588	0.17589	0.00759	0.01
758.9	7.589	0.1759	0.00759	0.01
759.0	7.59	0.17591	0.00759	0.01
759.1	7.591	0.17592	0.00759	0.01
759.2	7.592	0.17593	0.00759	0.01
759.3	7.593	0.17594	0.00759	0.01
759.4	7.594	0.17595	0.0076	0.01
759.5	7.595	0.17596	0.0076	0.01
759.6	7.596	0.17597	0.0076	0.01
759.7	7.597	0.17598	0.0076	0.01
759.8	7.598	0.17599	0.0076	0.01
759.9	7.599	0.176	0.0076	0.01
760.0	7.6	0.17601	0.0076	0.01
760.1	7.601	0.17602	0.0076	0.01
760.2	7.602	0.17603	0.0076	0.01
760.3	7.603	0.17604	0.0076	0.01
760.4	7.604	0.17605	0.00761	0.01
760.5	7.605	0.17606	0.00761	0.01
760.6	7.606	0.17607	0.00761	0.01
760.7	7.607	0.17608	0.00761	0.01
760.8	7.608	0.17609	0.00761	0.01
760.9	7.609	0.1761	0.00761	0.01
761.0	7.61	0.17611	0.00761	0.01
761.1	7.611	0.17612	0.00761	0.01
761.2	7.612	0.17613	0.00761	0.01
761.3	7.613	0.17614	0.00761	0.01
761.4	7.614	0.17615	0.00762	0.01
761.5	7.615	0.17616	0.00762	0.01
761.6	7.616	0.17617	0.00762	0.01
761.7	7.617	0.17618	0.00762	0.01
761.8	7.618	0.17619	0.00762	0.01
761.9	7.619	0.1762	0.00762	0.01
762.0	7.62	0.17621	0.00762	0.01
762.1	7.621	0.17622	0.00762	0.01
762.2	7.622	0.17623	0.00762	0.01
762.3	7.623	0.17624	0.00762	0.01
762.4	7.624	0.17625	0.00763	0.01
762.5	7.625	0.17626	0.00763	0.01
762.6	7.626	0.17627	0.00763	0.01
762.7	7.627	0.17628	0.00763	0.01
762.8	7.628	0.17629	0.00763	0.01
762.9	7.629	0.1763	0.00763	0.01
763.0	7.63	0.17631	0.00763	0.01
763.1	7.631	0.17632	0.00763	0.01
763.2	7.632	0.17633	0.00763	0.01
763.3	7.633	0.17634	0.00763	0.01
763.4	7.634	0.17635	0.00764	0.01
763.5	7.635	0.17636	0.00764	0.01
763.6	7.636	0.17637	0.00764	0.01
763.7	7.637	0.17638	0.00764	0.01
763.8	7.638	0.17639	0.00764	0.01
763.9	7.639	0.1764	0.00764	0.01
764.0	7.64	0.17641	0.00764	0.01
764.1	7.641	0.17642	0.00764	0.01
764.2	7.642	0.17643	0.00764	0.01
764.3	7.643	0.17644	0.00764	0.01
764.4	7.644	0.17645	0.00765	0.01
764.5	7.645	0.17646	0.00765	0.01
764.6	7.646	0.17647	0.00765	0.01
764.7	7.647	0.17648	0.00765	0.01
764.8	7.648	0.17649	0.00765	0.01
764.9	7.649	0.1765	0.00765	0.01
765.0	7.65	0.17651	0.00765	0.01
765.1	7.651	0.17652	0.00765	0.01
765.2	7.652	0.17653	0.00765	0.01
765.3	7.653	0.17654	0.00765	0.01
765.4	7.654	0.17655	0.00766	0.01
765.5	7.655	0.17656	0.00766	0.01
765.6	7.656	0.17657	0.00766	0.01
765.7	7.657	0.17658	0.00766	0.01
765.8	7.658	0.17659	0.00766	0.01
765.9	7.659	0.1766	0.00766	0.01
766.0	7.66	0.17661	0.00766	0.01
766.1	7.661	0.17662	0.00766	0.01
766.2	7.662	0.17663	0.00766	0.01
766.3	7.663	0.17664	0.00766	0.01
766.4	7.664	0.17665	0.00767	0.01
766.5	7.665	0.17666	0.00767	0.01
766.6	7.666	0.17667	0.00767	0.01
766.7	7.667	0.17668	0.00767	0.01
766.8	7.668	0.17669	0.00767	0.01
766.9	7.669	0.1767	0.00767	0.01
767.0	7.67	0.17671	0.00767	0.01
767.1	7.671	0.17672	0.00767	0.01
767.2	7.672	0.17673	0.00767	0.01
767.3	7.673	0.17674	0.00767	0.01
767.4	7.674	0.17675	0.00768	0.01
767.5	7.675	0.17676	0.00768	0.01
767.6	7.676	0.17677	0.00768	0.01
767.7	7.677	0.17678	0.00768	0.01
767.8	7.678	0.17679	0.00768	0.01
767.9	7.679	0.1768	0.00768	0.01
768.0	7.68	0.17681	0.00768	0.01
768.1	7.681	0.17682	0.00768	0.01
768.2	7.682	0.17683	0.00768	0.01
768.3	7.683	0.17684	0.00768	0.01
768.4	7.684	0.17685	0.00769	0.01
768.5	7.685	0.17686	0.00769	0.01
768.6	7.686	0.17687	0.00769	0.01
768.7	7.687	0.17688	0.00769	0.01
768.8	7.688	0.17689	0.00769	0.01
768.9	7.689	0.1769	0.00769	0.01
769.0	7.69	0.17691	0.00769	0.01
769.1	7.691	0.17692	0.00769	0.01
769.2	7.692	0.17693	0.00769	0.01
769.3	7.693	0.17694	0.00769	0.01
769.4	7.694	0.17695	0.0077	0.01
769.5	7.695	0.17696	0.0077	0.01
769.6	7.696	0.17697	0.0077	0.01
769.7	7.697	0.17698	0.0077	0.01
769.8	7.698	0.17699	0.0077	0.01
769.9	7.699	0.177	0.0077	0.01
770.0	7.7	0.17701	0.0077	0.01
770.1	7.701	0.17702	0.0077	0.01
770.2	7.702	0.17703	0.0077	0.01
770.3	7.703	0.17704	0.0077	0.01
770.4	7.704	0.17705	0.00771	0.01
770.5	7.705	0.17706	0.00771	0.01
770.6	7.706	0.17707	0.00771	0.01
770.7	7.707	0.17708	0.00771	0.01
770.8	7.708	0.17709	0.00771	0.01
770.9	7.709	0.1771	0.00771	0.01
771.0	7.71	0.17711	0.00771	0.01
771.1	7.711	0.17712	0.00771	0.01
771.2	7.712	0.17713	0.00771	0.01
771.3	7.713	0.17714	0.00771	0.01
771.4	7.714	0.17715	0.00772	0.01
771.5	7.715	0.17716	0.00772	0.01
771.6	7.716	0.17717	0.00772	0.01
771.7	7.717	0.17718	0.00772	0.01
771.8	7.718	0.17719	0.00772	0.01
771.9	7.719	0.1772	0.00772	0.01
772.0	7.72	0.17721	0.00772	0.01
772.1	7.721	0.17722	0.00772	0.01
772.2	7.722	0.17723	0.00772	0.01
772.3	7.723	0.17724	0.00772	0.01
772.4	7.724	0.17725	0.00773	0.01
772.5	7.725	0.17726	0.00773	0.01
772.6	7.726	0.17727	0.00773	0.01
772.7	7.727	0.17728	0.00773	0.01
772.8	7.728	0.17729	0.00773	0.01
772.9	7.729	0.1773	0.00773	0.01
773.0	7.73	0.17731	0.00773	0.01
773.1	7.731	0.17732	0.00773	0.01
773.2	7.732	0.17733	0.00773	0.01
773.3	7.733	0.17734	0.00773	0.01
773.4	7.734	0.17735	0.00774	0.01
773.5	7.735	0.17736	0.00774	0.01
773.6	7.736	0.17737	0.00774	0.01
773.7	7.737	0.17738	0.00774	0.01
773.8	7.738	0.17739	0.00774	0.01
773.9	7.739	0.1774	0.00774	0.01
774.0	7.74	0.17741	0.00774	0.01
774.1	7.741	0.17742	0.00774	0.01
774.2	7.742	0.17743	0.00774	0.01
774.3	7.743	0.17744	0.00774	0.01
774.4	7.744	0.17745	0.00775	0.01
774.5	7.745	0.17746	0.00775	0.01
774.6	7.746	0.17747	0.00775	0.01
774.7	7.747	0.17748	0.00775	0.01
774.8	7.748	0.17749	0.00775	0.01
774.9	7.749	0.1775	0.00775	0.01
775.0	7.75	0.17751	0.00775	0.01
775.1	7.751	0.17752	0.00775	0.01
775.2	7.752	0.17753	0.00775	0.01
775.3	7.753	0.17754	0.00775	0.01
775.4	7.754	0.17755	0.00776	0.01
775.5	7.755	0.17756	0.00776	0.01
775.6	7.756	0.17757	0.00776	0.01
775.7	7.757	0.17758	0.00776	0.01
775.8	7.758	0.17759	0.00776	0.01
775.9	7.759	0.1776	0.00776	0.01
776.0	7.76	0.17761	0.00776	0.01
776.1	7.761	0.17762	0.00776	0.01
776.2	7.762	0.17763	0.00776	0.01
776.3	7.763	0.17764	0.00776	0.01
776.4	7.764	0.17765	0.00777	0.01
776.5	7.765	0.17766	0.00777	0.01
776.6	7.766	0.17767	0.00777	0.01
776.7	7.767	0.17768	0.00777	0.01
776.8	7.768	0.17769	0.00777	0.01
776.9	7.769	0.1777	0.00777	0.01
777.0	7.77	0.17771	0.00777	0.01
777.1	7.771	0.17772	0.00777	0.01
777.2	7.772	0.17773	0.00777	0.01
777.3	7.773	0.17774	0.00777	0.01
777.4	7.774	0.17775	0.00778	0.01
777.5	7.775	0.17776	0.00778	0.01
777.6	7.776	0.17777	0.00778	0.01
777.7	7.777	0.17778	0.00778	0.01
777.8	7.778	0.17779	0.00778	0.01
777.9	7.779	0.1778	0.00778	0.01
778.0	7.78	0.17781	0.00778	0.01
778.1	7.781	0.17782	0.00778	0.01
778.2	7.782	0.17783	0.00778	0.01
778.3	7.783	0.17784	0.00778	0.01
778.4	7.784	0.17785	0.00779	0.01
778.5	7.785	0.17786	0.00779	0.01
778.6	7.786	0.17787	0.00779	0.01
778.7	7.787	0.17788	0.00779	0.01
778.8	7.788	0.17789	0.00779	0.01
778.9	7.789	0.1779	0.00779	0.01
779.0	7.79	0.17791	0.00779	0.01
779.1	7.791	0.17792	0.00779	0.01
779.2	7.792	0.17793	0.00779	0.01
779.3	7.793	0.17794	0.00779	0.01
779.4	7.794	0.17795	0.0078	0.01
779.5	7.795	0.17796	0.0078	0.01
779.6	7.796	0.17797	0.0078	0.01
779.7	7.797	0.17798	0.0078	0.01
779.8	7.798	0.17799	0.0078	0.01
779.9	7.799	0.178	0.0078	0.01
780.0	7.8	0.17801	0.0078	0.01
780.1	7.801	0.17802	0.0078	0.01
780.2	7.802	0.17803	0.0078	0.01
780.3	7.803	0.17804	0.0078	0.01
780.4	7.804	0.17805	0.00781	0.01
780.5	7.805	0.17806	0.00781	0.01
780.6	7.806	0.17807	0.00781	0.01
780.7	7.807	0.17808	0.00781	0.01
780.8	7.808	0.17809	0.00781	0.01
780.9	7.809	0.1781	0.00781	0.01
781.0	7.81	0.17811	0.00781	0.01
781.1	7.811	0.17812	0.00781	0.01
781.2	7.812	0.17813	0.00781	0.01
781.3	7.813	0.17814	0.00781	0.01
781.4	7.814	0.17815	0.00782	0.01
781.5	7.815	0.17816	0.00782	0.01
781.6	7.816	0.17817	0.00782	0.01
781.7	7.817	0.17818	0.00782	0.01
781.8	7.818	0.17819	0.00782	0.01
781.9	7.819	0.1782	0.00782	0.01
782.0	7.82	0.17821	0.00782	0.01
782.1	7.821	0.17822	0.00782	0.01
782.2	7.822	0.17823	0.00782	0.01
782.3	7.823	0.17824	0.00782	0.01
782.4	7.824	0.17825	0.00783	0.01
782.5	7.825	0.17826	0.00783	0.01
782.6	7.826	0.17827	0.00783	0.01
782.7	7.827	0.17828	0.00783	0.01
782.8	7.828	0.17829	0.00783	0.01
782.9	7.829	0.1783	0.00783	0.01
783.0	7.83	0.17831	0.00783	0.01
783.1	7.831	0.17832	0.00783	0.01
783.2	7.832	0.17833	0.00783	0.01
783.3	7.833	0.17834	0.00783	0.01
783.4	7.834	0.17835	0.00784	0.01
783.5	7.835	0.17836	0.00784	0.01
783.6	7.836	0.17837	0.00784	0.01
783.7	7.837	0.17838	0.00784	0.01
783.8	7.838	0.17839	0.00784	0.01
783.9	7.839	0.1784	0.00784	0.01
784.0	7.84	0.17841	0.00784	0.01
784.1	7.841	0.17842	0.00784	0.01
784.2	7.842	0.17843	0.00784	0.01
784.3	7.843	0.17844	0.00784	0.01
784.4	7.844	0.17845	0.00785	0.01
784.5	7.845	0.17846	0.00785	0.01
784.6	7.846	0.17847	0.00785	0.01
784.7	7.847	0.17848	0.00785	0.01
784.8	7.848	0.17849	0.00785	0.01
784.9	7.849	0.1785	0.00785	0.01
785.0	7.85	0.17851	0.00785	0.01
785.1	7.851	0.17852	0.00785	0.01
785.2	7.852	0.17853	0.00785	0.01
785.3	7.853	0.17854	0.00785	0.01
785.4	7.854	0.17855	0.00786	0.01
785.5	7.855	0.17856	0.00786	0.01
785.6	7.856	0.17857	0.00786	0.01
785.7	7.857	0.17858	0.00786	0.01
785.8	7.858	0.17859	0.00786	0.01
785.9	7.859	0.1786	0.00786	0.01
786.0	7.86	0.17861	0.00786	0.01
786.1	7.861	0.17862	0.00786	0.01
786.2	7.862	0.17863	0.00786	0.01
786.3	7.863	0.17864	0.00786	0.01
786.4	7.864	0.17865	0.00787	0.01
786.5	7.865	0.17866	0.00787	0.01
786.6	7.866	0.17867	0.00787	0.01
786.7	7.867	0.17868	0.00787	0.01
786.8	7.868	0.17869	0.00787	0.01
786.9	7.869	0.1787	0.00787	0.01
787.0	7.87	0.17871	0.00787	0.01
787.1	7.871	0.17872	0.00787	0.01
787.2	7.872	0.17873	0.00787	0.01
787.3	7.873	0.17874	0.00787	0.01
787.4	7.874	0.17875	0.00788	0.01
787.5	7.875	0.17876	0.00788	0.01
787.6	7.876	0.17877	0.00788	0.01
787.7	7.877	0.17878	0.00788	0.01
787.8	7.878	0.17879	0.00788	0.01
787.9	7.879	0.1788	0.00788	0.01
788.0	7.88	0.17881	0.00788	0.01
788.1	7.881	0.17882	0.00788	0.01
788.2	7.882	0.17883	0.00788	0.01
788.3	7.883	0.17884	0.00788	0.01
788.4	7.884	0.17885	0.00789	0.01
788.5	7.885	0.17886	0.00789	0.01
788.6	7.886	0.17887	0.00789	0.01
788.7	7.887	0.17888	0.00789	0.01
788.8	7.888	0.17889	0.00789	0.01
788.9	7.889	0.1789	0.00789	0.01
789.0	7.89	0.17891	0.00789	0.01
789.1	7.891	0.17892	0.00789	0.01
789.2	7.892	0.17893	0.00789	0.01
789.3	7.893	0.17894	0.00789	0.01
789.4	7.894	0.17895	0.0079	0.01
789.5	7.895	0.17896	0.0079	0.01
789.6	7.896	0.17897	0.0079	0.01
789.7	7.897	0.17898	0.0079	0.01
789.8	7.898	0.17899	0.0079	0.01
789.9	7.899	0.179	0.0079	0.01
790.0	7.9	0.17901	0.0079	0.01
790.1	7.901	0.17902	0.0079	0.01
790.2	7.902	0.17903	0.0079	0.01
790.3	7.903	0.17904	0.0079	0.01
790.4	7.904	0.17905	0.00791	0.01
790.5	7.905	0.17906	0.00791	0.01
790.6	7.906	0.17907	0.00791	0.01
790.7	7.907	0.17908	0.00791	0.01
790.8	7.908	0.17909	0.00791	0.01
790.9	7.909	0.1791	0.00791	0.01
791.0	7.91	0.17911	0.00791	0.01
791.1	7.911	0.17912	0.00791	0.01
791.2	7.912	0.17913	0.00791	0.01
791.3	7.913	0.17914	0.00791	0.01
791.4	7.914	0.17915	0.00792	0.01
791.5	7.915	0.17916	0.00792	0.01
791.6	7.916	0.17917	0.00792	0.01
791.7	7.917	0.17918	0.00792	0.01
791.8	7.918	0.17919	0.00792	0.01
791.9	7.919	0.1792	0.00792	0.01
792.0	7.92	0.17921	0.00792	0.01
792.1	7.921	0.17922	0.00792	0.01
792.2	7.922	0.17923	0.00792	0.01
792.3	7.923	0.17924	0.00792	0.01
792.4	7.924	0.17925	0.00793	0.01
792.5	7.925	0.17926	0.00793	0.01
792.6	7.926	0.17927	0.00793	0.01
792.7	7.927	0.17928	0.00793	0.01
792.8	7.928	0.17929	0.00793	0.01
792.9	7.929	0.1793	0.00793	0.01
793.0	7.93	0.17931	0.00793	0.01
793.1	7.931	0.17932	0.00793	0.01
793.2	7.932	0.17933	0.00793	0.01
793.3	7.933	0.17934	0.00793	0.01
793.4	7.934	0.17935	0.00794	0.01
793.5	7.935	0.17936	0.00794	0.01
793.6	7.936	0.17937	0.00794	0.01
793.7	7.937	0.17938	0.00794	0.01
793.8	7.938	0.17939	0.00794	0.01
793.9	7.939	0.1794	0.00794	0.01
794.0	7.94	0.17941	0.00794	0.01
794.1	7.941	0.17942	0.00794	0.01
794.2	7.942	0.17943	0.00794	0.01
794.3	7.943	0.17944	0.00794	0.01
794.4	7.944	0.17945	0.00795	0.01
794.5	7.945	0.17946	0.00795	0.01
794.6	7.946	0.17947	0.00795	0.01
794.7	7.947	0.17948	0.00795	0.01
794.8	7.948	0.17949	0.00795	0.01
794.9	7.949	0.1795	0.00795	0.01
795.0	7.95	0.17951	0.00795	0.01
795.1	7.951	0.17952	0.00795	0.01
795.2	7.952	0.17953	0.00795	0.01
795.3	7.953	0.17954	0.00795	0.01
795.4	7.954	0.17955	0.00796	0.01
795.5	7.955	0.17956	0.00796	0.01
795.6	7.956	0.17957	0.00796	0.01
795.7	7.957	0.17958	0.00796	0.01
795.8	7.958	0.17959	0.00796	0.01
795.9	7.959	0.1796	0.00796	0.01
796.0	7.96	0.17961	0.00796	0.01
796.1	7.961	0.17962	0.00796	0.01
796.2	7.962	0.17963	0.00796	0.01
796.3	7.963	0.17964	0.00796	0.01
796.4	7.964	0.17965	0.00797	0.01
796.5	7.965	0.17966	0.00797	0.01
796.6	7.966	0.17967	0.00797	0.01
796.7	7.967	0.17968	0.00797	0.01
796.8	7.968	0.17969	0.00797	0.01
796.9	7.969	0.1797	0.00797	0.01
797.0	7.97	0.17971	0.00797	0.01
797.1	7.971	0.17972	0.00797	0.01
797.2	7.972	0.17973	0.00797	0.01
797.3	7.973	0.17974	0.00797	0.01
797.4	7.974	0.17975	0.00798	0.01
797.5	7.975	0.17976	0.00798	0.01
797.6	7.976	0.17977	0.00798	0.01
797.7	7.977	0.17978	0.00798	0.01
797.8	7.978	0.17979	0.00798	0.01
797.9	7.979	0.1798	0.00798	0.01
798.0	7.98	0.17981	0.00798	0.01
798.1	7.981	0.17982	0.00798	0.01
798.2	7.982	0.17983	0.00798	0.01
798.3	7.983	0.17984	0.00798	0.01
798.4	7.984	0.17985	0.00799	0.01
798.5	7.985	0.17986	0.00799	0.01
798.6	7.986	0.17987	0.00799	0.01
798.7	7.987	0.17988	0.00799	0.01
798.8	7.988	0.17989	0.00799	0.01
798.9	7.989	0.1799	0.00799	0.01
799.0	7.99	0.17991	0.00799	0.01
799.1	7.991	0.17992	0.00799	0.01
799.2	7.992	0.17993	0.00799	0.01
799.3	7.993	0.17994	0.00799	0.01
799.4	7.994	0.17995	0.008	0.01
799.5	7.995	0.17996	0.008	0.01
799.6	7.996	0.17997	0.008	0.01
799.7	7.997	0.17998	0.008	0.01
799.8	7.998	0.17999	0.008	0.01
799.9	7.999	0.18	0.008	0.01
800.0	8.0	0.18001	0.008	0.01
800.1	8.001	0.18002	0.008	0.01
800.2	8.002	0.18003	0.008	0.01
800.3	8.003	0.18004	0.008	0.01
800.4	8.004	0.18005	0.00801	0.01
800.5	8.005	0.18006	0.00801	0.01
800.6	8.006	0.18007	0.00801	0.01
800.7	8.007	0.18008	0.00801	0.01
800.8	8.008	0.18009	0.00801	0.01
800.9	8.009	0.1801	0.00801	0.01
801.0	8.01	0.18011	0.00801	0.01
801.1	8.011	0.18012	0.00801	0.01
801.2	8.012	0.18013	0.00801	0.01
801.3	8.013	0.18014	0.00801	0.01
801.4	8.014	0.18015	0.00802	0.01
801.5	8.015	0.18016	0.00802	0.01
801.6	8.016	0.18017	0.00802	0.01
801.7	8.017	0.18018	0.00802	0.01
801.8	8.018	0.18019	0.00802	0.01
801.9	8.019	0.1802	0.00802	0.01
802.0	8.02	0.18021	0.00802	0.01
802.1	8.021	0.18022	0.00802	0.01
802.2	8.022	0.18023	0.00802	0.01
802.3	8.023	0.18024	0.00802	0.01
802.4	8.024	0.18025	0.00803	0.01
802.5	8.025	0.18026	0.00803	0.01
802.6	8.026	0.18027	0.00803	0.01
802.7	8.027	0.18028	0.00803	0.01
802.8	8.028	0.18029	0.00803	0.01
802.9	8.029	0.1803	0.00803	0.01
803.0	8.03	0.18031	0.00803	0.01
803.1	8.031	0.18032	0.00803	0.01
803.2	8.032	0.18033	0.00803	0.01
803.3	8.033	0.18034	0.00803	0.01
803.4	8.034	0.18035	0.00804	0.01
803.5	8.035	0.18036	0.00804	0.01
803.6	8.036	0.18037	0.00804	0.01
803.7	8.037	0.18038	0.00804	0.01
803.8	8.038	0.18039	0.00804	0.01
803.9	8.039	0.1804	0.00804	0.01
804.0	8.04	0.18041	0.00804	0.01
804.1	8.041	0.18042	0.00804	0.01
804.2	8.042	0.18043	0.00804	0.01
804.3	8.043	0.18044	0.00804	0.01
804.4	8.044	0.18045	0.00805	0.01
804.5	8.045	0.18046	0.00805	0.01
804.6	8.046	0.18047	0.00805	0.01
804.7	8.047	0.18048	0.00805	0.01
804.8	8.048	0.18049	0.00805	0.01
804.9	8.049	0.1805	0.00805	0.01
805.0	8.05	0.18051	0.00805	0.01
805.1	8.051	0.18052	0.00805	0.01
805.2	8.052	0.18053	0.00805	0.01
805.3	8.053	0.18054	0.00805	0.01
805.4	8.054	0.18055	0.00806	0.01
805.5	8.055	0.18056	0.00806	0.01
805.6	8.056	0.18057	0.00806	0.01
805.7	8.057	0.18058	0.00806	0.01
805.8	8.058	0.18059	0.00806	0.01
805.9	8.059	0.1806	0.00806	0.01
806.0	8.06	0.18061	0.00806	0.01
806.1	8.061	0.18062	0.00806	0.01
806.2	8.062	0.18063	0.00806	0.01
806.3	8.063	0.18064	0.00806	0.01
806.4	8.064	0.18065	0.00807	0.01
806.5	8.065	0.18066	0.00807	0.01
806.6	8.066	0.18067	0.00807	0.01
806.7	8.067	0.18068	0.00807	0.01
806.8	8.068	0.18069	0.00807	0.01
806.9	8.069	0.1807	0.00807	0.01
807.0	8.07	0.18071	0.00807	0.01
807.1	8.071	0.18072	0.00807	0.01
807.2	8.072	0.18073	0.00807	0.01
807.3	8.073	0.18074	0.00807	0.01
807.4	8.074	0.18075	0.00808	0.01
807.5	8.075	0.18076	0.00808	0.01
807.6	8.076	0.18077	0.00808	0.01
807.7	8.077	0.18078	0.00808	0.01
807.8	8.078	0.18079	0.00808	0.01
807.9	8.079	0.1808	0.00808	0.01
808.0	8.08	0.18081	0.00808	0.01
808.1	8.081	0.18082	0.00808	0.01
808.2	8.082	0.18083	0.00808	0.01
808.3	8.083	0.18084	0.00808	0.01
808.4	8.084	0.18085	0.00809	0.01
808.5	8.085	0.18086	0.00809	0.01
808.6	8.086	0.18087	0.00809	0.01
808.7	8.087	0.18088	0.00809	0.01
808.8	8.088	0.18089	0.00809	0.01
808.9	8.089	0.1809	0.00809	0.01
809.0	8.09	0.18091	0.00809	0.01
809.1	8.091	0.18092	0.00809	0.01
809.2	8.092	0.18093	0.00809	0.01
809.3	8.093	0.18094	0.00809	0.01
809.4	8.094	0.18095	0.0081	0.01
809.5	8.095	0.18096	0.0081	0.01
809.6	8.096	0.18097	0.0081	0.01
809.7	8.097	0.18098	0.0081	0.01
809.8	8.098	0.18099	0.0081	0.01
809.9	8.099	0.181	0.0081	0.01
810.0	8.1	0.18101	0.0081	0.01
810.1	8.101	0.18102	0.0081	0.01
810.2	8.102	0.18103	0.0081	0.01
810.3	8.103	0.18104	0.0081	0.01
810.4	8.104	0.18105	0.00811	0.01
810.5	8.105	0.18106	0.00811	0.01
810.6	8.106	0.18107	0.00811	0.01
810.7	8.107	0.18108	0.00811	0.01
810.8	8.108	0.18109	0.00811	0.01
810.9	8.109	0.1811	0.00811	0.01
811.0	8.11	0.18111	0.00811	0.01
811.1	8.111	0.18112	0.00811	0.01
811.2	8.112	0.18113	0.00811	0.01
811.3	8.113	0.18114	0.00811	0.01
811.4	8.114	0.18115	0.00812	0.01
811.5	8.115	0.18116	0.00812	0.01
811.6	8.116	0.18117	0.00812	0.01
811.7	8.117	0.18118	0.00812	0.01
811.8	8.118	0.18119	0.00812	0.01
811.9	8.119	0.1812	0.00812	0.01
812.0	8.12	0.18121	0.00812	0.01
812.1	8.121	0.18122	0.00812	0.01
812.2	8.122	0.18123	0.00812	0.01
812.3	8.123	0.18124	0.00812	0.01
812.4	8.124	0.18125	0.00813	0.01
812.5	8.125	0.18126	0.00813	0.01
812.6	8.126	0.18127	0.00813	0.01
812.7	8.127	0.18128	0.00813	0.01
812.8	8.128	0.18129	0.00813	0.01
812.9	8.129	0.1813	0.00813	0.01
813.0	8.13	0.18131	0.00813	0.01
813.1	8.131	0.18132	0.00813	0.01
813.2	8.132	0.18133	0.00813	0.01
813.3	8.133	0.18134	0.00813	0.01
813.4	8.134	0.18135	0.00814	0.01
813.5	8.135	0.18136	0.00814	0.01
813.6	8.136	0.18137	0.00814	0.01
813.7	8.137	0.18138	0.00814	0.01
813.8	8.138	0.18139	0.00814	0.01
813.9	8.139	0.1814	0.00814	0.01
814.0	8.14	0.18141	0.00814	0.01
814.1	8.141	0.18142	0.00814	0.01
814.2	8.142	0.18143	0.00814	0.01
814.3	8.143	0.18144	0.00814	0.01
814.4	8.144	0.18145	0.00815	0.01
814.5	8.145	0.18146	0.00815	0.01
814.6	8.146	0.18147	0.00815	0.01
814.7	8.147	0.18148	0.00815	0.01
814.8	8.148	0.18149	0.00815	0.01
814.9	8.149	0.1815	0.00815	0.01
815.0	8.15	0.18151	0.00815	0.01
815.1	8.151	0.18152	0.00815	0.01
815.2	8.152	0.18153	0.00815	0.01
815.3	8.153	0.18154	0.00815	0.01
815.4	8.154	0.18155	0.00816	0.01
815.5	8.155	0.18156	0.00816	0.01
815.6	8.156	0.18157	0.00816	0.01
815.7	8.157	0.18158	0.00816	0.01
815.8	8.158	0.18159	0.00816	0.01
815.9	8.159	0.1816	0.00816	0.01
816.0	8.16	0.18161	0.00816	0.01
816.1	8.161	0.18162	0.00816	0.01
816.2	8.162	0.18163	0.00816	0.01
816.3	8.163	0.18164	0.00816	0.01
816.4	8.164	0.18165	0.00817	0.01
816.5	8.165	0.18166	0.00817	0.01
816.6	8.166	0.18167	0.00817	0.01
816.7	8.167	0.18168	0.00817	0.01
816.8	8.168	0.18169	0.00817	0.01
816.9	8.169	0.1817	0.00817	0.01
817.0	8.17	0.18171	0.00817	0.01
817.1	8.171	0.18172	0.00817	0.01
817.2	8.172	0.18173	0.00817	0.01
817.3	8.173	0.18174	0.00817	0.01
817.4	8.174	0.18175	0.00818	0.01
817.5	8.175	0.18176	0.00818	0.01
817.6	8.176	0.18177	0.00818	0.01
817.7	8.177	0.18178	0.00818	0.01
817.8	8.178	0.18179	0.00818	0.01
817.9	8.179	0.1818	0.00818	0.01
818.0	8.18	0.18181	0.00818	0.01
818.1	8.181	0.18182	0.00818	0.01
818.2	8.182	0.18183	0.00818	0.01
818.3	8.183	0.18184	0.00818	0.01
818.4	8.184	0.18185	0.00819	0.01
818.5	8.185	0.18186	0.00819	0.01
818.6	8.186	0.18187	0.00819	0.01
818.7	8.187	0.18188	0.00819	0.01
818.8	8.188	0.18189	0.00819	0.01
818.9	8.189	0.1819	0.00819	0.01
819.0	8.19	0.18191	0.00819	0.01
819.1	8.191	0.18192	0.00819	0.01
819.2	8.192	0.18193	0.00819	0.01
819.3	8.193	0.18194	0.00819	0.01
819.4	8.194	0.18195	0.0082	0.01
819.5	8.195	0.18196	0.0082	0.01
819.6	8.196	0.18197	0.0082	0.01
819.7	8.197	0.18198	0.0082	0.01
819.8	8.198	0.18199	0.0082	0.01
819.9	8.199	0.182	0.0082	0.01
820.0	8.2	0.18201	0.0082	0.01
820.1	8.201	0.18202	0.0082	0.01
820.2	8.202	0.18203	0.0082	0.01
820.3	8.203	0.18204	0.0082	0.01
820.4	8.204	0.18205	0.00821	0.01
820.5	8.205	0.18206	0.00821	0.01
820.6	8.206	0.18207	0.00821	0.01
820.7	8.207	0.18208	0.00821	0.01
820.8	8.208	0.18209	0.00821	0.01
820.9	8.209	0.1821	0.00821	0.01
821.0	8.21	0.18211	0.00821	0.01
821.1	8.211	0.18212	0.00821	0.01
821.2	8.212	0.18213	0.00821	0.01
821.3	8.213	0.18214	0.00821	0.01
821.4	8.214	0.18215	0.00822	0.01
821.5	8.215	0.18216	0.00822	0.01
821.6	8.216	0.18217	0.00822	0.01
821.7	8.217	0.18218	0.00822	0.01
821.8	8.218	0.18219	0.00822	0.01
821.9	8.219	0.1822	0.00822	0.01
822.0	8.22	0.18221	0.00822	0.01
822.1	8.221	0.18222	0.00822	0.01
822.2	8.222	0.18223	0.00822	0.01
822.3	8.223	0.18224	0.00822	0.01
822.4	8.224	0.18225	0.00823	0.01
822.5	8.225	0.18226	0.00823	0.01
822.6	8.226	0.18227	0.00823	0.01
822.7	8.227	0.18228	0.00823	0.01
822.8	8.228	0.18229	0.00823	0.01
822.9	8.229	0.1823	0.00823	0.01
823.0	8.23	0.18231	0.00823	0.01
823.1	8.231	0.18232	0.00823	0.01
823.2	8.232	0.18233	0.00823	0.01
823.3	8.233	0.18234	0.00823	0.01
823.4	8.234	0.18235	0.00824	0.01
823.5	8.235	0.18236	0.00824	0.01
823.6	8.236	0.18237	0.00824	0.01
823.7	8.237	0.18238	0.00824	0.01
823.8	8.238	0.18239	0.00824	0.01
823.9	8.239	0.1824	0.00824	0.01
824.0	8.24	0.18241	0.00824	0.01
824.1	8.241	0.18242	0.00824	0.01
824.2	8.242	0.18243	0.00824	0.01
824.3	8.243	0.18244	0.00824	0.01
824.4	8.244	0.18245	0.00825	0.01
824.5	8.245	0.18246	0.00825	0.01
824.6	8.246	0.18247	0.00825	0.01
824.7	8.247	0.18248	0.00825	0.01
824.8	8.248	0.18249	0.00825	0.01
824.9	8.249	0.1825	0.00825	0.01
825.0	8.25	0.18251	0.00825	0.01
825.1	8.251	0.18252	0.00825	0.01
825.2	8.252	0.18253	0.00825	0.01
825.3	8.253	0.18254	0.00825	0.01
825.4	8.254	0.18255	0.00826	0.01
825.5	8.255	0.18256	0.00826	0.01
825.6	8.256	0.18257	0.00826	0.01
825.7	8.257	0.18258	0.00826	0.01
825.8	8.258	0.18259	0.00826	0.01
825.9	8.259	0.1826	0.00826	0.01
826.0	8.26	0.18261	0.00826	0.01
826.1	8.261	0.18262	0.00826	0.01
826.2	8.262	0.18263	0.00826	0.01
826.3	8.263	0.18264	0.00826	0.01
826.4	8.264	0.18265	0.00827	0.01
826.5	8.265	0.18266	0.00827	0.01
826.6	8.266	0.18267	0.00827	0.01
826.7	8.267	0.18268	0.00827	0.01
826.8	8.268	0.18269	0.00827	0.01
826.9	8.269	0.1827	0.00827	0.01
827.0	8.27	0.18271	0.00827	0.01
827.1	8.271	0.18272	0.00827	0.01
827.2	8.272	0.18273	0.00827	0.01
827.3	8.273	0.18274	0.00827	0.01
827.4	8.274	0.18275	0.00828	0.01
827.5	8.275	0.18276	0.00828	0.01
827.6	8.276	0.18277	0.00828	0.01
827.7	8.277	0.18278	0.00828	0.01
827.8	8.278	0.18279	0.00828	0.01
827.9	8.279	0.1828	0.00828	0.01
828.0	8.28	0.18281	0.00828	0.01
828.1	8.281	0.18282	0.00828	0.01
828.2	8.282	0.18283	0.00828	0.01
828.3	8.283	0.18284	0.00828	0.01
828.4	8.284	0.18285	0.00829	0.01
828.5	8.285	0.18286	0.00829	0.01
828.6	8.286	0.18287	0.00829	0.01
828.7	8.287	0.18288	0.00829	0.01
828.8	8.288	0.18289	0.00829	0.01
828.9	8.289	0.1829	0.00829	0.01
829.0	8.29	0.18291	0.00829	0.01
829.1	8.291	0.18292	0.00829	0.01
829.2	8.292	0.18293	0.00829	0.01
829.3	8.293	0.18294	0.00829	0.01
829.4	8.294	0.18295	0.0083	0.01
829.5	8.295	0.18296	0.0083	0.01
829.6	8.296	0.18297	0.0083	0.01
829.7	8.297	0.18298	0.0083	0.01
829.8	8.298	0.18299	0.0083	0.01
829.9	8.299	0.183	0.0083	0.01
830.0	8.3	0.18301	0.0083	0.01
830.1	8.301	0.18302	0.0083	0.01
830.2	8.302	0.18303	0.0083	0.01
830.3	8.303	0.18304	0.0083	0.01
830.4	8.304	0.18305	0.00831	0.01
830.5	8.305	0.18306	0.00831	0.01
830.6	8.306	0.18307	0.00831	0.01
830.7	8.307	0.18308	0.00831	0.01
830.8	8.308	0.18309	0.00831	0.01
830.9	8.309	0.1831	0.00831	0.01
831.0	8.31	0.18311	0.00831	0.01
831.1	8.311	0.18312	0.00831	0.01
831.2	8.312	0.18313	0.00831	0.01
831.3	8.313	0.18314	0.00831	0.01
831.4	8.314	0.18315	0.00832	0.01
831.5	8.315	0.18316	0.00832	0.01
831.6	8.316	0.18317	0.00832	0.01
831.7	8.317	0.18318	0.00832	0.01
831.8	8.318	0.18319	0.00832	0.01
831.9	8.319	0.1832	0.00832	0.01
832.0	8.32	0.18321	0.00832	0.01
832.1	8.321	0.18322	0.00832	0.01
832.2	8.322	0.18323	0.00832	0.01
832.3	8.323	0.18324	0.00832	0.01
832.4	8.324	0.18325	0.00833	0.01
832.5	8.325	0.18326	0.00833	0.01
832.6	8.326	0.18327	0.00833	0.01
832.7	8.327	0.18328	0.00833	0.01
832.8	8.328	0.18329	0.00833	0.01
832.9	8.329	0.1833	0.00833	0.01
833.0	8.33	0.18331	0.00833	0.01
833.1	8.331	0.18332	0.00833	0.01
833.2	8.332	0.18333	0.00833	0.01
833.3	8.333	0.18334	0.00833	0.01
833.4	8.334	0.18335	0.00834	0.01
833.5	8.335	0.18336	0.00834	0.01
833.6	8.336	0.18337	0.00834	0.01
833.7	8.337	0.18338	0.00834	0.01
833.8	8.338	0.18339	0.00834	0.01
833.9	8.339	0.1834	0.00834	0.01
834.0	8.34	0.18341	0.00834	0.01
834.1	8.341	0.18342	0.00834	0.01
834.2	8.342	0.18343	0.00834	0.01
834.3	8.343	0.18344	0.00834	0.01
834.4	8.344	0.18345	0.00835	0.01
834.5	8.345	0.18346	0.00835	0.01
834.6	8.346	0.18347	0.00835	0.01
834.7	8.347	0.18348	0.00835	0.01
834.8	8.348	0.18349	0.00835	0.01
834.9	8.349	0.1835	0.00835	0.01
835.0	8.35	0.18351	0.00835	0.01
835.1	8.351	0.18352	0.00835	0.01
835.2	8.352	0.18353	0.00835	0.01
835.3	8.353	0.18354	0.00835	0.01
835.4	8.354	0.18355	0.00836	0.01
835.5	8.355	0.18356	0.00836	0.01
835.6	8.356	0.18357	0.00836	0.01
835.7	8.357	0.18358	0.00836	0.01
835.8	8.358	0.18359	0.00836	0.01
835.9	8.359	0.1836	0.00836	0.01
836.0	8.36	0.18361	0.00836	0.01
836.1	8.361	0.18362	0.00836	0.01
836.2	8.362	0.18363	0.00836	0.01
836.3	8.363	0.18364	0.00836	0.01
836.4	8.364	0.18365	0.00837	0.01
836.5	8.365	0.18366	0.00837	0.01
836.6	8.366	0.18367	0.00837	0.01
836.7	8.367	0.18368	0.00837	0.01
836.8	8.368	0.18369	0.00837	0.01
836.9	8.369	0.1837	0.00837	0.01
837.0	8.37	0.18371	0.00837	0.01
837.1	8.371	0.18372	0.00837	0.01
837.2	8.372	0.18373	0.00837	0.01
837.3	8.373	0.18374	0.00837	0.01
837.4	8.374	0.18375	0.00838	0.01
837.5	8.375	0.18376	0.00838	0.01
837.6	8.376	0.18377	0.00838	0.01
837.7	8.377	0.18378	0.00838	0.01
837.8	8.378	0.18379	0.00838	0.01
837.9	8.379	0.1838	0.00838	0.01
838.0	8.38	0.18381	0.00838	0.01
838.1	8.381	0.18382	0.00838	0.01
838.2	8.382	0.18383	0.00838	0.01
838.3	8.383	0.18384	0.00838	0.01
838.4	8.384	0.18385	0.00839	0.01
838.5	8.385	0.18386	0.00839	0.01
838.6	8.386	0.18387	0.00839	0.01
838.7	8.387	0.18388	0.00839	0.01
838.8	8.388	0.18389	0.00839	0.01
838.9	8.389	0.1839	0.00839	0.01
839.0	8.39	0.18391	0.00839	0.01
839.1	8.391	0.18392	0.00839	0.01
839.2	8.392	0.18393	0.00839	0.01
839.3	8.393	0.18394	0.00839	0.01
839.4	8.394	0.18395	0.0084	0.01
839.5	8.395	0.18396	0.0084	0.01
839.6	8.396	0.18397	0.0084	0.01
839.7	8.397	0.18398	0.0084	0.01
839.8	8.398	0.18399	0.0084	0.01
839.9	8.399	0.184	0.0084	0.01
840.0	8.4	0.18401	0.0084	0.01
840.1	8.401	0.18402	0.0084	0.01
840.2	8.402	0.18403	0.0084	0.01
840.3	8.403	0.18404	0.0084	0.01
840.4	8.404	0.18405	0.00841	0.01
840.5	8.405	0.18406	0.00841	0.01
840.6	8.406	0.18407	0.00841	0.01
840.7	8.407	0.18408	0.00841	0.01
840.8	8.408	0.18409	0.00841	0.01
840.9	8.409	0.1841	0.00841	0.01
841.0	8.41	0.18411	0.00841	0.01
841.1	8.411	0.18412	0.00841	0.01
841.2	8.412	0.18413	0.00841	0.01
841.3	8.413	0.18414	0.00841	0.01
841.4	8.414	0.18415	0.00842	0.01
841.5	8.415	0.18416	0.00842	0.01
841.6	8.416	0.18417	0.00842	0.01
841.7	8.417	0.18418	0.00842	0.01
841.8	8.418	0.18419	0.00842	0.01
841.9	8.419	0.1842	0.00842	0.01
842.0	8.42	0.18421	0.00842	0.01
842.1	8.421	0.18422	0.00842	0.01
842.2	8.422	0.18423	0.00842	0.01
842.3	8.423	0.18424	0.00842	0.01
842.4	8.424	0.18425	0.00843	0.01
842.5	8.425	0.18426	0.00843	0.01
842.6	8.426	0.18427	0.00843	0.01
842.7	8.427	0.18428	0.00843	0.01
842.8	8.428	0.18429	0.00843	0.01
842.9	8.429	0.1843	0.00843	0.01
843.0	8.43	0.18431	0.00843	0.01
843.1	8.431	0.18432	0.00843	0.01
843.2	8.432	0.18433	0.00843	0.01
843.3	8.433	0.18434	0.00843	0.01
843.4	8.434	0.18435	0.00844	0.01
843.5	8.435	0.18436	0.00844	0.01
843.6	8.436	0.18437	0.00844	0.01
843.7	8.437	0.18438	0.00844	0.01
843.8	8.438	0.18439	0.00844	0.01
843.9	8.439	0.1844	0.00844	0.01
844.0	8.44	0.18441	0.00844	0.01
844.1	8.441	0.18442	0.00844	0.01
844.2	8.442	0.18443	0.00844	0.01
844.3	8.443	0.18444	0.00844	0.01
844.4	8.444	0.18445	0.00845	0.01
844.5	8.445	0.18446	0.00845	0.01
844.6	8.446	0.18447	0.00845	0.01
844.7	8.447	0.18448	0.00845	0.01
844.8	8.448	0.18449	0.00845	0.01
844.9	8.449	0.1845	0.00845	0.01
845.0	8.45	0.18451	0.00845	0.01
845.1	8.451	0.18452	0.00845	0.01
845.2	8.452	0.18453	0.00845	0.01
845.3	8.453	0.18454	0.00845	0.01
845.4	8.454	0.18455	0.00846	0.01
845.5	8.455	0.18456	0.00846	0.01
845.6	8.456	0.18457	0.00846	0.01
845.7	8.457	0.18458	0.00846	0.01
845.8	8.458	0.18459	0.00846	0.01
845.9	8.459	0.1846	0.00846	0.01
846.0	8.46	0.18461	0.00846	0.01
846.1	8.461	0.18462	0.00846	0.01
846.2	8.462	0.18463	0.00846	0.01
846.3	8.463	0.18464	0.00846	0.01
846.4	8.464	0.18465	0.00847	0.01
846.5	8.465	0.18466	0.00847	0.01
846.6	8.466	0.18467	0.00847	0.01
846.7	8.467	0.18468	0.00847	0.01
846.8	8.468	0.18469	0.00847	0.01
846.9	8.469	0.1847	0.00847	0.01
847.0	8.47	0.18471	0.00847	0.01
847.1	8.471	0.18472	0.00847	0.01
847.2	8.472	0.18473	0.00847	0.01
847.3	8.473	0.18474	0.00847	0.01
847.4	8.474	0.18475	0.00848	0.01
847.5	8.475	0.18476	0.00848	0.01
847.6	8.476	0.18477	0.00848	0.01
847.7	8.477	0.18478	0.00848	0.01
847.8	8.478	0.18479	0.00848	0.01
847.9	8.479	0.1848	0.00848	0.01
848.0	8.48	0.18481	0.00848	0.01
848.1	8.481	0.18482	0.00848	0.01
848.2	8.482	0.18483	0.00848	0.01
848.3	8.483	0.18484	0.00848	0.01
848.4	8.484	0.18485	0.00849	0.01
848.5	8.485	0.18486	0.00849	0.01
848.6	8.486	0.18487	0.00849	0.01
848.7	8.487	0.18488	0.00849	0.01
848.8	8.488	0.18489	0.00849	0.01
848.9	8.489	0.1849	0.00849	0.01
849.0	8.49	0.18491	0.00849	0.01
849.1	8.491	0.18492	0.00849	0.01
849.2	8.492	0.18493	0.00849	0.01
849.3	8.493	0.18494	0.00849	0.01
849.4	8.494	0.18495	0.0085	0.01
849.5	8.495	0.18496	0.0085	0.01
849.6	8.496	0.18497	0.0085	0.01
849.7	8.497	0.18498	0.0085	0.01
849.8	8.498	0.18499	0.0085	0.01
849.9	8.499	0.185	0.0085	0.01
850.0	8.5	0.18501	0.0085	0.01
850.1	8.501	0.18502	0.0085	0.01
850.2	8.502	0.18503	0.0085	0.01
850.3	8.503	0.18504	0.0085	0.01
850.4	8.504	0.18505	0.00851	0.01
850.5	8.505	0.18506	0.00851	0.01
850.6	8.506	0.18507	0.00851	0.01
850.7	8.507	0.18508	0.00851	0.01
850.8	8.508	0.18509	0.00851	0.01
850.9	8.509	0.1851	0.00851	0.01
851.0	8.51	0.18511	0.00851	0.01
851.1	8.511	0.18512	0.00851	0.01
851.2	8.512	0.18513	0.00851	0.01
851.3	8.513	0.18514	0.00851	0.01
851.4	8.514	0.18515	0.00852	0.01
851.5	8.515	0.18516	0.00852	0.01
851.6	8.516	0.18517	0.00852	0.01
851.7	8.517	0.18518	0.00852	0.01
851.8	8.518	0.18519	0.00852	0.01
851.9	8.519	0.1852	0.00852	0.01
852.0	8.52	0.18521	0.00852	0.01
852.1	8.521	0.18522	0.00852	0.01
852.2	8.522	0.18523	0.00852	0.01
852.3	8.523	0.18524	0.00852	0.01
852.4	8.524	0.18525	0.00853	0.01
852.5	8.525	0.18526	0.00853	0.01
852.6	8.526	0.18527	0.00853	0.01
852.7	8.527	0.18528	0.00853	0.01
852.8	8.528	0.18529	0.00853	0.01
852.9	8.529	0.1853	0.00853	0.01
853.0	8.53	0.18531	0.00853	0.01
853.1	8.531	0.18532	0.00853	0.01
853.2	8.532	0.18533	0.00853	0.01
853.3	8.533	0.18534	0.00853	0.01
853.4	8.534	0.18535	0.00854	0.01
853.5	8.535	0.18536	0.00854	0.01
853.6	8.536	0.18537	0.00854	0.01
853.7	8.537	0.18538	0.00854	0.01
853.8	8.538	0.18539	0.00854	0.01
853.9	8.539	0.1854	0.00854	0.01
854.0	8.54	0.18541	0.00854	0.01
854.1	8.541	0.18542	0.00854	0.01
854.2	8.542	0.18543	0.00854	0.01
854.3	8.543	0.18544	0.00854	0.01
854.4	8.544	0.18545	0.00855	0.01
854.5	8.545	0.18546	0.00855	0.01
854.6	8.546	0.18547	0.00855	0.01
854.7	8.547	0.18548	0.00855	0.01
854.8	8.548	0.18549	0.00855	0.01
854.9	8.549	0.1855	0.00855	0.01
855.0	8.55	0.18551	0.00855	0.01
855.1	8.551	0.18552	0.00855	0.01
855.2	8.552	0.18553	0.00855	0.01
855.3	8.553	0.18554	0.00855	0.01
855.4	8.554	0.18555	0.00856	0.01
855.5	8.555	0.18556	0.00856	0.01
855.6	8.556	0.18557	0.00856	0.01
855.7	8.557	0.18558	0.00856	0.01
855.8	8.558	0.18559	0.00856	0.01
855.9	8.559	0.1856	0.00856	0.01
856.0	8.56	0.18561	0.00856	0.01
856.1	8.561	0.18562	0.00856	0.01
856.2	8.562	0.18563	0.00856	0.01
856.3	8.563	0.18564	0.00856	0.01
856.4	8.564	0.18565	0.00857	0.01
856.5	8.565	0.18566	0.00857	0.01
856.6	8.566	0.18567	0.00857	0.01
856.7	8.567	0.18568	0.00857	0.01
856.8	8.568	0.18569	0.00857	0.01
856.9	8.569	0.1857	0.00857	0.01
857.0	8.57	0.18571	0.00857	0.01
857.1	8.571	0.18572	0.00857	0.01
857.2	8.572	0.18573	0.00857	0.01
857.3	8.573	0.18574	0.00857	0.01
857.4	8.574	0.18575	0.00858	0.01
857.5	8.575	0.18576	0.00858	0.01
857.6	8.576	0.18577	0.00858	0.01
857.7	8.577	0.18578	0.00858	0.01
857.8	8.578	0.18579	0.00858	0.01
857.9	8.579	0.1858	0.00858	0.01
858.0	8.58	0.18581	0.00858	0.01
858.1	8.581	0.18582	0.00858	0.01
858.2	8.582	0.18583	0.00858	0.01
858.3	8.583	0.18584	0.00858	0.01
858.4	8.584	0.18585	0.00859	0.01
858.5	8.585	0.18586	0.00859	0.01
858.6	8.586	0.18587	0.00859	0.01
858.7	8.587	0.18588	0.00859	0.01
858.8	8.588	0.18589	0.00859	0.01
858.9	8.589	0.1859	0.00859	0.01
859.0	8.59	0.18591	0.00859	0.01
859.1	8.591	0.18592	0.00859	0.01
859.2	8.592	0.18593	0.00859	0.01
859.3	8.593	0.18594	0.00859	0.01
859.4	8.594	0.18595	0.0086	0.01
859.5	8.595	0.18596	0.0086	0.01
859.6	8.596	0.18597	0.0086	0.01
859.7	8.597	0.18598	0.0086	0.01
859.8	8.598	0.18599	0.0086	0.01
859.9	8.599	0.186	0.0086	0.01
860.0	8.6	0.18601	0.0086	0.01
860.1	8.601	0.18602	0.0086	0.01
860.2	8.602	0.18603	0.0086	0.01
860.3	8.603	0.18604	0.0086	0.01
860.4	8.604	0.18605	0.00861	0.01
860.5	8.605	0.18606	0.00861	0.01
860.6	8.606	0.18607	0.00861	0.01
860.7	8.607	0.18608	0.00861	0.01
860.8	8.608	0.18609	0.00861	0.01
860.9	8.609	0.1861	0.00861	0.01
861.0	8.61	0.18611	0.00861	0.01
861.1	8.611	0.18612	0.00861	0.01
861.2	8.612	0.18613	0.00861	0.01
861.3	8.613	0.18614	0.00861	0.01
861.4	8.614	0.18615	0.00862	0.01
861.5	8.615	0.18616	0.00862	0.01
861.6	8.616	0.18617	0.00862	0.01
861.7	8.617	0.18618	0.00862	0.01
861.8	8.618	0.18619	0.00862	0.01
861.9	8.619	0.1862	0.00862	0.01
862.0	8.62	0.18621	0.00862	0.01
862.1	8.621	0.18622	0.00862	0.01
862.2	8.622	0.18623	0.00862	0.01
862.3	8.623	0.18624	0.00862	0.01
862.4	8.624	0.18625	0.00863	0.01
862.5	8.625	0.18626	0.00863	0.01
862.6	8.626	0.18627	0.00863	0.01
862.7	8.627	0.18628	0.00863	0.01
862.8	8.628	0.18629	0.00863	0.01
862.9	8.629	0.1863	0.00863	0.01
863.0	8.63	0.18631	0.00863	0.01
863.1	8.631	0.18632	0.00863	0.01
863.2	8.632	0.18633	0.00863	0.01
863.3	8.633	0.18634	0.00863	0.01
863.4	8.634	0.18635	0.00864	0.01
863.5	8.635	0.18636	0.00864	0.01
863.6	8.636	0.18637	0.00864	0.01
863.7	8.637	0.18638	0.00864	0.01
863.8	8.638	0.18639	0.00864	0.01
863.9	8.639	0.1864	0.00864	0.01
864.0	8.64	0.18641	0.00864	0.01
864.1	8.641	0.18642	0.00864	0.01
864.2	8.642	0.18643	0.00864	0.01
864.3	8.643	0.18644	0.00864	0.01
864.4	8.644	0.18645	0.00865	0.01
864.5	8.645	0.18646	0.00865	0.01
864.6	8.646	0.18647	0.00865	0.01
864.7	8.647	0.18648	0.00865	0.01
864.8	8.648	0.18649	0.00865	0.01
864.9	8.649	0.1865	0.00865	0.01
865.0	8.65	0.18651	0.00865	0.01
865.1	8.651	0.18652	0.00865	0.01
865.2	8.652	0.18653	0.00865	0.01
865.3	8.653	0.18654	0.00865	0.01
865.4	8.654	0.18655	0.00866	0.01
865.5	8.655	0.18656	0.00866	0.01
865.6	8.656	0.18657	0.00866	0.01
865.7	8.657	0.18658	0.00866	0.01
865.8	8.658	0.18659	0.00866	0.01
865.9	8.659	0.1866	0.00866	0.01
866.0	8.66	0.18661	0.00866	0.01
866.1	8.661	0.18662	0.00866	0.01
866.2	8.662	0.18663	0.00866	0.01
866.3	8.663	0.18664	0.00866	0.01
866.4	8.664	0.18665	0.00867	0.01
866.5	8.665	0.18666	0.00867	0.01
866.6	8.666	0.18667	0.00867	0.01
866.7	8.667	0.18668	0.00867	0.01
866.8	8.668	0.18669	0.00867	0.01
866.9	8.669	0.1867	0.00867	0.01
867.0	8.67	0.18671	0.00867	0.01
867.1	8.671	0.18672	0.00867	0.01
867.2	8.672	0.18673	0.00867	0.01
867.3	8.673	0.18674	0.00867	0.01
867.4	8.674	0.18675	0.00868	0.01
867.5	8.675	0.18676	0.00868	0.01
867.6	8.676	0.18677	0.00868	0.01
867.7	8.677	0.18678	0.00868	0.01
867.8	8.678	0.18679	0.00868	0.01
867.9	8.679	0.1868	0.00868	0.01
868.0	8.68	0.18681	0.00868	0.01
868.1	8.681	0.18682	0.00868	0.01
868.2	8.682	0.18683	0.00868	0.01
868.3	8.683	0.18684	0.00868	0.01
868.4	8.684	0.18685	0.00869	0.01
868.5	8.685	0.18686	0.00869	0.01
868.6	8.686	0.18687	0.00869	0.01
868.7	8.687	0.18688	0.00869	0.01
868.8	8.688	0.18689	0.00869	0.01
868.9	8.689	0.1869	0.00869	0.01
869.0	8.69	0.18691	0.00869	0.01
869.1	8.691	0.18692	0.00869	0.01
869.2	8.692	0.18693	0.00869	0.01
869.3	8.693	0.18694	0.00869	0.01
869.4	8.694	0.18695	0.0087	0.01
869.5	8.695	0.18696	0.0087	0.01
869.6	8.696	0.18697	0.0087	0.01
869.7	8.697	0.18698	0.0087	0.01
869.8	8.698	0.18699	0.0087	0.01
869.9	8.699	0.187	0.0087	0.01
870.0	8.7	0.18701	0.0087	0.01
870.1	8.701	0.18702	0.0087	0.01
870.2	8.702	0.18703	0.0087	0.01
870.3	8.703	0.18704	0.0087	0.01
870.4	8.704	0.18705	0.00871	0.01
870.5	8.705	0.18706	0.00871	0.01
870.6	8.706	0.18707	0.00871	0.01
870.7	8.707	0.18708	0.00871	0.01
870.8	8.708	0.18709	0.00871	0.01
870.9	8.709	0.1871	0.00871	0.01
871.0	8.71	0.18711	0.00871	0.01
871.1	8.711	0.18712	0.00871	0.01
871.2	8.712	0.18713	0.00871	0.01
871.3	8.713	0.18714	0.00871	0.01
871.4	8.714	0.18715	0.00872	0.01
871.5	8.715	0.18716	0.00872	0.01
871.6	8.716	0.18717	0.00872	0.01
871.7	8.717	0.18718	0.00872	0.01
871.8	8.718	0.18719	0.00872	0.01
871.9	8.719	0.1872	0.00872	0.01
872.0	8.72	0.18721	0.00872	0.01
872.1	8.721	0.18722	0.00872	0.01
872.2	8.722	0.18723	0.00872	0.01
872.3	8.723	0.18724	0.00872	0.01
872.4	8.724	0.18725	0.00873	0.01
872.5	8.725	0.18726	0.00873	0.01
872.6	8.726	0.18727	0.00873	0.01
872.7	8.727	0.18728	0.00873	0.01
872.8	8.728	0.18729	0.00873	0.01
872.9	8.729	0.1873	0.00873	0.01
873.0	8.73	0.18731	0.00873	0.01
873.1	8.731	0.18732	0.00873	0.01
873.2	8.732	0.18733	0.00873	0.01
873.3	8.733	0.18734	0.00873	0.01
873.4	8.734	0.18735	0.00874	0.01
873.5	8.735	0.18736	0.00874	0.01
873.6	8.736	0.18737	0.00874	0.01
873.7	8.737	0.18738	0.00874	0.01
873.8	8.738	0.18739	0.00874	0.01
873.9	8.739	0.1874	0.00874	0.01
874.0	8.74	0.18741	0.00874	0.01
874.1	8.741	0.18742	0.00874	0.01
874.2	8.742	0.18743	0.00874	0.01
874.3	8.743	0.18744	0.00874	0.01
874.4	8.744	0.18745	0.00875	0.01
874.5	8.745	0.18746	0.00875	0.01
874.6	8.746	0.18747	0.00875	0.01
874.7	8.747	0.18748	0.00875	0.01
874.8	8.748	0.18749	0.00875	0.01
874.9	8.749	0.1875	0.00875	0.01
875.0	8.75	0.18751	0.00875	0.01
875.1	8.751	0.18752	0.00875	0.01
875.2	8.752	0.18753	0.00875	0.01
875.3	8.753	0.18754	0.00875	0.01
875.4	8.754	0.18755	0.00876	0.01
875.5	8.755	0.18756	0.00876	0.01
875.6	8.756	0.18757	0.00876	0.01
875.7	8.757	0.18758	0.00876	0.01
875.8	8.758	0.18759	0.00876	0.01
875.9	8.759	0.1876	0.00876	0.01
876.0	8.76	0.18761	0.00876	0.01
876.1	8.761	0.18762	0.00876	0.01
876.2	8.762	0.18763	0.00876	0.01
876.3	8.763	0.18764	0.00876	0.01
876.4	8.764	0.18765	0.00877	0.01
876.5	8.765	0.18766	0.00877	0.01
876.6	8.766	0.18767	0.00877	0.01
876.7	8.767	0.18768	0.00877	0.01
876.8	8.768	0.18769	0.00877	0.01
876.9	8.769	0.1877	0.00877	0.01
877.0	8.77	0.18771	0.00877	0.01
877.1	8.771	0.18772	0.00877	0.01
877.2	8.772	0.18773	0.00877	0.01
877.3	8.773	0.18774	0.00877	0.01
877.4	8.774	0.18775	0.00878	0.01
877.5	8.775	0.18776	0.00878	0.01
877.6	8.776	0.18777	0.00878	0.01
877.7	8.777	0.18778	0.00878	0.01
877.8	8.778	0.18779	0.00878	0.01
877.9	8.779	0.1878	0.00878	0.01
878.0	8.78	0.18781	0.00878	0.01
878.1	8.781	0.18782	0.00878	0.01
878.2	8.782	0.18783	0.00878	0.01
878.3	8.783	0.18784	0.00878	0.01
878.4	8.784	0.18785	0.00878	0.01
878.5	8.785	0.18786	0.00879	0.01
878.6	8.786	0.18787	0.00879	0.01
878.7	8.787	0.18788	0.00879	0.01
878.8	8.788	0.18789	0.00879	0.01
878.9	8.789	0.1879	0.00879	0.01
879.0	8.79	0.18791	0.00879	0.01
879.1	8.791	0.18792	0.00879	0.01
879.2	8.792	0.18793	0.00879	0.01
879.3	8.793	0.18794	0.00879	0.01
879.4	8.794	0.18795	0.00879	0.01
879.5	8.795	0.18796	0.0088	0.01
879.6	8.796	0.18797	0.0088	0.01
879.7	8.797	0.18798	0.0088	0.01
879.8	8.798	0.18799	0.0088	0.01
879.9	8.799	0.188	0.0088	0.01
880.0	8.8	0.18801	0.0088	0.01
880.1	8.801	0.18802	0.0088	0.01
880.2	8.802	0.18803	0.0088	0.01
880.3	8.803	0.18804	0.0088	0.01
880.4	8.804	0.18805	0.0088	0.01
880.5	8.805	0.18806	0.00881	0.01
880.6	8.806	0.18807	0.00881	0.01
880.7	8.807	0.18808	0.00881	0.01
880.8	8.808	0.18809	0.00881	0.01
880.9	8.809	0.1881	0.00881	0.01
881.0	8.81	0.18811	0.00881	0.01
881.1	8.811	0.18812	0.00881	0.01
881.2	8.812	0.18813	0.00881	0.01
881.3	8.813	0.18814	0.00881	0.01
881.4	8.814	0.18815	0.00881	0.01
881.5	8.815	0.18816	0.00882	0.01
881.6	8.816	0.18817	0.00882	0.01
881.7	8.817	0.18818	0.00882	0.01
881.8	8.818	0.18819	0.00882	0.01
881.9	8.819	0.1882	0.00882	0.01
882.0	8.82	0.18821	0.00882	0.01
882.1	8.821	0.18822	0.00882	0.01
882.2	8.822	0.18823	0.00882	0.01
882.3	8.823	0.18824	0.00882	0.01
882.4	8.824	0.18825	0.00882	0.01
882.5	8.825	0.18826	0.00883	0.01
882.6	8.826	0.18827	0.00883	0.01
882.7	8.827	0.18828	0.00883	0.01
882.8	8.828	0.18829	0.00883	0.01
882.9	8.829	0.1883	0.00883	0.01
883.0	8.83	0.18831	0.00883	0.01
883.1	8.831	0.18832	0.00883	0.01
883.2	8.832	0.18833	0.00883	0.01
883.3	8.833	0.18834	0.00883	0.01
883.4	8.834	0.18835	0.00883	0.01
883.5	8.835	0.18836	0.00884	0.01
883.6	8.836	0.18837	0.00884	0.01
883.7	8.837	0.18838	0.00884	0.01
883.8	8.838	0.18839	0.00884	0.01
883.9	8.839	0.1884	0.00884	0.01
884.0	8.84	0.18841	0.00884	0.01
884.1	8.841	0.18842	0.00884	0.01
884.2	8.842	0.18843	0.00884	0.01
884.3	8.843	0.18844	0.00884	0.01
884.4	8.844	0.18845	0.00884	0.01
884.5	8.845	0.18846	0.00885	0.01
884.6	8.846	0.18847	0.00885	0.01
884.7	8.847	0.18848	0.00885	0.01
884.8	8.848	0.18849	0.00885	0.01
884.9	8.849	0.1885	0.00885	0.01
885.0	8.85	0.18851	0.00885	0.01
885.1	8.851	0.18852	0.00885	0.01
885.2	8.852	0.18853	0.00885	0.01
885.3	8.853	0.18854	0.00885	0.01
885.4	8.854	0.18855	0.00885	0.01
885.5	8.855	0.18856	0.00886	0.01
885.6	8.856	0.18857	0.00886	0.01
885.7	8.857	0.18858	0.00886	0.01
885.8	8.858	0.18859	0.00886	0.01
885.9	8.859	0.1886	0.00886	0.01
886.0	8.86	0.18861	0.00886	0.01
886.1	8.861	0.18862	0.00886	0.01
886.2	8.862	0.18863	0.00886	0.01
886.3	8.863	0.18864	0.00886	0.01
886.4	8.864	0.18865	0.00886	0.01
886.5	8.865	0.18866	0.00887	0.01
886.6	8.866	0.18867	0.00887	0.01
886.7	8.867	0.18868	0.00887	0.01
886.8	8.868	0.18869	0.00887	0.01
886.9	8.869	0.1887	0.00887	0.01
887.0	8.87	0.18871	0.00887	0.01
887.1	8.871	0.18872	0.00887	0.01
887.2	8.872	0.18873	0.00887	0.01
887.3	8.873	0.18874	0.00887	0.01
887.4	8.874	0.18875	0.00887	0.01
887.5	8.875	0.18876	0.00888	0.01
887.6	8.876	0.18877	0.00888	0.01
887.7	8.877	0.18878	0.00888	0.01
887.8	8.878	0.18879	0.00888	0.01
887.9	8.879	0.1888	0.00888	0.01
888.0	8.88	0.18881	0.00888	0.01
888.1	8.881	0.18882	0.00888	0.01
888.2	8.882	0.18883	0.00888	0.01
888.3	8.883	0.18884	0.00888	0.01
888.4	8.884	0.18885	0.00888	0.01
888.5	8.885	0.18886	0.00889	0.01
888.6	8.886	0.18887	0.00889	0.01
888.7	8.887	0.18888	0.00889	0.01
888.8	8.888	0.18889	0.00889	0.01
888.9	8.889	0.1889	0.00889	0.01
889.0	8.89	0.18891	0.00889	0.01
889.1	8.891	0.18892	0.00889	0.01
889.2	8.892	0.18893	0.00889	0.01
889.3	8.893	0.18894	0.00889	0.01
889.4	8.894	0.18895	0.00889	0.01
889.5	8.895	0.18896	0.0089	0.01
889.6	8.896	0.18897	0.0089	0.01
889.7	8.897	0.18898	0.0089	0.01
889.8	8.898	0.18899	0.0089	0.01
889.9	8.899	0.189	0.0089	0.01
890.0	8.9	0.18901	0.0089	0.01
890.1	8.901	0.18902	0.0089	0.01
890.2	8.902	0.18903	0.0089	0.01
890.3	8.903	0.18904	0.0089	0.01
890.4	8.904	0.18905	0.0089	0.01
890.5	8.905	0.18906	0.00891	0.01
890.6	8.906	0.18907	0.00891	0.01
890.7	8.907	0.18908	0.00891	0.01
890.8	8.908	0.18909	0.00891	0.01
890.9	8.909	0.1891	0.00891	0.01
891.0	8.91	0.18911	0.00891	0.01
891.1	8.911	0.18912	0.00891	0.01
891.2	8.912	0.18913	0.00891	0.01
891.3	8.913	0.18914	0.00891	0.01
891.4	8.914	0.18915	0.00891	0.01
891.5	8.915	0.18916	0.00892	0.01
891.6	8.916	0.18917	0.00892	0.01
891.7	8.917	0.18918	0.00892	0.01
891.8	8.918	0.18919	0.00892	0.01
891.9	8.919	0.1892	0.00892	0.01
892.0	8.92	0.18921	0.00892	0.01
892.1	8.921	0.18922	0.00892	0.01
892.2	8.922	0.18923	0.00892	0.01
892.3	8.923	0.18924	0.00892	0.01
892.4	8.924	0.18925	0.00892	0.01
892.5	8.925	0.18926	0.00893	0.01
892.6	8.926	0.18927	0.00893	0.01
892.7	8.927	0.18928	0.00893	0.01
892.8	8.928	0.18929	0.00893	0.01
892.9	8.929	0.1893	0.00893	0.01
893.0	8.93	0.18931	0.00893	0.01
893.1	8.931	0.18932	0.00893	0.01
893.2	8.932	0.18933	0.00893	0.01
893.3	8.933	0.18934	0.00893	0.01
893.4	8.934	0.18935	0.00893	0.01
893.5	8.935	0.18936	0.00894	0.01
893.6	8.936	0.18937	0.00894	0.01
893.7	8.937	0.18938	0.00894	0.01
893.8	8.938	0.18939	0.00894	0.01
893.9	8.939	0.1894	0.00894	0.01
894.0	8.94	0.18941	0.00894	0.01
894.1	8.941	0.18942	0.00894	0.01
894.2	8.942	0.18943	0.00894	0.01
894.3	8.943	0.18944	0.00894	0.01
894.4	8.944	0.18945	0.00894	0.01
894.5	8.945	0.18946	0.00895	0.01
894.6	8.946	0.18947	0.00895	0.01
894.7	8.947	0.18948	0.00895	0.01
894.8	8.948	0.18949	0.00895	0.01
894.9	8.949	0.1895	0.00895	0.01
895.0	8.95	0.18951	0.00895	0.01
895.1	8.951	0.18952	0.00895	0.01
895.2	8.952	0.18953	0.00895	0.01
895.3	8.953	0.18954	0.00895	0.01
895.4	8.954	0.18955	0.00895	0.01
895.5	8.955	0.18956	0.00896	0.01
895.6	8.956	0.18957	0.00896	0.01
895.7	8.957	0.18958	0.00896	0.01
895.8	8.958	0.18959	0.00896	0.01
895.9	8.959	0.1896	0.00896	0.01
896.0	8.96	0.18961	0.00896	0.01
896.1	8.961	0.18962	0.00896	0.01
896.2	8.962	0.18963	0.00896	0.01
896.3	8.963	0.18964	0.00896	0.01
896.4	8.964	0.18965	0.00896	0.01
896.5	8.965	0.18966	0.00897	0.01
896.6	8.966	0.18967	0.00897	0.01
896.7	8.967	0.18968	0.00897	0.01
896.8	8.968	0.18969	0.00897	0.01
896.9	8.969	0.1897	0.00897	0.01
897.0	8.97	0.18971	0.00897	0.01
897.1	8.971	0.18972	0.00897	0.01
897.2	8.972	0.18973	0.00897	0.01
897.3	8.973	0.18974	0.00897	0.01
897.4	8.974	0.18975	0.00897	0.01
897.5	8.975	0.18976	0.00898	0.01
897.6	8.976	0.18977	0.00898	0.01
897.7	8.977	0.18978	0.00898	0.01
897.8	8.978	0.18979	0.00898	0.01
897.9	8.979	0.1898	0.00898	0.01
898.0	8.98	0.18981	0.00898	0.01
898.1	8.981	0.18982	0.00898	0.01
898.2	8.982	0.18983	0.00898	0.01
898.3	8.983	0.18984	0.00898	0.01
898.4	8.984	0.18985	0.00898	0.01
898.5	8.985	0.18986	0.00899	0.01
898.6	8.986	0.18987	0.00899	0.01
898.7	8.987	0.18988	0.00899	0.01
898.8	8.988	0.18989	0.00899	0.01
898.9	8.989	0.1899	0.00899	0.01
899.0	8.99	0.18991	0.00899	0.01
899.1	8.991	0.18992	0.00899	0.01
899.2	8.992	0.18993	0.00899	0.01
899.3	8.993	0.18994	0.00899	0.01
899.4	8.994	0.18995	0.00899	0.01
899.5	8.995	0.18996	0.009	0.01
899.6	8.996	0.18997	0.009	0.01
899.7	8.997	0.18998	0.009	0.01
899.8	8.998	0.18999	0.009	0.01
899.9	8.999	0.19	0.009	0.01
900.0	9.0	0.19001	0.009	0.01
900.1	9.001	0.19002	0.009	0.01
900.2	9.002	0.19003	0.009	0.01
900.3	9.003	0.19004	0.009	0.01
900.4	9.004	0.19005	0.009	0.01
900.5	9.005	0.19006	0.00901	0.01
900.6	9.006	0.19007	0.00901	0.01
900.7	9.007	0.19008	0.00901	0.01
900.8	9.008	0.19009	0.00901	0.01
900.9	9.009	0.1901	0.00901	0.01
901.0	9.01	0.19011	0.00901	0.01
901.1	9.011	0.19012	0.00901	0.01
901.2	9.012	0.19013	0.00901	0.01
901.3	9.013	0.19014	0.00901	0.01
901.4	9.014	0.19015	0.00901	0.01
901.5	9.015	0.19016	0.00902	0.01
901.6	9.016	0.19017	0.00902	0.01
901.7	9.017	0.19018	0.00902	0.01
901.8	9.018	0.19019	0.00902	0.01
901.9	9.019	0.1902	0.00902	0.01
902.0	9.02	0.19021	0.00902	0.01
902.1	9.021	0.19022	0.00902	0.01
902.2	9.022	0.19023	0.00902	0.01
902.3	9.023	0.19024	0.00902	0.01
902.4	9.024	0.19025	0.00902	0.01
902.5	9.025	0.19026	0.00903	0.01
902.6	9.026	0.19027	0.00903	0.01
902.7	9.027	0.19028	0.00903	0.01
902.8	9.028	0.19029	0.00903	0.01
902.9	9.029	0.1903	0.00903	0.01
903.0	9.03	0.19031	0.00903	0.01
903.1	9.031	0.19032	0.00903	0.01
903.2	9.032	0.19033	0.00903	0.01
903.3	9.033	0.19034	0.00903	0.01
903.4	9.034	0.19035	0.00903	0.01
903.5	9.035	0.19036	0.00904	0.01
903.6	9.036	0.19037	0.00904	0.01
903.7	9.037	0.19038	0.00904	0.01
903.8	9.038	0.19039	0.00904	0.01
903.9	9.039	0.1904	0.00904	0.01
904.0	9.04	0.19041	0.00904	0.01
904.1	9.041	0.19042	0.00904	0.01
904.2	9.042	0.19043	0.00904	0.01
904.3	9.043	0.19044	0.00904	0.01
904.4	9.044	0.19045	0.00904	0.01
904.5	9.045	0.19046	0.00905	0.01
904.6	9.046	0.19047	0.00905	0.01
904.7	9.047	0.19048	0.00905	0.01
904.8	9.048	0.19049	0.00905	0.01
904.9	9.049	0.1905	0.00905	0.01
905.0	9.05	0.19051	0.00905	0.01
905.1	9.051	0.19052	0.00905	0.01
905.2	9.052	0.19053	0.00905	0.01
905.3	9.053	0.19054	0.00905	0.01
905.4	9.054	0.19055	0.00905	0.01
905.5	9.055	0.19056	0.00906	0.01
905.6	9.056	0.19057	0.00906	0.01
905.7	9.057	0.19058	0.00906	0.01
905.8	9.058	0.19059	0.00906	0.01
905.9	9.059	0.1906	0.00906	0.01
906.0	9.06	0.19061	0.00906	0.01
906.1	9.061	0.19062	0.00906	0.01
906.2	9.062	0.19063	0.00906	0.01
906.3	9.063	0.19064	0.00906	0.01
906.4	9.064	0.19065	0.00906	0.01
906.5	9.065	0.19066	0.00907	0.01
906.6	9.066	0.19067	0.00907	0.01
906.7	9.067	0.19068	0.00907	0.01
906.8	9.068	0.19069	0.00907	0.01
906.9	9.069	0.1907	0.00907	0.01
907.0	9.07	0.19071	0.00907	0.01
907.1	9.071	0.19072	0.00907	0.01
907.2	9.072	0.19073	0.00907	0.01
907.3	9.073	0.19074	0.00907	0.01
907.4	9.074	0.19075	0.00907	0.01
907.5	9.075	0.19076	0.00908	0.01
907.6	9.076	0.19077	0.00908	0.01
907.7	9.077	0.19078	0.00908	0.01
907.8	9.078	0.19079	0.00908	0.01
907.9	9.079	0.1908	0.00908	0.01
908.0	9.08	0.19081	0.00908	0.01
908.1	9.081	0.19082	0.00908	0.01
908.2	9.082	0.19083	0.00908	0.01
908.3	9.083	0.19084	0.00908	0.01
908.4	9.084	0.19085	0.00908	0.01
908.5	9.085	0.19086	0.00909	0.01
908.6	9.086	0.19087	0.00909	0.01
908.7	9.087	0.19088	0.00909	0.01
908.8	9.088	0.19089	0.00909	0.01
908.9	9.089	0.1909	0.00909	0.01
909.0	9.09	0.19091	0.00909	0.01
909.1	9.091	0.19092	0.00909	0.01
909.2	9.092	0.19093	0.00909	0.01
909.3	9.093	0.19094	0.00909	0.01
909.4	9.094	0.19095	0.00909	0.01
909.5	9.095	0.19096	0.0091	0.01
909.6	9.096	0.19097	0.0091	0.01
909.7	9.097	0.19098	0.0091	0.01
909.8	9.098	0.19099	0.0091	0.01
909.9	9.099	0.191	0.0091	0.01
910.0	9.1	0.19101	0.0091	0.01
910.1	9.101	0.19102	0.0091	0.01
910.2	9.102	0.19103	0.0091	0.01
910.3	9.103	0.19104	0.0091	0.01
910.4	9.104	0.19105	0.0091	0.01
910.5	9.105	0.19106	0.00911	0.01
910.6	9.106	0.19107	0.00911	0.01
910.7	9.107	0.19108	0.00911	0.01
910.8	9.108	0.19109	0.00911	0.01
910.9	9.109	0.1911	0.00911	0.01
911.0	9.11	0.19111	0.00911	0.01
911.1	9.111	0.19112	0.00911	0.01
911.2	9.112	0.19113	0.00911	0.01
911.3	9.113	0.19114	0.00911	0.01
911.4	9.114	0.19115	0.00911	0.01
911.5	9.115	0.19116	0.00912	0.01
911.6	9.116	0.19117	0.00912	0.01
911.7	9.117	0.19118	0.00912	0.01
911.8	9.118	0.19119	0.00912	0.01
911.9	9.119	0.1912	0.00912	0.01
912.0	9.12	0.19121	0.00912	0.01
912.1	9.121	0.19122	0.00912	0.01
912.2	9.122	0.19123	0.00912	0.01
912.3	9.123	0.19124	0.00912	0.01
912.4	9.124	0.19125	0.00912	0.01
912.5	9.125	0.19126	0.00913	0.01
912.6	9.126	0.19127	0.00913	0.01
912.7	9.127	0.19128	0.00913	0.01
912.8	9.128	0.19129	0.00913	0.01
912.9	9.129	0.1913	0.00913	0.01
913.0	9.13	0.19131	0.00913	0.01
913.1	9.131	0.19132	0.00913	0.01
913.2	9.132	0.19133	0.00913	0.01
913.3	9.133	0.19134	0.00913	0.01
913.4	9.134	0.19135	0.00913	0.01
913.5	9.135	0.19136	0.00914	0.01
913.6	9.136	0.19137	0.00914	0.01
913.7	9.137	0.19138	0.00914	0.01
913.8	9.138	0.19139	0.00914	0.01
913.9	9.139	0.1914	0.00914	0.01
914.0	9.14	0.19141	0.00914	0.01
914.1	9.141	0.19142	0.00914	0.01
914.2	9.142	0.19143	0.00914	0.01
914.3	9.143	0.19144	0.00914	0.01
914.4	9.144	0.19145	0.00914	0.01
914.5	9.145	0.19146	0.00915	0.01
914.6	9.146	0.19147	0.00915	0.01
914.7	9.147	0.19148	0.00915	0.01
914.8	9.148	0.19149	0.00915	0.01
914.9	9.149	0.1915	0.00915	0.01
915.0	9.15	0.19151	0.00915	0.01
915.1	9.151	0.19152	0.00915	0.01
915.2	9.152	0.19153	0.00915	0.01
915.3	9.153	0.19154	0.00915	0.01
915.4	9.154	0.19155	0.00915	0.01
915.5	9.155	0.19156	0.00916	0.01
915.6	9.156	0.19157	0.00916	0.01
915.7	9.157	0.19158	0.00916	0.01
915.8	9.158	0.19159	0.00916	0.01
915.9	9.159	0.1916	0.00916	0.01
916.0	9.16	0.19161	0.00916	0.01
916.1	9.161	0.19162	0.00916	0.01
916.2	9.162	0.19163	0.00916	0.01
916.3	9.163	0.19164	0.00916	0.01
916.4	9.164	0.19165	0.00916	0.01
916.5	9.165	0.19166	0.00917	0.01
916.6	9.166	0.19167	0.00917	0.01
916.7	9.167	0.19168	0.00917	0.01
916.8	9.168	0.19169	0.00917	0.01
916.9	9.169	0.1917	0.00917	0.01
917.0	9.17	0.19171	0.00917	0.01
917.1	9.171	0.19172	0.00917	0.01
917.2	9.172	0.19173	0.00917	0.01
917.3	9.173	0.19174	0.00917	0.01
917.4	9.174	0.19175	0.00917	0.01
917.5	9.175	0.19176	0.00918	0.01
917.6	9.176	0.19177	0.00918	0.01
917.7	9.177	0.19178	0.00918	0.01
917.8	9.178	0.19179	0.00918	0.01
917.9	9.179	0.1918	0.00918	0.01
918.0	9.18	0.19181	0.00918	0.01
918.1	9.181	0.19182	0.00918	0.01
918.2	9.182	0.19183	0.00918	0.01
918.3	9.183	0.19184	0.00918	0.01
918.4	9.184	0.19185	0.00918	0.01
918.5	9.185	0.19186	0.00919	0.01
918.6	9.186	0.19187	0.00919	0.01
918.7	9.187	0.19188	0.00919	0.01
918.8	9.188	0.19189	0.00919	0.01
918.9	9.189	0.1919	0.00919	0.01
919.0	9.19	0.19191	0.00919	0.01
919.1	9.191	0.19192	0.00919	0.01
919.2	9.192	0.19193	0.00919	0.01
919.3	9.193	0.19194	0.00919	0.01
919.4	9.194	0.19195	0.00919	0.01
919.5	9.195	0.19196	0.0092	0.01
919.6	9.196	0.19197	0.0092	0.01
919.7	9.197	0.19198	0.0092	0.01
919.8	9.198	0.19199	0.0092	0.01
919.9	9.199	0.192	0.0092	0.01
920.0	9.2	0.19201	0.0092	0.01
920.1	9.201	0.19202	0.0092	0.01
920.2	9.202	0.19203	0.0092	0.01
920.3	9.203	0.19204	0.0092	0.01
920.4	9.204	0.19205	0.0092	0.01
920.5	9.205	0.19206	0.00921	0.01
920.6	9.206	0.19207	0.00921	0.01
920.7	9.207	0.19208	0.00921	0.01
920.8	9.208	0.19209	0.00921	0.01
920.9	9.209	0.1921	0.00921	0.01
921.0	9.21	0.19211	0.00921	0.01
921.1	9.211	0.19212	0.00921	0.01
921.2	9.212	0.19213	0.00921	0.01
921.3	9.213	0.19214	0.00921	0.01
921.4	9.214	0.19215	0.00921	0.01
921.5	9.215	0.19216	0.00922	0.01
921.6	9.216	0.19217	0.00922	0.01
921.7	9.217	0.19218	0.00922	0.01
921.8	9.218	0.19219	0.00922	0.01
921.9	9.219	0.1922	0.00922	0.01
922.0	9.22	0.19221	0.00922	0.01
922.1	9.221	0.19222	0.00922	0.01
922.2	9.222	0.19223	0.00922	0.01
922.3	9.223	0.19224	0.00922	0.01
922.4	9.224	0.19225	0.00922	0.01
922.5	9.225	0.19226	0.00923	0.01
922.6	9.226	0.19227	0.00923	0.01
922.7	9.227	0.19228	0.00923	0.01
922.8	9.228	0.19229	0.00923	0.01
922.9	9.229	0.1923	0.00923	0.01
923.0	9.23	0.19231	0.00923	0.01
923.1	9.231	0.19232	0.00923	0.01
923.2	9.232	0.19233	0.00923	0.01
923.3	9.233	0.19234	0.00923	0.01
923.4	9.234	0.19235	0.00923	0.01
923.5	9.235	0.19236	0.00924	0.01
923.6	9.236	0.19237	0.00924	0.01
923.7	9.237	0.19238	0.00924	0.01
923.8	9.238	0.19239	0.00924	0.01
923.9	9.239	0.1924	0.00924	0.01
924.0	9.24	0.19241	0.00924	0.01
924.1	9.241	0.19242	0.00924	0.01
924.2	9.242	0.19243	0.00924	0.01
924.3	9.243	0.19244	0.00924	0.01
924.4	9.244	0.19245	0.00924	0.01
924.5	9.245	0.19246	0.00925	0.01
924.6	9.246	0.19247	0.00925	0.01
924.7	9.247	0.19248	0.00925	0.01
924.8	9.248	0.19249	0.00925	0.01
924.9	9.249	0.1925	0.00925	0.01
925.0	9.25	0.19251	0.00925	0.01
925.1	9.251	0.19252	0.00925	0.01
925.2	9.252	0.19253	0.00925	0.01
925.3	9.253	0.19254	0.00925	0.01
925.4	9.254	0.19255	0.00925	0.01
925.5	9.255	0.19256	0.00926	0.01
925.6	9.256	0.19257	0.00926	0.01
925.7	9.257	0.19258	0.00926	0.01
925.8	9.258	0.19259	0.00926	0.01
925.9	9.259	0.1926	0.00926	0.01
926.0	9.26	0.19261	0.00926	0.01
926.1	9.261	0.19262	0.00926	0.01
926.2	9.262	0.19263	0.00926	0.01
926.3	9.263	0.19264	0.00926	0.01
926.4	9.264	0.19265	0.00926	0.01
926.5	9.265	0.19266	0.00927	0.01
926.6	9.266	0.19267	0.00927	0.01
926.7	9.267	0.19268	0.00927	0.01
926.8	9.268	0.19269	0.00927	0.01
926.9	9.269	0.1927	0.00927	0.01
927.0	9.27	0.19271	0.00927	0.01
927.1	9.271	0.19272	0.00927	0.01
927.2	9.272	0.19273	0.00927	0.01
927.3	9.273	0.19274	0.00927	0.01
927.4	9.274	0.19275	0.00927	0.01
927.5	9.275	0.19276	0.00928	0.01
927.6	9.276	0.19277	0.00928	0.01
927.7	9.277	0.19278	0.00928	0.01
927.8	9.278	0.19279	0.00928	0.01
927.9	9.279	0.1928	0.00928	0.01
928.0	9.28	0.19281	0.00928	0.01
928.1	9.281	0.19282	0.00928	0.01
928.2	9.282	0.19283	0.00928	0.01
928.3	9.283	0.19284	0.00928	0.01
928.4	9.284	0.19285	0.00928	0.01
928.5	9.285	0.19286	0.00929	0.01
928.6	9.286	0.19287	0.00929	0.01
928.7	9.287	0.19288	0.00929	0.01
928.8	9.288	0.19289	0.00929	0.01
928.9	9.289	0.1929	0.00929	0.01
929.0	9.29	0.19291	0.00929	0.01
929.1	9.291	0.19292	0.00929	0.01
929.2	9.292	0.19293	0.00929	0.01
929.3	9.293	0.19294	0.00929	0.01
929.4	9.294	0.19295	0.00929	0.01
929.5	9.295	0.19296	0.0093	0.01
929.6	9.296	0.19297	0.0093	0.01
929.7	9.297	0.19298	0.0093	0.01
929.8	9.298	0.19299	0.0093	0.01
929.9	9.299	0.193	0.0093	0.01
930.0	9.3	0.19301	0.0093	0.01
930.1	9.301	0.19302	0.0093	0.01
930.2	9.302	0.19303	0.0093	0.01
930.3	9.303	0.19304	0.0093	0.01
930.4	9.304	0.19305	0.0093	0.01
930.5	9.305	0.19306	0.00931	0.01
930.6	9.306	0.19307	0.00931	0.01
930.7	9.307	0.19308	0.00931	0.01
930.8	9.308	0.19309	0.00931	0.01
930.9	9.309	0.1931	0.00931	0.01
931.0	9.31	0.19311	0.00931	0.01
931.1	9.311	0.19312	0.00931	0.01
931.2	9.312	0.19313	0.00931	0.01
931.3	9.313	0.19314	0.00931	0.01
931.4	9.314	0.19315	0.00931	0.01
931.5	9.315	0.19316	0.00932	0.01
931.6	9.316	0.19317	0.00932	0.01
931.7	9.317	0.19318	0.00932	0.01
931.8	9.318	0.19319	0.00932	0.01
931.9	9.319	0.1932	0.00932	0.01
932.0	9.32	0.19321	0.00932	0.01
932.1	9.321	0.19322	0.00932	0.01
932.2	9.322	0.19323	0.00932	0.01
932.3	9.323	0.19324	0.00932	0.01
932.4	9.324	0.19325	0.00932	0.01
932.5	9.325	0.19326	0.00933	0.01
932.6	9.326	0.19327	0.00933	0.01
932.7	9.327	0.19328	0.00933	0.01
932.8	9.328	0.19329	0.00933	0.01
932.9	9.329	0.1933	0.00933	0.01
933.0	9.33	0.19331	0.00933	0.01
933.1	9.331	0.19332	0.00933	0.01
933.2	9.332	0.19333	0.00933	0.01
933.3	9.333	0.19334	0.00933	0.01
933.4	9.334	0.19335	0.00933	0.01
933.5	9.335	0.19336	0.00934	0.01
933.6	9.336	0.19337	0.00934	0.01
933.7	9.337	0.19338	0.00934	0.01
933.8	9.338	0.19339	0.00934	0.01
933.9	9.339	0.1934	0.00934	0.01
934.0	9.34	0.19341	0.00934	0.01
934.1	9.341	0.19342	0.00934	0.01
934.2	9.342	0.19343	0.00934	0.01
934.3	9.343	0.19344	0.00934	0.01
934.4	9.344	0.19345	0.00934	0.01
934.5	9.345	0.19346	0.00935	0.01
934.6	9.346	0.19347	0.00935	0.01
934.7	9.347	0.19348	0.00935	0.01
934.8	9.348	0.19349	0.00935	0.01
934.9	9.349	0.1935	0.00935	0.01
935.0	9.35	0.19351	0.00935	0.01
935.1	9.351	0.19352	0.00935	0.01
935.2	9.352	0.19353	0.00935	0.01
935.3	9.353	0.19354	0.00935	0.01
935.4	9.354	0.19355	0.00935	0.01
935.5	9.355	0.19356	0.00936	0.01
935.6	9.356	0.19357	0.00936	0.01
935.7	9.357	0.19358	0.00936	0.01
935.8	9.358	0.19359	0.00936	0.01
935.9	9.359	0.1936	0.00936	0.01
936.0	9.36	0.19361	0.00936	0.01
936.1	9.361	0.19362	0.00936	0.01
936.2	9.362	0.19363	0.00936	0.01
936.3	9.363	0.19364	0.00936	0.01
936.4	9.364	0.19365	0.00936	0.01
936.5	9.365	0.19366	0.00937	0.01
936.6	9.366	0.19367	0.00937	0.01
936.7	9.367	0.19368	0.00937	0.01
936.8	9.368	0.19369	0.00937	0.01
936.9	9.369	0.1937	0.00937	0.01
937.0	9.37	0.19371	0.00937	0.01
937.1	9.371	0.19372	0.00937	0.01
937.2	9.372	0.19373	0.00937	0.01
937.3	9.373	0.19374	0.00937	0.01
937.4	9.374	0.19375	0.00937	0.01
937.5	9.375	0.19376	0.00938	0.01
937.6	9.376	0.19377	0.00938	0.01
937.7	9.377	0.19378	0.00938	0.01
937.8	9.378	0.19379	0.00938	0.01
937.9	9.379	0.1938	0.00938	0.01
938.0	9.38	0.19381	0.00938	0.01
938.1	9.381	0.19382	0.00938	0.01
938.2	9.382	0.19383	0.00938	0.01
938.3	9.383	0.19384	0.00938	0.01
938.4	9.384	0.19385	0.00938	0.01
938.5	9.385	0.19386	0.00939	0.01
938.6	9.386	0.19387	0.00939	0.01
938.7	9.387	0.19388	0.00939	0.01
938.8	9.388	0.19389	0.00939	0.01
938.9	9.389	0.1939	0.00939	0.01
939.0	9.39	0.19391	0.00939	0.01
939.1	9.391	0.19392	0.00939	0.01
939.2	9.392	0.19393	0.00939	0.01
939.3	9.393	0.19394	0.00939	0.01
939.4	9.394	0.19395	0.00939	0.01
939.5	9.395	0.19396	0.0094	0.01
939.6	9.396	0.19397	0.0094	0.01
939.7	9.397	0.19398	0.0094	0.01
939.8	9.398	0.19399	0.0094	0.01
939.9	9.399	0.194	0.0094	0.01
940.0	9.4	0.19401	0.0094	0.01
940.1	9.401	0.19402	0.0094	0.01
940.2	9.402	0.19403	0.0094	0.01
940.3	9.403	0.19404	0.0094	0.01
940.4	9.404	0.19405	0.0094	0.01
940.5	9.405	0.19406	0.00941	0.01
940.6	9.406	0.19407	0.00941	0.01
940.7	9.407	0.19408	0.00941	0.01
940.8	9.408	0.19409	0.00941	0.01
940.9	9.409	0.1941	0.00941	0.01
941.0	9.41	0.19411	0.00941	0.01
941.1	9.411	0.19412	0.00941	0.01
941.2	9.412	0.19413	0.00941	0.01
941.3	9.413	0.19414	0.00941	0.01
941.4	9.414	0.19415	0.00941	0.01
941.5	9.415	0.19416	0.00942	0.01
941.6	9.416	0.19417	0.00942	0.01
941.7	9.417	0.19418	0.00942	0.01
941.8	9.418	0.19419	0.00942	0.01
941.9	9.419	0.1942	0.00942	0.01
942.0	9.42	0.19421	0.00942	0.01
942.1	9.421	0.19422	0.00942	0.01
942.2	9.422	0.19423	0.00942	0.01
942.3	9.423	0.19424	0.00942	0.01
942.4	9.424	0.19425	0.00942	0.01
942.5	9.425	0.19426	0.00943	0.01
942.6	9.426	0.19427	0.00943	0.01
942.7	9.427	0.19428	0.00943	0.01
942.8	9.428	0.19429	0.00943	0.01
942.9	9.429	0.1943	0.00943	0.01
943.0	9.43	0.19431	0.00943	0.01
943.1	9.431	0.19432	0.00943	0.01
943.2	9.432	0.19433	0.00943	0.01
943.3	9.433	0.19434	0.00943	0.01
943.4	9.434	0.19435	0.00943	0.01
943.5	9.435	0.19436	0.00944	0.01
943.6	9.436	0.19437	0.00944	0.01
943.7	9.437	0.19438	0.00944	0.01
943.8	9.438	0.19439	0.00944	0.01
943.9	9.439	0.1944	0.00944	0.01
944.0	9.44	0.19441	0.00944	0.01
944.1	9.441	0.19442	0.00944	0.01
944.2	9.442	0.19443	0.00944	0.01
944.3	9.443	0.19444	0.00944	0.01
944.4	9.444	0.19445	0.00944	0.01
944.5	9.445	0.19446	0.00945	0.01
944.6	9.446	0.19447	0.00945	0.01
944.7	9.447	0.19448	0.00945	0.01
944.8	9.448	0.19449	0.00945	0.01
944.9	9.449	0.1945	0.00945	0.01
945.0	9.45	0.19451	0.00945	0.01
945.1	9.451	0.19452	0.00945	0.01
945.2	9.452	0.19453	0.00945	0.01
945.3	9.453	0.19454	0.00945	0.01
945.4	9.454	0.19455	0.00945	0.01
945.5	9.455	0.19456	0.00946	0.01
945.6	9.456	0.19457	0.00946	0.01
945.7	9.457	0.19458	0.00946	0.01
945.8	9.458	0.19459	0.00946	0.01
945.9	9.459	0.1946	0.00946	0.01
946.0	9.46	0.19461	0.00946	0.01
946.1	9.461	0.19462	0.00946	0.01
946.2	9.462	0.19463	0.00946	0.01
946.3	9.463	0.19464	0.00946	0.01
946.4	9.464	0.19465	0.00946	0.01
946.5	9.465	0.19466	0.00947	0.01
946.6	9.466	0.19467	0.00947	0.01
946.7	9.467	0.19468	0.00947	0.01
946.8	9.468	0.19469	0.00947	0.01
946.9	9.469	0.1947	0.00947	0.01
947.0	9.47	0.19471	0.00947	0.01
947.1	9.471	0.19472	0.00947	0.01
947.2	9.472	0.19473	0.00947	0.01
947.3	9.473	0.19474	0.00947	0.01
947.4	9.474	0.19475	0.00947	0.01
947.5	9.475	0.19476	0.00948	0.01
947.6	9.476	0.19477	0.00948	0.01
947.7	9.477	0.19478	0.00948	0.01
947.8	9.478	0.19479	0.00948	0.01
947.9	9.479	0.1948	0.00948	0.01
948.0	9.48	0.19481	0.00948	0.01
948.1	9.481	0.19482	0.00948	0.01
948.2	9.482	0.19483	0.00948	0.01
948.3	9.483	0.19484	0.00948	0.01
948.4	9.484	0.19485	0.00948	0.01
948.5	9.485	0.19486	0.00949	0.01
948.6	9.486	0.19487	0.00949	0.01
948.7	9.487	0.19488	0.00949	0.01
948.8	9.488	0.19489	0.00949	0.01
948.9	9.489	0.1949	0.00949	0.01
949.0	9.49	0.19491	0.00949	0.01
949.1	9.491	0.19492	0.00949	0.01
949.2	9.492	0.19493	0.00949	0.01
949.3	9.493	0.19494	0.00949	0.01
949.4	9.494	0.19495	0.00949	0.01
949.5	9.495	0.19496	0.0095	0.01
949.6	9.496	0.19497	0.0095	0.01
949.7	9.497	0.19498	0.0095	0.01
949.8	9.498	0.19499	0.0095	0.01
949.9	9.499	0.195	0.0095	0.01
950.0	9.5	0.19501	0.0095	0.01
950.1	9.501	0.19502	0.0095	0.01
950.2	9.502	0.19503	0.0095	0.01
950.3	9.503	0.19504	0.0095	0.01
950.4	9.504	0.19505	0.0095	0.01
950.5	9.505	0.19506	0.00951	0.01
950.6	9.506	0.19507	0.00951	0.01
950.7	9.507	0.19508	0.00951	0.01
950.8	9.508	0.19509	0.00951	0.01
950.9	9.509	0.1951	0.00951	0.01
951.0	9.51	0.19511	0.00951	0.01
951.1	9.511	0.19512	0.00951	0.01
951.2	9.512	0.19513	0.00951	0.01
951.3	9.513	0.19514	0.00951	0.01
951.4	9.514	0.19515	0.00951	0.01
951.5	9.515	0.19516	0.00952	0.01
951.6	9.516	0.19517	0.00952	0.01
951.7	9.517	0.19518	0.00952	0.01
951.8	9.518	0.19519	0.00952	0.01
951.9	9.519	0.1952	0.00952	0.01
952.0	9.52	0.19521	0.00952	0.01
952.1	9.521	0.19522	0.00952	0.01
952.2	9.522	0.19523	0.00952	0.01
952.3	9.523	0.19524	0.00952	0.01
952.4	9.524	0.19525	0.00952	0.01
952.5	9.525	0.19526	0.00953	0.01
952.6	9.526	0.19527	0.00953	0.01
952.7	9.527	0.19528	0.00953	0.01
952.8	9.528	0.19529	0.00953	0.01
952.9	9.529	0.1953	0.00953	0.01
953.0	9.53	0.19531	0.00953	0.01
953.1	9.531	0.19532	0.00953	0.01
953.2	9.532	0.19533	0.00953	0.01
953.3	9.533	0.19534	0.00953	0.01
953.4	9.534	0.19535	0.00953	0.01
953.5	9.535	0.19536	0.00954	0.01
953.6	9.536	0.19537	0.00954	0.01
953.7	9.537	0.19538	0.00954	0.01
953.8	9.538	0.19539	0.00954	0.01
953.9	9.539	0.1954	0.00954	0.01
954.0	9.54	0.19541	0.00954	0.01
954.1	9.541	0.19542	0.00954	0.01
954.2	9.542	0.19543	0.00954	0.01
954.3	9.543	0.19544	0.00954	0.01
954.4	9.544	0.19545	0.00954	0.01
954.5	9.545	0.19546	0.00955	0.01
954.6	9.546	0.19547	0.00955	0.01
954.7	9.547	0.19548	0.00955	0.01
954.8	9.548	0.19549	0.00955	0.01
954.9	9.549	0.1955	0.00955	0.01
955.0	9.55	0.19551	0.00955	0.01
955.1	9.551	0.19552	0.00955	0.01
955.2	9.552	0.19553	0.00955	0.01
955.3	9.553	0.19554	0.00955	0.01
955.4	9.554	0.19555	0.00955	0.01
955.5	9.555	0.19556	0.00956	0.01
955.6	9.556	0.19557	0.00956	0.01
955.7	9.557	0.19558	0.00956	0.01
955.8	9.558	0.19559	0.00956	0.01
955.9	9.559	0.1956	0.00956	0.01
956.0	9.56	0.19561	0.00956	0.01
956.1	9.561	0.19562	0.00956	0.01
956.2	9.562	0.19563	0.00956	0.01
956.3	9.563	0.19564	0.00956	0.01
956.4	9.564	0.19565	0.00956	0.01
956.5	9.565	0.19566	0.00957	0.01
956.6	9.566	0.19567	0.00957	0.01
956.7	9.567	0.19568	0.00957	0.01
956.8	9.568	0.19569	0.00957	0.01
956.9	9.569	0.1957	0.00957	0.01
957.0	9.57	0.19571	0.00957	0.01
957.1	9.571	0.19572	0.00957	0.01
957.2	9.572	0.19573	0.00957	0.01
957.3	9.573	0.19574	0.00957	0.01
957.4	9.574	0.19575	0.00957	0.01
957.5	9.575	0.19576	0.00958	0.01
957.6	9.576	0.19577	0.00958	0.01
957.7	9.577	0.19578	0.00958	0.01
957.8	9.578	0.19579	0.00958	0.01
957.9	9.579	0.1958	0.00958	0.01
958.0	9.58	0.19581	0.00958	0.01
958.1	9.581	0.19582	0.00958	0.01
958.2	9.582	0.19583	0.00958	0.01
958.3	9.583	0.19584	0.00958	0.01
958.4	9.584	0.19585	0.00958	0.01
958.5	9.585	0.19586	0.00959	0.01
958.6	9.586	0.19587	0.00959	0.01
958.7	9.587	0.19588	0.00959	0.01
958.8	9.588	0.19589	0.00959	0.01
958.9	9.589	0.1959	0.00959	0.01
959.0	9.59	0.19591	0.00959	0.01
959.1	9.591	0.19592	0.00959	0.01
959.2	9.592	0.19593	0.00959	0.01
959.3	9.593	0.19594	0.00959	0.01
959.4	9.594	0.19595	0.00959	0.01
959.5	9.595	0.19596	0.0096	0.01
959.6	9.596	0.19597	0.0096	0.01
959.7	9.597	0.19598	0.0096	0.01
959.8	9.598	0.19599	0.0096	0.01
959.9	9.599	0.196	0.0096	0.01
960.0	9.6	0.19601	0.0096	0.01
960.1	9.601	0.19602	0.0096	0.01
960.2	9.602	0.19603	0.0096	0.01
960.3	9.603	0.19604	0.0096	0.01
960.4	9.604	0.19605	0.0096	0.01
960.5	9.605	0.19606	0.00961	0.01
960.6	9.606	0.19607	0.00961	0.01
960.7	9.607	0.19608	0.00961	0.01
960.8	9.608	0.19609	0.00961	0.01
960.9	9.609	0.1961	0.00961	0.01
961.0	9.61	0.19611	0.00961	0.01
961.1	9.611	0.19612	0.00961	0.01
961.2	9.612	0.19613	0.00961	0.01
961.3	9.613	0.19614	0.00961	0.01
961.4	9.614	0.19615	0.00961	0.01
961.5	9.615	0.19616	0.00962	0.01
961.6	9.616	0.19617	0.00962	0.01
961.7	9.617	0.19618	0.00962	0.01
961.8	9.618	0.19619	0.00962	0.01
961.9	9.619	0.1962	0.00962	0.01
962.0	9.62	0.19621	0.00962	0.01
962.1	9.621	0.19622	0.00962	0.01
962.2	9.622	0.19623	0.00962	0.01
962.3	9.623	0.19624	0.00962	0.01
962.4	9.624	0.19625	0.00962	0.01
962.5	9.625	0.19626	0.00963	0.01
962.6	9.626	0.19627	0.00963	0.01
962.7	9.627	0.19628	0.00963	0.01
962.8	9.628	0.19629	0.00963	0.01
962.9	9.629	0.1963	0.00963	0.01
963.0	9.63	0.19631	0.00963	0.01
963.1	9.631	0.19632	0.00963	0.01
963.2	9.632	0.19633	0.00963	0.01
963.3	9.633	0.19634	0.00963	0.01
963.4	9.634	0.19635	0.00963	0.01
963.5	9.635	0.19636	0.00964	0.01
963.6	9.636	0.19637	0.00964	0.01
963.7	9.637	0.19638	0.00964	0.01
963.8	9.638	0.19639	0.00964	0.01
963.9	9.639	0.1964	0.00964	0.01
964.0	9.64	0.19641	0.00964	0.01
964.1	9.641	0.19642	0.00964	0.01
964.2	9.642	0.19643	0.00964	0.01
964.3	9.643	0.19644	0.00964	0.01
964.4	9.644	0.19645	0.00964	0.01
964.5	9.645	0.19646	0.00965	0.01
964.6	9.646	0.19647	0.00965	0.01
964.7	9.647	0.19648	0.00965	0.01
964.8	9.648	0.19649	0.00965	0.01
964.9	9.649	0.1965	0.00965	0.01
965.0	9.65	0.19651	0.00965	0.01
965.1	9.651	0.19652	0.00965	0.01
965.2	9.652	0.19653	0.00965	0.01
965.3	9.653	0.19654	0.00965	0.01
965.4	9.654	0.19655	0.00965	0.01
965.5	9.655	0.19656	0.00966	0.01
965.6	9.656	0.19657	0.00966	0.01
965.7	9.657	0.19658	0.00966	0.01
965.8	9.658	0.19659	0.00966	0.01
965.9	9.659	0.1966	0.00966	0.01
966.0	9.66	0.19661	0.00966	0.01
966.1	9.661	0.19662	0.00966	0.01
966.2	9.662	0.19663	0.00966	0.01
966.3	9.663	0.19664	0.00966	0.01
966.4	9.664	0.19665	0.00966	0.01
966.5	9.665	0.19666	0.00967	0.01
966.6	9.666	0.19667	0.00967	0.01
966.7	9.667	0.19668	0.00967	0.01
966.8	9.668	0.19669	0.00967	0.01
966.9	9.669	0.1967	0.00967	0.01
967.0	9.67	0.19671	0.00967	0.01
967.1	9.671	0.19672	0.00967	0.01
967.2	9.672	0.19673	0.00967	0.01
967.3	9.673	0.19674	0.00967	0.01
967.4	9.674	0.19675	0.00967	0.01
967.5	9.675	0.19676	0.00968	0.01
967.6	9.676	0.19677	0.00968	0.01
967.7	9.677	0.19678	0.00968	0.01
967.8	9.678	0.19679	0.00968	0.01
967.9	9.679	0.1968	0.00968	0.01
968.0	9.68	0.19681	0.00968	0.01
968.1	9.681	0.19682	0.00968	0.01
968.2	9.682	0.19683	0.00968	0.01
968.3	9.683	0.19684	0.00968	0.01
968.4	9.684	0.19685	0.00968	0.01
968.5	9.685	0.19686	0.00969	0.01
968.6	9.686	0.19687	0.00969	0.01
968.7	9.687	0.19688	0.00969	0.01
968.8	9.688	0.19689	0.00969	0.01
968.9	9.689	0.1969	0.00969	0.01
969.0	9.69	0.19691	0.00969	0.01
969.1	9.691	0.19692	0.00969	0.01
969.2	9.692	0.19693	0.00969	0.01
969.3	9.693	0.19694	0.00969	0.01
969.4	9.694	0.19695	0.00969	0.01
969.5	9.695	0.19696	0.0097	0.01
969.6	9.696	0.19697	0.0097	0.01
969.7	9.697	0.19698	0.0097	0.01
969.8	9.698	0.19699	0.0097	0.01
969.9	9.699	0.197	0.0097	0.01
970.0	9.7	0.19701	0.0097	0.01
970.1	9.701	0.19702	0.0097	0.01
970.2	9.702	0.19703	0.0097	0.01
970.3	9.703	0.19704	0.0097	0.01
970.4	9.704	0.19705	0.0097	0.01
970.5	9.705	0.19706	0.00971	0.01
970.6	9.706	0.19707	0.00971	0.01
970.7	9.707	0.19708	0.00971	0.01
970.8	9.708	0.19709	0.00971	0.01
970.9	9.709	0.1971	0.00971	0.01
971.0	9.71	0.19711	0.00971	0.01
971.1	9.711	0.19712	0.00971	0.01
971.2	9.712	0.19713	0.00971	0.01
971.3	9.713	0.19714	0.00971	0.01
971.4	9.714	0.19715	0.00971	0.01
971.5	9.715	0.19716	0.00972	0.01
971.6	9.716	0.19717	0.00972	0.01
971.7	9.717	0.19718	0.00972	0.01
971.8	9.718	0.19719	0.00972	0.01
971.9	9.719	0.1972	0.00972	0.01
972.0	9.72	0.19721	0.00972	0.01
972.1	9.721	0.19722	0.00972	0.01
972.2	9.722	0.19723	0.00972	0.01
972.3	9.723	0.19724	0.00972	0.01
972.4	9.724	0.19725	0.00972	0.01
972.5	9.725	0.19726	0.00973	0.01
972.6	9.726	0.19727	0.00973	0.01
972.7	9.727	0.19728	0.00973	0.01
972.8	9.728	0.19729	0.00973	0.01
972.9	9.729	0.1973	0.00973	0.01
973.0	9.73	0.19731	0.00973	0.01
973.1	9.731	0.19732	0.00973	0.01
973.2	9.732	0.19733	0.00973	0.01
973.3	9.733	0.19734	0.00973	0.01
973.4	9.734	0.19735	0.00973	0.01
973.5	9.735	0.19736	0.00974	0.01
973.6	9.736	0.19737	0.00974	0.01
973.7	9.737	0.19738	0.00974	0.01
973.8	9.738	0.19739	0.00974	0.01
973.9	9.739	0.1974	0.00974	0.01
974.0	9.74	0.19741	0.00974	0.01
974.1	9.741	0.19742	0.00974	0.01
974.2	9.742	0.19743	0.00974	0.01
974.3	9.743	0.19744	0.00974	0.01
974.4	9.744	0.19745	0.00974	0.01
974.5	9.745	0.19746	0.00975	0.01
974.6	9.746	0.19747	0.00975	0.01
974.7	9.747	0.19748	0.00975	0.01
974.8	9.748	0.19749	0.00975	0.01
974.9	9.749	0.1975	0.00975	0.01
975.0	9.75	0.19751	0.00975	0.01
975.1	9.751	0.19752	0.00975	0.01
975.2	9.752	0.19753	0.00975	0.01
975.3	9.753	0.19754	0.00975	0.01
975.4	9.754	0.19755	0.00975	0.01
975.5	9.755	0.19756	0.00976	0.01
975.6	9.756	0.19757	0.00976	0.01
975.7	9.757	0.19758	0.00976	0.01
975.8	9.758	0.19759	0.00976	0.01
975.9	9.759	0.1976	0.00976	0.01
976.0	9.76	0.19761	0.00976	0.01
976.1	9.761	0.19762	0.00976	0.01
976.2	9.762	0.19763	0.00976	0.01
976.3	9.763	0.19764	0.00976	0.01
976.4	9.764	0.19765	0.00976	0.01
976.5	9.765	0.19766	0.00977	0.01
976.6	9.766	0.19767	0.00977	0.01
976.7	9.767	0.19768	0.00977	0.01
976.8	9.768	0.19769	0.00977	0.01
976.9	9.769	0.1977	0.00977	0.01
977.0	9.77	0.19771	0.00977	0.01
977.1	9.771	0.19772	0.00977	0.01
977.2	9.772	0.19773	0.00977	0.01
977.3	9.773	0.19774	0.00977	0.01
977.4	9.774	0.19775	0.00977	0.01
977.5	9.775	0.19776	0.00978	0.01
977.6	9.776	0.19777	0.00978	0.01
977.7	9.777	0.19778	0.00978	0.01
977.8	9.778	0.19779	0.00978	0.01
977.9	9.779	0.1978	0.00978	0.01
978.0	9.78	0.19781	0.00978	0.01
978.1	9.781	0.19782	0.00978	0.01
978.2	9.782	0.19783	0.00978	0.01
978.3	9.783	0.19784	0.00978	0.01
978.4	9.784	0.19785	0.00978	0.01
978.5	9.785	0.19786	0.00979	0.01
978.6	9.786	0.19787	0.00979	0.01
978.7	9.787	0.19788	0.00979	0.01
978.8	9.788	0.19789	0.00979	0.01
978.9	9.789	0.1979	0.00979	0.01
979.0	9.79	0.19791	0.00979	0.01
979.1	9.791	0.19792	0.00979	0.01
979.2	9.792	0.19793	0.00979	0.01
979.3	9.793	0.19794	0.00979	0.01
979.4	9.794	0.19795	0.00979	0.01
979.5	9.795	0.19796	0.0098	0.01
979.6	9.796	0.19797	0.0098	0.01
979.7	9.797	0.19798	0.0098	0.01
979.8	9.798	0.19799	0.0098	0.01
979.9	9.799	0.198	0.0098	0.01
980.0	9.8	0.19801	0.0098	0.01
980.1	9.801	0.19802	0.0098	0.01
980.2	9.802	0.19803	0.0098	0.01
980.3	9.803	0.19804	0.0098	0.01
980.4	9.804	0.19805	0.0098	0.01
980.5	9.805	0.19806	0.00981	0.01
980.6	9.806	0.19807	0.00981	0.01
980.7	9.807	0.19808	0.00981	0.01
980.8	9.808	0.19809	0.00981	0.01
980.9	9.809	0.1981	0.00981	0.01
981.0	9.81	0.19811	0.00981	0.01
981.1	9.811	0.19812	0.00981	0.01
981.2	9.812	0.19813	0.00981	0.01
981.3	9.813	0.19814	0.00981	0.01
981.4	9.814	0.19815	0.00981	0.01
981.5	9.815	0.19816	0.00982	0.01
981.6	9.816	0.19817	0.00982	0.01
981.7	9.817	0.19818	0.00982	0.01
981.8	9.818	0.19819	0.00982	0.01
981.9	9.819	0.1982	0.00982	0.01
982.0	9.82	0.19821	0.00982	0.01
982.1	9.821	0.19822	0.00982	0.01
982.2	9.822	0.19823	0.00982	0.01
982.3	9.823	0.19824	0.00982	0.01
982.4	9.824	0.19825	0.00982	0.01
982.5	9.825	0.19826	0.00983	0.01
982.6	9.826	0.19827	0.00983	0.01
982.7	9.827	0.19828	0.00983	0.01
982.8	9.828	0.19829	0.00983	0.01
982.9	9.829	0.1983	0.00983	0.01
983.0	9.83	0.19831	0.00983	0.01
983.1	9.831	0.19832	0.00983	0.01
983.2	9.832	0.19833	0.00983	0.01
983.3	9.833	0.19834	0.00983	0.01
983.4	9.834	0.19835	0.00983	0.01
983.5	9.835	0.19836	0.00984	0.01
983.6	9.836	0.19837	0.00984	0.01
983.7	9.837	0.19838	0.00984	0.01
983.8	9.838	0.19839	0.00984	0.01
983.9	9.839	0.1984	0.00984	0.01
984.0	9.84	0.19841	0.00984	0.01
984.1	9.841	0.19842	0.00984	0.01
984.2	9.842	0.19843	0.00984	0.01
984.3	9.843	0.19844	0.00984	0.01
984.4	9.844	0.19845	0.00984	0.01
984.5	9.845	0.19846	0.00985	0.01
984.6	9.846	0.19847	0.00985	0.01
984.7	9.847	0.19848	0.00985	0.01
984.8	9.848	0.19849	0.00985	0.01
984.9	9.849	0.1985	0.00985	0.01
985.0	9.85	0.19851	0.00985	0.01
985.1	9.851	0.19852	0.00985	0.01
985.2	9.852	0.19853	0.00985	0.01
985.3	9.853	0.19854	0.00985	0.01
985.4	9.854	0.19855	0.00985	0.01
985.5	9.855	0.19856	0.00986	0.01
985.6	9.856	0.19857	0.00986	0.01
985.7	9.857	0.19858	0.00986	0.01
985.8	9.858	0.19859	0.00986	0.01
985.9	9.859	0.1986	0.00986	0.01
986.0	9.86	0.19861	0.00986	0.01
986.1	9.861	0.19862	0.00986	0.01
986.2	9.862	0.19863	0.00986	0.01
986.3	9.863	0.19864	0.00986	0.01
986.4	9.864	0.19865	0.00986	0.01
986.5	9.865	0.19866	0.00987	0.01
986.6	9.866	0.19867	0.00987	0.01
986.7	9.867	0.19868	0.00987	0.01
986.8	9.868	0.19869	0.00987	0.01
986.9	9.869	0.1987	0.00987	0.01
987.0	9.87	0.19871	0.00987	0.01
987.1	9.871	0.19872	0.00987	0.01
987.2	9.872	0.19873	0.00987	0.01
987.3	9.873	0.19874	0.00987	0.01
987.4	9.874	0.19875	0.00987	0.01
987.5	9.875	0.19876	0.00988	0.01
987.6	9.876	0.19877	0.00988	0.01
987.7	9.877	0.19878	0.00988	0.01
987.8	9.878	0.19879	0.00988	0.01
987.9	9.879	0.1988	0.00988	0.01
988.0	9.88	0.19881	0.00988	0.01
988.1	9.881	0.19882	0.00988	0.01
988.2	9.882	0.19883	0.00988	0.01
988.3	9.883	0.19884	0.00988	0.01
988.4	9.884	0.19885	0.00988	0.01
988.5	9.885	0.19886	0.00989	0.01
988.6	9.886	0.19887	0.00989	0.01
988.7	9.887	0.19888	0.00989	0.01
988.8	9.888	0.19889	0.00989	0.01
988.9	9.889	0.1989	0.00989	0.01
989.0	9.89	0.19891	0.00989	0.01
989.1	9.891	0.19892	0.00989	0.01
989.2	9.892	0.19893	0.00989	0.01
989.3	9.893	0.19894	0.00989	0.01
989.4	9.894	0.19895	0.00989	0.01
989.5	9.895	0.19896	0.0099	0.01
989.6	9.896	0.19897	0.0099	0.01
989.7	9.897	0.19898	0.0099	0.01
989.8	9.898	0.19899	0.0099	0.01
989.9	9.899	0.199	0.0099	0.01
990.0	9.9	0.19901	0.0099	0.01
990.1	9.901	0.19902	0.0099	0.01
990.2	9.902	0.19903	0.0099	0.01
990.3	9.903	0.19904	0.0099	0.01
990.4	9.904	0.19905	0.0099	0.01
990.5	9.905	0.19906	0.00991	0.01
990.6	9.906	0.19907	0.00991	0.01
990.7	9.907	0.19908	0.00991	0.01
990.8	9.908	0.19909	0.00991	0.01
990.9	9.909	0.1991	0.00991	0.01
991.0	9.91	0.19911	0.00991	0.01
991.1	9.911	0.19912	0.00991	0.01
991.2	9.912	0.19913	0.00991	0.01
991.3	9.913	0.19914	0.00991	0.01
991.4	9.914	0.19915	0.00991	0.01
991.5	9.915	0.19916	0.00992	0.01
991.6	9.916	0.19917	0.00992	0.01
991.7	9.917	0.19918	0.00992	0.01
991.8	9.918	0.19919	0.00992	0.01
991.9	9.919	0.1992	0.00992	0.01
992.0	9.92	0.19921	0.00992	0.01
992.1	9.921	0.19922	0.00992	0.01
992.2	9.922	0.19923	0.00992	0.01
992.3	9.923	0.19924	0.00992	0.01
992.4	9.924	0.19925	0.00992	0.01
992.5	9.925	0.19926	0.00993	0.01
992.6	9.926	0.19927	0.00993	0.01
992.7	9.927	0.19928	0.00993	0.01
992.8	9.928	0.19929	0.00993	0.01
992.9	9.929	0.1993	0.00993	0.01
993.0	9.93	0.19931	0.00993	0.01
993.1	9.931	0.19932	0.00993	0.01
993.2	9.932	0.19933	0.00993	0.01
993.3	9.933	0.19934	0.00993	0.01
993.4	9.934	0.19935	0.00993	0.01
993.5	9.935	0.19936	0.00994	0.01
993.6	9.936	0.19937	0.00994	0.01
993.7	9.937	0.19938	0.00994	0.01
993.8	9.938	0.19939	0.00994	0.01
993.9	9.939	0.1994	0.00994	0.01
994.0	9.94	0.19941	0.00994	0.01
994.1	9.941	0.19942	0.00994	0.01
994.2	9.942	0.19943	0.00994	0.01
994.3	9.943	0.19944	0.00994	0.01
994.4	9.944	0.19945	0.00994	0.01
994.5	9.945	0.19946	0.00995	0.01
994.6	9.946	0.19947	0.00995	0.01
994.7	9.947	0.19948	0.00995	0.01
994.8	9.948	0.19949	0.00995	0.01
994.9	9.949	0.1995	0.00995	0.01
995.0	9.95	0.19951	0.00995	0.01
995.1	9.951	0.19952	0.00995	0.01
995.2	9.952	0.19953	0.00995	0.01
995.3	9.953	0.19954	0.00995	0.01
995.4	9.954	0.19955	0.00995	0.01
995.5	9.955	0.19956	0.00996	0.01
995.6	9.956	0.19957	0.00996	0.01
995.7	9.957	0.19958	0.00996	0.01
995.8	9.958	0.19959	0.00996	0.01
995.9	9.959	0.1996	0.00996	0.01
996.0	9.96	0.19961	0.00996	0.01
996.1	9.961	0.19962	0.00996	0.01
996.2	9.962	0.19963	0.00996	0.01
996.3	9.963	0.19964	0.00996	0.01
996.4	9.964	0.19965	0.00996	0.01
996.5	9.965	0.19966	0.00997	0.01
996.6	9.966	0.19967	0.00997	0.01
996.7	9.967	0.19968	0.00997	0.01
996.8	9.968	0.19969	0.00997	0.01
996.9	9.969	0.1997	0.00997	0.01
997.0	9.97	0.19971	0.00997	0.01
997.1	9.971	0.19972	0.00997	0.01
997.2	9.972	0.19973	0.00997	0.01
997.3	9.973	0.19974	0.00997	0.01
997.4	9.974	0.19975	0.00997	0.01
997.5	9.975	0.19976	0.00998	0.01
997.6	9.976	0.19977	0.00998	0.01
997.7	9.977	0.19978	0.00998	0.01
997.8	9.978	0.19979	0.00998	0.01
997.9	9.979	0.1998	0.00998	0.01
998.0	9.98	0.19981	0.00998	0.01
998.1	9.981	0.19982	0.00998	0.01
998.2	9.982	0.19983	0.00998	0.01
998.3	9.983	0.19984	0.00998	0.01
998.4	9.984	0.19985	0.00998	0.01
998.5	9.985	0.19986	0.00999	0.01
998.6	9.986	0.19987	0.00999	0.01
998.7	9.987	0.19988	0.00999	0.01
998.8	9.988	0.19989	0.00999	0.01
998.9	9.989	0.1999	0.00999	0.01
999.0	9.99	0.19991	0.00999	0.01
999.1	9.991	0.19992	0.00999	0.01
999.2	9.992	0.19993	0.00999	0.01
999.3	9.993	0.19994	0.00999	0.01
999.4	9.994	0.19995	0.00999	0.01
999.5	9.995	0.19996	0.01	0.01
999.6	9.996	0.19997	0.01	0.01
999.7	9.997	0.19998	0.01	0.01
999.8	9.998	0.19999	0.01	0.01
999.9	9.999	0.2	0.01	0.01
1000.0	10.0	0.20001	0.01	0.01
