Time  Strain  Total stress    Spring stress Gradient
0.0	0.0	3.0e-5	0.0	0.01
0.1	0.003	6.0e-5	1.0e-5	0.01
0.2	0.006	9.0e-5	1.0e-5	0.01
0.3	0.009	0.00012	1.0e-5	0.01001
0.4	0.012	0.00015	2.0e-5	0.01001
0.5	0.015	0.00018	2.0e-5	0.01002
0.6	0.018	0.00021	2.0e-5	0.01003
0.7	0.021	0.00024	2.0e-5	0.01004
0.8	0.024	0.00027	3.0e-5	0.01005
0.9	0.027	0.0003	3.0e-5	0.01006
1.0	0.03	0.00033	3.0e-5	0.01007
1.1	0.033	0.00036	4.0e-5	0.01009
1.2	0.036	0.00039	4.0e-5	0.0101
1.3	0.039	0.00042	4.0e-5	0.01012
1.4	0.042	0.00045	4.0e-5	0.01014
1.5	0.045	0.00048	5.0e-5	0.01016
1.6	0.048	0.00051	5.0e-5	0.01018
1.7	0.051	0.00054	5.0e-5	0.0102
1.8	0.054	0.00057	6.0e-5	0.01023
1.9	0.057	0.00061	6.0e-5	0.01025
2.0	0.06	0.00064	6.0e-5	0.01028
2.1	0.063	0.00067	7.0e-5	0.01031
2.2	0.066	0.0007	7.0e-5	0.01034
2.3	0.069	0.00073	7.0e-5	0.01037
2.4	0.072	0.00076	8.0e-5	0.0104
2.5	0.075	0.00079	8.0e-5	0.01043
2.6	0.078	0.00082	8.0e-5	0.01047
2.7	0.081	0.00085	8.0e-5	0.0105
2.8	0.084	0.00089	9.0e-5	0.01054
2.9	0.087	0.00092	9.0e-5	0.01058
3.0	0.09	0.00095	9.0e-5	0.01062
3.1	0.093	0.00098	0.0001	0.01066
3.2	0.096	0.00101	0.0001	0.0107
3.3	0.099	0.00105	0.0001	0.01074
3.4	0.102	0.00108	0.00011	0.01079
3.5	0.105	0.00111	0.00011	0.01083
3.6	0.108	0.00114	0.00011	0.01088
3.7	0.111	0.00118	0.00011	0.01093
3.8	0.114	0.00121	0.00012	0.01098
3.9	0.117	0.00124	0.00012	0.01103
4.0	0.12	0.00128	0.00012	0.01108
4.1	0.123	0.00131	0.00013	0.01114
4.2	0.126	0.00134	0.00013	0.01119
4.3	0.129	0.00138	0.00013	0.01125
4.4	0.132	0.00141	0.00014	0.0113
4.5	0.135	0.00144	0.00014	0.01136
4.6	0.138	0.00148	0.00014	0.01142
4.7	0.141	0.00151	0.00014	0.01148
4.8	0.144	0.00155	0.00015	0.01154
4.9	0.147	0.00158	0.00015	0.01161
5.0	0.15	0.00162	0.00015	0.01167
5.1	0.153	0.00165	0.00016	0.01174
5.2	0.156	0.00169	0.00016	0.01181
5.3	0.159	0.00172	0.00016	0.01187
5.4	0.162	0.00176	0.00016	0.01194
5.5	0.165	0.0018	0.00017	0.01201
5.6	0.168	0.00183	0.00017	0.01209
5.7	0.171	0.00187	0.00017	0.01216
5.8	0.174	0.00191	0.00018	0.01223
5.9	0.177	0.00194	0.00018	0.01231
6.0	0.18	0.00198	0.00018	0.01239
6.1	0.183	0.00202	0.00019	0.01246
6.2	0.186	0.00205	0.00019	0.01254
6.3	0.189	0.00209	0.00019	0.01262
6.4	0.192	0.00213	0.00019	0.01271
6.5	0.195	0.00217	0.0002	0.01279
6.6	0.198	0.00221	0.0002	0.01287
6.7	0.201	0.00225	0.0002	0.01296
6.8	0.204	0.00229	0.00021	0.01304
6.9	0.207	0.00232	0.00021	0.01313
7.0	0.21	0.00236	0.00021	0.01322
7.1	0.213	0.0024	0.00022	0.01331
7.2	0.216	0.00244	0.00022	0.0134
7.3	0.219	0.00248	0.00022	0.0135
7.4	0.222	0.00253	0.00022	0.01359
7.5	0.225	0.00257	0.00023	0.01368
7.6	0.228	0.00261	0.00023	0.01378
7.7	0.231	0.00265	0.00023	0.01388
7.8	0.234	0.00269	0.00024	0.01398
7.9	0.237	0.00273	0.00024	0.01407
8.0	0.24	0.00278	0.00024	0.01418
8.1	0.243	0.00282	0.00025	0.01428
8.2	0.246	0.00286	0.00025	0.01438
8.3	0.249	0.00291	0.00025	0.01448
8.4	0.252	0.00295	0.00025	0.01459
8.5	0.255	0.00299	0.00026	0.0147
8.6	0.258	0.00304	0.00026	0.0148
8.7	0.261	0.00308	0.00026	0.01491
8.8	0.264	0.00313	0.00027	0.01502
8.9	0.267	0.00317	0.00027	0.01513
9.0	0.27	0.00322	0.00027	0.01525
9.1	0.273	0.00327	0.00028	0.01536
9.2	0.276	0.00331	0.00028	0.01547
9.3	0.279	0.00336	0.00028	0.01559
9.4	0.282	0.00341	0.00028	0.01571
9.5	0.285	0.00345	0.00029	0.01582
9.6	0.288	0.0035	0.00029	0.01594
9.7	0.291	0.00355	0.00029	0.01606
9.8	0.294	0.0036	0.0003	0.01619
9.9	0.297	0.00365	0.0003	0.01631
10.0	0.3	0.0037	0.0003	0.01643
10.1	0.303	0.00375	0.00031	0.01656
10.2	0.306	0.0038	0.00031	0.01668
10.3	0.309	0.00385	0.00031	0.01681
10.4	0.312	0.0039	0.00032	0.01694
10.5	0.315	0.00395	0.00032	0.01707
10.6	0.318	0.004	0.00032	0.0172
10.7	0.321	0.00405	0.00032	0.01733
10.8	0.324	0.0041	0.00033	0.01746
10.9	0.327	0.00416	0.00033	0.0176
11.0	0.33	0.00421	0.00033	0.01773
11.1	0.333	0.00426	0.00034	0.01787
11.2	0.336	0.00432	0.00034	0.018
11.3	0.339	0.00437	0.00034	0.01814
11.4	0.342	0.00443	0.00035	0.01828
11.5	0.345	0.00448	0.00035	0.01842
11.6	0.348	0.00454	0.00035	0.01856
11.7	0.351	0.00459	0.00035	0.0187
11.8	0.354	0.00465	0.00036	0.01885
11.9	0.357	0.00471	0.00036	0.01899
12.0	0.36	0.00476	0.00036	0.01914
12.1	0.363	0.00482	0.00037	0.01929
12.2	0.366	0.00488	0.00037	0.01943
12.3	0.369	0.00494	0.00037	0.01958
12.4	0.372	0.005	0.00038	0.01973
12.5	0.375	0.00506	0.00038	0.01988
12.6	0.378	0.00512	0.00038	0.02004
12.7	0.381	0.00518	0.00038	0.02019
12.8	0.384	0.00524	0.00039	0.02034
12.9	0.387	0.0053	0.00039	0.0205
13.0	0.39	0.00536	0.00039	0.02066
13.1	0.393	0.00543	0.0004	0.02081
13.2	0.396	0.00549	0.0004	0.02097
13.3	0.399	0.00555	0.0004	0.02113
13.4	0.402	0.00562	0.00041	0.02129
13.5	0.405	0.00568	0.00041	0.02146
13.6	0.408	0.00575	0.00041	0.02162
13.7	0.411	0.00581	0.00041	0.02178
13.8	0.414	0.00588	0.00042	0.02195
13.9	0.417	0.00594	0.00042	0.02211
14.0	0.42	0.00601	0.00042	0.02228
14.1	0.423	0.00608	0.00043	0.02245
14.2	0.426	0.00615	0.00043	0.02262
14.3	0.429	0.00621	0.00043	0.02279
14.4	0.432	0.00628	0.00044	0.02296
14.5	0.435	0.00635	0.00044	0.02313
14.6	0.438	0.00642	0.00044	0.02331
14.7	0.441	0.00649	0.00044	0.02348
14.8	0.444	0.00656	0.00045	0.02366
14.9	0.447	0.00663	0.00045	0.02383
15.0	0.45	0.00671	0.00045	0.02401
15.1	0.453	0.00678	0.00046	0.02419
15.2	0.456	0.00685	0.00046	0.02437
15.3	0.459	0.00693	0.00046	0.02455
15.4	0.462	0.007	0.00047	0.02473
15.5	0.465	0.00707	0.00047	0.02491
15.6	0.468	0.00715	0.00047	0.0251
15.7	0.471	0.00723	0.00047	0.02528
15.8	0.474	0.0073	0.00048	0.02547
15.9	0.477	0.00738	0.00048	0.02565
16.0	0.48	0.00746	0.00048	0.02584
16.1	0.483	0.00753	0.00049	0.02603
16.2	0.486	0.00761	0.00049	0.02622
16.3	0.489	0.00769	0.00049	0.02641
16.4	0.492	0.00777	0.0005	0.0266
16.5	0.495	0.00785	0.0005	0.02679
16.6	0.498	0.00793	0.0005	0.02699
16.7	0.501	0.00802	0.0005	0.02718
16.8	0.504	0.0081	0.00051	0.02738
16.9	0.507	0.00818	0.00051	0.02758
17.0	0.51	0.00826	0.00051	0.02777
17.1	0.513	0.00835	0.00052	0.02797
17.2	0.516	0.00843	0.00052	0.02817
17.3	0.519	0.00852	0.00052	0.02837
17.4	0.522	0.0086	0.00053	0.02857
17.5	0.525	0.00869	0.00053	0.02878
17.6	0.528	0.00878	0.00053	0.02898
17.7	0.531	0.00886	0.00053	0.02919
17.8	0.534	0.00895	0.00054	0.02939
17.9	0.537	0.00904	0.00054	0.0296
18.0	0.54	0.00913	0.00054	0.02981
18.1	0.543	0.00922	0.00055	0.03001
18.2	0.546	0.00931	0.00055	0.03022
18.3	0.549	0.0094	0.00055	0.03043
18.4	0.552	0.00949	0.00056	0.03065
18.5	0.555	0.00959	0.00056	0.03086
18.6	0.558	0.00968	0.00056	0.03107
18.7	0.561	0.00977	0.00056	0.03129
18.8	0.564	0.00987	0.00057	0.0315
18.9	0.567	0.00996	0.00057	0.03172
19.0	0.57	0.01006	0.00057	0.03193
19.1	0.573	0.01016	0.00058	0.03215
19.2	0.576	0.01025	0.00058	0.03237
19.3	0.579	0.01035	0.00058	0.03259
19.4	0.582	0.01045	0.00059	0.03281
19.5	0.585	0.01055	0.00059	0.03304
19.6	0.588	0.01065	0.00059	0.03326
19.7	0.591	0.01075	0.00059	0.03348
19.8	0.594	0.01085	0.0006	0.03371
19.9	0.597	0.01095	0.0006	0.03393
20.0	0.6	0.01105	0.0006	0.03416
20.1	0.603	0.01116	0.00061	0.03439
20.2	0.606	0.01126	0.00061	0.03462
20.3	0.609	0.01137	0.00061	0.03485
20.4	0.612	0.01147	0.00061	0.03508
20.5	0.615	0.01158	0.00062	0.03531
20.6	0.618	0.01168	0.00062	0.03554
20.7	0.621	0.01179	0.00062	0.03577
20.8	0.624	0.0119	0.00063	0.03601
20.9	0.627	0.01201	0.00063	0.03624
21.0	0.63	0.01212	0.00063	0.03648
21.1	0.633	0.01223	0.00064	0.03672
21.2	0.636	0.01234	0.00064	0.03695
21.3	0.639	0.01245	0.00064	0.03719
21.4	0.642	0.01256	0.00064	0.03743
21.5	0.645	0.01267	0.00065	0.03767
21.6	0.648	0.01279	0.00065	0.03791
21.7	0.651	0.0129	0.00065	0.03816
21.8	0.654	0.01302	0.00066	0.0384
21.9	0.657	0.01313	0.00066	0.03864
22.0	0.66	0.01325	0.00066	0.03889
22.1	0.663	0.01337	0.00067	0.03914
22.2	0.666	0.01349	0.00067	0.03938
22.3	0.669	0.0136	0.00067	0.03963
22.4	0.672	0.01372	0.00067	0.03988
22.5	0.675	0.01384	0.00068	0.04013
22.6	0.678	0.01397	0.00068	0.04038
22.7	0.681	0.01409	0.00068	0.04063
22.8	0.684	0.01421	0.00069	0.04088
22.9	0.687	0.01433	0.00069	0.04114
23.0	0.69	0.01446	0.00069	0.04139
23.1	0.693	0.01458	0.0007	0.04165
23.2	0.696	0.01471	0.0007	0.0419
23.3	0.699	0.01484	0.0007	0.04216
23.4	0.702	0.01496	0.0007	0.04242
23.5	0.705	0.01509	0.00071	0.04268
23.6	0.708	0.01522	0.00071	0.04294
23.7	0.711	0.01535	0.00071	0.0432
23.8	0.714	0.01548	0.00072	0.04346
23.9	0.717	0.01561	0.00072	0.04372
24.0	0.72	0.01574	0.00072	0.04398
24.1	0.723	0.01588	0.00073	0.04425
24.2	0.726	0.01601	0.00073	0.04451
24.3	0.729	0.01614	0.00073	0.04478
24.4	0.732	0.01628	0.00073	0.04504
24.5	0.735	0.01641	0.00074	0.04531
24.6	0.738	0.01655	0.00074	0.04558
24.7	0.741	0.01669	0.00074	0.04585
24.8	0.744	0.01683	0.00075	0.04612
24.9	0.747	0.01697	0.00075	0.04639
25.0	0.75	0.01711	0.00075	0.04666
25.1	0.753	0.01725	0.00076	0.04693
25.2	0.756	0.01739	0.00076	0.04721
25.3	0.759	0.01753	0.00076	0.04748
25.4	0.762	0.01767	0.00076	0.04776
25.5	0.765	0.01782	0.00077	0.04803
25.6	0.768	0.01796	0.00077	0.04831
25.7	0.771	0.01811	0.00077	0.04859
25.8	0.774	0.01826	0.00078	0.04886
25.9	0.777	0.0184	0.00078	0.04914
26.0	0.78	0.01855	0.00078	0.04942
26.1	0.783	0.0187	0.00079	0.0497
26.2	0.786	0.01885	0.00079	0.04999
26.3	0.789	0.019	0.00079	0.05027
26.4	0.792	0.01915	0.00079	0.05055
26.5	0.795	0.01931	0.0008	0.05084
26.6	0.798	0.01946	0.0008	0.05112
26.7	0.801	0.01961	0.0008	0.05141
26.8	0.804	0.01977	0.00081	0.0517
26.9	0.807	0.01992	0.00081	0.05198
27.0	0.81	0.02008	0.00081	0.05227
27.1	0.813	0.02024	0.00082	0.05256
27.2	0.816	0.0204	0.00082	0.05285
27.3	0.819	0.02056	0.00082	0.05314
27.4	0.822	0.02072	0.00082	0.05343
27.5	0.825	0.02088	0.00083	0.05373
27.6	0.828	0.02104	0.00083	0.05402
27.7	0.831	0.0212	0.00083	0.05431
27.8	0.834	0.02137	0.00084	0.05461
27.9	0.837	0.02153	0.00084	0.05491
28.0	0.84	0.0217	0.00084	0.0552
28.1	0.843	0.02186	0.00085	0.0555
28.2	0.846	0.02203	0.00085	0.0558
28.3	0.849	0.0222	0.00085	0.0561
28.4	0.852	0.02237	0.00085	0.0564
28.5	0.855	0.02254	0.00086	0.0567
28.6	0.858	0.02271	0.00086	0.057
28.7	0.861	0.02288	0.00086	0.0573
28.8	0.864	0.02305	0.00087	0.05761
28.9	0.867	0.02323	0.00087	0.05791
29.0	0.87	0.0234	0.00087	0.05821
29.1	0.873	0.02358	0.00088	0.05852
29.2	0.876	0.02375	0.00088	0.05883
29.3	0.879	0.02393	0.00088	0.05913
29.4	0.882	0.02411	0.00088	0.05944
29.5	0.885	0.02429	0.00089	0.05975
29.6	0.888	0.02447	0.00089	0.06006
29.7	0.891	0.02465	0.00089	0.06037
29.8	0.894	0.02483	0.0009	0.06068
29.9	0.897	0.02502	0.0009	0.06099
30.0	0.9	0.0252	0.0009	0.06131
30.1	0.903	0.02538	0.00091	0.06162
30.2	0.906	0.02557	0.00091	0.06193
30.3	0.909	0.02576	0.00091	0.06225
30.4	0.912	0.02594	0.00091	0.06256
30.5	0.915	0.02613	0.00092	0.06288
30.6	0.918	0.02632	0.00092	0.0632
30.7	0.921	0.02651	0.00092	0.06352
30.8	0.924	0.02671	0.00093	0.06384
30.9	0.927	0.0269	0.00093	0.06416
31.0	0.93	0.02709	0.00093	0.06448
31.1	0.933	0.02729	0.00094	0.0648
31.2	0.936	0.02748	0.00094	0.06512
31.3	0.939	0.02768	0.00094	0.06544
31.4	0.942	0.02787	0.00094	0.06577
31.5	0.945	0.02807	0.00095	0.06609
31.6	0.948	0.02827	0.00095	0.06642
31.7	0.951	0.02847	0.00095	0.06674
31.8	0.954	0.02867	0.00096	0.06707
31.9	0.957	0.02888	0.00096	0.06739
32.0	0.96	0.02908	0.00096	0.06772
32.1	0.963	0.02928	0.00097	0.06805
32.2	0.966	0.02949	0.00097	0.06838
32.3	0.969	0.02969	0.00097	0.06871
32.4	0.972	0.0299	0.00097	0.06904
32.5	0.975	0.03011	0.00098	0.06937
32.6	0.978	0.03032	0.00098	0.06971
32.7	0.981	0.03053	0.00098	0.07004
32.8	0.984	0.03074	0.00099	0.07037
32.9	0.987	0.03095	0.00099	0.07071
33.0	0.99	0.03117	0.00099	0.07105
33.1	0.993	0.03138	0.001	0.07138
33.2	0.996	0.03159	0.001	0.07172
33.3	0.999	0.03181	0.001	0.07206
33.4	1.002	0.03203	0.001	0.0724
33.5	1.005	0.03225	0.00101	0.07273
33.6	1.008	0.03247	0.00101	0.07307
33.7	1.011	0.03269	0.00101	0.07342
33.8	1.014	0.03291	0.00102	0.07376
33.9	1.017	0.03313	0.00102	0.0741
34.0	1.02	0.03335	0.00102	0.07444
34.1	1.023	0.03358	0.00103	0.07479
34.2	1.026	0.0338	0.00103	0.07513
34.3	1.029	0.03403	0.00103	0.07547
34.4	1.032	0.03426	0.00103	0.07582
34.5	1.035	0.03448	0.00104	0.07617
34.6	1.038	0.03471	0.00104	0.07651
34.7	1.041	0.03494	0.00104	0.07686
34.8	1.044	0.03518	0.00105	0.07721
34.9	1.047	0.03541	0.00105	0.07756
35.0	1.05	0.03564	0.00105	0.07791
35.1	1.053	0.03588	0.00106	0.07826
35.2	1.056	0.03611	0.00106	0.07861
35.3	1.059	0.03635	0.00106	0.07897
35.4	1.062	0.03659	0.00106	0.07932
35.5	1.065	0.03683	0.00107	0.07967
35.6	1.068	0.03707	0.00107	0.08003
35.7	1.071	0.03731	0.00107	0.08038
35.8	1.074	0.03755	0.00108	0.08074
35.9	1.077	0.03779	0.00108	0.08109
36.0	1.08	0.03804	0.00108	0.08145
36.1	1.083	0.03828	0.00109	0.08181
36.2	1.086	0.03853	0.00109	0.08217
36.3	1.089	0.03878	0.00109	0.08253
36.4	1.092	0.03903	0.00109	0.08289
36.5	1.095	0.03928	0.0011	0.08325
36.6	1.098	0.03953	0.0011	0.08361
36.7	1.101	0.03978	0.0011	0.08397
36.8	1.104	0.04003	0.00111	0.08433
36.9	1.107	0.04029	0.00111	0.08469
37.0	1.11	0.04054	0.00111	0.08504
37.1	1.113	0.0408	0.00112	0.0854
37.2	1.116	0.04105	0.00112	0.08575
37.3	1.119	0.04131	0.00112	0.0861
37.4	1.122	0.04157	0.00112	0.08644
37.5	1.125	0.04183	0.00113	0.08679
37.6	1.128	0.04209	0.00113	0.08713
37.7	1.131	0.04236	0.00113	0.08747
37.8	1.134	0.04262	0.00114	0.08781
37.9	1.137	0.04288	0.00114	0.08815
38.0	1.14	0.04315	0.00114	0.08849
38.1	1.143	0.04342	0.00115	0.08882
38.2	1.146	0.04368	0.00115	0.08915
38.3	1.149	0.04395	0.00115	0.08948
38.4	1.152	0.04422	0.00115	0.08981
38.5	1.155	0.04449	0.00116	0.09013
38.6	1.158	0.04476	0.00116	0.09046
38.7	1.161	0.04504	0.00116	0.09078
38.8	1.164	0.04531	0.00117	0.0911
38.9	1.167	0.04558	0.00117	0.09142
39.0	1.17	0.04586	0.00117	0.09173
39.1	1.173	0.04613	0.00118	0.09205
39.2	1.176	0.04641	0.00118	0.09236
39.3	1.179	0.04669	0.00118	0.09267
39.4	1.182	0.04697	0.00118	0.09298
39.5	1.185	0.04725	0.00119	0.09328
39.6	1.188	0.04753	0.00119	0.09359
39.7	1.191	0.04781	0.00119	0.09389
39.8	1.194	0.04809	0.0012	0.09419
39.9	1.197	0.04838	0.0012	0.09449
40.0	1.2	0.04866	0.0012	0.09479
40.1	1.203	0.04895	0.00121	0.09508
40.2	1.206	0.04923	0.00121	0.09538
40.3	1.209	0.04952	0.00121	0.09567
40.4	1.212	0.04981	0.00121	0.09596
40.5	1.215	0.0501	0.00122	0.09624
40.6	1.218	0.05039	0.00122	0.09653
40.7	1.221	0.05068	0.00122	0.09681
40.8	1.224	0.05097	0.00123	0.0971
40.9	1.227	0.05126	0.00123	0.09738
41.0	1.23	0.05155	0.00123	0.09765
41.1	1.233	0.05185	0.00124	0.09793
41.2	1.236	0.05214	0.00124	0.0982
41.3	1.239	0.05244	0.00124	0.09848
41.4	1.242	0.05273	0.00124	0.09875
41.5	1.245	0.05303	0.00125	0.09902
41.6	1.248	0.05333	0.00125	0.09928
41.7	1.251	0.05363	0.00125	0.09955
41.8	1.254	0.05393	0.00126	0.09981
41.9	1.257	0.05423	0.00126	0.10007
42.0	1.26	0.05453	0.00126	0.10033
42.1	1.263	0.05483	0.00127	0.10059
42.2	1.266	0.05513	0.00127	0.10085
42.3	1.269	0.05543	0.00127	0.1011
42.4	1.272	0.05574	0.00127	0.10135
42.5	1.275	0.05604	0.00128	0.10161
42.6	1.278	0.05635	0.00128	0.10185
42.7	1.281	0.05666	0.00128	0.1021
42.8	1.284	0.05696	0.00129	0.10235
42.9	1.287	0.05727	0.00129	0.10259
43.0	1.29	0.05758	0.00129	0.10283
43.1	1.293	0.05789	0.0013	0.10307
43.2	1.296	0.0582	0.0013	0.10331
43.3	1.299	0.05851	0.0013	0.10355
43.4	1.302	0.05882	0.0013	0.10378
43.5	1.305	0.05913	0.00131	0.10401
43.6	1.308	0.05944	0.00131	0.10424
43.7	1.311	0.05976	0.00131	0.10447
43.8	1.314	0.06007	0.00132	0.1047
43.9	1.317	0.06039	0.00132	0.10493
44.0	1.32	0.0607	0.00132	0.10515
44.1	1.323	0.06102	0.00133	0.10537
44.2	1.326	0.06134	0.00133	0.10559
44.3	1.329	0.06165	0.00133	0.10581
44.4	1.332	0.06197	0.00133	0.10603
44.5	1.335	0.06229	0.00134	0.10624
44.6	1.338	0.06261	0.00134	0.10646
44.7	1.341	0.06293	0.00134	0.10667
44.8	1.344	0.06325	0.00135	0.10688
44.9	1.347	0.06357	0.00135	0.10709
45.0	1.35	0.06389	0.00135	0.10729
45.1	1.353	0.06421	0.00136	0.1075
45.2	1.356	0.06454	0.00136	0.1077
45.3	1.359	0.06486	0.00136	0.1079
45.4	1.362	0.06519	0.00136	0.1081
45.5	1.365	0.06551	0.00137	0.1083
45.6	1.368	0.06584	0.00137	0.1085
45.7	1.371	0.06616	0.00137	0.10869
45.8	1.374	0.06649	0.00138	0.10888
45.9	1.377	0.06682	0.00138	0.10907
46.0	1.38	0.06714	0.00138	0.10926
46.1	1.383	0.06747	0.00139	0.10945
46.2	1.386	0.0678	0.00139	0.10964
46.3	1.389	0.06813	0.00139	0.10982
46.4	1.392	0.06846	0.00139	0.11
46.5	1.395	0.06879	0.0014	0.11018
46.6	1.398	0.06912	0.0014	0.11036
46.7	1.401	0.06945	0.0014	0.11054
46.8	1.404	0.06979	0.00141	0.11072
46.9	1.407	0.07012	0.00141	0.11089
47.0	1.41	0.07045	0.00141	0.11106
47.1	1.413	0.07079	0.00142	0.11123
47.2	1.416	0.07112	0.00142	0.1114
47.3	1.419	0.07145	0.00142	0.11157
47.4	1.422	0.07179	0.00142	0.11174
47.5	1.425	0.07213	0.00143	0.1119
47.6	1.428	0.07246	0.00143	0.11206
47.7	1.431	0.0728	0.00143	0.11222
47.8	1.434	0.07314	0.00144	0.11238
47.9	1.437	0.07347	0.00144	0.11254
48.0	1.44	0.07381	0.00144	0.1127
48.1	1.443	0.07415	0.00145	0.11285
48.2	1.446	0.07449	0.00145	0.113
48.3	1.449	0.07483	0.00145	0.11316
48.4	1.452	0.07517	0.00145	0.11331
48.5	1.455	0.07551	0.00146	0.11345
48.6	1.458	0.07585	0.00146	0.1136
48.7	1.461	0.07619	0.00146	0.11374
48.8	1.464	0.07653	0.00147	0.11389
48.9	1.467	0.07687	0.00147	0.11403
49.0	1.47	0.07722	0.00147	0.11417
49.1	1.473	0.07756	0.00148	0.11431
49.2	1.476	0.0779	0.00148	0.11444
49.3	1.479	0.07825	0.00148	0.11458
49.4	1.482	0.07859	0.00148	0.11471
49.5	1.485	0.07894	0.00149	0.11484
49.6	1.488	0.07928	0.00149	0.11497
49.7	1.491	0.07963	0.00149	0.1151
49.8	1.494	0.07997	0.0015	0.11523
49.9	1.497	0.08032	0.0015	0.11535
50.0	1.5	0.08066	0.0015	0.11548
50.1	1.503	0.08101	0.00151	0.1156
50.2	1.506	0.08136	0.00151	0.11572
50.3	1.509	0.08171	0.00151	0.11584
50.4	1.512	0.08205	0.00151	0.11596
50.5	1.515	0.0824	0.00152	0.11607
50.6	1.518	0.08275	0.00152	0.11619
50.7	1.521	0.0831	0.00152	0.1163
50.8	1.524	0.08345	0.00153	0.11641
50.9	1.527	0.0838	0.00153	0.11652
51.0	1.53	0.08415	0.00153	0.11663
51.1	1.533	0.0845	0.00154	0.11674
51.2	1.536	0.08485	0.00154	0.11684
51.3	1.539	0.0852	0.00154	0.11695
51.4	1.542	0.08555	0.00154	0.11705
51.5	1.545	0.0859	0.00155	0.11715
51.6	1.548	0.08625	0.00155	0.11725
51.7	1.551	0.08661	0.00155	0.11735
51.8	1.554	0.08696	0.00156	0.11744
51.9	1.557	0.08731	0.00156	0.11754
52.0	1.56	0.08766	0.00156	0.11763
52.1	1.563	0.08802	0.00157	0.11772
52.2	1.566	0.08837	0.00157	0.11781
52.3	1.569	0.08872	0.00157	0.1179
52.4	1.572	0.08908	0.00157	0.11799
52.5	1.575	0.08943	0.00158	0.11807
52.6	1.578	0.08979	0.00158	0.11815
52.7	1.581	0.09014	0.00158	0.11824
52.8	1.584	0.0905	0.00159	0.11832
52.9	1.587	0.09085	0.00159	0.1184
53.0	1.59	0.09121	0.00159	0.11848
53.1	1.593	0.09156	0.0016	0.11855
53.2	1.596	0.09192	0.0016	0.11863
53.3	1.599	0.09227	0.0016	0.1187
53.4	1.602	0.09263	0.0016	0.11877
53.5	1.605	0.09299	0.00161	0.11884
53.6	1.608	0.09334	0.00161	0.11891
53.7	1.611	0.0937	0.00161	0.11898
53.8	1.614	0.09406	0.00162	0.11904
53.9	1.617	0.09442	0.00162	0.11911
54.0	1.62	0.09477	0.00162	0.11917
54.1	1.623	0.09513	0.00163	0.11923
54.2	1.626	0.09549	0.00163	0.11929
54.3	1.629	0.09585	0.00163	0.11935
54.4	1.632	0.0962	0.00163	0.11941
54.5	1.635	0.09656	0.00164	0.11946
54.6	1.638	0.09692	0.00164	0.11952
54.7	1.641	0.09728	0.00164	0.11957
54.8	1.644	0.09764	0.00165	0.11962
54.9	1.647	0.098	0.00165	0.11967
55.0	1.65	0.09836	0.00165	0.11972
55.1	1.653	0.09872	0.00166	0.11977
55.2	1.656	0.09908	0.00166	0.11981
55.3	1.659	0.09944	0.00166	0.11986
55.4	1.662	0.0998	0.00166	0.1199
55.5	1.665	0.10016	0.00167	0.11994
55.6	1.668	0.10052	0.00167	0.11998
55.7	1.671	0.10088	0.00167	0.12002
55.8	1.674	0.10124	0.00168	0.12006
55.9	1.677	0.1016	0.00168	0.12009
56.0	1.68	0.10196	0.00168	0.12013
56.1	1.683	0.10232	0.00169	0.12016
56.2	1.686	0.10268	0.00169	0.12019
56.3	1.689	0.10304	0.00169	0.12022
56.4	1.692	0.1034	0.00169	0.12025
56.5	1.695	0.10376	0.0017	0.12028
56.6	1.698	0.10412	0.0017	0.1203
56.7	1.701	0.10448	0.0017	0.12033
56.8	1.704	0.10484	0.00171	0.12035
56.9	1.707	0.1052	0.00171	0.12037
57.0	1.71	0.10556	0.00171	0.12039
57.1	1.713	0.10593	0.00172	0.12041
57.2	1.716	0.10629	0.00172	0.12043
57.3	1.719	0.10665	0.00172	0.12044
57.4	1.722	0.10701	0.00172	0.12046
57.5	1.725	0.10737	0.00173	0.12047
57.6	1.728	0.10773	0.00173	0.12048
57.7	1.731	0.10809	0.00173	0.1205
57.8	1.734	0.10846	0.00174	0.1205
57.9	1.737	0.10882	0.00174	0.12051
58.0	1.74	0.10918	0.00174	0.12052
58.1	1.743	0.10954	0.00175	0.12052
58.2	1.746	0.1099	0.00175	0.12053
58.3	1.749	0.11026	0.00175	0.12053
58.4	1.752	0.11063	0.00175	0.12053
58.5	1.755	0.11099	0.00176	0.12053
58.6	1.758	0.11135	0.00176	0.12053
58.7	1.761	0.11171	0.00176	0.12053
58.8	1.764	0.11207	0.00177	0.12052
58.9	1.767	0.11243	0.00177	0.12052
59.0	1.77	0.11279	0.00177	0.12051
59.1	1.773	0.11316	0.00178	0.1205
59.2	1.776	0.11352	0.00178	0.12049
59.3	1.779	0.11388	0.00178	0.12048
59.4	1.782	0.11424	0.00178	0.12047
59.5	1.785	0.1146	0.00179	0.12045
59.6	1.788	0.11496	0.00179	0.12044
59.7	1.791	0.11532	0.00179	0.12042
59.8	1.794	0.11569	0.0018	0.1204
59.9	1.797	0.11605	0.0018	0.12038
60.0	1.8	0.11641	0.0018	0.12036
60.1	1.803	0.11677	0.00181	0.12034
60.2	1.806	0.11713	0.00181	0.12032
60.3	1.809	0.11749	0.00181	0.1203
60.4	1.812	0.11785	0.00181	0.12027
60.5	1.815	0.11821	0.00182	0.12024
60.6	1.818	0.11857	0.00182	0.12021
60.7	1.821	0.11893	0.00182	0.12018
60.8	1.824	0.11929	0.00183	0.12015
60.9	1.827	0.11965	0.00183	0.12012
61.0	1.83	0.12001	0.00183	0.12009
61.1	1.833	0.12037	0.00184	0.12005
61.2	1.836	0.12073	0.00184	0.12002
61.3	1.839	0.12109	0.00184	0.11998
61.4	1.842	0.12145	0.00184	0.11994
61.5	1.845	0.12181	0.00185	0.1199
61.6	1.848	0.12217	0.00185	0.11986
61.7	1.851	0.12253	0.00185	0.11982
61.8	1.854	0.12289	0.00186	0.11978
61.9	1.857	0.12325	0.00186	0.11973
62.0	1.86	0.12361	0.00186	0.11968
62.1	1.863	0.12397	0.00187	0.11964
62.2	1.866	0.12433	0.00187	0.11959
62.3	1.869	0.12469	0.00187	0.11954
62.4	1.872	0.12505	0.00187	0.11949
62.5	1.875	0.1254	0.00188	0.11943
62.6	1.878	0.12576	0.00188	0.11938
62.7	1.881	0.12612	0.00188	0.11933
62.8	1.884	0.12648	0.00189	0.11927
62.9	1.887	0.12684	0.00189	0.11921
63.0	1.89	0.12719	0.00189	0.11915
63.1	1.893	0.12755	0.0019	0.11909
63.2	1.896	0.12791	0.0019	0.11903
63.3	1.899	0.12826	0.0019	0.11897
63.4	1.902	0.12862	0.0019	0.11891
63.5	1.905	0.12898	0.00191	0.11884
63.6	1.908	0.12933	0.00191	0.11877
63.7	1.911	0.12969	0.00191	0.11871
63.8	1.914	0.13005	0.00192	0.11864
63.9	1.917	0.1304	0.00192	0.11857
64.0	1.92	0.13076	0.00192	0.1185
64.1	1.923	0.13111	0.00193	0.11842
64.2	1.926	0.13147	0.00193	0.11835
64.3	1.929	0.13182	0.00193	0.11828
64.4	1.932	0.13218	0.00193	0.1182
64.5	1.935	0.13253	0.00194	0.11812
64.6	1.938	0.13289	0.00194	0.11804
64.7	1.941	0.13324	0.00194	0.11797
64.8	1.944	0.13359	0.00195	0.11788
64.9	1.947	0.13395	0.00195	0.1178
65.0	1.95	0.1343	0.00195	0.11772
65.1	1.953	0.13465	0.00196	0.11763
65.2	1.956	0.13501	0.00196	0.11755
65.3	1.959	0.13536	0.00196	0.11746
65.4	1.962	0.13571	0.00196	0.11737
65.5	1.965	0.13606	0.00197	0.11728
65.6	1.968	0.13641	0.00197	0.11719
65.7	1.971	0.13676	0.00197	0.1171
65.8	1.974	0.13712	0.00198	0.11701
65.9	1.977	0.13747	0.00198	0.11692
66.0	1.98	0.13782	0.00198	0.11682
66.1	1.983	0.13817	0.00199	0.11672
66.2	1.986	0.13852	0.00199	0.11663
66.3	1.989	0.13887	0.00199	0.11653
66.4	1.992	0.13922	0.00199	0.11643
66.5	1.995	0.13956	0.002	0.11633
66.6	1.998	0.13991	0.002	0.11623
66.7	2.001	0.14026	0.002	0.11612
66.8	2.004	0.14061	0.00201	0.11602
66.9	2.007	0.14096	0.00201	0.11591
67.0	2.01	0.1413	0.00201	0.11581
67.1	2.013	0.14165	0.00202	0.1157
67.2	2.016	0.142	0.00202	0.11559
67.3	2.019	0.14234	0.00202	0.11548
67.4	2.022	0.14269	0.00202	0.11537
67.5	2.025	0.14304	0.00203	0.11525
67.6	2.028	0.14338	0.00203	0.11514
67.7	2.031	0.14373	0.00203	0.11503
67.8	2.034	0.14407	0.00204	0.11491
67.9	2.037	0.14442	0.00204	0.11479
68.0	2.04	0.14476	0.00204	0.11467
68.1	2.043	0.1451	0.00205	0.11455
68.2	2.046	0.14545	0.00205	0.11443
68.3	2.049	0.14579	0.00205	0.11431
68.4	2.052	0.14613	0.00205	0.11419
68.5	2.055	0.14648	0.00206	0.11407
68.6	2.058	0.14682	0.00206	0.11394
68.7	2.061	0.14716	0.00206	0.11381
68.8	2.064	0.1475	0.00207	0.11369
68.9	2.067	0.14784	0.00207	0.11356
69.0	2.07	0.14818	0.00207	0.11343
69.1	2.073	0.14852	0.00208	0.1133
69.2	2.076	0.14886	0.00208	0.11317
69.3	2.079	0.1492	0.00208	0.11303
69.4	2.082	0.14954	0.00208	0.1129
69.5	2.085	0.14988	0.00209	0.11276
69.6	2.088	0.15021	0.00209	0.11263
69.7	2.091	0.15055	0.00209	0.11249
69.8	2.094	0.15089	0.0021	0.11235
69.9	2.097	0.15122	0.0021	0.11221
70.0	2.1	0.15156	0.0021	0.11207
70.1	2.103	0.1519	0.00211	0.11193
70.2	2.106	0.15223	0.00211	0.11179
70.3	2.109	0.15257	0.00211	0.11164
70.4	2.112	0.1529	0.00211	0.1115
70.5	2.115	0.15324	0.00212	0.11135
70.6	2.118	0.15357	0.00212	0.11121
70.7	2.121	0.1539	0.00212	0.11106
70.8	2.124	0.15424	0.00213	0.11091
70.9	2.127	0.15457	0.00213	0.11076
71.0	2.13	0.1549	0.00213	0.11061
71.1	2.133	0.15523	0.00214	0.11045
71.2	2.136	0.15556	0.00214	0.1103
71.3	2.139	0.15589	0.00214	0.11014
71.4	2.142	0.15622	0.00214	0.10999
71.5	2.145	0.15655	0.00215	0.10983
71.6	2.148	0.15688	0.00215	0.10967
71.7	2.151	0.15721	0.00215	0.10952
71.8	2.154	0.15754	0.00216	0.10936
71.9	2.157	0.15786	0.00216	0.10919
72.0	2.16	0.15819	0.00216	0.10903
72.1	2.163	0.15852	0.00217	0.10887
72.2	2.166	0.15884	0.00217	0.1087
72.3	2.169	0.15917	0.00217	0.10854
72.4	2.172	0.1595	0.00217	0.10837
72.5	2.175	0.15982	0.00218	0.10821
72.6	2.178	0.16014	0.00218	0.10804
72.7	2.181	0.16047	0.00218	0.10787
72.8	2.184	0.16079	0.00219	0.1077
72.9	2.187	0.16111	0.00219	0.10752
73.0	2.19	0.16144	0.00219	0.10735
73.1	2.193	0.16176	0.0022	0.10718
73.2	2.196	0.16208	0.0022	0.107
73.3	2.199	0.1624	0.0022	0.10683
73.4	2.202	0.16272	0.0022	0.10665
73.5	2.205	0.16304	0.00221	0.10648
73.6	2.208	0.16336	0.00221	0.1063
73.7	2.211	0.16368	0.00221	0.10613
73.8	2.214	0.16399	0.00222	0.10595
73.9	2.217	0.16431	0.00222	0.10578
74.0	2.22	0.16463	0.00222	0.1056
74.1	2.223	0.16494	0.00223	0.10543
74.2	2.226	0.16526	0.00223	0.10526
74.3	2.229	0.16557	0.00223	0.10508
74.4	2.232	0.16589	0.00223	0.10491
74.5	2.235	0.1662	0.00224	0.10474
74.6	2.238	0.16652	0.00224	0.10457
74.7	2.241	0.16683	0.00224	0.10439
74.8	2.244	0.16714	0.00225	0.10422
74.9	2.247	0.16745	0.00225	0.10405
75.0	2.25	0.16777	0.00225	0.10388
75.1	2.253	0.16808	0.00226	0.10371
75.2	2.256	0.16839	0.00226	0.10354
75.3	2.259	0.1687	0.00226	0.10337
75.4	2.262	0.16901	0.00226	0.1032
75.5	2.265	0.16932	0.00227	0.10303
75.6	2.268	0.16963	0.00227	0.10286
75.7	2.271	0.16993	0.00227	0.10269
75.8	2.274	0.17024	0.00228	0.10253
75.9	2.277	0.17055	0.00228	0.10236
76.0	2.28	0.17086	0.00228	0.10219
76.1	2.283	0.17116	0.00229	0.10202
76.2	2.286	0.17147	0.00229	0.10185
76.3	2.289	0.17177	0.00229	0.10169
76.4	2.292	0.17208	0.00229	0.10152
76.5	2.295	0.17238	0.0023	0.10136
76.6	2.298	0.17268	0.0023	0.10119
76.7	2.301	0.17299	0.0023	0.10102
76.8	2.304	0.17329	0.00231	0.10086
76.9	2.307	0.17359	0.00231	0.10069
77.0	2.31	0.17389	0.00231	0.10053
77.1	2.313	0.17419	0.00232	0.10036
77.2	2.316	0.17449	0.00232	0.1002
77.3	2.319	0.1748	0.00232	0.10004
77.4	2.322	0.17509	0.00232	0.09987
77.5	2.325	0.17539	0.00233	0.09971
77.6	2.328	0.17569	0.00233	0.09955
77.7	2.331	0.17599	0.00233	0.09938
77.8	2.334	0.17629	0.00234	0.09922
77.9	2.337	0.17659	0.00234	0.09906
78.0	2.34	0.17688	0.00234	0.0989
78.1	2.343	0.17718	0.00235	0.09874
78.2	2.346	0.17747	0.00235	0.09857
78.3	2.349	0.17777	0.00235	0.09841
78.4	2.352	0.17806	0.00235	0.09825
78.5	2.355	0.17836	0.00236	0.09809
78.6	2.358	0.17865	0.00236	0.09793
78.7	2.361	0.17895	0.00236	0.09777
78.8	2.364	0.17924	0.00237	0.09761
78.9	2.367	0.17953	0.00237	0.09745
79.0	2.37	0.17982	0.00237	0.0973
79.1	2.373	0.18011	0.00238	0.09714
79.2	2.376	0.1804	0.00238	0.09698
79.3	2.379	0.1807	0.00238	0.09682
79.4	2.382	0.18099	0.00238	0.09666
79.5	2.385	0.18127	0.00239	0.09651
79.6	2.388	0.18156	0.00239	0.09635
79.7	2.391	0.18185	0.00239	0.09619
79.8	2.394	0.18214	0.0024	0.09604
79.9	2.397	0.18243	0.0024	0.09588
80.0	2.4	0.18272	0.0024	0.09572
80.1	2.403	0.183	0.00241	0.09557
80.2	2.406	0.18329	0.00241	0.09541
80.3	2.409	0.18357	0.00241	0.09526
80.4	2.412	0.18386	0.00241	0.0951
80.5	2.415	0.18414	0.00242	0.09495
80.6	2.418	0.18443	0.00242	0.09479
80.7	2.421	0.18471	0.00242	0.09464
80.8	2.424	0.185	0.00243	0.09448
80.9	2.427	0.18528	0.00243	0.09433
81.0	2.43	0.18556	0.00243	0.09418
81.1	2.433	0.18584	0.00244	0.09403
81.2	2.436	0.18613	0.00244	0.09387
81.3	2.439	0.18641	0.00244	0.09372
81.4	2.442	0.18669	0.00244	0.09357
81.5	2.445	0.18697	0.00245	0.09342
81.6	2.448	0.18725	0.00245	0.09326
81.7	2.451	0.18753	0.00245	0.09311
81.8	2.454	0.18781	0.00246	0.09296
81.9	2.457	0.18808	0.00246	0.09281
82.0	2.46	0.18836	0.00246	0.09266
82.1	2.463	0.18864	0.00247	0.09251
82.2	2.466	0.18892	0.00247	0.09236
82.3	2.469	0.18919	0.00247	0.09221
82.4	2.472	0.18947	0.00247	0.09206
82.5	2.475	0.18974	0.00248	0.09191
82.6	2.478	0.19002	0.00248	0.09176
82.7	2.481	0.1903	0.00248	0.09162
82.8	2.484	0.19057	0.00249	0.09147
82.9	2.487	0.19084	0.00249	0.09132
83.0	2.49	0.19112	0.00249	0.09117
83.1	2.493	0.19139	0.0025	0.09102
83.2	2.496	0.19166	0.0025	0.09088
83.3	2.499	0.19193	0.0025	0.09073
83.4	2.502	0.19221	0.0025	0.09058
83.5	2.505	0.19248	0.00251	0.09044
83.6	2.508	0.19275	0.00251	0.09029
83.7	2.511	0.19302	0.00251	0.09015
83.8	2.514	0.19329	0.00252	0.09
83.9	2.517	0.19356	0.00252	0.08985
84.0	2.52	0.19383	0.00252	0.08971
84.1	2.523	0.1941	0.00253	0.08956
84.2	2.526	0.19436	0.00253	0.08942
84.3	2.529	0.19463	0.00253	0.08928
84.4	2.532	0.1949	0.00253	0.08913
84.5	2.535	0.19517	0.00254	0.08899
84.6	2.538	0.19543	0.00254	0.08884
84.7	2.541	0.1957	0.00254	0.0887
84.8	2.544	0.19597	0.00255	0.08856
84.9	2.547	0.19623	0.00255	0.08842
85.0	2.55	0.1965	0.00255	0.08827
85.1	2.553	0.19676	0.00256	0.08813
85.2	2.556	0.19702	0.00256	0.08799
85.3	2.559	0.19729	0.00256	0.08785
85.4	2.562	0.19755	0.00256	0.08771
85.5	2.565	0.19781	0.00257	0.08757
85.6	2.568	0.19808	0.00257	0.08742
85.7	2.571	0.19834	0.00257	0.08728
85.8	2.574	0.1986	0.00258	0.08714
85.9	2.577	0.19886	0.00258	0.087
86.0	2.58	0.19912	0.00258	0.08686
86.1	2.583	0.19938	0.00259	0.08672
86.2	2.586	0.19964	0.00259	0.08658
86.3	2.589	0.1999	0.00259	0.08645
86.4	2.592	0.20016	0.00259	0.08631
86.5	2.595	0.20042	0.0026	0.08617
86.6	2.598	0.20068	0.0026	0.08603
86.7	2.601	0.20093	0.0026	0.08589
86.8	2.604	0.20119	0.00261	0.08575
86.9	2.607	0.20145	0.00261	0.08562
87.0	2.61	0.2017	0.00261	0.08548
87.1	2.613	0.20196	0.00262	0.08534
87.2	2.616	0.20221	0.00262	0.0852
87.3	2.619	0.20247	0.00262	0.08507
87.4	2.622	0.20272	0.00262	0.08493
87.5	2.625	0.20298	0.00263	0.0848
87.6	2.628	0.20323	0.00263	0.08466
87.7	2.631	0.20349	0.00263	0.08452
87.8	2.634	0.20374	0.00264	0.08439
87.9	2.637	0.20399	0.00264	0.08425
88.0	2.64	0.20425	0.00264	0.08412
88.1	2.643	0.2045	0.00265	0.08398
88.2	2.646	0.20475	0.00265	0.08385
88.3	2.649	0.205	0.00265	0.08372
88.4	2.652	0.20525	0.00265	0.08358
88.5	2.655	0.2055	0.00266	0.08345
88.6	2.658	0.20575	0.00266	0.08331
88.7	2.661	0.206	0.00266	0.08318
88.8	2.664	0.20625	0.00267	0.08305
88.9	2.667	0.2065	0.00267	0.08292
89.0	2.67	0.20675	0.00267	0.08278
89.1	2.673	0.20699	0.00268	0.08265
89.2	2.676	0.20724	0.00268	0.08252
89.3	2.679	0.20749	0.00268	0.08239
89.4	2.682	0.20774	0.00268	0.08226
89.5	2.685	0.20798	0.00269	0.08212
89.6	2.688	0.20823	0.00269	0.08199
89.7	2.691	0.20847	0.00269	0.08186
89.8	2.694	0.20872	0.0027	0.08173
89.9	2.697	0.20896	0.0027	0.0816
90.0	2.7	0.20921	0.0027	0.08147
90.1	2.703	0.20945	0.00271	0.08134
90.2	2.706	0.2097	0.00271	0.08121
90.3	2.709	0.20994	0.00271	0.08108
90.4	2.712	0.21018	0.00271	0.08095
90.5	2.715	0.21042	0.00272	0.08082
90.6	2.718	0.21067	0.00272	0.0807
90.7	2.721	0.21091	0.00272	0.08057
90.8	2.724	0.21115	0.00273	0.08044
90.9	2.727	0.21139	0.00273	0.08031
91.0	2.73	0.21163	0.00273	0.08018
91.1	2.733	0.21187	0.00274	0.08006
91.2	2.736	0.21211	0.00274	0.07993
91.3	2.739	0.21235	0.00274	0.0798
91.4	2.742	0.21259	0.00274	0.07968
91.5	2.745	0.21283	0.00275	0.07955
91.6	2.748	0.21307	0.00275	0.07942
91.7	2.751	0.2133	0.00275	0.0793
91.8	2.754	0.21354	0.00276	0.07917
91.9	2.757	0.21378	0.00276	0.07904
92.0	2.76	0.21402	0.00276	0.07892
92.1	2.763	0.21425	0.00277	0.07879
92.2	2.766	0.21449	0.00277	0.07867
92.3	2.769	0.21472	0.00277	0.07854
92.4	2.772	0.21496	0.00277	0.07842
92.5	2.775	0.21519	0.00278	0.0783
92.6	2.778	0.21543	0.00278	0.07817
92.7	2.781	0.21566	0.00278	0.07805
92.8	2.784	0.2159	0.00279	0.07792
92.9	2.787	0.21613	0.00279	0.0778
93.0	2.79	0.21636	0.00279	0.07768
93.1	2.793	0.2166	0.0028	0.07755
93.2	2.796	0.21683	0.0028	0.07743
93.3	2.799	0.21706	0.0028	0.07731
93.4	2.802	0.21729	0.0028	0.07719
93.5	2.805	0.21752	0.00281	0.07707
93.6	2.808	0.21775	0.00281	0.07694
93.7	2.811	0.21798	0.00281	0.07682
93.8	2.814	0.21821	0.00282	0.0767
93.9	2.817	0.21844	0.00282	0.07658
94.0	2.82	0.21867	0.00282	0.07646
94.1	2.823	0.2189	0.00283	0.07634
94.2	2.826	0.21913	0.00283	0.07622
94.3	2.829	0.21936	0.00283	0.0761
94.4	2.832	0.21959	0.00283	0.07598
94.5	2.835	0.21981	0.00284	0.07586
94.6	2.838	0.22004	0.00284	0.07574
94.7	2.841	0.22027	0.00284	0.07562
94.8	2.844	0.2205	0.00285	0.0755
94.9	2.847	0.22072	0.00285	0.07538
95.0	2.85	0.22095	0.00285	0.07526
95.1	2.853	0.22117	0.00286	0.07514
95.2	2.856	0.2214	0.00286	0.07502
95.3	2.859	0.22162	0.00286	0.07491
95.4	2.862	0.22185	0.00286	0.07479
95.5	2.865	0.22207	0.00287	0.07467
95.6	2.868	0.22229	0.00287	0.07455
95.7	2.871	0.22252	0.00287	0.07444
95.8	2.874	0.22274	0.00288	0.07432
95.9	2.877	0.22296	0.00288	0.0742
96.0	2.88	0.22319	0.00288	0.07408
96.1	2.883	0.22341	0.00289	0.07397
96.2	2.886	0.22363	0.00289	0.07385
96.3	2.889	0.22385	0.00289	0.07374
96.4	2.892	0.22407	0.00289	0.07362
96.5	2.895	0.22429	0.0029	0.0735
96.6	2.898	0.22451	0.0029	0.07339
96.7	2.901	0.22473	0.0029	0.07327
96.8	2.904	0.22495	0.00291	0.07316
96.9	2.907	0.22517	0.00291	0.07304
97.0	2.91	0.22539	0.00291	0.07293
97.1	2.913	0.22561	0.00292	0.07282
97.2	2.916	0.22583	0.00292	0.0727
97.3	2.919	0.22604	0.00292	0.07259
97.4	2.922	0.22626	0.00292	0.07247
97.5	2.925	0.22648	0.00293	0.07236
97.6	2.928	0.22669	0.00293	0.07225
97.7	2.931	0.22691	0.00293	0.07213
97.8	2.934	0.22713	0.00294	0.07202
97.9	2.937	0.22734	0.00294	0.07191
98.0	2.94	0.22756	0.00294	0.0718
98.1	2.943	0.22777	0.00295	0.07168
98.2	2.946	0.22799	0.00295	0.07157
98.3	2.949	0.2282	0.00295	0.07146
98.4	2.952	0.22842	0.00295	0.07135
98.5	2.955	0.22863	0.00296	0.07124
98.6	2.958	0.22884	0.00296	0.07113
98.7	2.961	0.22906	0.00296	0.07101
98.8	2.964	0.22927	0.00297	0.0709
98.9	2.967	0.22948	0.00297	0.07079
99.0	2.97	0.22969	0.00297	0.07068
99.1	2.973	0.22991	0.00298	0.07057
99.2	2.976	0.23012	0.00298	0.07046
99.3	2.979	0.23033	0.00298	0.07035
99.4	2.982	0.23054	0.00298	0.07024
99.5	2.985	0.23075	0.00299	0.07013
99.6	2.988	0.23096	0.00299	0.07002
99.7	2.991	0.23117	0.00299	0.06992
99.8	2.994	0.23138	0.003	0.06981
99.9	2.997	0.23159	0.003	0.0697
100.0	3.0	0.2318	0.003	0.06959
100.1	3.003	0.232	0.00301	0.06948
100.2	3.006	0.23221	0.00301	0.06937
100.3	3.009	0.23242	0.00301	0.06927
100.4	3.012	0.23263	0.00301	0.06916
100.5	3.015	0.23283	0.00302	0.06905
100.6	3.018	0.23304	0.00302	0.06894
100.7	3.021	0.23325	0.00302	0.06884
100.8	3.024	0.23345	0.00303	0.06873
100.9	3.027	0.23366	0.00303	0.06862
101.0	3.03	0.23387	0.00303	0.06852
101.1	3.033	0.23407	0.00304	0.06841
101.2	3.036	0.23428	0.00304	0.0683
101.3	3.039	0.23448	0.00304	0.0682
101.4	3.042	0.23468	0.00304	0.06809
101.5	3.045	0.23489	0.00305	0.06799
101.6	3.048	0.23509	0.00305	0.06788
101.7	3.051	0.2353	0.00305	0.06778
101.8	3.054	0.2355	0.00306	0.06767
101.9	3.057	0.2357	0.00306	0.06757
102.0	3.06	0.2359	0.00306	0.06746
102.1	3.063	0.23611	0.00307	0.06736
102.2	3.066	0.23631	0.00307	0.06725
102.3	3.069	0.23651	0.00307	0.06715
102.4	3.072	0.23671	0.00307	0.06705
102.5	3.075	0.23691	0.00308	0.06694
102.6	3.078	0.23711	0.00308	0.06684
102.7	3.081	0.23731	0.00308	0.06673
102.8	3.084	0.23751	0.00309	0.06663
102.9	3.087	0.23771	0.00309	0.06653
103.0	3.09	0.23791	0.00309	0.06643
103.1	3.093	0.23811	0.0031	0.06632
103.2	3.096	0.23831	0.0031	0.06622
103.3	3.099	0.23851	0.0031	0.06612
103.4	3.102	0.2387	0.0031	0.06602
103.5	3.105	0.2389	0.00311	0.06592
103.6	3.108	0.2391	0.00311	0.06581
103.7	3.111	0.2393	0.00311	0.06571
103.8	3.114	0.23949	0.00312	0.06561
103.9	3.117	0.23969	0.00312	0.06551
104.0	3.12	0.23989	0.00312	0.06541
104.1	3.123	0.24008	0.00313	0.06531
104.2	3.126	0.24028	0.00313	0.06521
104.3	3.129	0.24047	0.00313	0.06511
104.4	3.132	0.24067	0.00313	0.06501
104.5	3.135	0.24086	0.00314	0.06491
104.6	3.138	0.24106	0.00314	0.06481
104.7	3.141	0.24125	0.00314	0.06471
104.8	3.144	0.24145	0.00315	0.06461
104.9	3.147	0.24164	0.00315	0.06451
105.0	3.15	0.24183	0.00315	0.06441
105.1	3.153	0.24203	0.00316	0.06431
105.2	3.156	0.24222	0.00316	0.06421
105.3	3.159	0.24241	0.00316	0.06412
105.4	3.162	0.2426	0.00316	0.06402
105.5	3.165	0.24279	0.00317	0.06392
105.6	3.168	0.24299	0.00317	0.06382
105.7	3.171	0.24318	0.00317	0.06372
105.8	3.174	0.24337	0.00318	0.06363
105.9	3.177	0.24356	0.00318	0.06353
106.0	3.18	0.24375	0.00318	0.06343
106.1	3.183	0.24394	0.00319	0.06333
106.2	3.186	0.24413	0.00319	0.06324
106.3	3.189	0.24432	0.00319	0.06314
106.4	3.192	0.24451	0.00319	0.06304
106.5	3.195	0.2447	0.0032	0.06295
106.6	3.198	0.24488	0.0032	0.06285
106.7	3.201	0.24507	0.0032	0.06276
106.8	3.204	0.24526	0.00321	0.06266
106.9	3.207	0.24545	0.00321	0.06256
107.0	3.21	0.24564	0.00321	0.06247
107.1	3.213	0.24582	0.00322	0.06237
107.2	3.216	0.24601	0.00322	0.06228
107.3	3.219	0.2462	0.00322	0.06218
107.4	3.222	0.24638	0.00322	0.06209
107.5	3.225	0.24657	0.00323	0.06199
107.6	3.228	0.24675	0.00323	0.0619
107.7	3.231	0.24694	0.00323	0.0618
107.8	3.234	0.24712	0.00324	0.06171
107.9	3.237	0.24731	0.00324	0.06162
108.0	3.24	0.24749	0.00324	0.06152
108.1	3.243	0.24768	0.00325	0.06143
108.2	3.246	0.24786	0.00325	0.06134
108.3	3.249	0.24805	0.00325	0.06124
108.4	3.252	0.24823	0.00325	0.06115
108.5	3.255	0.24841	0.00326	0.06106
108.6	3.258	0.2486	0.00326	0.06096
108.7	3.261	0.24878	0.00326	0.06087
108.8	3.264	0.24896	0.00327	0.06078
108.9	3.267	0.24914	0.00327	0.06069
109.0	3.27	0.24932	0.00327	0.06059
109.1	3.273	0.24951	0.00328	0.0605
109.2	3.276	0.24969	0.00328	0.06041
109.3	3.279	0.24987	0.00328	0.06032
109.4	3.282	0.25005	0.00328	0.06023
109.5	3.285	0.25023	0.00329	0.06014
109.6	3.288	0.25041	0.00329	0.06005
109.7	3.291	0.25059	0.00329	0.05995
109.8	3.294	0.25077	0.0033	0.05986
109.9	3.297	0.25095	0.0033	0.05977
110.0	3.3	0.25113	0.0033	0.05968
110.1	3.303	0.25131	0.00331	0.05959
110.2	3.306	0.25148	0.00331	0.0595
110.3	3.309	0.25166	0.00331	0.05941
110.4	3.312	0.25184	0.00331	0.05932
110.5	3.315	0.25202	0.00332	0.05923
110.6	3.318	0.2522	0.00332	0.05914
110.7	3.321	0.25237	0.00332	0.05905
110.8	3.324	0.25255	0.00333	0.05897
110.9	3.327	0.25273	0.00333	0.05888
111.0	3.33	0.2529	0.00333	0.05879
111.1	3.333	0.25308	0.00334	0.0587
111.2	3.336	0.25325	0.00334	0.05861
111.3	3.339	0.25343	0.00334	0.05852
111.4	3.342	0.25361	0.00334	0.05843
111.5	3.345	0.25378	0.00335	0.05835
111.6	3.348	0.25396	0.00335	0.05826
111.7	3.351	0.25413	0.00335	0.05817
111.8	3.354	0.2543	0.00336	0.05808
111.9	3.357	0.25448	0.00336	0.058
112.0	3.36	0.25465	0.00336	0.05791
112.1	3.363	0.25483	0.00337	0.05782
112.2	3.366	0.255	0.00337	0.05773
112.3	3.369	0.25517	0.00337	0.05765
112.4	3.372	0.25534	0.00337	0.05756
112.5	3.375	0.25552	0.00338	0.05748
112.6	3.378	0.25569	0.00338	0.05739
112.7	3.381	0.25586	0.00338	0.0573
112.8	3.384	0.25603	0.00339	0.05722
112.9	3.387	0.2562	0.00339	0.05713
113.0	3.39	0.25637	0.00339	0.05705
113.1	3.393	0.25655	0.0034	0.05696
113.2	3.396	0.25672	0.0034	0.05687
113.3	3.399	0.25689	0.0034	0.05679
113.4	3.402	0.25706	0.0034	0.0567
113.5	3.405	0.25723	0.00341	0.05662
113.6	3.408	0.2574	0.00341	0.05654
113.7	3.411	0.25757	0.00341	0.05645
113.8	3.414	0.25773	0.00342	0.05637
113.9	3.417	0.2579	0.00342	0.05628
114.0	3.42	0.25807	0.00342	0.0562
114.1	3.423	0.25824	0.00343	0.05611
114.2	3.426	0.25841	0.00343	0.05603
114.3	3.429	0.25858	0.00343	0.05595
114.4	3.432	0.25874	0.00343	0.05586
114.5	3.435	0.25891	0.00344	0.05578
114.6	3.438	0.25908	0.00344	0.0557
114.7	3.441	0.25925	0.00344	0.05561
114.8	3.444	0.25941	0.00345	0.05553
114.9	3.447	0.25958	0.00345	0.05545
115.0	3.45	0.25974	0.00345	0.05537
115.1	3.453	0.25991	0.00346	0.05528
115.2	3.456	0.26008	0.00346	0.0552
115.3	3.459	0.26024	0.00346	0.05512
115.4	3.462	0.26041	0.00346	0.05504
115.5	3.465	0.26057	0.00347	0.05496
115.6	3.468	0.26074	0.00347	0.05487
115.7	3.471	0.2609	0.00347	0.05479
115.8	3.474	0.26106	0.00348	0.05471
115.9	3.477	0.26123	0.00348	0.05463
116.0	3.48	0.26139	0.00348	0.05455
116.1	3.483	0.26155	0.00349	0.05447
116.2	3.486	0.26172	0.00349	0.05439
116.3	3.489	0.26188	0.00349	0.05431
116.4	3.492	0.26204	0.00349	0.05423
116.5	3.495	0.26221	0.0035	0.05415
116.6	3.498	0.26237	0.0035	0.05406
116.7	3.501	0.26253	0.0035	0.05398
116.8	3.504	0.26269	0.00351	0.0539
116.9	3.507	0.26285	0.00351	0.05383
117.0	3.51	0.26301	0.00351	0.05375
117.1	3.513	0.26318	0.00352	0.05367
117.2	3.516	0.26334	0.00352	0.05359
117.3	3.519	0.2635	0.00352	0.05351
117.4	3.522	0.26366	0.00352	0.05343
117.5	3.525	0.26382	0.00353	0.05335
117.6	3.528	0.26398	0.00353	0.05327
117.7	3.531	0.26414	0.00353	0.05319
117.8	3.534	0.2643	0.00354	0.05311
117.9	3.537	0.26446	0.00354	0.05304
118.0	3.54	0.26461	0.00354	0.05296
118.1	3.543	0.26477	0.00355	0.05288
118.2	3.546	0.26493	0.00355	0.0528
118.3	3.549	0.26509	0.00355	0.05272
118.4	3.552	0.26525	0.00355	0.05265
118.5	3.555	0.2654	0.00356	0.05257
118.6	3.558	0.26556	0.00356	0.05249
118.7	3.561	0.26572	0.00356	0.05241
118.8	3.564	0.26588	0.00357	0.05234
118.9	3.567	0.26603	0.00357	0.05226
119.0	3.57	0.26619	0.00357	0.05218
119.1	3.573	0.26635	0.00358	0.05211
119.2	3.576	0.2665	0.00358	0.05203
119.3	3.579	0.26666	0.00358	0.05195
119.4	3.582	0.26681	0.00358	0.05188
119.5	3.585	0.26697	0.00359	0.0518
119.6	3.588	0.26712	0.00359	0.05173
119.7	3.591	0.26728	0.00359	0.05165
119.8	3.594	0.26743	0.0036	0.05157
119.9	3.597	0.26759	0.0036	0.0515
120.0	3.6	0.26774	0.0036	0.05142
120.1	3.603	0.2679	0.00361	0.05135
120.2	3.606	0.26805	0.00361	0.05127
120.3	3.609	0.2682	0.00361	0.0512
120.4	3.612	0.26836	0.00361	0.05112
120.5	3.615	0.26851	0.00362	0.05105
120.6	3.618	0.26866	0.00362	0.05097
120.7	3.621	0.26882	0.00362	0.0509
120.8	3.624	0.26897	0.00363	0.05083
120.9	3.627	0.26912	0.00363	0.05075
121.0	3.63	0.26927	0.00363	0.05068
121.1	3.633	0.26943	0.00364	0.0506
121.2	3.636	0.26958	0.00364	0.05053
121.3	3.639	0.26973	0.00364	0.05046
121.4	3.642	0.26988	0.00364	0.05038
121.5	3.645	0.27003	0.00365	0.05031
121.6	3.648	0.27018	0.00365	0.05024
121.7	3.651	0.27033	0.00365	0.05016
121.8	3.654	0.27048	0.00366	0.05009
121.9	3.657	0.27063	0.00366	0.05002
122.0	3.66	0.27078	0.00366	0.04994
122.1	3.663	0.27093	0.00367	0.04987
122.2	3.666	0.27108	0.00367	0.0498
122.3	3.669	0.27123	0.00367	0.04973
122.4	3.672	0.27138	0.00367	0.04965
122.5	3.675	0.27153	0.00368	0.04958
122.6	3.678	0.27168	0.00368	0.04951
122.7	3.681	0.27182	0.00368	0.04944
122.8	3.684	0.27197	0.00369	0.04937
122.9	3.687	0.27212	0.00369	0.0493
123.0	3.69	0.27227	0.00369	0.04922
123.1	3.693	0.27242	0.0037	0.04915
123.2	3.696	0.27256	0.0037	0.04908
123.3	3.699	0.27271	0.0037	0.04901
123.4	3.702	0.27286	0.0037	0.04894
123.5	3.705	0.273	0.00371	0.04887
123.6	3.708	0.27315	0.00371	0.0488
123.7	3.711	0.2733	0.00371	0.04873
123.8	3.714	0.27344	0.00372	0.04866
123.9	3.717	0.27359	0.00372	0.04859
124.0	3.72	0.27373	0.00372	0.04852
124.1	3.723	0.27388	0.00373	0.04845
124.2	3.726	0.27402	0.00373	0.04838
124.3	3.729	0.27417	0.00373	0.04831
124.4	3.732	0.27431	0.00373	0.04824
124.5	3.735	0.27446	0.00374	0.04817
124.6	3.738	0.2746	0.00374	0.0481
124.7	3.741	0.27475	0.00374	0.04803
124.8	3.744	0.27489	0.00375	0.04796
124.9	3.747	0.27503	0.00375	0.04789
125.0	3.75	0.27518	0.00375	0.04782
125.1	3.753	0.27532	0.00376	0.04775
125.2	3.756	0.27546	0.00376	0.04769
125.3	3.759	0.27561	0.00376	0.04762
125.4	3.762	0.27575	0.00376	0.04755
125.5	3.765	0.27589	0.00377	0.04748
125.6	3.768	0.27603	0.00377	0.04741
125.7	3.771	0.27618	0.00377	0.04735
125.8	3.774	0.27632	0.00378	0.04728
125.9	3.777	0.27646	0.00378	0.04721
126.0	3.78	0.2766	0.00378	0.04714
126.1	3.783	0.27674	0.00379	0.04707
126.2	3.786	0.27688	0.00379	0.04701
126.3	3.789	0.27702	0.00379	0.04694
126.4	3.792	0.27716	0.00379	0.04687
126.5	3.795	0.2773	0.0038	0.04681
126.6	3.798	0.27744	0.0038	0.04674
126.7	3.801	0.27758	0.0038	0.04667
126.8	3.804	0.27772	0.00381	0.04661
126.9	3.807	0.27786	0.00381	0.04654
127.0	3.81	0.278	0.00381	0.04647
127.1	3.813	0.27814	0.00382	0.04641
127.2	3.816	0.27828	0.00382	0.04634
127.3	3.819	0.27842	0.00382	0.04627
127.4	3.822	0.27856	0.00382	0.04621
127.5	3.825	0.2787	0.00383	0.04614
127.6	3.828	0.27884	0.00383	0.04608
127.7	3.831	0.27897	0.00383	0.04601
127.8	3.834	0.27911	0.00384	0.04595
127.9	3.837	0.27925	0.00384	0.04588
128.0	3.84	0.27939	0.00384	0.04582
128.1	3.843	0.27952	0.00385	0.04575
128.2	3.846	0.27966	0.00385	0.04569
128.3	3.849	0.2798	0.00385	0.04562
128.4	3.852	0.27993	0.00385	0.04556
128.5	3.855	0.28007	0.00386	0.04549
128.6	3.858	0.28021	0.00386	0.04543
128.7	3.861	0.28034	0.00386	0.04536
128.8	3.864	0.28048	0.00387	0.0453
128.9	3.867	0.28062	0.00387	0.04523
129.0	3.87	0.28075	0.00387	0.04517
129.1	3.873	0.28089	0.00388	0.04511
129.2	3.876	0.28102	0.00388	0.04504
129.3	3.879	0.28116	0.00388	0.04498
129.4	3.882	0.28129	0.00388	0.04492
129.5	3.885	0.28143	0.00389	0.04485
129.6	3.888	0.28156	0.00389	0.04479
129.7	3.891	0.28169	0.00389	0.04473
129.8	3.894	0.28183	0.0039	0.04466
129.9	3.897	0.28196	0.0039	0.0446
130.0	3.9	0.2821	0.0039	0.04454
130.1	3.903	0.28223	0.00391	0.04447
130.2	3.906	0.28236	0.00391	0.04441
130.3	3.909	0.28249	0.00391	0.04435
130.4	3.912	0.28263	0.00391	0.04429
130.5	3.915	0.28276	0.00392	0.04422
130.6	3.918	0.28289	0.00392	0.04416
130.7	3.921	0.28303	0.00392	0.0441
130.8	3.924	0.28316	0.00393	0.04404
130.9	3.927	0.28329	0.00393	0.04398
131.0	3.93	0.28342	0.00393	0.04391
131.1	3.933	0.28355	0.00394	0.04385
131.2	3.936	0.28368	0.00394	0.04379
131.3	3.939	0.28382	0.00394	0.04373
131.4	3.942	0.28395	0.00394	0.04367
131.5	3.945	0.28408	0.00395	0.04361
131.6	3.948	0.28421	0.00395	0.04355
131.7	3.951	0.28434	0.00395	0.04349
131.8	3.954	0.28447	0.00396	0.04342
131.9	3.957	0.2846	0.00396	0.04336
132.0	3.96	0.28473	0.00396	0.0433
132.1	3.963	0.28486	0.00397	0.04324
132.2	3.966	0.28499	0.00397	0.04318
132.3	3.969	0.28512	0.00397	0.04312
132.4	3.972	0.28525	0.00397	0.04306
132.5	3.975	0.28538	0.00398	0.043
132.6	3.978	0.2855	0.00398	0.04294
132.7	3.981	0.28563	0.00398	0.04288
132.8	3.984	0.28576	0.00399	0.04282
132.9	3.987	0.28589	0.00399	0.04276
133.0	3.99	0.28602	0.00399	0.0427
133.1	3.993	0.28615	0.004	0.04264
133.2	3.996	0.28627	0.004	0.04258
133.3	3.999	0.2864	0.004	0.04253
133.4	4.002	0.28653	0.004	0.04247
133.5	4.005	0.28666	0.00401	0.04241
133.6	4.008	0.28678	0.00401	0.04235
133.7	4.011	0.28691	0.00401	0.04229
133.8	4.014	0.28704	0.00402	0.04223
133.9	4.017	0.28716	0.00402	0.04217
134.0	4.02	0.28729	0.00402	0.04211
134.1	4.023	0.28742	0.00403	0.04206
134.2	4.026	0.28754	0.00403	0.042
134.3	4.029	0.28767	0.00403	0.04194
134.4	4.032	0.28779	0.00403	0.04188
134.5	4.035	0.28792	0.00404	0.04182
134.6	4.038	0.28804	0.00404	0.04177
134.7	4.041	0.28817	0.00404	0.04171
134.8	4.044	0.28829	0.00405	0.04165
134.9	4.047	0.28842	0.00405	0.04159
135.0	4.05	0.28854	0.00405	0.04154
135.1	4.053	0.28867	0.00406	0.04148
135.2	4.056	0.28879	0.00406	0.04142
135.3	4.059	0.28892	0.00406	0.04136
135.4	4.062	0.28904	0.00406	0.04131
135.5	4.065	0.28916	0.00407	0.04125
135.6	4.068	0.28929	0.00407	0.04119
135.7	4.071	0.28941	0.00407	0.04114
135.8	4.074	0.28953	0.00408	0.04108
135.9	4.077	0.28966	0.00408	0.04102
136.0	4.08	0.28978	0.00408	0.04097
136.1	4.083	0.2899	0.00409	0.04091
136.2	4.086	0.29002	0.00409	0.04085
136.3	4.089	0.29015	0.00409	0.0408
136.4	4.092	0.29027	0.00409	0.04074
136.5	4.095	0.29039	0.0041	0.04069
136.6	4.098	0.29051	0.0041	0.04063
136.7	4.101	0.29064	0.0041	0.04058
136.8	4.104	0.29076	0.00411	0.04052
136.9	4.107	0.29088	0.00411	0.04046
137.0	4.11	0.291	0.00411	0.04041
137.1	4.113	0.29112	0.00412	0.04035
137.2	4.116	0.29124	0.00412	0.0403
137.3	4.119	0.29136	0.00412	0.04024
137.4	4.122	0.29148	0.00412	0.04019
137.5	4.125	0.2916	0.00413	0.04013
137.6	4.128	0.29172	0.00413	0.04008
137.7	4.131	0.29184	0.00413	0.04002
137.8	4.134	0.29196	0.00414	0.03997
137.9	4.137	0.29208	0.00414	0.03992
138.0	4.14	0.2922	0.00414	0.03986
138.1	4.143	0.29232	0.00415	0.03981
138.2	4.146	0.29244	0.00415	0.03975
138.3	4.149	0.29256	0.00415	0.0397
138.4	4.152	0.29268	0.00415	0.03965
138.5	4.155	0.2928	0.00416	0.03959
138.6	4.158	0.29292	0.00416	0.03954
138.7	4.161	0.29304	0.00416	0.03948
138.8	4.164	0.29315	0.00417	0.03943
138.9	4.167	0.29327	0.00417	0.03938
139.0	4.17	0.29339	0.00417	0.03932
139.1	4.173	0.29351	0.00418	0.03927
139.2	4.176	0.29362	0.00418	0.03922
139.3	4.179	0.29374	0.00418	0.03916
139.4	4.182	0.29386	0.00418	0.03911
139.5	4.185	0.29398	0.00419	0.03906
139.6	4.188	0.29409	0.00419	0.03901
139.7	4.191	0.29421	0.00419	0.03895
139.8	4.194	0.29433	0.0042	0.0389
139.9	4.197	0.29444	0.0042	0.03885
140.0	4.2	0.29456	0.0042	0.0388
140.1	4.203	0.29468	0.00421	0.03874
140.2	4.206	0.29479	0.00421	0.03869
140.3	4.209	0.29491	0.00421	0.03864
140.4	4.212	0.29502	0.00422	0.03859
140.5	4.215	0.29514	0.00422	0.03853
140.6	4.218	0.29526	0.00422	0.03848
140.7	4.221	0.29537	0.00422	0.03843
140.8	4.224	0.29549	0.00423	0.03838
140.9	4.227	0.2956	0.00423	0.03833
141.0	4.23	0.29572	0.00423	0.03828
141.1	4.233	0.29583	0.00424	0.03822
141.2	4.236	0.29594	0.00424	0.03817
141.3	4.239	0.29606	0.00424	0.03812
141.4	4.242	0.29617	0.00425	0.03807
141.5	4.245	0.29629	0.00425	0.03802
141.6	4.248	0.2964	0.00425	0.03797
141.7	4.251	0.29652	0.00425	0.03792
141.8	4.254	0.29663	0.00426	0.03787
141.9	4.257	0.29674	0.00426	0.03782
142.0	4.26	0.29686	0.00426	0.03777
142.1	4.263	0.29697	0.00427	0.03772
142.2	4.266	0.29708	0.00427	0.03767
142.3	4.269	0.29719	0.00427	0.03762
142.4	4.272	0.29731	0.00428	0.03757
142.5	4.275	0.29742	0.00428	0.03752
142.6	4.278	0.29753	0.00428	0.03747
142.7	4.281	0.29764	0.00428	0.03742
142.8	4.284	0.29776	0.00429	0.03737
142.9	4.287	0.29787	0.00429	0.03732
143.0	4.29	0.29798	0.00429	0.03727
143.1	4.293	0.29809	0.0043	0.03722
143.2	4.296	0.2982	0.0043	0.03717
143.3	4.299	0.29831	0.0043	0.03712
143.4	4.302	0.29843	0.00431	0.03707
143.5	4.305	0.29854	0.00431	0.03702
143.6	4.308	0.29865	0.00431	0.03697
143.7	4.311	0.29876	0.00431	0.03692
143.8	4.314	0.29887	0.00432	0.03687
143.9	4.317	0.29898	0.00432	0.03682
144.0	4.32	0.29909	0.00432	0.03678
144.1	4.323	0.2992	0.00433	0.03673
144.2	4.326	0.29931	0.00433	0.03668
144.3	4.329	0.29942	0.00433	0.03663
144.4	4.332	0.29953	0.00434	0.03658
144.5	4.335	0.29964	0.00434	0.03653
144.6	4.338	0.29975	0.00434	0.03648
144.7	4.341	0.29986	0.00434	0.03644
144.8	4.344	0.29997	0.00435	0.03639
144.9	4.347	0.30008	0.00435	0.03634
145.0	4.35	0.30019	0.00435	0.03629
145.1	4.353	0.30029	0.00436	0.03625
145.2	4.356	0.3004	0.00436	0.0362
145.3	4.359	0.30051	0.00436	0.03615
145.4	4.362	0.30062	0.00437	0.0361
145.5	4.365	0.30073	0.00437	0.03605
145.6	4.368	0.30084	0.00437	0.03601
145.7	4.371	0.30094	0.00437	0.03596
145.8	4.374	0.30105	0.00438	0.03591
145.9	4.377	0.30116	0.00438	0.03587
146.0	4.38	0.30127	0.00438	0.03582
146.1	4.383	0.30137	0.00439	0.03577
146.2	4.386	0.30148	0.00439	0.03573
146.3	4.389	0.30159	0.00439	0.03568
146.4	4.392	0.30169	0.0044	0.03563
146.5	4.395	0.3018	0.0044	0.03559
146.6	4.398	0.30191	0.0044	0.03554
146.7	4.401	0.30201	0.0044	0.03549
146.8	4.404	0.30212	0.00441	0.03545
146.9	4.407	0.30223	0.00441	0.0354
147.0	4.41	0.30233	0.00441	0.03535
147.1	4.413	0.30244	0.00442	0.03531
147.2	4.416	0.30254	0.00442	0.03526
147.3	4.419	0.30265	0.00442	0.03522
147.4	4.422	0.30276	0.00443	0.03517
147.5	4.425	0.30286	0.00443	0.03512
147.6	4.428	0.30297	0.00443	0.03508
147.7	4.431	0.30307	0.00443	0.03503
147.8	4.434	0.30318	0.00444	0.03499
147.9	4.437	0.30328	0.00444	0.03494
148.0	4.44	0.30339	0.00444	0.0349
148.1	4.443	0.30349	0.00445	0.03485
148.2	4.446	0.3036	0.00445	0.03481
148.3	4.449	0.3037	0.00445	0.03476
148.4	4.452	0.3038	0.00446	0.03472
148.5	4.455	0.30391	0.00446	0.03467
148.6	4.458	0.30401	0.00446	0.03463
148.7	4.461	0.30412	0.00446	0.03458
148.8	4.464	0.30422	0.00447	0.03454
148.9	4.467	0.30432	0.00447	0.03449
149.0	4.47	0.30443	0.00447	0.03445
149.1	4.473	0.30453	0.00448	0.0344
149.2	4.476	0.30463	0.00448	0.03436
149.3	4.479	0.30473	0.00448	0.03432
149.4	4.482	0.30484	0.00449	0.03427
149.5	4.485	0.30494	0.00449	0.03423
149.6	4.488	0.30504	0.00449	0.03418
149.7	4.491	0.30515	0.00449	0.03414
149.8	4.494	0.30525	0.0045	0.0341
149.9	4.497	0.30535	0.0045	0.03405
150.0	4.5	0.30545	0.0045	0.03401
150.1	4.503	0.30555	0.00451	0.03396
150.2	4.506	0.30566	0.00451	0.03392
150.3	4.509	0.30576	0.00451	0.03388
150.4	4.512	0.30586	0.00452	0.03383
150.5	4.515	0.30596	0.00452	0.03379
150.6	4.518	0.30606	0.00452	0.03375
150.7	4.521	0.30616	0.00452	0.0337
150.8	4.524	0.30626	0.00453	0.03366
150.9	4.527	0.30636	0.00453	0.03362
151.0	4.53	0.30646	0.00453	0.03358
151.1	4.533	0.30657	0.00454	0.03353
151.2	4.536	0.30667	0.00454	0.03349
151.3	4.539	0.30677	0.00454	0.03345
151.4	4.542	0.30687	0.00455	0.0334
151.5	4.545	0.30697	0.00455	0.03336
151.6	4.548	0.30707	0.00455	0.03332
151.7	4.551	0.30717	0.00455	0.03328
151.8	4.554	0.30727	0.00456	0.03323
151.9	4.557	0.30737	0.00456	0.03319
152.0	4.56	0.30747	0.00456	0.03315
152.1	4.563	0.30756	0.00457	0.03311
152.2	4.566	0.30766	0.00457	0.03307
152.3	4.569	0.30776	0.00457	0.03302
152.4	4.572	0.30786	0.00458	0.03298
152.5	4.575	0.30796	0.00458	0.03294
152.6	4.578	0.30806	0.00458	0.0329
152.7	4.581	0.30816	0.00458	0.03286
152.8	4.584	0.30826	0.00459	0.03282
152.9	4.587	0.30835	0.00459	0.03277
153.0	4.59	0.30845	0.00459	0.03273
153.1	4.593	0.30855	0.0046	0.03269
153.2	4.596	0.30865	0.0046	0.03265
153.3	4.599	0.30875	0.0046	0.03261
153.4	4.602	0.30884	0.00461	0.03257
153.5	4.605	0.30894	0.00461	0.03253
153.6	4.608	0.30904	0.00461	0.03249
153.7	4.611	0.30914	0.00461	0.03245
153.8	4.614	0.30923	0.00462	0.03241
153.9	4.617	0.30933	0.00462	0.03236
154.0	4.62	0.30943	0.00462	0.03232
154.1	4.623	0.30952	0.00463	0.03228
154.2	4.626	0.30962	0.00463	0.03224
154.3	4.629	0.30972	0.00463	0.0322
154.4	4.632	0.30981	0.00464	0.03216
154.5	4.635	0.30991	0.00464	0.03212
154.6	4.638	0.31001	0.00464	0.03208
154.7	4.641	0.3101	0.00464	0.03204
154.8	4.644	0.3102	0.00465	0.032
154.9	4.647	0.3103	0.00465	0.03196
155.0	4.65	0.31039	0.00465	0.03192
155.1	4.653	0.31049	0.00466	0.03188
155.2	4.656	0.31058	0.00466	0.03184
155.3	4.659	0.31068	0.00466	0.0318
155.4	4.662	0.31077	0.00467	0.03176
155.5	4.665	0.31087	0.00467	0.03172
155.6	4.668	0.31096	0.00467	0.03168
155.7	4.671	0.31106	0.00467	0.03164
155.8	4.674	0.31115	0.00468	0.03161
155.9	4.677	0.31125	0.00468	0.03157
156.0	4.68	0.31134	0.00468	0.03153
156.1	4.683	0.31144	0.00469	0.03149
156.2	4.686	0.31153	0.00469	0.03145
156.3	4.689	0.31163	0.00469	0.03141
156.4	4.692	0.31172	0.0047	0.03137
156.5	4.695	0.31181	0.0047	0.03133
156.6	4.698	0.31191	0.0047	0.03129
156.7	4.701	0.312	0.0047	0.03125
156.8	4.704	0.31209	0.00471	0.03122
156.9	4.707	0.31219	0.00471	0.03118
157.0	4.71	0.31228	0.00471	0.03114
157.1	4.713	0.31237	0.00472	0.0311
157.2	4.716	0.31247	0.00472	0.03106
157.3	4.719	0.31256	0.00472	0.03102
157.4	4.722	0.31265	0.00473	0.03099
157.5	4.725	0.31275	0.00473	0.03095
157.6	4.728	0.31284	0.00473	0.03091
157.7	4.731	0.31293	0.00473	0.03087
157.8	4.734	0.31302	0.00474	0.03083
157.9	4.737	0.31312	0.00474	0.0308
158.0	4.74	0.31321	0.00474	0.03076
158.1	4.743	0.3133	0.00475	0.03072
158.2	4.746	0.31339	0.00475	0.03068
158.3	4.749	0.31349	0.00475	0.03065
158.4	4.752	0.31358	0.00476	0.03061
158.5	4.755	0.31367	0.00476	0.03057
158.6	4.758	0.31376	0.00476	0.03053
158.7	4.761	0.31385	0.00476	0.0305
158.8	4.764	0.31394	0.00477	0.03046
158.9	4.767	0.31403	0.00477	0.03042
159.0	4.77	0.31413	0.00477	0.03038
159.1	4.773	0.31422	0.00478	0.03035
159.2	4.776	0.31431	0.00478	0.03031
159.3	4.779	0.3144	0.00478	0.03027
159.4	4.782	0.31449	0.00479	0.03024
159.5	4.785	0.31458	0.00479	0.0302
159.6	4.788	0.31467	0.00479	0.03016
159.7	4.791	0.31476	0.00479	0.03013
159.8	4.794	0.31485	0.0048	0.03009
159.9	4.797	0.31494	0.0048	0.03005
160.0	4.8	0.31503	0.0048	0.03002
160.1	4.803	0.31512	0.00481	0.02998
160.2	4.806	0.31521	0.00481	0.02994
160.3	4.809	0.3153	0.00481	0.02991
160.4	4.812	0.31539	0.00482	0.02987
160.5	4.815	0.31548	0.00482	0.02984
160.6	4.818	0.31557	0.00482	0.0298
160.7	4.821	0.31566	0.00482	0.02976
160.8	4.824	0.31575	0.00483	0.02973
160.9	4.827	0.31584	0.00483	0.02969
161.0	4.83	0.31593	0.00483	0.02966
161.1	4.833	0.31601	0.00484	0.02962
161.2	4.836	0.3161	0.00484	0.02958
161.3	4.839	0.31619	0.00484	0.02955
161.4	4.842	0.31628	0.00485	0.02951
161.5	4.845	0.31637	0.00485	0.02948
161.6	4.848	0.31646	0.00485	0.02944
161.7	4.851	0.31655	0.00485	0.02941
161.8	4.854	0.31663	0.00486	0.02937
161.9	4.857	0.31672	0.00486	0.02934
162.0	4.86	0.31681	0.00486	0.0293
162.1	4.863	0.3169	0.00487	0.02927
162.2	4.866	0.31699	0.00487	0.02923
162.3	4.869	0.31707	0.00487	0.0292
162.4	4.872	0.31716	0.00488	0.02916
162.5	4.875	0.31725	0.00488	0.02913
162.6	4.878	0.31734	0.00488	0.02909
162.7	4.881	0.31742	0.00488	0.02906
162.8	4.884	0.31751	0.00489	0.02902
162.9	4.887	0.3176	0.00489	0.02899
163.0	4.89	0.31768	0.00489	0.02895
163.1	4.893	0.31777	0.0049	0.02892
163.2	4.896	0.31786	0.0049	0.02889
163.3	4.899	0.31794	0.0049	0.02885
163.4	4.902	0.31803	0.00491	0.02882
163.5	4.905	0.31812	0.00491	0.02878
163.6	4.908	0.3182	0.00491	0.02875
163.7	4.911	0.31829	0.00491	0.02871
163.8	4.914	0.31837	0.00492	0.02868
163.9	4.917	0.31846	0.00492	0.02865
164.0	4.92	0.31855	0.00492	0.02861
164.1	4.923	0.31863	0.00493	0.02858
164.2	4.926	0.31872	0.00493	0.02855
164.3	4.929	0.3188	0.00493	0.02851
164.4	4.932	0.31889	0.00494	0.02848
164.5	4.935	0.31897	0.00494	0.02844
164.6	4.938	0.31906	0.00494	0.02841
164.7	4.941	0.31914	0.00494	0.02838
164.8	4.944	0.31923	0.00495	0.02834
164.9	4.947	0.31931	0.00495	0.02831
165.0	4.95	0.3194	0.00495	0.02828
165.1	4.953	0.31948	0.00496	0.02824
165.2	4.956	0.31957	0.00496	0.02821
165.3	4.959	0.31965	0.00496	0.02818
165.4	4.962	0.31974	0.00497	0.02814
165.5	4.965	0.31982	0.00497	0.02811
165.6	4.968	0.31991	0.00497	0.02808
165.7	4.971	0.31999	0.00497	0.02805
165.8	4.974	0.32007	0.00498	0.02801
165.9	4.977	0.32016	0.00498	0.02798
166.0	4.98	0.32024	0.00498	0.02795
166.1	4.983	0.32033	0.00499	0.02792
166.2	4.986	0.32041	0.00499	0.02788
166.3	4.989	0.32049	0.00499	0.02785
166.4	4.992	0.32058	0.005	0.02782
166.5	4.995	0.32066	0.005	0.02779
166.6	4.998	0.32074	0.005	0.02775
166.7	5.001	0.32083	0.005	0.02772
166.8	5.004	0.32091	0.00501	0.02769
166.9	5.007	0.32099	0.00501	0.02766
167.0	5.01	0.32107	0.00501	0.02762
167.1	5.013	0.32116	0.00502	0.02759
167.2	5.016	0.32124	0.00502	0.02756
167.3	5.019	0.32132	0.00502	0.02753
167.4	5.022	0.32141	0.00503	0.0275
167.5	5.025	0.32149	0.00503	0.02747
167.6	5.028	0.32157	0.00503	0.02743
167.7	5.031	0.32165	0.00503	0.0274
167.8	5.034	0.32173	0.00504	0.02737
167.9	5.037	0.32182	0.00504	0.02734
168.0	5.04	0.3219	0.00504	0.02731
168.1	5.043	0.32198	0.00505	0.02728
168.2	5.046	0.32206	0.00505	0.02724
168.3	5.049	0.32214	0.00505	0.02721
168.4	5.052	0.32223	0.00506	0.02718
168.5	5.055	0.32231	0.00506	0.02715
168.6	5.058	0.32239	0.00506	0.02712
168.7	5.061	0.32247	0.00506	0.02709
168.8	5.064	0.32255	0.00507	0.02706
168.9	5.067	0.32263	0.00507	0.02703
169.0	5.07	0.32271	0.00507	0.027
169.1	5.073	0.32279	0.00508	0.02696
169.2	5.076	0.32287	0.00508	0.02693
169.3	5.079	0.32295	0.00508	0.0269
169.4	5.082	0.32304	0.00509	0.02687
169.5	5.085	0.32312	0.00509	0.02684
169.6	5.088	0.3232	0.00509	0.02681
169.7	5.091	0.32328	0.00509	0.02678
169.8	5.094	0.32336	0.0051	0.02675
169.9	5.097	0.32344	0.0051	0.02672
170.0	5.1	0.32352	0.0051	0.02669
170.1	5.103	0.3236	0.00511	0.02666
170.2	5.106	0.32368	0.00511	0.02663
170.3	5.109	0.32376	0.00511	0.0266
170.4	5.112	0.32384	0.00512	0.02657
170.5	5.115	0.32392	0.00512	0.02654
170.6	5.118	0.324	0.00512	0.02651
170.7	5.121	0.32408	0.00512	0.02648
170.8	5.124	0.32415	0.00513	0.02645
170.9	5.127	0.32423	0.00513	0.02642
171.0	5.13	0.32431	0.00513	0.02639
171.1	5.133	0.32439	0.00514	0.02636
171.2	5.136	0.32447	0.00514	0.02633
171.3	5.139	0.32455	0.00514	0.0263
171.4	5.142	0.32463	0.00515	0.02627
171.5	5.145	0.32471	0.00515	0.02624
171.6	5.148	0.32479	0.00515	0.02621
171.7	5.151	0.32486	0.00515	0.02618
171.8	5.154	0.32494	0.00516	0.02615
171.9	5.157	0.32502	0.00516	0.02612
172.0	5.16	0.3251	0.00516	0.02609
172.1	5.163	0.32518	0.00517	0.02606
172.2	5.166	0.32526	0.00517	0.02603
172.3	5.169	0.32533	0.00517	0.02601
172.4	5.172	0.32541	0.00518	0.02598
172.5	5.175	0.32549	0.00518	0.02595
172.6	5.178	0.32557	0.00518	0.02592
172.7	5.181	0.32565	0.00518	0.02589
172.8	5.184	0.32572	0.00519	0.02586
172.9	5.187	0.3258	0.00519	0.02583
173.0	5.19	0.32588	0.00519	0.0258
173.1	5.193	0.32596	0.0052	0.02577
173.2	5.196	0.32603	0.0052	0.02575
173.3	5.199	0.32611	0.0052	0.02572
173.4	5.202	0.32619	0.00521	0.02569
173.5	5.205	0.32626	0.00521	0.02566
173.6	5.208	0.32634	0.00521	0.02563
173.7	5.211	0.32642	0.00521	0.0256
173.8	5.214	0.32649	0.00522	0.02557
173.9	5.217	0.32657	0.00522	0.02555
174.0	5.22	0.32665	0.00522	0.02552
174.1	5.223	0.32672	0.00523	0.02549
174.2	5.226	0.3268	0.00523	0.02546
174.3	5.229	0.32688	0.00523	0.02543
174.4	5.232	0.32695	0.00524	0.02541
174.5	5.235	0.32703	0.00524	0.02538
174.6	5.238	0.3271	0.00524	0.02535
174.7	5.241	0.32718	0.00524	0.02532
174.8	5.244	0.32726	0.00525	0.02529
174.9	5.247	0.32733	0.00525	0.02527
175.0	5.25	0.32741	0.00525	0.02524
175.1	5.253	0.32748	0.00526	0.02521
175.2	5.256	0.32756	0.00526	0.02518
175.3	5.259	0.32763	0.00526	0.02516
175.4	5.262	0.32771	0.00527	0.02513
175.5	5.265	0.32779	0.00527	0.0251
175.6	5.268	0.32786	0.00527	0.02507
175.7	5.271	0.32794	0.00527	0.02505
175.8	5.274	0.32801	0.00528	0.02502
175.9	5.277	0.32809	0.00528	0.02499
176.0	5.28	0.32816	0.00528	0.02496
176.1	5.283	0.32824	0.00529	0.02494
176.2	5.286	0.32831	0.00529	0.02491
176.3	5.289	0.32838	0.00529	0.02488
176.4	5.292	0.32846	0.0053	0.02486
176.5	5.295	0.32853	0.0053	0.02483
176.6	5.298	0.32861	0.0053	0.0248
176.7	5.301	0.32868	0.0053	0.02477
176.8	5.304	0.32876	0.00531	0.02475
176.9	5.307	0.32883	0.00531	0.02472
177.0	5.31	0.32891	0.00531	0.02469
177.1	5.313	0.32898	0.00532	0.02467
177.2	5.316	0.32905	0.00532	0.02464
177.3	5.319	0.32913	0.00532	0.02461
177.4	5.322	0.3292	0.00533	0.02459
177.5	5.325	0.32927	0.00533	0.02456
177.6	5.328	0.32935	0.00533	0.02454
177.7	5.331	0.32942	0.00533	0.02451
177.8	5.334	0.32949	0.00534	0.02448
177.9	5.337	0.32957	0.00534	0.02446
178.0	5.34	0.32964	0.00534	0.02443
178.1	5.343	0.32971	0.00535	0.0244
178.2	5.346	0.32979	0.00535	0.02438
178.3	5.349	0.32986	0.00535	0.02435
178.4	5.352	0.32993	0.00536	0.02433
178.5	5.355	0.33001	0.00536	0.0243
178.6	5.358	0.33008	0.00536	0.02427
178.7	5.361	0.33015	0.00536	0.02425
178.8	5.364	0.33023	0.00537	0.02422
178.9	5.367	0.3303	0.00537	0.0242
179.0	5.37	0.33037	0.00537	0.02417
179.1	5.373	0.33044	0.00538	0.02414
179.2	5.376	0.33051	0.00538	0.02412
179.3	5.379	0.33059	0.00538	0.02409
179.4	5.382	0.33066	0.00539	0.02407
179.5	5.385	0.33073	0.00539	0.02404
179.6	5.388	0.3308	0.00539	0.02402
179.7	5.391	0.33088	0.00539	0.02399
179.8	5.394	0.33095	0.0054	0.02397
179.9	5.397	0.33102	0.0054	0.02394
180.0	5.4	0.33109	0.0054	0.02391
180.1	5.403	0.33116	0.00541	0.02389
180.2	5.406	0.33123	0.00541	0.02386
180.3	5.409	0.33131	0.00541	0.02384
180.4	5.412	0.33138	0.00542	0.02381
180.5	5.415	0.33145	0.00542	0.02379
180.6	5.418	0.33152	0.00542	0.02376
180.7	5.421	0.33159	0.00542	0.02374
180.8	5.424	0.33166	0.00543	0.02371
180.9	5.427	0.33173	0.00543	0.02369
181.0	5.43	0.3318	0.00543	0.02366
181.1	5.433	0.33188	0.00544	0.02364
181.2	5.436	0.33195	0.00544	0.02361
181.3	5.439	0.33202	0.00544	0.02359
181.4	5.442	0.33209	0.00545	0.02356
181.5	5.445	0.33216	0.00545	0.02354
181.6	5.448	0.33223	0.00545	0.02352
181.7	5.451	0.3323	0.00545	0.02349
181.8	5.454	0.33237	0.00546	0.02347
181.9	5.457	0.33244	0.00546	0.02344
182.0	5.46	0.33251	0.00546	0.02342
182.1	5.463	0.33258	0.00547	0.02339
182.2	5.466	0.33265	0.00547	0.02337
182.3	5.469	0.33272	0.00547	0.02334
182.4	5.472	0.33279	0.00548	0.02332
182.5	5.475	0.33286	0.00548	0.0233
182.6	5.478	0.33293	0.00548	0.02327
182.7	5.481	0.333	0.00548	0.02325
182.8	5.484	0.33307	0.00549	0.02322
182.9	5.487	0.33314	0.00549	0.0232
183.0	5.49	0.33321	0.00549	0.02318
183.1	5.493	0.33328	0.0055	0.02315
183.2	5.496	0.33335	0.0055	0.02313
183.3	5.499	0.33342	0.0055	0.0231
183.4	5.502	0.33349	0.00551	0.02308
183.5	5.505	0.33356	0.00551	0.02306
183.6	5.508	0.33362	0.00551	0.02303
183.7	5.511	0.33369	0.00551	0.02301
183.8	5.514	0.33376	0.00552	0.02299
183.9	5.517	0.33383	0.00552	0.02296
184.0	5.52	0.3339	0.00552	0.02294
184.1	5.523	0.33397	0.00553	0.02291
184.2	5.526	0.33404	0.00553	0.02289
184.3	5.529	0.33411	0.00553	0.02287
184.4	5.532	0.33417	0.00554	0.02284
184.5	5.535	0.33424	0.00554	0.02282
184.6	5.538	0.33431	0.00554	0.0228
184.7	5.541	0.33438	0.00554	0.02277
184.8	5.544	0.33445	0.00555	0.02275
184.9	5.547	0.33452	0.00555	0.02273
185.0	5.55	0.33458	0.00555	0.02271
185.1	5.553	0.33465	0.00556	0.02268
185.2	5.556	0.33472	0.00556	0.02266
185.3	5.559	0.33479	0.00556	0.02264
185.4	5.562	0.33486	0.00557	0.02261
185.5	5.565	0.33492	0.00557	0.02259
185.6	5.568	0.33499	0.00557	0.02257
185.7	5.571	0.33506	0.00557	0.02254
185.8	5.574	0.33513	0.00558	0.02252
185.9	5.577	0.33519	0.00558	0.0225
186.0	5.58	0.33526	0.00558	0.02248
186.1	5.583	0.33533	0.00559	0.02245
186.2	5.586	0.3354	0.00559	0.02243
186.3	5.589	0.33546	0.00559	0.02241
186.4	5.592	0.33553	0.0056	0.02239
186.5	5.595	0.3356	0.0056	0.02236
186.6	5.598	0.33566	0.0056	0.02234
186.7	5.601	0.33573	0.0056	0.02232
186.8	5.604	0.3358	0.00561	0.0223
186.9	5.607	0.33587	0.00561	0.02227
187.0	5.61	0.33593	0.00561	0.02225
187.1	5.613	0.336	0.00562	0.02223
187.2	5.616	0.33607	0.00562	0.02221
187.3	5.619	0.33613	0.00562	0.02218
187.4	5.622	0.3362	0.00563	0.02216
187.5	5.625	0.33626	0.00563	0.02214
187.6	5.628	0.33633	0.00563	0.02212
187.7	5.631	0.3364	0.00563	0.0221
187.8	5.634	0.33646	0.00564	0.02207
187.9	5.637	0.33653	0.00564	0.02205
188.0	5.64	0.3366	0.00564	0.02203
188.1	5.643	0.33666	0.00565	0.02201
188.2	5.646	0.33673	0.00565	0.02199
188.3	5.649	0.33679	0.00565	0.02197
188.4	5.652	0.33686	0.00566	0.02194
188.5	5.655	0.33693	0.00566	0.02192
188.6	5.658	0.33699	0.00566	0.0219
188.7	5.661	0.33706	0.00566	0.02188
188.8	5.664	0.33712	0.00567	0.02186
188.9	5.667	0.33719	0.00567	0.02184
189.0	5.67	0.33725	0.00567	0.02181
189.1	5.673	0.33732	0.00568	0.02179
189.2	5.676	0.33738	0.00568	0.02177
189.3	5.679	0.33745	0.00568	0.02175
189.4	5.682	0.33751	0.00569	0.02173
189.5	5.685	0.33758	0.00569	0.02171
189.6	5.688	0.33764	0.00569	0.02169
189.7	5.691	0.33771	0.00569	0.02166
189.8	5.694	0.33777	0.0057	0.02164
189.9	5.697	0.33784	0.0057	0.02162
190.0	5.7	0.3379	0.0057	0.0216
190.1	5.703	0.33797	0.00571	0.02158
190.2	5.706	0.33803	0.00571	0.02156
190.3	5.709	0.3381	0.00571	0.02154
190.4	5.712	0.33816	0.00572	0.02152
190.5	5.715	0.33823	0.00572	0.0215
190.6	5.718	0.33829	0.00572	0.02148
190.7	5.721	0.33836	0.00572	0.02145
190.8	5.724	0.33842	0.00573	0.02143
190.9	5.727	0.33848	0.00573	0.02141
191.0	5.73	0.33855	0.00573	0.02139
191.1	5.733	0.33861	0.00574	0.02137
191.2	5.736	0.33868	0.00574	0.02135
191.3	5.739	0.33874	0.00574	0.02133
191.4	5.742	0.33881	0.00575	0.02131
191.5	5.745	0.33887	0.00575	0.02129
191.6	5.748	0.33893	0.00575	0.02127
191.7	5.751	0.339	0.00575	0.02125
191.8	5.754	0.33906	0.00576	0.02123
191.9	5.757	0.33912	0.00576	0.02121
192.0	5.76	0.33919	0.00576	0.02119
192.1	5.763	0.33925	0.00577	0.02117
192.2	5.766	0.33931	0.00577	0.02115
192.3	5.769	0.33938	0.00577	0.02113
192.4	5.772	0.33944	0.00578	0.02111
192.5	5.775	0.3395	0.00578	0.02109
192.6	5.778	0.33957	0.00578	0.02107
192.7	5.781	0.33963	0.00578	0.02105
192.8	5.784	0.33969	0.00579	0.02103
192.9	5.787	0.33976	0.00579	0.02101
193.0	5.79	0.33982	0.00579	0.02099
193.1	5.793	0.33988	0.0058	0.02097
193.2	5.796	0.33995	0.0058	0.02095
193.3	5.799	0.34001	0.0058	0.02093
193.4	5.802	0.34007	0.00581	0.02091
193.5	5.805	0.34013	0.00581	0.02089
193.6	5.808	0.3402	0.00581	0.02087
193.7	5.811	0.34026	0.00581	0.02085
193.8	5.814	0.34032	0.00582	0.02083
193.9	5.817	0.34038	0.00582	0.02081
194.0	5.82	0.34045	0.00582	0.02079
194.1	5.823	0.34051	0.00583	0.02077
194.2	5.826	0.34057	0.00583	0.02075
194.3	5.829	0.34063	0.00583	0.02073
194.4	5.832	0.34069	0.00584	0.02071
194.5	5.835	0.34076	0.00584	0.02069
194.6	5.838	0.34082	0.00584	0.02067
194.7	5.841	0.34088	0.00584	0.02065
194.8	5.844	0.34094	0.00585	0.02063
194.9	5.847	0.341	0.00585	0.02061
195.0	5.85	0.34107	0.00585	0.02059
195.1	5.853	0.34113	0.00586	0.02057
195.2	5.856	0.34119	0.00586	0.02055
195.3	5.859	0.34125	0.00586	0.02054
195.4	5.862	0.34131	0.00587	0.02052
195.5	5.865	0.34137	0.00587	0.0205
195.6	5.868	0.34144	0.00587	0.02048
195.7	5.871	0.3415	0.00587	0.02046
195.8	5.874	0.34156	0.00588	0.02044
195.9	5.877	0.34162	0.00588	0.02042
196.0	5.88	0.34168	0.00588	0.0204
196.1	5.883	0.34174	0.00589	0.02038
196.2	5.886	0.3418	0.00589	0.02036
196.3	5.889	0.34186	0.00589	0.02035
196.4	5.892	0.34193	0.0059	0.02033
196.5	5.895	0.34199	0.0059	0.02031
196.6	5.898	0.34205	0.0059	0.02029
196.7	5.901	0.34211	0.0059	0.02027
196.8	5.904	0.34217	0.00591	0.02025
196.9	5.907	0.34223	0.00591	0.02023
197.0	5.91	0.34229	0.00591	0.02021
197.1	5.913	0.34235	0.00592	0.0202
197.2	5.916	0.34241	0.00592	0.02018
197.3	5.919	0.34247	0.00592	0.02016
197.4	5.922	0.34253	0.00593	0.02014
197.5	5.925	0.34259	0.00593	0.02012
197.6	5.928	0.34265	0.00593	0.0201
197.7	5.931	0.34271	0.00593	0.02009
197.8	5.934	0.34277	0.00594	0.02007
197.9	5.937	0.34283	0.00594	0.02005
198.0	5.94	0.34289	0.00594	0.02003
198.1	5.943	0.34295	0.00595	0.02001
198.2	5.946	0.34301	0.00595	0.01999
198.3	5.949	0.34307	0.00595	0.01998
198.4	5.952	0.34313	0.00596	0.01996
198.5	5.955	0.34319	0.00596	0.01994
198.6	5.958	0.34325	0.00596	0.01992
198.7	5.961	0.34331	0.00596	0.0199
198.8	5.964	0.34337	0.00597	0.01989
198.9	5.967	0.34343	0.00597	0.01987
199.0	5.97	0.34349	0.00597	0.01985
199.1	5.973	0.34355	0.00598	0.01983
199.2	5.976	0.34361	0.00598	0.01981
199.3	5.979	0.34367	0.00598	0.0198
199.4	5.982	0.34373	0.00599	0.01978
199.5	5.985	0.34379	0.00599	0.01976
199.6	5.988	0.34385	0.00599	0.01974
199.7	5.991	0.34391	0.00599	0.01973
199.8	5.994	0.34397	0.006	0.01971
199.9	5.997	0.34402	0.006	0.01969
200.0	6.0	0.34408	0.006	0.01967
200.1	6.003	0.34414	0.00601	0.01965
200.2	6.006	0.3442	0.00601	0.01964
200.3	6.009	0.34426	0.00601	0.01962
200.4	6.012	0.34432	0.00602	0.0196
200.5	6.015	0.34438	0.00602	0.01958
200.6	6.018	0.34444	0.00602	0.01957
200.7	6.021	0.3445	0.00602	0.01955
200.8	6.024	0.34455	0.00603	0.01953
200.9	6.027	0.34461	0.00603	0.01952
201.0	6.03	0.34467	0.00603	0.0195
201.1	6.033	0.34473	0.00604	0.01948
201.2	6.036	0.34479	0.00604	0.01946
201.3	6.039	0.34485	0.00604	0.01945
201.4	6.042	0.3449	0.00605	0.01943
201.5	6.045	0.34496	0.00605	0.01941
201.6	6.048	0.34502	0.00605	0.0194
201.7	6.051	0.34508	0.00605	0.01938
201.8	6.054	0.34514	0.00606	0.01936
201.9	6.057	0.3452	0.00606	0.01934
202.0	6.06	0.34525	0.00606	0.01933
202.1	6.063	0.34531	0.00607	0.01931
202.2	6.066	0.34537	0.00607	0.01929
202.3	6.069	0.34543	0.00607	0.01928
202.4	6.072	0.34548	0.00608	0.01926
202.5	6.075	0.34554	0.00608	0.01924
202.6	6.078	0.3456	0.00608	0.01923
202.7	6.081	0.34566	0.00608	0.01921
202.8	6.084	0.34572	0.00609	0.01919
202.9	6.087	0.34577	0.00609	0.01918
203.0	6.09	0.34583	0.00609	0.01916
203.1	6.093	0.34589	0.0061	0.01914
203.2	6.096	0.34594	0.0061	0.01913
203.3	6.099	0.346	0.0061	0.01911
203.4	6.102	0.34606	0.00611	0.01909
203.5	6.105	0.34612	0.00611	0.01908
203.6	6.108	0.34617	0.00611	0.01906
203.7	6.111	0.34623	0.00611	0.01904
203.8	6.114	0.34629	0.00612	0.01903
203.9	6.117	0.34635	0.00612	0.01901
204.0	6.12	0.3464	0.00612	0.01899
204.1	6.123	0.34646	0.00613	0.01898
204.2	6.126	0.34652	0.00613	0.01896
204.3	6.129	0.34657	0.00613	0.01895
204.4	6.132	0.34663	0.00614	0.01893
204.5	6.135	0.34669	0.00614	0.01891
204.6	6.138	0.34674	0.00614	0.0189
204.7	6.141	0.3468	0.00614	0.01888
204.8	6.144	0.34686	0.00615	0.01886
204.9	6.147	0.34691	0.00615	0.01885
205.0	6.15	0.34697	0.00615	0.01883
205.1	6.153	0.34703	0.00616	0.01882
205.2	6.156	0.34708	0.00616	0.0188
205.3	6.159	0.34714	0.00616	0.01878
205.4	6.162	0.34719	0.00617	0.01877
205.5	6.165	0.34725	0.00617	0.01875
205.6	6.168	0.34731	0.00617	0.01874
205.7	6.171	0.34736	0.00617	0.01872
205.8	6.174	0.34742	0.00618	0.0187
205.9	6.177	0.34748	0.00618	0.01869
206.0	6.18	0.34753	0.00618	0.01867
206.1	6.183	0.34759	0.00619	0.01866
206.2	6.186	0.34764	0.00619	0.01864
206.3	6.189	0.3477	0.00619	0.01863
206.4	6.192	0.34776	0.0062	0.01861
206.5	6.195	0.34781	0.0062	0.01859
206.6	6.198	0.34787	0.0062	0.01858
206.7	6.201	0.34792	0.0062	0.01856
206.8	6.204	0.34798	0.00621	0.01855
206.9	6.207	0.34803	0.00621	0.01853
207.0	6.21	0.34809	0.00621	0.01852
207.1	6.213	0.34814	0.00622	0.0185
207.2	6.216	0.3482	0.00622	0.01849
207.3	6.219	0.34826	0.00622	0.01847
207.4	6.222	0.34831	0.00623	0.01845
207.5	6.225	0.34837	0.00623	0.01844
207.6	6.228	0.34842	0.00623	0.01842
207.7	6.231	0.34848	0.00623	0.01841
207.8	6.234	0.34853	0.00624	0.01839
207.9	6.237	0.34859	0.00624	0.01838
208.0	6.24	0.34864	0.00624	0.01836
208.1	6.243	0.3487	0.00625	0.01835
208.2	6.246	0.34875	0.00625	0.01833
208.3	6.249	0.34881	0.00625	0.01832
208.4	6.252	0.34886	0.00626	0.0183
208.5	6.255	0.34892	0.00626	0.01829
208.6	6.258	0.34897	0.00626	0.01827
208.7	6.261	0.34903	0.00626	0.01826
208.8	6.264	0.34908	0.00627	0.01824
208.9	6.267	0.34914	0.00627	0.01823
209.0	6.27	0.34919	0.00627	0.01821
209.1	6.273	0.34925	0.00628	0.0182
209.2	6.276	0.3493	0.00628	0.01818
209.3	6.279	0.34935	0.00628	0.01817
209.4	6.282	0.34941	0.00629	0.01815
209.5	6.285	0.34946	0.00629	0.01814
209.6	6.288	0.34952	0.00629	0.01812
209.7	6.291	0.34957	0.00629	0.01811
209.8	6.294	0.34963	0.0063	0.01809
209.9	6.297	0.34968	0.0063	0.01808
210.0	6.3	0.34973	0.0063	0.01806
210.1	6.303	0.34979	0.00631	0.01805
210.2	6.306	0.34984	0.00631	0.01804
210.3	6.309	0.3499	0.00631	0.01802
210.4	6.312	0.34995	0.00632	0.01801
210.5	6.315	0.35	0.00632	0.01799
210.6	6.318	0.35006	0.00632	0.01798
210.7	6.321	0.35011	0.00632	0.01796
210.8	6.324	0.35017	0.00633	0.01795
210.9	6.327	0.35022	0.00633	0.01793
211.0	6.33	0.35027	0.00633	0.01792
211.1	6.333	0.35033	0.00634	0.0179
211.2	6.336	0.35038	0.00634	0.01789
211.3	6.339	0.35044	0.00634	0.01788
211.4	6.342	0.35049	0.00635	0.01786
211.5	6.345	0.35054	0.00635	0.01785
211.6	6.348	0.3506	0.00635	0.01783
211.7	6.351	0.35065	0.00635	0.01782
211.8	6.354	0.3507	0.00636	0.0178
211.9	6.357	0.35076	0.00636	0.01779
212.0	6.36	0.35081	0.00636	0.01778
212.1	6.363	0.35086	0.00637	0.01776
212.2	6.366	0.35092	0.00637	0.01775
212.3	6.369	0.35097	0.00637	0.01773
212.4	6.372	0.35102	0.00638	0.01772
212.5	6.375	0.35108	0.00638	0.01771
212.6	6.378	0.35113	0.00638	0.01769
212.7	6.381	0.35118	0.00638	0.01768
212.8	6.384	0.35123	0.00639	0.01766
212.9	6.387	0.35129	0.00639	0.01765
213.0	6.39	0.35134	0.00639	0.01764
213.1	6.393	0.35139	0.0064	0.01762
213.2	6.396	0.35145	0.0064	0.01761
213.3	6.399	0.3515	0.0064	0.01759
213.4	6.402	0.35155	0.00641	0.01758
213.5	6.405	0.3516	0.00641	0.01757
213.6	6.408	0.35166	0.00641	0.01755
213.7	6.411	0.35171	0.00641	0.01754
213.8	6.414	0.35176	0.00642	0.01753
213.9	6.417	0.35181	0.00642	0.01751
214.0	6.42	0.35187	0.00642	0.0175
214.1	6.423	0.35192	0.00643	0.01749
214.2	6.426	0.35197	0.00643	0.01747
214.3	6.429	0.35202	0.00643	0.01746
214.4	6.432	0.35208	0.00644	0.01744
214.5	6.435	0.35213	0.00644	0.01743
214.6	6.438	0.35218	0.00644	0.01742
214.7	6.441	0.35223	0.00644	0.0174
214.8	6.444	0.35229	0.00645	0.01739
214.9	6.447	0.35234	0.00645	0.01738
215.0	6.45	0.35239	0.00645	0.01736
215.1	6.453	0.35244	0.00646	0.01735
215.2	6.456	0.35249	0.00646	0.01734
215.3	6.459	0.35255	0.00646	0.01732
215.4	6.462	0.3526	0.00647	0.01731
215.5	6.465	0.35265	0.00647	0.0173
215.6	6.468	0.3527	0.00647	0.01728
215.7	6.471	0.35275	0.00647	0.01727
215.8	6.474	0.35281	0.00648	0.01726
215.9	6.477	0.35286	0.00648	0.01724
216.0	6.48	0.35291	0.00648	0.01723
216.1	6.483	0.35296	0.00649	0.01722
216.2	6.486	0.35301	0.00649	0.0172
216.3	6.489	0.35306	0.00649	0.01719
216.4	6.492	0.35311	0.0065	0.01718
216.5	6.495	0.35317	0.0065	0.01717
216.6	6.498	0.35322	0.0065	0.01715
216.7	6.501	0.35327	0.0065	0.01714
216.8	6.504	0.35332	0.00651	0.01713
216.9	6.507	0.35337	0.00651	0.01711
217.0	6.51	0.35342	0.00651	0.0171
217.1	6.513	0.35347	0.00652	0.01709
217.2	6.516	0.35353	0.00652	0.01707
217.3	6.519	0.35358	0.00652	0.01706
217.4	6.522	0.35363	0.00653	0.01705
217.5	6.525	0.35368	0.00653	0.01704
217.6	6.528	0.35373	0.00653	0.01702
217.7	6.531	0.35378	0.00653	0.01701
217.8	6.534	0.35383	0.00654	0.017
217.9	6.537	0.35388	0.00654	0.01699
218.0	6.54	0.35393	0.00654	0.01697
218.1	6.543	0.35399	0.00655	0.01696
218.2	6.546	0.35404	0.00655	0.01695
218.3	6.549	0.35409	0.00655	0.01693
218.4	6.552	0.35414	0.00656	0.01692
218.5	6.555	0.35419	0.00656	0.01691
218.6	6.558	0.35424	0.00656	0.0169
218.7	6.561	0.35429	0.00656	0.01688
218.8	6.564	0.35434	0.00657	0.01687
218.9	6.567	0.35439	0.00657	0.01686
219.0	6.57	0.35444	0.00657	0.01685
219.1	6.573	0.35449	0.00658	0.01683
219.2	6.576	0.35454	0.00658	0.01682
219.3	6.579	0.35459	0.00658	0.01681
219.4	6.582	0.35464	0.00659	0.0168
219.5	6.585	0.35469	0.00659	0.01679
219.6	6.588	0.35474	0.00659	0.01677
219.7	6.591	0.35479	0.00659	0.01676
219.8	6.594	0.35484	0.0066	0.01675
219.9	6.597	0.35489	0.0066	0.01674
220.0	6.6	0.35494	0.0066	0.01672
220.1	6.603	0.35499	0.00661	0.01671
220.2	6.606	0.35504	0.00661	0.0167
220.3	6.609	0.35509	0.00661	0.01669
220.4	6.612	0.35515	0.00662	0.01668
220.5	6.615	0.35519	0.00662	0.01666
220.6	6.618	0.35524	0.00662	0.01665
220.7	6.621	0.35529	0.00662	0.01664
220.8	6.624	0.35534	0.00663	0.01663
220.9	6.627	0.35539	0.00663	0.01661
221.0	6.63	0.35544	0.00663	0.0166
221.1	6.633	0.35549	0.00664	0.01659
221.2	6.636	0.35554	0.00664	0.01658
221.3	6.639	0.35559	0.00664	0.01657
221.4	6.642	0.35564	0.00665	0.01655
221.5	6.645	0.35569	0.00665	0.01654
221.6	6.648	0.35574	0.00665	0.01653
221.7	6.651	0.35579	0.00665	0.01652
221.8	6.654	0.35584	0.00666	0.01651
221.9	6.657	0.35589	0.00666	0.0165
222.0	6.66	0.35594	0.00666	0.01648
222.1	6.663	0.35599	0.00667	0.01647
222.2	6.666	0.35604	0.00667	0.01646
222.3	6.669	0.35609	0.00667	0.01645
222.4	6.672	0.35614	0.00668	0.01644
222.5	6.675	0.35619	0.00668	0.01642
222.6	6.678	0.35624	0.00668	0.01641
222.7	6.681	0.35629	0.00668	0.0164
222.8	6.684	0.35633	0.00669	0.01639
222.9	6.687	0.35638	0.00669	0.01638
223.0	6.69	0.35643	0.00669	0.01637
223.1	6.693	0.35648	0.0067	0.01636
223.2	6.696	0.35653	0.0067	0.01634
223.3	6.699	0.35658	0.0067	0.01633
223.4	6.702	0.35663	0.00671	0.01632
223.5	6.705	0.35668	0.00671	0.01631
223.6	6.708	0.35673	0.00671	0.0163
223.7	6.711	0.35678	0.00671	0.01629
223.8	6.714	0.35682	0.00672	0.01627
223.9	6.717	0.35687	0.00672	0.01626
224.0	6.72	0.35692	0.00672	0.01625
224.1	6.723	0.35697	0.00673	0.01624
224.2	6.726	0.35702	0.00673	0.01623
224.3	6.729	0.35707	0.00673	0.01622
224.4	6.732	0.35712	0.00674	0.01621
224.5	6.735	0.35717	0.00674	0.0162
224.6	6.738	0.35721	0.00674	0.01618
224.7	6.741	0.35726	0.00674	0.01617
224.8	6.744	0.35731	0.00675	0.01616
224.9	6.747	0.35736	0.00675	0.01615
225.0	6.75	0.35741	0.00675	0.01614
225.1	6.753	0.35746	0.00676	0.01613
225.2	6.756	0.3575	0.00676	0.01612
225.3	6.759	0.35755	0.00676	0.01611
225.4	6.762	0.3576	0.00677	0.01609
225.5	6.765	0.35765	0.00677	0.01608
225.6	6.768	0.3577	0.00677	0.01607
225.7	6.771	0.35775	0.00677	0.01606
225.8	6.774	0.35779	0.00678	0.01605
225.9	6.777	0.35784	0.00678	0.01604
226.0	6.78	0.35789	0.00678	0.01603
226.1	6.783	0.35794	0.00679	0.01602
226.2	6.786	0.35799	0.00679	0.01601
226.3	6.789	0.35803	0.00679	0.016
226.4	6.792	0.35808	0.0068	0.01599
226.5	6.795	0.35813	0.0068	0.01597
226.6	6.798	0.35818	0.0068	0.01596
226.7	6.801	0.35823	0.0068	0.01595
226.8	6.804	0.35827	0.00681	0.01594
226.9	6.807	0.35832	0.00681	0.01593
227.0	6.81	0.35837	0.00681	0.01592
227.1	6.813	0.35842	0.00682	0.01591
227.2	6.816	0.35846	0.00682	0.0159
227.3	6.819	0.35851	0.00682	0.01589
227.4	6.822	0.35856	0.00683	0.01588
227.5	6.825	0.35861	0.00683	0.01587
227.6	6.828	0.35866	0.00683	0.01586
227.7	6.831	0.3587	0.00683	0.01585
227.8	6.834	0.35875	0.00684	0.01583
227.9	6.837	0.3588	0.00684	0.01582
228.0	6.84	0.35885	0.00684	0.01581
228.1	6.843	0.35889	0.00685	0.0158
228.2	6.846	0.35894	0.00685	0.01579
228.3	6.849	0.35899	0.00685	0.01578
228.4	6.852	0.35903	0.00686	0.01577
228.5	6.855	0.35908	0.00686	0.01576
228.6	6.858	0.35913	0.00686	0.01575
228.7	6.861	0.35918	0.00686	0.01574
228.8	6.864	0.35922	0.00687	0.01573
228.9	6.867	0.35927	0.00687	0.01572
229.0	6.87	0.35932	0.00687	0.01571
229.1	6.873	0.35936	0.00688	0.0157
229.2	6.876	0.35941	0.00688	0.01569
229.3	6.879	0.35946	0.00688	0.01568
229.4	6.882	0.35951	0.00689	0.01567
229.5	6.885	0.35955	0.00689	0.01566
229.6	6.888	0.3596	0.00689	0.01565
229.7	6.891	0.35965	0.00689	0.01564
229.8	6.894	0.35969	0.0069	0.01563
229.9	6.897	0.35974	0.0069	0.01562
230.0	6.9	0.35979	0.0069	0.01561
230.1	6.903	0.35983	0.00691	0.0156
230.2	6.906	0.35988	0.00691	0.01559
230.3	6.909	0.35993	0.00691	0.01558
230.4	6.912	0.35997	0.00692	0.01557
230.5	6.915	0.36002	0.00692	0.01556
230.6	6.918	0.36007	0.00692	0.01555
230.7	6.921	0.36011	0.00692	0.01554
230.8	6.924	0.36016	0.00693	0.01552
230.9	6.927	0.36021	0.00693	0.01551
231.0	6.93	0.36025	0.00693	0.0155
231.1	6.933	0.3603	0.00694	0.01549
231.2	6.936	0.36035	0.00694	0.01548
231.3	6.939	0.36039	0.00694	0.01547
231.4	6.942	0.36044	0.00695	0.01547
231.5	6.945	0.36049	0.00695	0.01546
231.6	6.948	0.36053	0.00695	0.01545
231.7	6.951	0.36058	0.00695	0.01544
231.8	6.954	0.36062	0.00696	0.01543
231.9	6.957	0.36067	0.00696	0.01542
232.0	6.96	0.36072	0.00696	0.01541
232.1	6.963	0.36076	0.00697	0.0154
232.2	6.966	0.36081	0.00697	0.01539
232.3	6.969	0.36086	0.00697	0.01538
232.4	6.972	0.3609	0.00698	0.01537
232.5	6.975	0.36095	0.00698	0.01536
232.6	6.978	0.36099	0.00698	0.01535
232.7	6.981	0.36104	0.00698	0.01534
232.8	6.984	0.36109	0.00699	0.01533
232.9	6.987	0.36113	0.00699	0.01532
233.0	6.99	0.36118	0.00699	0.01531
233.1	6.993	0.36122	0.007	0.0153
233.2	6.996	0.36127	0.007	0.01529
233.3	6.999	0.36132	0.007	0.01528
233.4	7.002	0.36136	0.00701	0.01527
233.5	7.005	0.36141	0.00701	0.01526
233.6	7.008	0.36145	0.00701	0.01525
233.7	7.011	0.3615	0.00701	0.01524
233.8	7.014	0.36154	0.00702	0.01523
233.9	7.017	0.36159	0.00702	0.01522
234.0	7.02	0.36164	0.00702	0.01521
234.1	7.023	0.36168	0.00703	0.0152
234.2	7.026	0.36173	0.00703	0.01519
234.3	7.029	0.36177	0.00703	0.01518
234.4	7.032	0.36182	0.00704	0.01517
234.5	7.035	0.36186	0.00704	0.01517
234.6	7.038	0.36191	0.00704	0.01516
234.7	7.041	0.36195	0.00704	0.01515
234.8	7.044	0.362	0.00705	0.01514
234.9	7.047	0.36205	0.00705	0.01513
235.0	7.05	0.36209	0.00705	0.01512
235.1	7.053	0.36214	0.00706	0.01511
235.2	7.056	0.36218	0.00706	0.0151
235.3	7.059	0.36223	0.00706	0.01509
235.4	7.062	0.36227	0.00707	0.01508
235.5	7.065	0.36232	0.00707	0.01507
235.6	7.068	0.36236	0.00707	0.01506
235.7	7.071	0.36241	0.00707	0.01505
235.8	7.074	0.36245	0.00708	0.01504
235.9	7.077	0.3625	0.00708	0.01504
236.0	7.08	0.36254	0.00708	0.01503
236.1	7.083	0.36259	0.00709	0.01502
236.2	7.086	0.36263	0.00709	0.01501
236.3	7.089	0.36268	0.00709	0.015
236.4	7.092	0.36272	0.0071	0.01499
236.5	7.095	0.36277	0.0071	0.01498
236.6	7.098	0.36281	0.0071	0.01497
236.7	7.101	0.36286	0.0071	0.01496
236.8	7.104	0.3629	0.00711	0.01495
236.9	7.107	0.36295	0.00711	0.01494
237.0	7.11	0.36299	0.00711	0.01494
237.1	7.113	0.36304	0.00712	0.01493
237.2	7.116	0.36308	0.00712	0.01492
237.3	7.119	0.36313	0.00712	0.01491
237.4	7.122	0.36317	0.00713	0.0149
237.5	7.125	0.36322	0.00713	0.01489
237.6	7.128	0.36326	0.00713	0.01488
237.7	7.131	0.3633	0.00713	0.01487
237.8	7.134	0.36335	0.00714	0.01486
237.9	7.137	0.36339	0.00714	0.01486
238.0	7.14	0.36344	0.00714	0.01485
238.1	7.143	0.36348	0.00715	0.01484
238.2	7.146	0.36353	0.00715	0.01483
238.3	7.149	0.36357	0.00715	0.01482
238.4	7.152	0.36362	0.00716	0.01481
238.5	7.155	0.36366	0.00716	0.0148
238.6	7.158	0.36371	0.00716	0.01479
238.7	7.161	0.36375	0.00716	0.01479
238.8	7.164	0.36379	0.00717	0.01478
238.9	7.167	0.36384	0.00717	0.01477
239.0	7.17	0.36388	0.00717	0.01476
239.1	7.173	0.36393	0.00718	0.01475
239.2	7.176	0.36397	0.00718	0.01474
239.3	7.179	0.36402	0.00718	0.01473
239.4	7.182	0.36406	0.00719	0.01473
239.5	7.185	0.3641	0.00719	0.01472
239.6	7.188	0.36415	0.00719	0.01471
239.7	7.191	0.36419	0.00719	0.0147
239.8	7.194	0.36424	0.0072	0.01469
239.9	7.197	0.36428	0.0072	0.01468
240.0	7.2	0.36432	0.0072	0.01467
240.1	7.203	0.36437	0.00721	0.01467
240.2	7.206	0.36441	0.00721	0.01466
240.3	7.209	0.36446	0.00721	0.01465
240.4	7.212	0.3645	0.00722	0.01464
240.5	7.215	0.36454	0.00722	0.01463
240.6	7.218	0.36459	0.00722	0.01462
240.7	7.221	0.36463	0.00722	0.01461
240.8	7.224	0.36467	0.00723	0.01461
240.9	7.227	0.36472	0.00723	0.0146
241.0	7.23	0.36476	0.00723	0.01459
241.1	7.233	0.36481	0.00724	0.01458
241.2	7.236	0.36485	0.00724	0.01457
241.3	7.239	0.36489	0.00724	0.01456
241.4	7.242	0.36494	0.00725	0.01456
241.5	7.245	0.36498	0.00725	0.01455
241.6	7.248	0.36502	0.00725	0.01454
241.7	7.251	0.36507	0.00725	0.01453
241.8	7.254	0.36511	0.00726	0.01452
241.9	7.257	0.36516	0.00726	0.01452
242.0	7.26	0.3652	0.00726	0.01451
242.1	7.263	0.36524	0.00727	0.0145
242.2	7.266	0.36529	0.00727	0.01449
242.3	7.269	0.36533	0.00727	0.01448
242.4	7.272	0.36537	0.00728	0.01447
242.5	7.275	0.36542	0.00728	0.01447
242.6	7.278	0.36546	0.00728	0.01446
242.7	7.281	0.3655	0.00728	0.01445
242.8	7.284	0.36555	0.00729	0.01444
242.9	7.287	0.36559	0.00729	0.01443
243.0	7.29	0.36563	0.00729	0.01443
243.1	7.293	0.36568	0.0073	0.01442
243.2	7.296	0.36572	0.0073	0.01441
243.3	7.299	0.36576	0.0073	0.0144
243.4	7.302	0.36581	0.00731	0.01439
243.5	7.305	0.36585	0.00731	0.01439
243.6	7.308	0.36589	0.00731	0.01438
243.7	7.311	0.36594	0.00731	0.01437
243.8	7.314	0.36598	0.00732	0.01436
243.9	7.317	0.36602	0.00732	0.01435
244.0	7.32	0.36606	0.00732	0.01435
244.1	7.323	0.36611	0.00733	0.01434
244.2	7.326	0.36615	0.00733	0.01433
244.3	7.329	0.36619	0.00733	0.01432
244.4	7.332	0.36624	0.00734	0.01431
244.5	7.335	0.36628	0.00734	0.01431
244.6	7.338	0.36632	0.00734	0.0143
244.7	7.341	0.36636	0.00734	0.01429
244.8	7.344	0.36641	0.00735	0.01428
244.9	7.347	0.36645	0.00735	0.01428
245.0	7.35	0.36649	0.00735	0.01427
245.1	7.353	0.36654	0.00736	0.01426
245.2	7.356	0.36658	0.00736	0.01425
245.3	7.359	0.36662	0.00736	0.01424
245.4	7.362	0.36666	0.00737	0.01424
245.5	7.365	0.36671	0.00737	0.01423
245.6	7.368	0.36675	0.00737	0.01422
245.7	7.371	0.36679	0.00737	0.01421
245.8	7.374	0.36683	0.00738	0.01421
245.9	7.377	0.36688	0.00738	0.0142
246.0	7.38	0.36692	0.00738	0.01419
246.1	7.383	0.36696	0.00739	0.01418
246.2	7.386	0.36701	0.00739	0.01418
246.3	7.389	0.36705	0.00739	0.01417
246.4	7.392	0.36709	0.0074	0.01416
246.5	7.395	0.36713	0.0074	0.01415
246.6	7.398	0.36717	0.0074	0.01415
246.7	7.401	0.36722	0.0074	0.01414
246.8	7.404	0.36726	0.00741	0.01413
246.9	7.407	0.3673	0.00741	0.01412
247.0	7.41	0.36734	0.00741	0.01412
247.1	7.413	0.36739	0.00742	0.01411
247.2	7.416	0.36743	0.00742	0.0141
247.3	7.419	0.36747	0.00742	0.01409
247.4	7.422	0.36751	0.00743	0.01409
247.5	7.425	0.36756	0.00743	0.01408
247.6	7.428	0.3676	0.00743	0.01407
247.7	7.431	0.36764	0.00743	0.01406
247.8	7.434	0.36768	0.00744	0.01406
247.9	7.437	0.36772	0.00744	0.01405
248.0	7.44	0.36777	0.00744	0.01404
248.1	7.443	0.36781	0.00745	0.01403
248.2	7.446	0.36785	0.00745	0.01403
248.3	7.449	0.36789	0.00745	0.01402
248.4	7.452	0.36794	0.00746	0.01401
248.5	7.455	0.36798	0.00746	0.014
248.6	7.458	0.36802	0.00746	0.014
248.7	7.461	0.36806	0.00746	0.01399
248.8	7.464	0.3681	0.00747	0.01398
248.9	7.467	0.36814	0.00747	0.01398
249.0	7.47	0.36819	0.00747	0.01397
249.1	7.473	0.36823	0.00748	0.01396
249.2	7.476	0.36827	0.00748	0.01395
249.3	7.479	0.36831	0.00748	0.01395
249.4	7.482	0.36835	0.00749	0.01394
249.5	7.485	0.3684	0.00749	0.01393
249.6	7.488	0.36844	0.00749	0.01393
249.7	7.491	0.36848	0.00749	0.01392
249.8	7.494	0.36852	0.0075	0.01391
249.9	7.497	0.36856	0.0075	0.0139
250.0	7.5	0.3686	0.0075	0.0139
250.1	7.503	0.36865	0.00751	0.01389
250.2	7.506	0.36869	0.00751	0.01388
250.3	7.509	0.36873	0.00751	0.01388
250.4	7.512	0.36877	0.00752	0.01387
250.5	7.515	0.36881	0.00752	0.01386
250.6	7.518	0.36885	0.00752	0.01385
250.7	7.521	0.3689	0.00752	0.01385
250.8	7.524	0.36894	0.00753	0.01384
250.9	7.527	0.36898	0.00753	0.01383
251.0	7.53	0.36902	0.00753	0.01383
251.1	7.533	0.36906	0.00754	0.01382
251.2	7.536	0.3691	0.00754	0.01381
251.3	7.539	0.36914	0.00754	0.01381
251.4	7.542	0.36919	0.00755	0.0138
251.5	7.545	0.36923	0.00755	0.01379
251.6	7.548	0.36927	0.00755	0.01379
251.7	7.551	0.36931	0.00755	0.01378
251.8	7.554	0.36935	0.00756	0.01377
251.9	7.557	0.36939	0.00756	0.01376
252.0	7.56	0.36943	0.00756	0.01376
252.1	7.563	0.36948	0.00757	0.01375
252.2	7.566	0.36952	0.00757	0.01374
252.3	7.569	0.36956	0.00757	0.01374
252.4	7.572	0.3696	0.00758	0.01373
252.5	7.575	0.36964	0.00758	0.01372
252.6	7.578	0.36968	0.00758	0.01372
252.7	7.581	0.36972	0.00758	0.01371
252.8	7.584	0.36976	0.00759	0.0137
252.9	7.587	0.3698	0.00759	0.0137
253.0	7.59	0.36985	0.00759	0.01369
253.1	7.593	0.36989	0.0076	0.01368
253.2	7.596	0.36993	0.0076	0.01368
253.3	7.599	0.36997	0.0076	0.01367
253.4	7.602	0.37001	0.00761	0.01366
253.5	7.605	0.37005	0.00761	0.01366
253.6	7.608	0.37009	0.00761	0.01365
253.7	7.611	0.37013	0.00761	0.01364
253.8	7.614	0.37017	0.00762	0.01364
253.9	7.617	0.37021	0.00762	0.01363
254.0	7.62	0.37026	0.00762	0.01362
254.1	7.623	0.3703	0.00763	0.01362
254.2	7.626	0.37034	0.00763	0.01361
254.3	7.629	0.37038	0.00763	0.0136
254.4	7.632	0.37042	0.00764	0.0136
254.5	7.635	0.37046	0.00764	0.01359
254.6	7.638	0.3705	0.00764	0.01358
254.7	7.641	0.37054	0.00764	0.01358
254.8	7.644	0.37058	0.00765	0.01357
254.9	7.647	0.37062	0.00765	0.01356
255.0	7.65	0.37066	0.00765	0.01356
255.1	7.653	0.3707	0.00766	0.01355
255.2	7.656	0.37074	0.00766	0.01355
255.3	7.659	0.37078	0.00766	0.01354
255.4	7.662	0.37083	0.00767	0.01353
255.5	7.665	0.37087	0.00767	0.01353
255.6	7.668	0.37091	0.00767	0.01352
255.7	7.671	0.37095	0.00767	0.01351
255.8	7.674	0.37099	0.00768	0.01351
255.9	7.677	0.37103	0.00768	0.0135
256.0	7.68	0.37107	0.00768	0.01349
256.1	7.683	0.37111	0.00769	0.01349
256.2	7.686	0.37115	0.00769	0.01348
256.3	7.689	0.37119	0.00769	0.01348
256.4	7.692	0.37123	0.0077	0.01347
256.5	7.695	0.37127	0.0077	0.01346
256.6	7.698	0.37131	0.0077	0.01346
256.7	7.701	0.37135	0.0077	0.01345
256.8	7.704	0.37139	0.00771	0.01344
256.9	7.707	0.37143	0.00771	0.01344
257.0	7.71	0.37147	0.00771	0.01343
257.1	7.713	0.37151	0.00772	0.01342
257.2	7.716	0.37155	0.00772	0.01342
257.3	7.719	0.37159	0.00772	0.01341
257.4	7.722	0.37163	0.00773	0.01341
257.5	7.725	0.37167	0.00773	0.0134
257.6	7.728	0.37171	0.00773	0.01339
257.7	7.731	0.37175	0.00773	0.01339
257.8	7.734	0.37179	0.00774	0.01338
257.9	7.737	0.37183	0.00774	0.01338
258.0	7.74	0.37187	0.00774	0.01337
258.1	7.743	0.37191	0.00775	0.01336
258.2	7.746	0.37195	0.00775	0.01336
258.3	7.749	0.37199	0.00775	0.01335
258.4	7.752	0.37203	0.00776	0.01334
258.5	7.755	0.37207	0.00776	0.01334
258.6	7.758	0.37211	0.00776	0.01333
258.7	7.761	0.37215	0.00776	0.01333
258.8	7.764	0.37219	0.00777	0.01332
258.9	7.767	0.37223	0.00777	0.01331
259.0	7.77	0.37227	0.00777	0.01331
259.1	7.773	0.37231	0.00778	0.0133
259.2	7.776	0.37235	0.00778	0.0133
259.3	7.779	0.37239	0.00778	0.01329
259.4	7.782	0.37243	0.00779	0.01328
259.5	7.785	0.37247	0.00779	0.01328
259.6	7.788	0.37251	0.00779	0.01327
259.7	7.791	0.37255	0.00779	0.01327
259.8	7.794	0.37259	0.0078	0.01326
259.9	7.797	0.37263	0.0078	0.01325
260.0	7.8	0.37267	0.0078	0.01325
260.1	7.803	0.37271	0.00781	0.01324
260.2	7.806	0.37275	0.00781	0.01324
260.3	7.809	0.37279	0.00781	0.01323
260.4	7.812	0.37283	0.00782	0.01323
260.5	7.815	0.37287	0.00782	0.01322
260.6	7.818	0.37291	0.00782	0.01321
260.7	7.821	0.37295	0.00782	0.01321
260.8	7.824	0.37299	0.00783	0.0132
260.9	7.827	0.37303	0.00783	0.0132
261.0	7.83	0.37307	0.00783	0.01319
261.1	7.833	0.37311	0.00784	0.01318
261.2	7.836	0.37315	0.00784	0.01318
261.3	7.839	0.37319	0.00784	0.01317
261.4	7.842	0.37323	0.00785	0.01317
261.5	7.845	0.37327	0.00785	0.01316
261.6	7.848	0.37331	0.00785	0.01316
261.7	7.851	0.37335	0.00785	0.01315
261.8	7.854	0.37339	0.00786	0.01314
261.9	7.857	0.37342	0.00786	0.01314
262.0	7.86	0.37346	0.00786	0.01313
262.1	7.863	0.3735	0.00787	0.01313
262.2	7.866	0.37354	0.00787	0.01312
262.3	7.869	0.37358	0.00787	0.01312
262.4	7.872	0.37362	0.00788	0.01311
262.5	7.875	0.37366	0.00788	0.0131
262.6	7.878	0.3737	0.00788	0.0131
262.7	7.881	0.37374	0.00788	0.01309
262.8	7.884	0.37378	0.00789	0.01309
262.9	7.887	0.37382	0.00789	0.01308
263.0	7.89	0.37386	0.00789	0.01308
263.1	7.893	0.3739	0.0079	0.01307
263.2	7.896	0.37394	0.0079	0.01307
263.3	7.899	0.37397	0.0079	0.01306
263.4	7.902	0.37401	0.00791	0.01305
263.5	7.905	0.37405	0.00791	0.01305
263.6	7.908	0.37409	0.00791	0.01304
263.7	7.911	0.37413	0.00791	0.01304
263.8	7.914	0.37417	0.00792	0.01303
263.9	7.917	0.37421	0.00792	0.01303
264.0	7.92	0.37425	0.00792	0.01302
264.1	7.923	0.37429	0.00793	0.01302
264.2	7.926	0.37433	0.00793	0.01301
264.3	7.929	0.37437	0.00793	0.013
264.4	7.932	0.3744	0.00794	0.013
264.5	7.935	0.37444	0.00794	0.01299
264.6	7.938	0.37448	0.00794	0.01299
264.7	7.941	0.37452	0.00794	0.01298
264.8	7.944	0.37456	0.00795	0.01298
264.9	7.947	0.3746	0.00795	0.01297
265.0	7.95	0.37464	0.00795	0.01297
265.1	7.953	0.37468	0.00796	0.01296
265.2	7.956	0.37472	0.00796	0.01296
265.3	7.959	0.37475	0.00796	0.01295
265.4	7.962	0.37479	0.00797	0.01295
265.5	7.965	0.37483	0.00797	0.01294
265.6	7.968	0.37487	0.00797	0.01293
265.7	7.971	0.37491	0.00797	0.01293
265.8	7.974	0.37495	0.00798	0.01292
265.9	7.977	0.37499	0.00798	0.01292
266.0	7.98	0.37503	0.00798	0.01291
266.1	7.983	0.37506	0.00799	0.01291
266.2	7.986	0.3751	0.00799	0.0129
266.3	7.989	0.37514	0.00799	0.0129
266.4	7.992	0.37518	0.008	0.01289
266.5	7.995	0.37522	0.008	0.01289
266.6	7.998	0.37526	0.008	0.01288
266.7	8.001	0.3753	0.008	0.01288
266.8	8.004	0.37534	0.00801	0.01287
266.9	8.007	0.37537	0.00801	0.01287
267.0	8.01	0.37541	0.00801	0.01286
267.1	8.013	0.37545	0.00802	0.01286
267.2	8.016	0.37549	0.00802	0.01285
267.3	8.019	0.37553	0.00802	0.01285
267.4	8.022	0.37557	0.00803	0.01284
267.5	8.025	0.37561	0.00803	0.01283
267.6	8.028	0.37564	0.00803	0.01283
267.7	8.031	0.37568	0.00803	0.01282
267.8	8.034	0.37572	0.00804	0.01282
267.9	8.037	0.37576	0.00804	0.01281
268.0	8.04	0.3758	0.00804	0.01281
268.1	8.043	0.37584	0.00805	0.0128
268.2	8.046	0.37587	0.00805	0.0128
268.3	8.049	0.37591	0.00805	0.01279
268.4	8.052	0.37595	0.00806	0.01279
268.5	8.055	0.37599	0.00806	0.01278
268.6	8.058	0.37603	0.00806	0.01278
268.7	8.061	0.37607	0.00806	0.01277
268.8	8.064	0.3761	0.00807	0.01277
268.9	8.067	0.37614	0.00807	0.01276
269.0	8.07	0.37618	0.00807	0.01276
269.1	8.073	0.37622	0.00808	0.01275
269.2	8.076	0.37626	0.00808	0.01275
269.3	8.079	0.3763	0.00808	0.01274
269.4	8.082	0.37633	0.00809	0.01274
269.5	8.085	0.37637	0.00809	0.01273
269.6	8.088	0.37641	0.00809	0.01273
269.7	8.091	0.37645	0.00809	0.01272
269.8	8.094	0.37649	0.0081	0.01272
269.9	8.097	0.37652	0.0081	0.01271
270.0	8.1	0.37656	0.0081	0.01271
270.1	8.103	0.3766	0.00811	0.0127
270.2	8.106	0.37664	0.00811	0.0127
270.3	8.109	0.37668	0.00811	0.01269
270.4	8.112	0.37672	0.00812	0.01269
270.5	8.115	0.37675	0.00812	0.01268
270.6	8.118	0.37679	0.00812	0.01268
270.7	8.121	0.37683	0.00812	0.01267
270.8	8.124	0.37687	0.00813	0.01267
270.9	8.127	0.37691	0.00813	0.01266
271.0	8.13	0.37694	0.00813	0.01266
271.1	8.133	0.37698	0.00814	0.01266
271.2	8.136	0.37702	0.00814	0.01265
271.3	8.139	0.37706	0.00814	0.01265
271.4	8.142	0.3771	0.00815	0.01264
271.5	8.145	0.37713	0.00815	0.01264
271.6	8.148	0.37717	0.00815	0.01263
271.7	8.151	0.37721	0.00815	0.01263
271.8	8.154	0.37725	0.00816	0.01262
271.9	8.157	0.37728	0.00816	0.01262
272.0	8.16	0.37732	0.00816	0.01261
272.1	8.163	0.37736	0.00817	0.01261
272.2	8.166	0.3774	0.00817	0.0126
272.3	8.169	0.37744	0.00817	0.0126
272.4	8.172	0.37747	0.00818	0.01259
272.5	8.175	0.37751	0.00818	0.01259
272.6	8.178	0.37755	0.00818	0.01258
272.7	8.181	0.37759	0.00818	0.01258
272.8	8.184	0.37762	0.00819	0.01257
272.9	8.187	0.37766	0.00819	0.01257
273.0	8.19	0.3777	0.00819	0.01257
273.1	8.193	0.37774	0.0082	0.01256
273.2	8.196	0.37778	0.0082	0.01256
273.3	8.199	0.37781	0.0082	0.01255
273.4	8.202	0.37785	0.00821	0.01255
273.5	8.205	0.37789	0.00821	0.01254
273.6	8.208	0.37793	0.00821	0.01254
273.7	8.211	0.37796	0.00821	0.01253
273.8	8.214	0.378	0.00822	0.01253
273.9	8.217	0.37804	0.00822	0.01252
274.0	8.22	0.37808	0.00822	0.01252
274.1	8.223	0.37811	0.00823	0.01251
274.2	8.226	0.37815	0.00823	0.01251
274.3	8.229	0.37819	0.00823	0.01251
274.4	8.232	0.37823	0.00824	0.0125
274.5	8.235	0.37826	0.00824	0.0125
274.6	8.238	0.3783	0.00824	0.01249
274.7	8.241	0.37834	0.00824	0.01249
274.8	8.244	0.37838	0.00825	0.01248
274.9	8.247	0.37841	0.00825	0.01248
275.0	8.25	0.37845	0.00825	0.01247
275.1	8.253	0.37849	0.00826	0.01247
275.2	8.256	0.37853	0.00826	0.01246
275.3	8.259	0.37856	0.00826	0.01246
275.4	8.262	0.3786	0.00827	0.01246
275.5	8.265	0.37864	0.00827	0.01245
275.6	8.268	0.37868	0.00827	0.01245
275.7	8.271	0.37871	0.00827	0.01244
275.8	8.274	0.37875	0.00828	0.01244
275.9	8.277	0.37879	0.00828	0.01243
276.0	8.28	0.37882	0.00828	0.01243
276.1	8.283	0.37886	0.00829	0.01242
276.2	8.286	0.3789	0.00829	0.01242
276.3	8.289	0.37894	0.00829	0.01242
276.4	8.292	0.37897	0.0083	0.01241
276.5	8.295	0.37901	0.0083	0.01241
276.6	8.298	0.37905	0.0083	0.0124
276.7	8.301	0.37909	0.0083	0.0124
276.8	8.304	0.37912	0.00831	0.01239
276.9	8.307	0.37916	0.00831	0.01239
277.0	8.31	0.3792	0.00831	0.01239
277.1	8.313	0.37923	0.00832	0.01238
277.2	8.316	0.37927	0.00832	0.01238
277.3	8.319	0.37931	0.00832	0.01237
277.4	8.322	0.37935	0.00833	0.01237
277.5	8.325	0.37938	0.00833	0.01236
277.6	8.328	0.37942	0.00833	0.01236
277.7	8.331	0.37946	0.00833	0.01235
277.8	8.334	0.37949	0.00834	0.01235
277.9	8.337	0.37953	0.00834	0.01235
278.0	8.34	0.37957	0.00834	0.01234
278.1	8.343	0.3796	0.00835	0.01234
278.2	8.346	0.37964	0.00835	0.01233
278.3	8.349	0.37968	0.00835	0.01233
278.4	8.352	0.37972	0.00836	0.01233
278.5	8.355	0.37975	0.00836	0.01232
278.6	8.358	0.37979	0.00836	0.01232
278.7	8.361	0.37983	0.00836	0.01231
278.8	8.364	0.37986	0.00837	0.01231
278.9	8.367	0.3799	0.00837	0.0123
279.0	8.37	0.37994	0.00837	0.0123
279.1	8.373	0.37997	0.00838	0.0123
279.2	8.376	0.38001	0.00838	0.01229
279.3	8.379	0.38005	0.00838	0.01229
279.4	8.382	0.38008	0.00839	0.01228
279.5	8.385	0.38012	0.00839	0.01228
279.6	8.388	0.38016	0.00839	0.01227
279.7	8.391	0.3802	0.00839	0.01227
279.8	8.394	0.38023	0.0084	0.01227
279.9	8.397	0.38027	0.0084	0.01226
280.0	8.4	0.38031	0.0084	0.01226
280.1	8.403	0.38034	0.00841	0.01225
280.2	8.406	0.38038	0.00841	0.01225
280.3	8.409	0.38042	0.00841	0.01225
280.4	8.412	0.38045	0.00842	0.01224
280.5	8.415	0.38049	0.00842	0.01224
280.6	8.418	0.38053	0.00842	0.01223
280.7	8.421	0.38056	0.00842	0.01223
280.8	8.424	0.3806	0.00843	0.01223
280.9	8.427	0.38064	0.00843	0.01222
281.0	8.43	0.38067	0.00843	0.01222
281.1	8.433	0.38071	0.00844	0.01221
281.2	8.436	0.38075	0.00844	0.01221
281.3	8.439	0.38078	0.00844	0.01221
281.4	8.442	0.38082	0.00845	0.0122
281.5	8.445	0.38086	0.00845	0.0122
281.6	8.448	0.38089	0.00845	0.01219
281.7	8.451	0.38093	0.00845	0.01219
281.8	8.454	0.38097	0.00846	0.01219
281.9	8.457	0.381	0.00846	0.01218
282.0	8.46	0.38104	0.00846	0.01218
282.1	8.463	0.38107	0.00847	0.01217
282.2	8.466	0.38111	0.00847	0.01217
282.3	8.469	0.38115	0.00847	0.01217
282.4	8.472	0.38118	0.00848	0.01216
282.5	8.475	0.38122	0.00848	0.01216
282.6	8.478	0.38126	0.00848	0.01215
282.7	8.481	0.38129	0.00848	0.01215
282.8	8.484	0.38133	0.00849	0.01215
282.9	8.487	0.38137	0.00849	0.01214
283.0	8.49	0.3814	0.00849	0.01214
283.1	8.493	0.38144	0.0085	0.01213
283.2	8.496	0.38148	0.0085	0.01213
283.3	8.499	0.38151	0.0085	0.01213
283.4	8.502	0.38155	0.00851	0.01212
283.5	8.505	0.38158	0.00851	0.01212
283.6	8.508	0.38162	0.00851	0.01212
283.7	8.511	0.38166	0.00851	0.01211
283.8	8.514	0.38169	0.00852	0.01211
283.9	8.517	0.38173	0.00852	0.0121
284.0	8.52	0.38177	0.00852	0.0121
284.1	8.523	0.3818	0.00853	0.0121
284.2	8.526	0.38184	0.00853	0.01209
284.3	8.529	0.38188	0.00853	0.01209
284.4	8.532	0.38191	0.00854	0.01208
284.5	8.535	0.38195	0.00854	0.01208
284.6	8.538	0.38198	0.00854	0.01208
284.7	8.541	0.38202	0.00854	0.01207
284.8	8.544	0.38206	0.00855	0.01207
284.9	8.547	0.38209	0.00855	0.01207
285.0	8.55	0.38213	0.00855	0.01206
285.1	8.553	0.38217	0.00856	0.01206
285.2	8.556	0.3822	0.00856	0.01205
285.3	8.559	0.38224	0.00856	0.01205
285.4	8.562	0.38227	0.00857	0.01205
285.5	8.565	0.38231	0.00857	0.01204
285.6	8.568	0.38235	0.00857	0.01204
285.7	8.571	0.38238	0.00857	0.01204
285.8	8.574	0.38242	0.00858	0.01203
285.9	8.577	0.38245	0.00858	0.01203
286.0	8.58	0.38249	0.00858	0.01203
286.1	8.583	0.38253	0.00859	0.01202
286.2	8.586	0.38256	0.00859	0.01202
286.3	8.589	0.3826	0.00859	0.01201
286.4	8.592	0.38263	0.0086	0.01201
286.5	8.595	0.38267	0.0086	0.01201
286.6	8.598	0.38271	0.0086	0.012
286.7	8.601	0.38274	0.0086	0.012
286.8	8.604	0.38278	0.00861	0.012
286.9	8.607	0.38281	0.00861	0.01199
287.0	8.61	0.38285	0.00861	0.01199
287.1	8.613	0.38289	0.00862	0.01198
287.2	8.616	0.38292	0.00862	0.01198
287.3	8.619	0.38296	0.00862	0.01198
287.4	8.622	0.38299	0.00863	0.01197
287.5	8.625	0.38303	0.00863	0.01197
287.6	8.628	0.38307	0.00863	0.01197
287.7	8.631	0.3831	0.00863	0.01196
287.8	8.634	0.38314	0.00864	0.01196
287.9	8.637	0.38317	0.00864	0.01196
288.0	8.64	0.38321	0.00864	0.01195
288.1	8.643	0.38325	0.00865	0.01195
288.2	8.646	0.38328	0.00865	0.01195
288.3	8.649	0.38332	0.00865	0.01194
288.4	8.652	0.38335	0.00866	0.01194
288.5	8.655	0.38339	0.00866	0.01194
288.6	8.658	0.38342	0.00866	0.01193
288.7	8.661	0.38346	0.00866	0.01193
288.8	8.664	0.3835	0.00867	0.01192
288.9	8.667	0.38353	0.00867	0.01192
289.0	8.67	0.38357	0.00867	0.01192
289.1	8.673	0.3836	0.00868	0.01191
289.2	8.676	0.38364	0.00868	0.01191
289.3	8.679	0.38367	0.00868	0.01191
289.4	8.682	0.38371	0.00869	0.0119
289.5	8.685	0.38375	0.00869	0.0119
289.6	8.688	0.38378	0.00869	0.0119
289.7	8.691	0.38382	0.00869	0.01189
289.8	8.694	0.38385	0.0087	0.01189
289.9	8.697	0.38389	0.0087	0.01189
290.0	8.7	0.38392	0.0087	0.01188
290.1	8.703	0.38396	0.00871	0.01188
290.2	8.706	0.384	0.00871	0.01188
290.3	8.709	0.38403	0.00871	0.01187
290.4	8.712	0.38407	0.00872	0.01187
290.5	8.715	0.3841	0.00872	0.01187
290.6	8.718	0.38414	0.00872	0.01186
290.7	8.721	0.38417	0.00872	0.01186
290.8	8.724	0.38421	0.00873	0.01186
290.9	8.727	0.38424	0.00873	0.01185
291.0	8.73	0.38428	0.00873	0.01185
291.1	8.733	0.38432	0.00874	0.01185
291.2	8.736	0.38435	0.00874	0.01184
291.3	8.739	0.38439	0.00874	0.01184
291.4	8.742	0.38442	0.00875	0.01184
291.5	8.745	0.38446	0.00875	0.01183
291.6	8.748	0.38449	0.00875	0.01183
291.7	8.751	0.38453	0.00875	0.01183
291.8	8.754	0.38456	0.00876	0.01182
291.9	8.757	0.3846	0.00876	0.01182
292.0	8.76	0.38464	0.00876	0.01182
292.1	8.763	0.38467	0.00877	0.01181
292.2	8.766	0.38471	0.00877	0.01181
292.3	8.769	0.38474	0.00877	0.01181
292.4	8.772	0.38478	0.00878	0.0118
292.5	8.775	0.38481	0.00878	0.0118
292.6	8.778	0.38485	0.00878	0.0118
292.7	8.781	0.38488	0.00878	0.01179
292.8	8.784	0.38492	0.00879	0.01179
292.9	8.787	0.38495	0.00879	0.01179
293.0	8.79	0.38499	0.00879	0.01178
293.1	8.793	0.38502	0.0088	0.01178
293.2	8.796	0.38506	0.0088	0.01178
293.3	8.799	0.3851	0.0088	0.01177
293.4	8.802	0.38513	0.00881	0.01177
293.5	8.805	0.38517	0.00881	0.01177
293.6	8.808	0.3852	0.00881	0.01176
293.7	8.811	0.38524	0.00881	0.01176
293.8	8.814	0.38527	0.00882	0.01176
293.9	8.817	0.38531	0.00882	0.01175
294.0	8.82	0.38534	0.00882	0.01175
294.1	8.823	0.38538	0.00883	0.01175
294.2	8.826	0.38541	0.00883	0.01174
294.3	8.829	0.38545	0.00883	0.01174
294.4	8.832	0.38548	0.00884	0.01174
294.5	8.835	0.38552	0.00884	0.01174
294.6	8.838	0.38555	0.00884	0.01173
294.7	8.841	0.38559	0.00884	0.01173
294.8	8.844	0.38562	0.00885	0.01173
294.9	8.847	0.38566	0.00885	0.01172
295.0	8.85	0.38569	0.00885	0.01172
295.1	8.853	0.38573	0.00886	0.01172
295.2	8.856	0.38576	0.00886	0.01171
295.3	8.859	0.3858	0.00886	0.01171
295.4	8.862	0.38583	0.00887	0.01171
295.5	8.865	0.38587	0.00887	0.0117
295.6	8.868	0.3859	0.00887	0.0117
295.7	8.871	0.38594	0.00887	0.0117
295.8	8.874	0.38598	0.00888	0.01169
295.9	8.877	0.38601	0.00888	0.01169
296.0	8.88	0.38605	0.00888	0.01169
296.1	8.883	0.38608	0.00889	0.01169
296.2	8.886	0.38612	0.00889	0.01168
296.3	8.889	0.38615	0.00889	0.01168
296.4	8.892	0.38619	0.0089	0.01168
296.5	8.895	0.38622	0.0089	0.01167
296.6	8.898	0.38626	0.0089	0.01167
296.7	8.901	0.38629	0.0089	0.01167
296.8	8.904	0.38633	0.00891	0.01166
296.9	8.907	0.38636	0.00891	0.01166
297.0	8.91	0.3864	0.00891	0.01166
297.1	8.913	0.38643	0.00892	0.01165
297.2	8.916	0.38647	0.00892	0.01165
297.3	8.919	0.3865	0.00892	0.01165
297.4	8.922	0.38654	0.00893	0.01165
297.5	8.925	0.38657	0.00893	0.01164
297.6	8.928	0.3866	0.00893	0.01164
297.7	8.931	0.38664	0.00893	0.01164
297.8	8.934	0.38667	0.00894	0.01163
297.9	8.937	0.38671	0.00894	0.01163
298.0	8.94	0.38674	0.00894	0.01163
298.1	8.943	0.38678	0.00895	0.01163
298.2	8.946	0.38681	0.00895	0.01162
298.3	8.949	0.38685	0.00895	0.01162
298.4	8.952	0.38688	0.00896	0.01162
298.5	8.955	0.38692	0.00896	0.01161
298.6	8.958	0.38695	0.00896	0.01161
298.7	8.961	0.38699	0.00896	0.01161
298.8	8.964	0.38702	0.00897	0.0116
298.9	8.967	0.38706	0.00897	0.0116
299.0	8.97	0.38709	0.00897	0.0116
299.1	8.973	0.38713	0.00898	0.0116
299.2	8.976	0.38716	0.00898	0.01159
299.3	8.979	0.3872	0.00898	0.01159
299.4	8.982	0.38723	0.00899	0.01159
299.5	8.985	0.38727	0.00899	0.01158
299.6	8.988	0.3873	0.00899	0.01158
299.7	8.991	0.38734	0.00899	0.01158
299.8	8.994	0.38737	0.009	0.01158
299.9	8.997	0.38741	0.009	0.01157
300.0	9.0	0.38744	0.009	0.01157
300.1	9.003	0.38748	0.00901	0.01157
300.2	9.006	0.38751	0.00901	0.01156
300.3	9.009	0.38754	0.00901	0.01156
300.4	9.012	0.38758	0.00902	0.01156
300.5	9.015	0.38761	0.00902	0.01156
300.6	9.018	0.38765	0.00902	0.01155
300.7	9.021	0.38768	0.00902	0.01155
300.8	9.024	0.38772	0.00903	0.01155
300.9	9.027	0.38775	0.00903	0.01154
301.0	9.03	0.38779	0.00903	0.01154
301.1	9.033	0.38782	0.00904	0.01154
301.2	9.036	0.38786	0.00904	0.01154
301.3	9.039	0.38789	0.00904	0.01153
301.4	9.042	0.38793	0.00905	0.01153
301.5	9.045	0.38796	0.00905	0.01153
301.6	9.048	0.38799	0.00905	0.01152
301.7	9.051	0.38803	0.00905	0.01152
301.8	9.054	0.38806	0.00906	0.01152
301.9	9.057	0.3881	0.00906	0.01152
302.0	9.06	0.38813	0.00906	0.01151
302.1	9.063	0.38817	0.00907	0.01151
302.2	9.066	0.3882	0.00907	0.01151
302.3	9.069	0.38824	0.00907	0.01151
302.4	9.072	0.38827	0.00908	0.0115
302.5	9.075	0.38831	0.00908	0.0115
302.6	9.078	0.38834	0.00908	0.0115
302.7	9.081	0.38837	0.00908	0.01149
302.8	9.084	0.38841	0.00909	0.01149
302.9	9.087	0.38844	0.00909	0.01149
303.0	9.09	0.38848	0.00909	0.01149
303.1	9.093	0.38851	0.0091	0.01148
303.2	9.096	0.38855	0.0091	0.01148
303.3	9.099	0.38858	0.0091	0.01148
303.4	9.102	0.38862	0.00911	0.01148
303.5	9.105	0.38865	0.00911	0.01147
303.6	9.108	0.38868	0.00911	0.01147
303.7	9.111	0.38872	0.00911	0.01147
303.8	9.114	0.38875	0.00912	0.01147
303.9	9.117	0.38879	0.00912	0.01146
304.0	9.12	0.38882	0.00912	0.01146
304.1	9.123	0.38886	0.00913	0.01146
304.2	9.126	0.38889	0.00913	0.01145
304.3	9.129	0.38893	0.00913	0.01145
304.4	9.132	0.38896	0.00914	0.01145
304.5	9.135	0.38899	0.00914	0.01145
304.6	9.138	0.38903	0.00914	0.01144
304.7	9.141	0.38906	0.00914	0.01144
304.8	9.144	0.3891	0.00915	0.01144
304.9	9.147	0.38913	0.00915	0.01144
305.0	9.15	0.38917	0.00915	0.01143
305.1	9.153	0.3892	0.00916	0.01143
305.2	9.156	0.38923	0.00916	0.01143
305.3	9.159	0.38927	0.00916	0.01143
305.4	9.162	0.3893	0.00917	0.01142
305.5	9.165	0.38934	0.00917	0.01142
305.6	9.168	0.38937	0.00917	0.01142
305.7	9.171	0.38941	0.00917	0.01142
305.8	9.174	0.38944	0.00918	0.01141
305.9	9.177	0.38947	0.00918	0.01141
306.0	9.18	0.38951	0.00918	0.01141
306.1	9.183	0.38954	0.00919	0.01141
306.2	9.186	0.38958	0.00919	0.0114
306.3	9.189	0.38961	0.00919	0.0114
306.4	9.192	0.38964	0.0092	0.0114
306.5	9.195	0.38968	0.0092	0.01139
306.6	9.198	0.38971	0.0092	0.01139
306.7	9.201	0.38975	0.0092	0.01139
306.8	9.204	0.38978	0.00921	0.01139
306.9	9.207	0.38982	0.00921	0.01138
307.0	9.21	0.38985	0.00921	0.01138
307.1	9.213	0.38988	0.00922	0.01138
307.2	9.216	0.38992	0.00922	0.01138
307.3	9.219	0.38995	0.00922	0.01137
307.4	9.222	0.38999	0.00923	0.01137
307.5	9.225	0.39002	0.00923	0.01137
307.6	9.228	0.39005	0.00923	0.01137
307.7	9.231	0.39009	0.00923	0.01136
307.8	9.234	0.39012	0.00924	0.01136
307.9	9.237	0.39016	0.00924	0.01136
308.0	9.24	0.39019	0.00924	0.01136
308.1	9.243	0.39022	0.00925	0.01135
308.2	9.246	0.39026	0.00925	0.01135
308.3	9.249	0.39029	0.00925	0.01135
308.4	9.252	0.39033	0.00926	0.01135
308.5	9.255	0.39036	0.00926	0.01135
308.6	9.258	0.3904	0.00926	0.01134
308.7	9.261	0.39043	0.00926	0.01134
308.8	9.264	0.39046	0.00927	0.01134
308.9	9.267	0.3905	0.00927	0.01134
309.0	9.27	0.39053	0.00927	0.01133
309.1	9.273	0.39057	0.00928	0.01133
309.2	9.276	0.3906	0.00928	0.01133
309.3	9.279	0.39063	0.00928	0.01133
309.4	9.282	0.39067	0.00929	0.01132
309.5	9.285	0.3907	0.00929	0.01132
309.6	9.288	0.39073	0.00929	0.01132
309.7	9.291	0.39077	0.00929	0.01132
309.8	9.294	0.3908	0.0093	0.01131
309.9	9.297	0.39084	0.0093	0.01131
310.0	9.3	0.39087	0.0093	0.01131
310.1	9.303	0.3909	0.00931	0.01131
310.2	9.306	0.39094	0.00931	0.0113
310.3	9.309	0.39097	0.00931	0.0113
310.4	9.312	0.39101	0.00932	0.0113
310.5	9.315	0.39104	0.00932	0.0113
310.6	9.318	0.39107	0.00932	0.01129
310.7	9.321	0.39111	0.00932	0.01129
310.8	9.324	0.39114	0.00933	0.01129
310.9	9.327	0.39118	0.00933	0.01129
311.0	9.33	0.39121	0.00933	0.01129
311.1	9.333	0.39124	0.00934	0.01128
311.2	9.336	0.39128	0.00934	0.01128
311.3	9.339	0.39131	0.00934	0.01128
311.4	9.342	0.39134	0.00935	0.01128
311.5	9.345	0.39138	0.00935	0.01127
311.6	9.348	0.39141	0.00935	0.01127
311.7	9.351	0.39145	0.00935	0.01127
311.8	9.354	0.39148	0.00936	0.01127
311.9	9.357	0.39151	0.00936	0.01126
312.0	9.36	0.39155	0.00936	0.01126
312.1	9.363	0.39158	0.00937	0.01126
312.2	9.366	0.39162	0.00937	0.01126
312.3	9.369	0.39165	0.00937	0.01126
312.4	9.372	0.39168	0.00938	0.01125
312.5	9.375	0.39172	0.00938	0.01125
312.6	9.378	0.39175	0.00938	0.01125
312.7	9.381	0.39178	0.00938	0.01125
312.8	9.384	0.39182	0.00939	0.01124
312.9	9.387	0.39185	0.00939	0.01124
313.0	9.39	0.39189	0.00939	0.01124
313.1	9.393	0.39192	0.0094	0.01124
313.2	9.396	0.39195	0.0094	0.01123
313.3	9.399	0.39199	0.0094	0.01123
313.4	9.402	0.39202	0.00941	0.01123
313.5	9.405	0.39205	0.00941	0.01123
313.6	9.408	0.39209	0.00941	0.01123
313.7	9.411	0.39212	0.00941	0.01122
313.8	9.414	0.39215	0.00942	0.01122
313.9	9.417	0.39219	0.00942	0.01122
314.0	9.42	0.39222	0.00942	0.01122
314.1	9.423	0.39226	0.00943	0.01121
314.2	9.426	0.39229	0.00943	0.01121
314.3	9.429	0.39232	0.00943	0.01121
314.4	9.432	0.39236	0.00944	0.01121
314.5	9.435	0.39239	0.00944	0.01121
314.6	9.438	0.39242	0.00944	0.0112
314.7	9.441	0.39246	0.00944	0.0112
314.8	9.444	0.39249	0.00945	0.0112
314.9	9.447	0.39252	0.00945	0.0112
315.0	9.45	0.39256	0.00945	0.0112
315.1	9.453	0.39259	0.00946	0.01119
315.2	9.456	0.39263	0.00946	0.01119
315.3	9.459	0.39266	0.00946	0.01119
315.4	9.462	0.39269	0.00947	0.01119
315.5	9.465	0.39273	0.00947	0.01118
315.6	9.468	0.39276	0.00947	0.01118
315.7	9.471	0.39279	0.00947	0.01118
315.8	9.474	0.39283	0.00948	0.01118
315.9	9.477	0.39286	0.00948	0.01118
316.0	9.48	0.39289	0.00948	0.01117
316.1	9.483	0.39293	0.00949	0.01117
316.2	9.486	0.39296	0.00949	0.01117
316.3	9.489	0.39299	0.00949	0.01117
316.4	9.492	0.39303	0.0095	0.01117
316.5	9.495	0.39306	0.0095	0.01116
316.6	9.498	0.39309	0.0095	0.01116
316.7	9.501	0.39313	0.0095	0.01116
316.8	9.504	0.39316	0.00951	0.01116
316.9	9.507	0.3932	0.00951	0.01115
317.0	9.51	0.39323	0.00951	0.01115
317.1	9.513	0.39326	0.00952	0.01115
317.2	9.516	0.3933	0.00952	0.01115
317.3	9.519	0.39333	0.00952	0.01115
317.4	9.522	0.39336	0.00953	0.01114
317.5	9.525	0.3934	0.00953	0.01114
317.6	9.528	0.39343	0.00953	0.01114
317.7	9.531	0.39346	0.00953	0.01114
317.8	9.534	0.3935	0.00954	0.01114
317.9	9.537	0.39353	0.00954	0.01113
318.0	9.54	0.39356	0.00954	0.01113
318.1	9.543	0.3936	0.00955	0.01113
318.2	9.546	0.39363	0.00955	0.01113
318.3	9.549	0.39366	0.00955	0.01113
318.4	9.552	0.3937	0.00956	0.01112
318.5	9.555	0.39373	0.00956	0.01112
318.6	9.558	0.39376	0.00956	0.01112
318.7	9.561	0.3938	0.00956	0.01112
318.8	9.564	0.39383	0.00957	0.01112
318.9	9.567	0.39386	0.00957	0.01111
319.0	9.57	0.3939	0.00957	0.01111
319.1	9.573	0.39393	0.00958	0.01111
319.2	9.576	0.39396	0.00958	0.01111
319.3	9.579	0.394	0.00958	0.01111
319.4	9.582	0.39403	0.00959	0.0111
319.5	9.585	0.39406	0.00959	0.0111
319.6	9.588	0.3941	0.00959	0.0111
319.7	9.591	0.39413	0.00959	0.0111
319.8	9.594	0.39416	0.0096	0.0111
319.9	9.597	0.3942	0.0096	0.01109
320.0	9.6	0.39423	0.0096	0.01109
320.1	9.603	0.39426	0.00961	0.01109
320.2	9.606	0.3943	0.00961	0.01109
320.3	9.609	0.39433	0.00961	0.01109
320.4	9.612	0.39436	0.00962	0.01108
320.5	9.615	0.3944	0.00962	0.01108
320.6	9.618	0.39443	0.00962	0.01108
320.7	9.621	0.39446	0.00962	0.01108
320.8	9.624	0.3945	0.00963	0.01108
320.9	9.627	0.39453	0.00963	0.01107
321.0	9.63	0.39456	0.00963	0.01107
321.1	9.633	0.39459	0.00964	0.01107
321.2	9.636	0.39463	0.00964	0.01107
321.3	9.639	0.39466	0.00964	0.01107
321.4	9.642	0.39469	0.00965	0.01106
321.5	9.645	0.39473	0.00965	0.01106
321.6	9.648	0.39476	0.00965	0.01106
321.7	9.651	0.39479	0.00965	0.01106
321.8	9.654	0.39483	0.00966	0.01106
321.9	9.657	0.39486	0.00966	0.01105
322.0	9.66	0.39489	0.00966	0.01105
322.1	9.663	0.39493	0.00967	0.01105
322.2	9.666	0.39496	0.00967	0.01105
322.3	9.669	0.39499	0.00967	0.01105
322.4	9.672	0.39503	0.00968	0.01104
322.5	9.675	0.39506	0.00968	0.01104
322.6	9.678	0.39509	0.00968	0.01104
322.7	9.681	0.39513	0.00968	0.01104
322.8	9.684	0.39516	0.00969	0.01104
322.9	9.687	0.39519	0.00969	0.01104
323.0	9.69	0.39522	0.00969	0.01103
323.1	9.693	0.39526	0.0097	0.01103
323.2	9.696	0.39529	0.0097	0.01103
323.3	9.699	0.39532	0.0097	0.01103
323.4	9.702	0.39536	0.00971	0.01103
323.5	9.705	0.39539	0.00971	0.01102
323.6	9.708	0.39542	0.00971	0.01102
323.7	9.711	0.39546	0.00971	0.01102
323.8	9.714	0.39549	0.00972	0.01102
323.9	9.717	0.39552	0.00972	0.01102
324.0	9.72	0.39556	0.00972	0.01101
324.1	9.723	0.39559	0.00973	0.01101
324.2	9.726	0.39562	0.00973	0.01101
324.3	9.729	0.39565	0.00973	0.01101
324.4	9.732	0.39569	0.00974	0.01101
324.5	9.735	0.39572	0.00974	0.01101
324.6	9.738	0.39575	0.00974	0.011
324.7	9.741	0.39579	0.00974	0.011
324.8	9.744	0.39582	0.00975	0.011
324.9	9.747	0.39585	0.00975	0.011
325.0	9.75	0.39589	0.00975	0.011
325.1	9.753	0.39592	0.00976	0.01099
325.2	9.756	0.39595	0.00976	0.01099
325.3	9.759	0.39598	0.00976	0.01099
325.4	9.762	0.39602	0.00977	0.01099
325.5	9.765	0.39605	0.00977	0.01099
325.6	9.768	0.39608	0.00977	0.01099
325.7	9.771	0.39612	0.00977	0.01098
325.8	9.774	0.39615	0.00978	0.01098
325.9	9.777	0.39618	0.00978	0.01098
326.0	9.78	0.39622	0.00978	0.01098
326.1	9.783	0.39625	0.00979	0.01098
326.2	9.786	0.39628	0.00979	0.01097
326.3	9.789	0.39631	0.00979	0.01097
326.4	9.792	0.39635	0.0098	0.01097
326.5	9.795	0.39638	0.0098	0.01097
326.6	9.798	0.39641	0.0098	0.01097
326.7	9.801	0.39645	0.0098	0.01097
326.8	9.804	0.39648	0.00981	0.01096
326.9	9.807	0.39651	0.00981	0.01096
327.0	9.81	0.39654	0.00981	0.01096
327.1	9.813	0.39658	0.00982	0.01096
327.2	9.816	0.39661	0.00982	0.01096
327.3	9.819	0.39664	0.00982	0.01096
327.4	9.822	0.39668	0.00983	0.01095
327.5	9.825	0.39671	0.00983	0.01095
327.6	9.828	0.39674	0.00983	0.01095
327.7	9.831	0.39677	0.00983	0.01095
327.8	9.834	0.39681	0.00984	0.01095
327.9	9.837	0.39684	0.00984	0.01095
328.0	9.84	0.39687	0.00984	0.01094
328.1	9.843	0.39691	0.00985	0.01094
328.2	9.846	0.39694	0.00985	0.01094
328.3	9.849	0.39697	0.00985	0.01094
328.4	9.852	0.397	0.00986	0.01094
328.5	9.855	0.39704	0.00986	0.01093
328.6	9.858	0.39707	0.00986	0.01093
328.7	9.861	0.3971	0.00986	0.01093
328.8	9.864	0.39714	0.00987	0.01093
328.9	9.867	0.39717	0.00987	0.01093
329.0	9.87	0.3972	0.00987	0.01093
329.1	9.873	0.39723	0.00988	0.01092
329.2	9.876	0.39727	0.00988	0.01092
329.3	9.879	0.3973	0.00988	0.01092
329.4	9.882	0.39733	0.00989	0.01092
329.5	9.885	0.39736	0.00989	0.01092
329.6	9.888	0.3974	0.00989	0.01092
329.7	9.891	0.39743	0.00989	0.01091
329.8	9.894	0.39746	0.0099	0.01091
329.9	9.897	0.3975	0.0099	0.01091
330.0	9.9	0.39753	0.0099	0.01091
330.1	9.903	0.39756	0.00991	0.01091
330.2	9.906	0.39759	0.00991	0.01091
330.3	9.909	0.39763	0.00991	0.0109
330.4	9.912	0.39766	0.00992	0.0109
330.5	9.915	0.39769	0.00992	0.0109
330.6	9.918	0.39772	0.00992	0.0109
330.7	9.921	0.39776	0.00992	0.0109
330.8	9.924	0.39779	0.00993	0.0109
330.9	9.927	0.39782	0.00993	0.0109
331.0	9.93	0.39786	0.00993	0.01089
331.1	9.933	0.39789	0.00994	0.01089
331.2	9.936	0.39792	0.00994	0.01089
331.3	9.939	0.39795	0.00994	0.01089
331.4	9.942	0.39799	0.00995	0.01089
331.5	9.945	0.39802	0.00995	0.01089
331.6	9.948	0.39805	0.00995	0.01088
331.7	9.951	0.39808	0.00995	0.01088
331.8	9.954	0.39812	0.00996	0.01088
331.9	9.957	0.39815	0.00996	0.01088
332.0	9.96	0.39818	0.00996	0.01088
332.1	9.963	0.39821	0.00997	0.01088
332.2	9.966	0.39825	0.00997	0.01087
332.3	9.969	0.39828	0.00997	0.01087
332.4	9.972	0.39831	0.00998	0.01087
332.5	9.975	0.39835	0.00998	0.01087
332.6	9.978	0.39838	0.00998	0.01087
332.7	9.981	0.39841	0.00998	0.01087
332.8	9.984	0.39844	0.00999	0.01086
332.9	9.987	0.39848	0.00999	0.01086
333.0	9.99	0.39851	0.00999	0.01086
