Time  Strain  Total stress    Spring stress Gradient
0.0	0.0	0.0	0.0	0.01
0.1	0.0005	1.0e-5	0.0	0.01
0.2	0.001	2.0e-5	0.0	0.01
0.3	0.0015	2.0e-5	0.0	0.01
0.4	0.002	3.0e-5	0.0	0.01
0.5	0.0025	3.0e-5	0.0	0.01
0.6	0.003	4.0e-5	0.0	0.01
0.7	0.0035	4.0e-5	0.0	0.01
0.8	0.004	5.0e-5	0.0	0.01
0.9	0.0045	5.0e-5	0.0	0.01
1.0	0.005	6.0e-5	1.0e-5	0.01
1.1	0.0055	6.0e-5	1.0e-5	0.01
1.2	0.006	7.0e-5	1.0e-5	0.01
1.3	0.0065	7.0e-5	1.0e-5	0.01
1.4	0.007	8.0e-5	1.0e-5	0.01
1.5	0.0075	8.0e-5	1.0e-5	0.01
1.6	0.008	9.0e-5	1.0e-5	0.01001
1.7	0.0085	9.0e-5	1.0e-5	0.01001
1.8	0.009	0.0001	1.0e-5	0.01001
1.9	0.0095	0.0001	1.0e-5	0.01001
2.0	0.01	0.00011	1.0e-5	0.01001
2.1	0.0105	0.00011	1.0e-5	0.01001
2.2	0.011	0.00012	1.0e-5	0.01001
2.3	0.0115	0.00012	1.0e-5	0.01001
2.4	0.012	0.00013	1.0e-5	0.01001
2.5	0.0125	0.00013	1.0e-5	0.01001
2.6	0.013	0.00014	1.0e-5	0.01001
2.7	0.0135	0.00014	1.0e-5	0.01001
2.8	0.014	0.00015	1.0e-5	0.01001
2.9	0.0145	0.00015	2.0e-5	0.01002
3.0	0.015	0.00016	2.0e-5	0.01002
3.1	0.0155	0.00016	2.0e-5	0.01002
3.2	0.016	0.00017	2.0e-5	0.01002
3.3	0.0165	0.00017	2.0e-5	0.01002
3.4	0.017	0.00018	2.0e-5	0.01002
3.5	0.0175	0.00018	2.0e-5	0.01002
3.6	0.018	0.00019	2.0e-5	0.01002
3.7	0.0185	0.00019	2.0e-5	0.01003
3.8	0.019	0.0002	2.0e-5	0.01003
3.9	0.0195	0.0002	2.0e-5	0.01003
4.0	0.02	0.00021	2.0e-5	0.01003
4.1	0.0205	0.00021	2.0e-5	0.01003
4.2	0.021	0.00022	2.0e-5	0.01003
4.3	0.0215	0.00022	2.0e-5	0.01003
4.4	0.022	0.00023	2.0e-5	0.01004
4.5	0.0225	0.00023	2.0e-5	0.01004
4.6	0.023	0.00024	2.0e-5	0.01004
4.7	0.0235	0.00024	2.0e-5	0.01004
4.8	0.024	0.00025	2.0e-5	0.01004
4.9	0.0245	0.00025	2.0e-5	0.01004
5.0	0.025	0.00026	3.0e-5	0.01005
5.1	0.0255	0.00026	3.0e-5	0.01005
5.2	0.026	0.00027	3.0e-5	0.01005
5.3	0.0265	0.00027	3.0e-5	0.01005
5.4	0.027	0.00028	3.0e-5	0.01005
5.5	0.0275	0.00028	3.0e-5	0.01006
5.6	0.028	0.00029	3.0e-5	0.01006
5.7	0.0285	0.00029	3.0e-5	0.01006
5.8	0.029	0.0003	3.0e-5	0.01006
5.9	0.0295	0.0003	3.0e-5	0.01006
6.0	0.03	0.00031	3.0e-5	0.01007
6.1	0.0305	0.00031	3.0e-5	0.01007
6.2	0.031	0.00032	3.0e-5	0.01007
6.3	0.0315	0.00032	3.0e-5	0.01007
6.4	0.032	0.00033	3.0e-5	0.01008
6.5	0.0325	0.00033	3.0e-5	0.01008
6.6	0.033	0.00034	3.0e-5	0.01008
6.7	0.0335	0.00034	3.0e-5	0.01008
6.8	0.034	0.00035	3.0e-5	0.01008
6.9	0.0345	0.00035	3.0e-5	0.01009
7.0	0.035	0.00036	4.0e-5	0.01009
7.1	0.0355	0.00036	4.0e-5	0.01009
7.2	0.036	0.00037	4.0e-5	0.01009
7.3	0.0365	0.00037	4.0e-5	0.0101
7.4	0.037	0.00038	4.0e-5	0.0101
7.5	0.0375	0.00038	4.0e-5	0.0101
7.6	0.038	0.00039	4.0e-5	0.0101
7.7	0.0385	0.00039	4.0e-5	0.01011
7.8	0.039	0.0004	4.0e-5	0.01011
7.9	0.0395	0.0004	4.0e-5	0.01011
8.0	0.04	0.00041	4.0e-5	0.01012
8.1	0.0405	0.00041	4.0e-5	0.01012
8.2	0.041	0.00042	4.0e-5	0.01012
8.3	0.0415	0.00042	4.0e-5	0.01012
8.4	0.042	0.00043	4.0e-5	0.01013
8.5	0.0425	0.00043	4.0e-5	0.01013
8.6	0.043	0.00044	4.0e-5	0.01013
8.7	0.0435	0.00044	4.0e-5	0.01014
8.8	0.044	0.00045	4.0e-5	0.01014
8.9	0.0445	0.00045	4.0e-5	0.01014
9.0	0.045	0.00046	5.0e-5	0.01015
9.1	0.0455	0.00046	5.0e-5	0.01015
9.2	0.046	0.00047	5.0e-5	0.01015
9.3	0.0465	0.00047	5.0e-5	0.01016
9.4	0.047	0.00048	5.0e-5	0.01016
9.5	0.0475	0.00048	5.0e-5	0.01016
9.6	0.048	0.00049	5.0e-5	0.01017
9.7	0.0485	0.00049	5.0e-5	0.01017
9.8	0.049	0.0005	5.0e-5	0.01017
9.9	0.0495	0.0005	5.0e-5	0.01018
10.0	0.05	0.00051	5.0e-5	0.01018
10.1	0.0505	0.00051	5.0e-5	0.01018
10.2	0.051	0.00052	5.0e-5	0.01019
10.3	0.0515	0.00052	5.0e-5	0.01019
10.4	0.052	0.00053	5.0e-5	0.01019
10.5	0.0525	0.00053	5.0e-5	0.0102
10.6	0.053	0.00054	5.0e-5	0.0102
10.7	0.0535	0.00054	5.0e-5	0.0102
10.8	0.054	0.00055	5.0e-5	0.01021
10.9	0.0545	0.00055	5.0e-5	0.01021
11.0	0.055	0.00056	6.0e-5	0.01021
11.1	0.0555	0.00056	6.0e-5	0.01022
11.2	0.056	0.00057	6.0e-5	0.01022
11.3	0.0565	0.00057	6.0e-5	0.01023
11.4	0.057	0.00058	6.0e-5	0.01023
11.5	0.0575	0.00058	6.0e-5	0.01023
11.6	0.058	0.00059	6.0e-5	0.01024
11.7	0.0585	0.00059	6.0e-5	0.01024
11.8	0.059	0.0006	6.0e-5	0.01025
11.9	0.0595	0.00061	6.0e-5	0.01025
12.0	0.06	0.00061	6.0e-5	0.01025
12.1	0.0605	0.00062	6.0e-5	0.01026
12.2	0.061	0.00062	6.0e-5	0.01026
12.3	0.0615	0.00063	6.0e-5	0.01027
12.4	0.062	0.00063	6.0e-5	0.01027
12.5	0.0625	0.00064	6.0e-5	0.01027
12.6	0.063	0.00064	6.0e-5	0.01028
12.7	0.0635	0.00065	6.0e-5	0.01028
12.8	0.064	0.00065	6.0e-5	0.01029
12.9	0.0645	0.00066	6.0e-5	0.01029
13.0	0.065	0.00066	7.0e-5	0.0103
13.1	0.0655	0.00067	7.0e-5	0.0103
13.2	0.066	0.00067	7.0e-5	0.0103
13.3	0.0665	0.00068	7.0e-5	0.01031
13.4	0.067	0.00068	7.0e-5	0.01031
13.5	0.0675	0.00069	7.0e-5	0.01032
13.6	0.068	0.00069	7.0e-5	0.01032
13.7	0.0685	0.0007	7.0e-5	0.01033
13.8	0.069	0.0007	7.0e-5	0.01033
13.9	0.0695	0.00071	7.0e-5	0.01034
14.0	0.07	0.00071	7.0e-5	0.01034
14.1	0.0705	0.00072	7.0e-5	0.01035
14.2	0.071	0.00072	7.0e-5	0.01035
14.3	0.0715	0.00073	7.0e-5	0.01036
14.4	0.072	0.00073	7.0e-5	0.01036
14.5	0.0725	0.00074	7.0e-5	0.01036
14.6	0.073	0.00074	7.0e-5	0.01037
14.7	0.0735	0.00075	7.0e-5	0.01037
14.8	0.074	0.00075	7.0e-5	0.01038
14.9	0.0745	0.00076	7.0e-5	0.01038
15.0	0.075	0.00077	8.0e-5	0.01039
15.1	0.0755	0.00077	8.0e-5	0.01039
15.2	0.076	0.00078	8.0e-5	0.0104
15.3	0.0765	0.00078	8.0e-5	0.0104
15.4	0.077	0.00079	8.0e-5	0.01041
15.5	0.0775	0.00079	8.0e-5	0.01041
15.6	0.078	0.0008	8.0e-5	0.01042
15.7	0.0785	0.0008	8.0e-5	0.01042
15.8	0.079	0.00081	8.0e-5	0.01043
15.9	0.0795	0.00081	8.0e-5	0.01043
16.0	0.08	0.00082	8.0e-5	0.01044
16.1	0.0805	0.00082	8.0e-5	0.01045
16.2	0.081	0.00083	8.0e-5	0.01045
16.3	0.0815	0.00083	8.0e-5	0.01046
16.4	0.082	0.00084	8.0e-5	0.01046
16.5	0.0825	0.00084	8.0e-5	0.01047
16.6	0.083	0.00085	8.0e-5	0.01047
16.7	0.0835	0.00085	8.0e-5	0.01048
16.8	0.084	0.00086	8.0e-5	0.01048
16.9	0.0845	0.00086	8.0e-5	0.01049
17.0	0.085	0.00087	9.0e-5	0.01049
17.1	0.0855	0.00087	9.0e-5	0.0105
17.2	0.086	0.00088	9.0e-5	0.0105
17.3	0.0865	0.00089	9.0e-5	0.01051
17.4	0.087	0.00089	9.0e-5	0.01052
17.5	0.0875	0.0009	9.0e-5	0.01052
17.6	0.088	0.0009	9.0e-5	0.01053
17.7	0.0885	0.00091	9.0e-5	0.01053
17.8	0.089	0.00091	9.0e-5	0.01054
17.9	0.0895	0.00092	9.0e-5	0.01054
18.0	0.09	0.00092	9.0e-5	0.01055
18.1	0.0905	0.00093	9.0e-5	0.01056
18.2	0.091	0.00093	9.0e-5	0.01056
18.3	0.0915	0.00094	9.0e-5	0.01057
18.4	0.092	0.00094	9.0e-5	0.01057
18.5	0.0925	0.00095	9.0e-5	0.01058
18.6	0.093	0.00095	9.0e-5	0.01059
18.7	0.0935	0.00096	9.0e-5	0.01059
18.8	0.094	0.00096	9.0e-5	0.0106
18.9	0.0945	0.00097	9.0e-5	0.0106
19.0	0.095	0.00098	0.0001	0.01061
19.1	0.0955	0.00098	0.0001	0.01062
19.2	0.096	0.00099	0.0001	0.01062
19.3	0.0965	0.00099	0.0001	0.01063
19.4	0.097	0.001	0.0001	0.01063
19.5	0.0975	0.001	0.0001	0.01064
19.6	0.098	0.00101	0.0001	0.01065
19.7	0.0985	0.00101	0.0001	0.01065
19.8	0.099	0.00102	0.0001	0.01066
19.9	0.0995	0.00102	0.0001	0.01066
20.0	0.1	0.00103	0.0001	0.01067
20.1	0.1005	0.00103	0.0001	0.01068
20.2	0.101	0.00104	0.0001	0.01068
20.3	0.1015	0.00104	0.0001	0.01069
20.4	0.102	0.00105	0.0001	0.0107
20.5	0.1025	0.00105	0.0001	0.0107
20.6	0.103	0.00106	0.0001	0.01071
20.7	0.1035	0.00107	0.0001	0.01072
20.8	0.104	0.00107	0.0001	0.01072
20.9	0.1045	0.00108	0.0001	0.01073
21.0	0.105	0.00108	0.00011	0.01074
21.1	0.1055	0.00109	0.00011	0.01074
21.2	0.106	0.00109	0.00011	0.01075
21.3	0.1065	0.0011	0.00011	0.01076
21.4	0.107	0.0011	0.00011	0.01076
21.5	0.1075	0.00111	0.00011	0.01077
21.6	0.108	0.00111	0.00011	0.01078
21.7	0.1085	0.00112	0.00011	0.01078
21.8	0.109	0.00112	0.00011	0.01079
21.9	0.1095	0.00113	0.00011	0.0108
22.0	0.11	0.00114	0.00011	0.0108
22.1	0.1105	0.00114	0.00011	0.01081
22.2	0.111	0.00115	0.00011	0.01082
22.3	0.1115	0.00115	0.00011	0.01082
22.4	0.112	0.00116	0.00011	0.01083
22.5	0.1125	0.00116	0.00011	0.01084
22.6	0.113	0.00117	0.00011	0.01084
22.7	0.1135	0.00117	0.00011	0.01085
22.8	0.114	0.00118	0.00011	0.01086
22.9	0.1145	0.00118	0.00011	0.01086
23.0	0.115	0.00119	0.00012	0.01087
23.1	0.1155	0.0012	0.00012	0.01088
23.2	0.116	0.0012	0.00012	0.01089
23.3	0.1165	0.00121	0.00012	0.01089
23.4	0.117	0.00121	0.00012	0.0109
23.5	0.1175	0.00122	0.00012	0.01091
23.6	0.118	0.00122	0.00012	0.01091
23.7	0.1185	0.00123	0.00012	0.01092
23.8	0.119	0.00123	0.00012	0.01093
23.9	0.1195	0.00124	0.00012	0.01094
24.0	0.12	0.00124	0.00012	0.01094
24.1	0.1205	0.00125	0.00012	0.01095
24.2	0.121	0.00126	0.00012	0.01096
24.3	0.1215	0.00126	0.00012	0.01097
24.4	0.122	0.00127	0.00012	0.01097
24.5	0.1225	0.00127	0.00012	0.01098
24.6	0.123	0.00128	0.00012	0.01099
24.7	0.1235	0.00128	0.00012	0.011
24.8	0.124	0.00129	0.00012	0.011
24.9	0.1245	0.00129	0.00012	0.01101
25.0	0.125	0.0013	0.00013	0.01102
25.1	0.1255	0.0013	0.00013	0.01103
25.2	0.126	0.00131	0.00013	0.01103
25.3	0.1265	0.00132	0.00013	0.01104
25.4	0.127	0.00132	0.00013	0.01105
25.5	0.1275	0.00133	0.00013	0.01106
25.6	0.128	0.00133	0.00013	0.01106
25.7	0.1285	0.00134	0.00013	0.01107
25.8	0.129	0.00134	0.00013	0.01108
25.9	0.1295	0.00135	0.00013	0.01109
26.0	0.13	0.00135	0.00013	0.0111
26.1	0.1305	0.00136	0.00013	0.0111
26.2	0.131	0.00137	0.00013	0.01111
26.3	0.1315	0.00137	0.00013	0.01112
26.4	0.132	0.00138	0.00013	0.01113
26.5	0.1325	0.00138	0.00013	0.01113
26.6	0.133	0.00139	0.00013	0.01114
26.7	0.1335	0.00139	0.00013	0.01115
26.8	0.134	0.0014	0.00013	0.01116
26.9	0.1345	0.0014	0.00014	0.01117
27.0	0.135	0.00141	0.00014	0.01117
27.1	0.1355	0.00142	0.00014	0.01118
27.2	0.136	0.00142	0.00014	0.01119
27.3	0.1365	0.00143	0.00014	0.0112
27.4	0.137	0.00143	0.00014	0.01121
27.5	0.1375	0.00144	0.00014	0.01121
27.6	0.138	0.00144	0.00014	0.01122
27.7	0.1385	0.00145	0.00014	0.01123
27.8	0.139	0.00146	0.00014	0.01124
27.9	0.1395	0.00146	0.00014	0.01125
28.0	0.14	0.00147	0.00014	0.01126
28.1	0.1405	0.00147	0.00014	0.01126
28.2	0.141	0.00148	0.00014	0.01127
28.3	0.1415	0.00148	0.00014	0.01128
28.4	0.142	0.00149	0.00014	0.01129
28.5	0.1425	0.00149	0.00014	0.0113
28.6	0.143	0.0015	0.00014	0.01131
28.7	0.1435	0.00151	0.00014	0.01131
28.8	0.144	0.00151	0.00014	0.01132
28.9	0.1445	0.00152	0.00015	0.01133
29.0	0.145	0.00152	0.00015	0.01134
29.1	0.1455	0.00153	0.00015	0.01135
29.2	0.146	0.00153	0.00015	0.01136
29.3	0.1465	0.00154	0.00015	0.01136
29.4	0.147	0.00155	0.00015	0.01137
29.5	0.1475	0.00155	0.00015	0.01138
29.6	0.148	0.00156	0.00015	0.01139
29.7	0.1485	0.00156	0.00015	0.0114
29.8	0.149	0.00157	0.00015	0.01141
29.9	0.1495	0.00157	0.00015	0.01142
30.0	0.15	0.00158	0.00015	0.01143
30.1	0.1505	0.00159	0.00015	0.01143
30.2	0.151	0.00159	0.00015	0.01144
30.3	0.1515	0.0016	0.00015	0.01145
30.4	0.152	0.0016	0.00015	0.01146
30.5	0.1525	0.00161	0.00015	0.01147
30.6	0.153	0.00161	0.00015	0.01148
30.7	0.1535	0.00162	0.00015	0.01149
30.8	0.154	0.00163	0.00015	0.0115
30.9	0.1545	0.00163	0.00016	0.0115
31.0	0.155	0.00164	0.00016	0.01151
31.1	0.1555	0.00164	0.00016	0.01152
31.2	0.156	0.00165	0.00016	0.01153
31.3	0.1565	0.00165	0.00016	0.01154
31.4	0.157	0.00166	0.00016	0.01155
31.5	0.1575	0.00167	0.00016	0.01156
31.6	0.158	0.00167	0.00016	0.01157
31.7	0.1585	0.00168	0.00016	0.01158
31.8	0.159	0.00168	0.00016	0.01159
31.9	0.1595	0.00169	0.00016	0.01159
32.0	0.16	0.0017	0.00016	0.0116
32.1	0.1605	0.0017	0.00016	0.01161
32.2	0.161	0.00171	0.00016	0.01162
32.3	0.1615	0.00171	0.00016	0.01163
32.4	0.162	0.00172	0.00016	0.01164
32.5	0.1625	0.00172	0.00016	0.01165
32.6	0.163	0.00173	0.00016	0.01166
32.7	0.1635	0.00174	0.00016	0.01167
32.8	0.164	0.00174	0.00016	0.01168
32.9	0.1645	0.00175	0.00017	0.01169
33.0	0.165	0.00175	0.00017	0.0117
33.1	0.1655	0.00176	0.00017	0.01171
33.2	0.166	0.00177	0.00017	0.01171
33.3	0.1665	0.00177	0.00017	0.01172
33.4	0.167	0.00178	0.00017	0.01173
33.5	0.1675	0.00178	0.00017	0.01174
33.6	0.168	0.00179	0.00017	0.01175
33.7	0.1685	0.00179	0.00017	0.01176
33.8	0.169	0.0018	0.00017	0.01177
33.9	0.1695	0.00181	0.00017	0.01178
34.0	0.17	0.00181	0.00017	0.01179
34.1	0.1705	0.00182	0.00017	0.0118
34.2	0.171	0.00182	0.00017	0.01181
34.3	0.1715	0.00183	0.00017	0.01182
34.4	0.172	0.00184	0.00017	0.01183
34.5	0.1725	0.00184	0.00017	0.01184
34.6	0.173	0.00185	0.00017	0.01185
34.7	0.1735	0.00185	0.00017	0.01186
34.8	0.174	0.00186	0.00017	0.01187
34.9	0.1745	0.00187	0.00018	0.01188
35.0	0.175	0.00187	0.00018	0.01189
35.1	0.1755	0.00188	0.00018	0.0119
35.2	0.176	0.00188	0.00018	0.01191
35.3	0.1765	0.00189	0.00018	0.01192
35.4	0.177	0.0019	0.00018	0.01193
35.5	0.1775	0.0019	0.00018	0.01194
35.6	0.178	0.00191	0.00018	0.01195
35.7	0.1785	0.00191	0.00018	0.01196
35.8	0.179	0.00192	0.00018	0.01196
35.9	0.1795	0.00192	0.00018	0.01197
36.0	0.18	0.00193	0.00018	0.01198
36.1	0.1805	0.00194	0.00018	0.01199
36.2	0.181	0.00194	0.00018	0.012
36.3	0.1815	0.00195	0.00018	0.01201
36.4	0.182	0.00195	0.00018	0.01202
36.5	0.1825	0.00196	0.00018	0.01203
36.6	0.183	0.00197	0.00018	0.01204
36.7	0.1835	0.00197	0.00018	0.01205
36.8	0.184	0.00198	0.00018	0.01206
36.9	0.1845	0.00199	0.00019	0.01207
37.0	0.185	0.00199	0.00019	0.01209
37.1	0.1855	0.002	0.00019	0.0121
37.2	0.186	0.002	0.00019	0.01211
37.3	0.1865	0.00201	0.00019	0.01212
37.4	0.187	0.00202	0.00019	0.01213
37.5	0.1875	0.00202	0.00019	0.01214
37.6	0.188	0.00203	0.00019	0.01215
37.7	0.1885	0.00203	0.00019	0.01216
37.8	0.189	0.00204	0.00019	0.01217
37.9	0.1895	0.00205	0.00019	0.01218
38.0	0.19	0.00205	0.00019	0.01219
38.1	0.1905	0.00206	0.00019	0.0122
38.2	0.191	0.00206	0.00019	0.01221
38.3	0.1915	0.00207	0.00019	0.01222
38.4	0.192	0.00208	0.00019	0.01223
38.5	0.1925	0.00208	0.00019	0.01224
38.6	0.193	0.00209	0.00019	0.01225
38.7	0.1935	0.00209	0.00019	0.01226
38.8	0.194	0.0021	0.00019	0.01227
38.9	0.1945	0.00211	0.0002	0.01228
39.0	0.195	0.00211	0.0002	0.01229
39.1	0.1955	0.00212	0.0002	0.0123
39.2	0.196	0.00213	0.0002	0.01231
39.3	0.1965	0.00213	0.0002	0.01232
39.4	0.197	0.00214	0.0002	0.01233
39.5	0.1975	0.00214	0.0002	0.01234
39.6	0.198	0.00215	0.0002	0.01235
39.7	0.1985	0.00216	0.0002	0.01237
39.8	0.199	0.00216	0.0002	0.01238
39.9	0.1995	0.00217	0.0002	0.01239
40.0	0.2	0.00217	0.0002	0.0124
40.1	0.2005	0.00218	0.0002	0.01241
40.2	0.201	0.00219	0.0002	0.01242
40.3	0.2015	0.00219	0.0002	0.01243
40.4	0.202	0.0022	0.0002	0.01244
40.5	0.2025	0.00221	0.0002	0.01245
40.6	0.203	0.00221	0.0002	0.01246
40.7	0.2035	0.00222	0.0002	0.01247
40.8	0.204	0.00222	0.0002	0.01248
40.9	0.2045	0.00223	0.00021	0.01249
41.0	0.205	0.00224	0.00021	0.01251
41.1	0.2055	0.00224	0.00021	0.01252
41.2	0.206	0.00225	0.00021	0.01253
41.3	0.2065	0.00226	0.00021	0.01254
41.4	0.207	0.00226	0.00021	0.01255
41.5	0.2075	0.00227	0.00021	0.01256
41.6	0.208	0.00227	0.00021	0.01257
41.7	0.2085	0.00228	0.00021	0.01258
41.8	0.209	0.00229	0.00021	0.01259
41.9	0.2095	0.00229	0.00021	0.0126
42.0	0.21	0.0023	0.00021	0.01261
42.1	0.2105	0.00231	0.00021	0.01263
42.2	0.211	0.00231	0.00021	0.01264
42.3	0.2115	0.00232	0.00021	0.01265
42.4	0.212	0.00233	0.00021	0.01266
42.5	0.2125	0.00233	0.00021	0.01267
42.6	0.213	0.00234	0.00021	0.01268
42.7	0.2135	0.00234	0.00021	0.01269
42.8	0.214	0.00235	0.00021	0.0127
42.9	0.2145	0.00236	0.00022	0.01271
43.0	0.215	0.00236	0.00022	0.01273
43.1	0.2155	0.00237	0.00022	0.01274
43.2	0.216	0.00238	0.00022	0.01275
43.3	0.2165	0.00238	0.00022	0.01276
43.4	0.217	0.00239	0.00022	0.01277
43.5	0.2175	0.0024	0.00022	0.01278
43.6	0.218	0.0024	0.00022	0.01279
43.7	0.2185	0.00241	0.00022	0.0128
43.8	0.219	0.00241	0.00022	0.01282
43.9	0.2195	0.00242	0.00022	0.01283
44.0	0.22	0.00243	0.00022	0.01284
44.1	0.2205	0.00243	0.00022	0.01285
44.2	0.221	0.00244	0.00022	0.01286
44.3	0.2215	0.00245	0.00022	0.01287
44.4	0.222	0.00245	0.00022	0.01288
44.5	0.2225	0.00246	0.00022	0.0129
44.6	0.223	0.00247	0.00022	0.01291
44.7	0.2235	0.00247	0.00022	0.01292
44.8	0.224	0.00248	0.00022	0.01293
44.9	0.2245	0.00249	0.00023	0.01294
45.0	0.225	0.00249	0.00023	0.01295
45.1	0.2255	0.0025	0.00023	0.01297
45.2	0.226	0.0025	0.00023	0.01298
45.3	0.2265	0.00251	0.00023	0.01299
45.4	0.227	0.00252	0.00023	0.013
45.5	0.2275	0.00252	0.00023	0.01301
45.6	0.228	0.00253	0.00023	0.01302
45.7	0.2285	0.00254	0.00023	0.01303
45.8	0.229	0.00254	0.00023	0.01305
45.9	0.2295	0.00255	0.00023	0.01306
46.0	0.23	0.00256	0.00023	0.01307
46.1	0.2305	0.00256	0.00023	0.01308
46.2	0.231	0.00257	0.00023	0.01309
46.3	0.2315	0.00258	0.00023	0.01311
46.4	0.232	0.00258	0.00023	0.01312
46.5	0.2325	0.00259	0.00023	0.01313
46.6	0.233	0.0026	0.00023	0.01314
46.7	0.2335	0.0026	0.00023	0.01315
46.8	0.234	0.00261	0.00023	0.01316
46.9	0.2345	0.00262	0.00024	0.01318
47.0	0.235	0.00262	0.00024	0.01319
47.1	0.2355	0.00263	0.00024	0.0132
47.2	0.236	0.00264	0.00024	0.01321
47.3	0.2365	0.00264	0.00024	0.01322
47.4	0.237	0.00265	0.00024	0.01324
47.5	0.2375	0.00266	0.00024	0.01325
47.6	0.238	0.00266	0.00024	0.01326
47.7	0.2385	0.00267	0.00024	0.01327
47.8	0.239	0.00268	0.00024	0.01328
47.9	0.2395	0.00268	0.00024	0.0133
48.0	0.24	0.00269	0.00024	0.01331
48.1	0.2405	0.0027	0.00024	0.01332
48.2	0.241	0.0027	0.00024	0.01333
48.3	0.2415	0.00271	0.00024	0.01334
48.4	0.242	0.00272	0.00024	0.01336
48.5	0.2425	0.00272	0.00024	0.01337
48.6	0.243	0.00273	0.00024	0.01338
48.7	0.2435	0.00274	0.00024	0.01339
48.8	0.244	0.00274	0.00024	0.0134
48.9	0.2445	0.00275	0.00025	0.01342
49.0	0.245	0.00276	0.00025	0.01343
49.1	0.2455	0.00276	0.00025	0.01344
49.2	0.246	0.00277	0.00025	0.01345
49.3	0.2465	0.00278	0.00025	0.01347
49.4	0.247	0.00278	0.00025	0.01348
49.5	0.2475	0.00279	0.00025	0.01349
49.6	0.248	0.0028	0.00025	0.0135
49.7	0.2485	0.0028	0.00025	0.01351
49.8	0.249	0.00281	0.00025	0.01353
49.9	0.2495	0.00282	0.00025	0.01354
50.0	0.25	0.00282	0.00025	0.01355
50.1	0.2505	0.00283	0.00025	0.01356
50.2	0.251	0.00284	0.00025	0.01358
50.3	0.2515	0.00284	0.00025	0.01359
50.4	0.252	0.00285	0.00025	0.0136
50.5	0.2525	0.00286	0.00025	0.01361
50.6	0.253	0.00286	0.00025	0.01363
50.7	0.2535	0.00287	0.00025	0.01364
50.8	0.254	0.00288	0.00025	0.01365
50.9	0.2545	0.00288	0.00026	0.01366
51.0	0.255	0.00289	0.00026	0.01368
51.1	0.2555	0.0029	0.00026	0.01369
51.2	0.256	0.0029	0.00026	0.0137
51.3	0.2565	0.00291	0.00026	0.01371
51.4	0.257	0.00292	0.00026	0.01373
51.5	0.2575	0.00293	0.00026	0.01374
51.6	0.258	0.00293	0.00026	0.01375
51.7	0.2585	0.00294	0.00026	0.01376
51.8	0.259	0.00295	0.00026	0.01378
51.9	0.2595	0.00295	0.00026	0.01379
52.0	0.26	0.00296	0.00026	0.0138
52.1	0.2605	0.00297	0.00026	0.01381
52.2	0.261	0.00297	0.00026	0.01383
52.3	0.2615	0.00298	0.00026	0.01384
52.4	0.262	0.00299	0.00026	0.01385
52.5	0.2625	0.00299	0.00026	0.01386
52.6	0.263	0.003	0.00026	0.01388
52.7	0.2635	0.00301	0.00026	0.01389
52.8	0.264	0.00302	0.00026	0.0139
52.9	0.2645	0.00302	0.00027	0.01392
53.0	0.265	0.00303	0.00027	0.01393
53.1	0.2655	0.00304	0.00027	0.01394
53.2	0.266	0.00304	0.00027	0.01395
53.3	0.2665	0.00305	0.00027	0.01397
53.4	0.267	0.00306	0.00027	0.01398
53.5	0.2675	0.00306	0.00027	0.01399
53.6	0.268	0.00307	0.00027	0.01401
53.7	0.2685	0.00308	0.00027	0.01402
53.8	0.269	0.00309	0.00027	0.01403
53.9	0.2695	0.00309	0.00027	0.01404
54.0	0.27	0.0031	0.00027	0.01406
54.1	0.2705	0.00311	0.00027	0.01407
54.2	0.271	0.00311	0.00027	0.01408
54.3	0.2715	0.00312	0.00027	0.0141
54.4	0.272	0.00313	0.00027	0.01411
54.5	0.2725	0.00313	0.00027	0.01412
54.6	0.273	0.00314	0.00027	0.01413
54.7	0.2735	0.00315	0.00027	0.01415
54.8	0.274	0.00316	0.00027	0.01416
54.9	0.2745	0.00316	0.00028	0.01417
55.0	0.275	0.00317	0.00028	0.01419
55.1	0.2755	0.00318	0.00028	0.0142
55.2	0.276	0.00318	0.00028	0.01421
55.3	0.2765	0.00319	0.00028	0.01423
55.4	0.277	0.0032	0.00028	0.01424
55.5	0.2775	0.00321	0.00028	0.01425
55.6	0.278	0.00321	0.00028	0.01427
55.7	0.2785	0.00322	0.00028	0.01428
55.8	0.279	0.00323	0.00028	0.01429
55.9	0.2795	0.00323	0.00028	0.01431
56.0	0.28	0.00324	0.00028	0.01432
56.1	0.2805	0.00325	0.00028	0.01433
56.2	0.281	0.00326	0.00028	0.01434
56.3	0.2815	0.00326	0.00028	0.01436
56.4	0.282	0.00327	0.00028	0.01437
56.5	0.2825	0.00328	0.00028	0.01438
56.6	0.283	0.00328	0.00028	0.0144
56.7	0.2835	0.00329	0.00028	0.01441
56.8	0.284	0.0033	0.00028	0.01442
56.9	0.2845	0.00331	0.00029	0.01444
57.0	0.285	0.00331	0.00029	0.01445
57.1	0.2855	0.00332	0.00029	0.01446
57.2	0.286	0.00333	0.00029	0.01448
57.3	0.2865	0.00333	0.00029	0.01449
57.4	0.287	0.00334	0.00029	0.0145
57.5	0.2875	0.00335	0.00029	0.01452
57.6	0.288	0.00336	0.00029	0.01453
57.7	0.2885	0.00336	0.00029	0.01454
57.8	0.289	0.00337	0.00029	0.01456
57.9	0.2895	0.00338	0.00029	0.01457
58.0	0.29	0.00339	0.00029	0.01459
58.1	0.2905	0.00339	0.00029	0.0146
58.2	0.291	0.0034	0.00029	0.01461
58.3	0.2915	0.00341	0.00029	0.01463
58.4	0.292	0.00342	0.00029	0.01464
58.5	0.2925	0.00342	0.00029	0.01465
58.6	0.293	0.00343	0.00029	0.01467
58.7	0.2935	0.00344	0.00029	0.01468
58.8	0.294	0.00344	0.00029	0.01469
58.9	0.2945	0.00345	0.0003	0.01471
59.0	0.295	0.00346	0.0003	0.01472
59.1	0.2955	0.00347	0.0003	0.01473
59.2	0.296	0.00347	0.0003	0.01475
59.3	0.2965	0.00348	0.0003	0.01476
59.4	0.297	0.00349	0.0003	0.01477
59.5	0.2975	0.0035	0.0003	0.01479
59.6	0.298	0.0035	0.0003	0.0148
59.7	0.2985	0.00351	0.0003	0.01482
59.8	0.299	0.00352	0.0003	0.01483
59.9	0.2995	0.00353	0.0003	0.01484
60.0	0.3	0.00353	0.0003	0.01486
60.1	0.3005	0.00354	0.0003	0.01487
60.2	0.301	0.00355	0.0003	0.01488
60.3	0.3015	0.00356	0.0003	0.0149
60.4	0.302	0.00356	0.0003	0.01491
60.5	0.3025	0.00357	0.0003	0.01493
60.6	0.303	0.00358	0.0003	0.01494
60.7	0.3035	0.00359	0.0003	0.01495
60.8	0.304	0.00359	0.0003	0.01497
60.9	0.3045	0.0036	0.00031	0.01498
61.0	0.305	0.00361	0.00031	0.01499
61.1	0.3055	0.00362	0.00031	0.01501
61.2	0.306	0.00362	0.00031	0.01502
61.3	0.3065	0.00363	0.00031	0.01504
61.4	0.307	0.00364	0.00031	0.01505
61.5	0.3075	0.00365	0.00031	0.01506
61.6	0.308	0.00365	0.00031	0.01508
61.7	0.3085	0.00366	0.00031	0.01509
61.8	0.309	0.00367	0.00031	0.01511
61.9	0.3095	0.00368	0.00031	0.01512
62.0	0.31	0.00368	0.00031	0.01513
62.1	0.3105	0.00369	0.00031	0.01515
62.2	0.311	0.0037	0.00031	0.01516
62.3	0.3115	0.00371	0.00031	0.01518
62.4	0.312	0.00371	0.00031	0.01519
62.5	0.3125	0.00372	0.00031	0.0152
62.6	0.313	0.00373	0.00031	0.01522
62.7	0.3135	0.00374	0.00031	0.01523
62.8	0.314	0.00374	0.00031	0.01525
62.9	0.3145	0.00375	0.00032	0.01526
63.0	0.315	0.00376	0.00032	0.01527
63.1	0.3155	0.00377	0.00032	0.01529
63.2	0.316	0.00377	0.00032	0.0153
63.3	0.3165	0.00378	0.00032	0.01532
63.4	0.317	0.00379	0.00032	0.01533
63.5	0.3175	0.0038	0.00032	0.01535
63.6	0.318	0.00381	0.00032	0.01536
63.7	0.3185	0.00381	0.00032	0.01537
63.8	0.319	0.00382	0.00032	0.01539
63.9	0.3195	0.00383	0.00032	0.0154
64.0	0.32	0.00384	0.00032	0.01542
64.1	0.3205	0.00384	0.00032	0.01543
64.2	0.321	0.00385	0.00032	0.01544
64.3	0.3215	0.00386	0.00032	0.01546
64.4	0.322	0.00387	0.00032	0.01547
64.5	0.3225	0.00387	0.00032	0.01549
64.6	0.323	0.00388	0.00032	0.0155
64.7	0.3235	0.00389	0.00032	0.01552
64.8	0.324	0.0039	0.00032	0.01553
64.9	0.3245	0.00391	0.00033	0.01554
65.0	0.325	0.00391	0.00033	0.01556
65.1	0.3255	0.00392	0.00033	0.01557
65.2	0.326	0.00393	0.00033	0.01559
65.3	0.3265	0.00394	0.00033	0.0156
65.4	0.327	0.00394	0.00033	0.01562
65.5	0.3275	0.00395	0.00033	0.01563
65.6	0.328	0.00396	0.00033	0.01564
65.7	0.3285	0.00397	0.00033	0.01566
65.8	0.329	0.00398	0.00033	0.01567
65.9	0.3295	0.00398	0.00033	0.01569
66.0	0.33	0.00399	0.00033	0.0157
66.1	0.3305	0.004	0.00033	0.01572
66.2	0.331	0.00401	0.00033	0.01573
66.3	0.3315	0.00402	0.00033	0.01575
66.4	0.332	0.00402	0.00033	0.01576
66.5	0.3325	0.00403	0.00033	0.01577
66.6	0.333	0.00404	0.00033	0.01579
66.7	0.3335	0.00405	0.00033	0.0158
66.8	0.334	0.00405	0.00033	0.01582
66.9	0.3345	0.00406	0.00034	0.01583
67.0	0.335	0.00407	0.00034	0.01585
67.1	0.3355	0.00408	0.00034	0.01586
67.2	0.336	0.00409	0.00034	0.01588
67.3	0.3365	0.00409	0.00034	0.01589
67.4	0.337	0.0041	0.00034	0.01591
67.5	0.3375	0.00411	0.00034	0.01592
67.6	0.338	0.00412	0.00034	0.01594
67.7	0.3385	0.00413	0.00034	0.01595
67.8	0.339	0.00413	0.00034	0.01596
67.9	0.3395	0.00414	0.00034	0.01598
68.0	0.34	0.00415	0.00034	0.01599
68.1	0.3405	0.00416	0.00034	0.01601
68.2	0.341	0.00417	0.00034	0.01602
68.3	0.3415	0.00417	0.00034	0.01604
68.4	0.342	0.00418	0.00034	0.01605
68.5	0.3425	0.00419	0.00034	0.01607
68.6	0.343	0.0042	0.00034	0.01608
68.7	0.3435	0.00421	0.00034	0.0161
68.8	0.344	0.00421	0.00034	0.01611
68.9	0.3445	0.00422	0.00035	0.01613
69.0	0.345	0.00423	0.00035	0.01614
69.1	0.3455	0.00424	0.00035	0.01616
69.2	0.346	0.00425	0.00035	0.01617
69.3	0.3465	0.00425	0.00035	0.01619
69.4	0.347	0.00426	0.00035	0.0162
69.5	0.3475	0.00427	0.00035	0.01621
69.6	0.348	0.00428	0.00035	0.01623
69.7	0.3485	0.00429	0.00035	0.01624
69.8	0.349	0.0043	0.00035	0.01626
69.9	0.3495	0.0043	0.00035	0.01627
70.0	0.35	0.00431	0.00035	0.01629
70.1	0.3505	0.00432	0.00035	0.0163
70.2	0.351	0.00433	0.00035	0.01632
70.3	0.3515	0.00434	0.00035	0.01633
70.4	0.352	0.00434	0.00035	0.01635
70.5	0.3525	0.00435	0.00035	0.01636
70.6	0.353	0.00436	0.00035	0.01638
70.7	0.3535	0.00437	0.00035	0.01639
70.8	0.354	0.00438	0.00035	0.01641
70.9	0.3545	0.00439	0.00036	0.01642
71.0	0.355	0.00439	0.00036	0.01644
71.1	0.3555	0.0044	0.00036	0.01645
71.2	0.356	0.00441	0.00036	0.01647
71.3	0.3565	0.00442	0.00036	0.01648
71.4	0.357	0.00443	0.00036	0.0165
71.5	0.3575	0.00443	0.00036	0.01651
71.6	0.358	0.00444	0.00036	0.01653
71.7	0.3585	0.00445	0.00036	0.01654
71.8	0.359	0.00446	0.00036	0.01656
71.9	0.3595	0.00447	0.00036	0.01657
72.0	0.36	0.00448	0.00036	0.01659
72.1	0.3605	0.00448	0.00036	0.0166
72.2	0.361	0.00449	0.00036	0.01662
72.3	0.3615	0.0045	0.00036	0.01663
72.4	0.362	0.00451	0.00036	0.01665
72.5	0.3625	0.00452	0.00036	0.01666
72.6	0.363	0.00453	0.00036	0.01668
72.7	0.3635	0.00453	0.00036	0.01669
72.8	0.364	0.00454	0.00036	0.01671
72.9	0.3645	0.00455	0.00037	0.01673
73.0	0.365	0.00456	0.00037	0.01674
73.1	0.3655	0.00457	0.00037	0.01676
73.2	0.366	0.00458	0.00037	0.01677
73.3	0.3665	0.00458	0.00037	0.01679
73.4	0.367	0.00459	0.00037	0.0168
73.5	0.3675	0.0046	0.00037	0.01682
73.6	0.368	0.00461	0.00037	0.01683
73.7	0.3685	0.00462	0.00037	0.01685
73.8	0.369	0.00463	0.00037	0.01686
73.9	0.3695	0.00464	0.00037	0.01688
74.0	0.37	0.00464	0.00037	0.01689
74.1	0.3705	0.00465	0.00037	0.01691
74.2	0.371	0.00466	0.00037	0.01692
74.3	0.3715	0.00467	0.00037	0.01694
74.4	0.372	0.00468	0.00037	0.01695
74.5	0.3725	0.00469	0.00037	0.01697
74.6	0.373	0.00469	0.00037	0.01698
74.7	0.3735	0.0047	0.00037	0.017
74.8	0.374	0.00471	0.00037	0.01702
74.9	0.3745	0.00472	0.00038	0.01703
75.0	0.375	0.00473	0.00038	0.01705
75.1	0.3755	0.00474	0.00038	0.01706
75.2	0.376	0.00475	0.00038	0.01708
75.3	0.3765	0.00475	0.00038	0.01709
75.4	0.377	0.00476	0.00038	0.01711
75.5	0.3775	0.00477	0.00038	0.01712
75.6	0.378	0.00478	0.00038	0.01714
75.7	0.3785	0.00479	0.00038	0.01715
75.8	0.379	0.0048	0.00038	0.01717
75.9	0.3795	0.00481	0.00038	0.01718
76.0	0.38	0.00481	0.00038	0.0172
76.1	0.3805	0.00482	0.00038	0.01722
76.2	0.381	0.00483	0.00038	0.01723
76.3	0.3815	0.00484	0.00038	0.01725
76.4	0.382	0.00485	0.00038	0.01726
76.5	0.3825	0.00486	0.00038	0.01728
76.6	0.383	0.00487	0.00038	0.01729
76.7	0.3835	0.00487	0.00038	0.01731
76.8	0.384	0.00488	0.00038	0.01732
76.9	0.3845	0.00489	0.00039	0.01734
77.0	0.385	0.0049	0.00039	0.01736
77.1	0.3855	0.00491	0.00039	0.01737
77.2	0.386	0.00492	0.00039	0.01739
77.3	0.3865	0.00493	0.00039	0.0174
77.4	0.387	0.00494	0.00039	0.01742
77.5	0.3875	0.00494	0.00039	0.01743
77.6	0.388	0.00495	0.00039	0.01745
77.7	0.3885	0.00496	0.00039	0.01746
77.8	0.389	0.00497	0.00039	0.01748
77.9	0.3895	0.00498	0.00039	0.0175
78.0	0.39	0.00499	0.00039	0.01751
78.1	0.3905	0.005	0.00039	0.01753
78.2	0.391	0.00501	0.00039	0.01754
78.3	0.3915	0.00501	0.00039	0.01756
78.4	0.392	0.00502	0.00039	0.01757
78.5	0.3925	0.00503	0.00039	0.01759
78.6	0.393	0.00504	0.00039	0.01761
78.7	0.3935	0.00505	0.00039	0.01762
78.8	0.394	0.00506	0.00039	0.01764
78.9	0.3945	0.00507	0.0004	0.01765
79.0	0.395	0.00508	0.0004	0.01767
79.1	0.3955	0.00508	0.0004	0.01768
79.2	0.396	0.00509	0.0004	0.0177
79.3	0.3965	0.0051	0.0004	0.01772
79.4	0.397	0.00511	0.0004	0.01773
79.5	0.3975	0.00512	0.0004	0.01775
79.6	0.398	0.00513	0.0004	0.01776
79.7	0.3985	0.00514	0.0004	0.01778
79.8	0.399	0.00515	0.0004	0.0178
79.9	0.3995	0.00516	0.0004	0.01781
80.0	0.4	0.00516	0.0004	0.01783
80.1	0.4005	0.00517	0.0004	0.01784
80.2	0.401	0.00518	0.0004	0.01786
80.3	0.4015	0.00519	0.0004	0.01787
80.4	0.402	0.0052	0.0004	0.01789
80.5	0.4025	0.00521	0.0004	0.01791
80.6	0.403	0.00522	0.0004	0.01792
80.7	0.4035	0.00523	0.0004	0.01794
80.8	0.404	0.00524	0.0004	0.01795
80.9	0.4045	0.00525	0.00041	0.01797
81.0	0.405	0.00525	0.00041	0.01799
81.1	0.4055	0.00526	0.00041	0.018
81.2	0.406	0.00527	0.00041	0.01802
81.3	0.4065	0.00528	0.00041	0.01803
81.4	0.407	0.00529	0.00041	0.01805
81.5	0.4075	0.0053	0.00041	0.01807
81.6	0.408	0.00531	0.00041	0.01808
81.7	0.4085	0.00532	0.00041	0.0181
81.8	0.409	0.00533	0.00041	0.01811
81.9	0.4095	0.00534	0.00041	0.01813
82.0	0.41	0.00534	0.00041	0.01815
82.1	0.4105	0.00535	0.00041	0.01816
82.2	0.411	0.00536	0.00041	0.01818
82.3	0.4115	0.00537	0.00041	0.01819
82.4	0.412	0.00538	0.00041	0.01821
82.5	0.4125	0.00539	0.00041	0.01823
82.6	0.413	0.0054	0.00041	0.01824
82.7	0.4135	0.00541	0.00041	0.01826
82.8	0.414	0.00542	0.00041	0.01827
82.9	0.4145	0.00543	0.00042	0.01829
83.0	0.415	0.00544	0.00042	0.01831
83.1	0.4155	0.00544	0.00042	0.01832
83.2	0.416	0.00545	0.00042	0.01834
83.3	0.4165	0.00546	0.00042	0.01835
83.4	0.417	0.00547	0.00042	0.01837
83.5	0.4175	0.00548	0.00042	0.01839
83.6	0.418	0.00549	0.00042	0.0184
83.7	0.4185	0.0055	0.00042	0.01842
83.8	0.419	0.00551	0.00042	0.01843
83.9	0.4195	0.00552	0.00042	0.01845
84.0	0.42	0.00553	0.00042	0.01847
84.1	0.4205	0.00554	0.00042	0.01848
84.2	0.421	0.00555	0.00042	0.0185
84.3	0.4215	0.00556	0.00042	0.01852
84.4	0.422	0.00556	0.00042	0.01853
84.5	0.4225	0.00557	0.00042	0.01855
84.6	0.423	0.00558	0.00042	0.01856
84.7	0.4235	0.00559	0.00042	0.01858
84.8	0.424	0.0056	0.00042	0.0186
84.9	0.4245	0.00561	0.00043	0.01861
85.0	0.425	0.00562	0.00043	0.01863
85.1	0.4255	0.00563	0.00043	0.01865
85.2	0.426	0.00564	0.00043	0.01866
85.3	0.4265	0.00565	0.00043	0.01868
85.4	0.427	0.00566	0.00043	0.01869
85.5	0.4275	0.00567	0.00043	0.01871
85.6	0.428	0.00568	0.00043	0.01873
85.7	0.4285	0.00569	0.00043	0.01874
85.8	0.429	0.0057	0.00043	0.01876
85.9	0.4295	0.0057	0.00043	0.01878
86.0	0.43	0.00571	0.00043	0.01879
86.1	0.4305	0.00572	0.00043	0.01881
86.2	0.431	0.00573	0.00043	0.01883
86.3	0.4315	0.00574	0.00043	0.01884
86.4	0.432	0.00575	0.00043	0.01886
86.5	0.4325	0.00576	0.00043	0.01887
86.6	0.433	0.00577	0.00043	0.01889
86.7	0.4335	0.00578	0.00043	0.01891
86.8	0.434	0.00579	0.00043	0.01892
86.9	0.4345	0.0058	0.00044	0.01894
87.0	0.435	0.00581	0.00044	0.01896
87.1	0.4355	0.00582	0.00044	0.01897
87.2	0.436	0.00583	0.00044	0.01899
87.3	0.4365	0.00584	0.00044	0.01901
87.4	0.437	0.00585	0.00044	0.01902
87.5	0.4375	0.00586	0.00044	0.01904
87.6	0.438	0.00587	0.00044	0.01905
87.7	0.4385	0.00587	0.00044	0.01907
87.8	0.439	0.00588	0.00044	0.01909
87.9	0.4395	0.00589	0.00044	0.0191
88.0	0.44	0.0059	0.00044	0.01912
88.1	0.4405	0.00591	0.00044	0.01914
88.2	0.441	0.00592	0.00044	0.01915
88.3	0.4415	0.00593	0.00044	0.01917
88.4	0.442	0.00594	0.00044	0.01919
88.5	0.4425	0.00595	0.00044	0.0192
88.6	0.443	0.00596	0.00044	0.01922
88.7	0.4435	0.00597	0.00044	0.01924
88.8	0.444	0.00598	0.00044	0.01925
88.9	0.4445	0.00599	0.00045	0.01927
89.0	0.445	0.006	0.00045	0.01929
89.1	0.4455	0.00601	0.00045	0.0193
89.2	0.446	0.00602	0.00045	0.01932
89.3	0.4465	0.00603	0.00045	0.01934
89.4	0.447	0.00604	0.00045	0.01935
89.5	0.4475	0.00605	0.00045	0.01937
89.6	0.448	0.00606	0.00045	0.01939
89.7	0.4485	0.00607	0.00045	0.0194
89.8	0.449	0.00608	0.00045	0.01942
89.9	0.4495	0.00609	0.00045	0.01944
90.0	0.45	0.0061	0.00045	0.01945
90.1	0.4505	0.00611	0.00045	0.01947
90.2	0.451	0.00612	0.00045	0.01949
90.3	0.4515	0.00613	0.00045	0.0195
90.4	0.452	0.00614	0.00045	0.01952
90.5	0.4525	0.00615	0.00045	0.01954
90.6	0.453	0.00616	0.00045	0.01955
90.7	0.4535	0.00616	0.00045	0.01957
90.8	0.454	0.00617	0.00045	0.01959
90.9	0.4545	0.00618	0.00046	0.0196
91.0	0.455	0.00619	0.00046	0.01962
91.1	0.4555	0.0062	0.00046	0.01964
91.2	0.456	0.00621	0.00046	0.01965
91.3	0.4565	0.00622	0.00046	0.01967
91.4	0.457	0.00623	0.00046	0.01969
91.5	0.4575	0.00624	0.00046	0.0197
91.6	0.458	0.00625	0.00046	0.01972
91.7	0.4585	0.00626	0.00046	0.01974
91.8	0.459	0.00627	0.00046	0.01975
91.9	0.4595	0.00628	0.00046	0.01977
92.0	0.46	0.00629	0.00046	0.01979
92.1	0.4605	0.0063	0.00046	0.0198
92.2	0.461	0.00631	0.00046	0.01982
92.3	0.4615	0.00632	0.00046	0.01984
92.4	0.462	0.00633	0.00046	0.01985
92.5	0.4625	0.00634	0.00046	0.01987
92.6	0.463	0.00635	0.00046	0.01989
92.7	0.4635	0.00636	0.00046	0.0199
92.8	0.464	0.00637	0.00046	0.01992
92.9	0.4645	0.00638	0.00047	0.01994
93.0	0.465	0.00639	0.00047	0.01995
93.1	0.4655	0.0064	0.00047	0.01997
93.2	0.466	0.00641	0.00047	0.01999
93.3	0.4665	0.00642	0.00047	0.02001
93.4	0.467	0.00643	0.00047	0.02002
93.5	0.4675	0.00644	0.00047	0.02004
93.6	0.468	0.00645	0.00047	0.02006
93.7	0.4685	0.00646	0.00047	0.02007
93.8	0.469	0.00647	0.00047	0.02009
93.9	0.4695	0.00648	0.00047	0.02011
94.0	0.47	0.00649	0.00047	0.02012
94.1	0.4705	0.0065	0.00047	0.02014
94.2	0.471	0.00651	0.00047	0.02016
94.3	0.4715	0.00652	0.00047	0.02017
94.4	0.472	0.00653	0.00047	0.02019
94.5	0.4725	0.00654	0.00047	0.02021
94.6	0.473	0.00655	0.00047	0.02023
94.7	0.4735	0.00656	0.00047	0.02024
94.8	0.474	0.00657	0.00047	0.02026
94.9	0.4745	0.00658	0.00048	0.02028
95.0	0.475	0.00659	0.00048	0.02029
95.1	0.4755	0.0066	0.00048	0.02031
95.2	0.476	0.00661	0.00048	0.02033
95.3	0.4765	0.00662	0.00048	0.02034
95.4	0.477	0.00663	0.00048	0.02036
95.5	0.4775	0.00664	0.00048	0.02038
95.6	0.478	0.00665	0.00048	0.0204
95.7	0.4785	0.00666	0.00048	0.02041
95.8	0.479	0.00668	0.00048	0.02043
95.9	0.4795	0.00669	0.00048	0.02045
96.0	0.48	0.0067	0.00048	0.02046
96.1	0.4805	0.00671	0.00048	0.02048
96.2	0.481	0.00672	0.00048	0.0205
96.3	0.4815	0.00673	0.00048	0.02051
96.4	0.482	0.00674	0.00048	0.02053
96.5	0.4825	0.00675	0.00048	0.02055
96.6	0.483	0.00676	0.00048	0.02057
96.7	0.4835	0.00677	0.00048	0.02058
96.8	0.484	0.00678	0.00048	0.0206
96.9	0.4845	0.00679	0.00049	0.02062
97.0	0.485	0.0068	0.00049	0.02063
97.1	0.4855	0.00681	0.00049	0.02065
97.2	0.486	0.00682	0.00049	0.02067
97.3	0.4865	0.00683	0.00049	0.02069
97.4	0.487	0.00684	0.00049	0.0207
97.5	0.4875	0.00685	0.00049	0.02072
97.6	0.488	0.00686	0.00049	0.02074
97.7	0.4885	0.00687	0.00049	0.02075
97.8	0.489	0.00688	0.00049	0.02077
97.9	0.4895	0.00689	0.00049	0.02079
98.0	0.49	0.0069	0.00049	0.02081
98.1	0.4905	0.00691	0.00049	0.02082
98.2	0.491	0.00692	0.00049	0.02084
98.3	0.4915	0.00693	0.00049	0.02086
98.4	0.492	0.00694	0.00049	0.02087
98.5	0.4925	0.00695	0.00049	0.02089
98.6	0.493	0.00696	0.00049	0.02091
98.7	0.4935	0.00697	0.00049	0.02093
98.8	0.494	0.00699	0.00049	0.02094
98.9	0.4945	0.007	0.0005	0.02096
99.0	0.495	0.00701	0.0005	0.02098
99.1	0.4955	0.00702	0.0005	0.021
99.2	0.496	0.00703	0.0005	0.02101
99.3	0.4965	0.00704	0.0005	0.02103
99.4	0.497	0.00705	0.0005	0.02105
99.5	0.4975	0.00706	0.0005	0.02106
99.6	0.498	0.00707	0.0005	0.02108
99.7	0.4985	0.00708	0.0005	0.0211
99.8	0.499	0.00709	0.0005	0.02112
99.9	0.4995	0.0071	0.0005	0.02113
100.0	0.5	0.00711	0.0005	0.02115
100.1	0.5005	0.00712	0.0005	0.02117
100.2	0.501	0.00713	0.0005	0.02119
100.3	0.5015	0.00714	0.0005	0.0212
100.4	0.502	0.00715	0.0005	0.02122
100.5	0.5025	0.00716	0.0005	0.02124
100.6	0.503	0.00718	0.0005	0.02125
100.7	0.5035	0.00719	0.0005	0.02127
100.8	0.504	0.0072	0.0005	0.02129
100.9	0.5045	0.00721	0.00051	0.02131
101.0	0.505	0.00722	0.00051	0.02132
101.1	0.5055	0.00723	0.00051	0.02134
101.2	0.506	0.00724	0.00051	0.02136
101.3	0.5065	0.00725	0.00051	0.02138
101.4	0.507	0.00726	0.00051	0.02139
101.5	0.5075	0.00727	0.00051	0.02141
101.6	0.508	0.00728	0.00051	0.02143
101.7	0.5085	0.00729	0.00051	0.02145
101.8	0.509	0.0073	0.00051	0.02146
101.9	0.5095	0.00731	0.00051	0.02148
102.0	0.51	0.00733	0.00051	0.0215
102.1	0.5105	0.00734	0.00051	0.02152
102.2	0.511	0.00735	0.00051	0.02153
102.3	0.5115	0.00736	0.00051	0.02155
102.4	0.512	0.00737	0.00051	0.02157
102.5	0.5125	0.00738	0.00051	0.02159
102.6	0.513	0.00739	0.00051	0.0216
102.7	0.5135	0.0074	0.00051	0.02162
102.8	0.514	0.00741	0.00051	0.02164
102.9	0.5145	0.00742	0.00052	0.02166
103.0	0.515	0.00743	0.00052	0.02167
103.1	0.5155	0.00744	0.00052	0.02169
103.2	0.516	0.00745	0.00052	0.02171
103.3	0.5165	0.00747	0.00052	0.02173
103.4	0.517	0.00748	0.00052	0.02174
103.5	0.5175	0.00749	0.00052	0.02176
103.6	0.518	0.0075	0.00052	0.02178
103.7	0.5185	0.00751	0.00052	0.0218
103.8	0.519	0.00752	0.00052	0.02181
103.9	0.5195	0.00753	0.00052	0.02183
104.0	0.52	0.00754	0.00052	0.02185
104.1	0.5205	0.00755	0.00052	0.02187
104.2	0.521	0.00756	0.00052	0.02188
104.3	0.5215	0.00757	0.00052	0.0219
104.4	0.522	0.00759	0.00052	0.02192
104.5	0.5225	0.0076	0.00052	0.02194
104.6	0.523	0.00761	0.00052	0.02195
104.7	0.5235	0.00762	0.00052	0.02197
104.8	0.524	0.00763	0.00052	0.02199
104.9	0.5245	0.00764	0.00053	0.02201
105.0	0.525	0.00765	0.00053	0.02202
105.1	0.5255	0.00766	0.00053	0.02204
105.2	0.526	0.00767	0.00053	0.02206
105.3	0.5265	0.00768	0.00053	0.02208
105.4	0.527	0.0077	0.00053	0.02209
105.5	0.5275	0.00771	0.00053	0.02211
105.6	0.528	0.00772	0.00053	0.02213
105.7	0.5285	0.00773	0.00053	0.02215
105.8	0.529	0.00774	0.00053	0.02216
105.9	0.5295	0.00775	0.00053	0.02218
106.0	0.53	0.00776	0.00053	0.0222
106.1	0.5305	0.00777	0.00053	0.02222
106.2	0.531	0.00778	0.00053	0.02224
106.3	0.5315	0.0078	0.00053	0.02225
106.4	0.532	0.00781	0.00053	0.02227
106.5	0.5325	0.00782	0.00053	0.02229
106.6	0.533	0.00783	0.00053	0.02231
106.7	0.5335	0.00784	0.00053	0.02232
106.8	0.534	0.00785	0.00053	0.02234
106.9	0.5345	0.00786	0.00054	0.02236
107.0	0.535	0.00787	0.00054	0.02238
107.1	0.5355	0.00788	0.00054	0.02239
107.2	0.536	0.0079	0.00054	0.02241
107.3	0.5365	0.00791	0.00054	0.02243
107.4	0.537	0.00792	0.00054	0.02245
107.5	0.5375	0.00793	0.00054	0.02247
107.6	0.538	0.00794	0.00054	0.02248
107.7	0.5385	0.00795	0.00054	0.0225
107.8	0.539	0.00796	0.00054	0.02252
107.9	0.5395	0.00797	0.00054	0.02254
108.0	0.54	0.00799	0.00054	0.02255
108.1	0.5405	0.008	0.00054	0.02257
108.2	0.541	0.00801	0.00054	0.02259
108.3	0.5415	0.00802	0.00054	0.02261
108.4	0.542	0.00803	0.00054	0.02263
108.5	0.5425	0.00804	0.00054	0.02264
108.6	0.543	0.00805	0.00054	0.02266
108.7	0.5435	0.00807	0.00054	0.02268
108.8	0.544	0.00808	0.00054	0.0227
108.9	0.5445	0.00809	0.00055	0.02271
109.0	0.545	0.0081	0.00055	0.02273
109.1	0.5455	0.00811	0.00055	0.02275
109.2	0.546	0.00812	0.00055	0.02277
109.3	0.5465	0.00813	0.00055	0.02279
109.4	0.547	0.00814	0.00055	0.0228
109.5	0.5475	0.00816	0.00055	0.02282
109.6	0.548	0.00817	0.00055	0.02284
109.7	0.5485	0.00818	0.00055	0.02286
109.8	0.549	0.00819	0.00055	0.02287
109.9	0.5495	0.0082	0.00055	0.02289
110.0	0.55	0.00821	0.00055	0.02291
110.1	0.5505	0.00822	0.00055	0.02293
110.2	0.551	0.00824	0.00055	0.02295
110.3	0.5515	0.00825	0.00055	0.02296
110.4	0.552	0.00826	0.00055	0.02298
110.5	0.5525	0.00827	0.00055	0.023
110.6	0.553	0.00828	0.00055	0.02302
110.7	0.5535	0.00829	0.00055	0.02304
110.8	0.554	0.00831	0.00055	0.02305
110.9	0.5545	0.00832	0.00056	0.02307
111.0	0.555	0.00833	0.00056	0.02309
111.1	0.5555	0.00834	0.00056	0.02311
111.2	0.556	0.00835	0.00056	0.02313
111.3	0.5565	0.00836	0.00056	0.02314
111.4	0.557	0.00837	0.00056	0.02316
111.5	0.5575	0.00839	0.00056	0.02318
111.6	0.558	0.0084	0.00056	0.0232
111.7	0.5585	0.00841	0.00056	0.02321
111.8	0.559	0.00842	0.00056	0.02323
111.9	0.5595	0.00843	0.00056	0.02325
112.0	0.56	0.00844	0.00056	0.02327
112.1	0.5605	0.00846	0.00056	0.02329
112.2	0.561	0.00847	0.00056	0.0233
112.3	0.5615	0.00848	0.00056	0.02332
112.4	0.562	0.00849	0.00056	0.02334
112.5	0.5625	0.0085	0.00056	0.02336
112.6	0.563	0.00851	0.00056	0.02338
112.7	0.5635	0.00853	0.00056	0.02339
112.8	0.564	0.00854	0.00056	0.02341
112.9	0.5645	0.00855	0.00057	0.02343
113.0	0.565	0.00856	0.00057	0.02345
113.1	0.5655	0.00857	0.00057	0.02347
113.2	0.566	0.00858	0.00057	0.02348
113.3	0.5665	0.0086	0.00057	0.0235
113.4	0.567	0.00861	0.00057	0.02352
113.5	0.5675	0.00862	0.00057	0.02354
113.6	0.568	0.00863	0.00057	0.02356
113.7	0.5685	0.00864	0.00057	0.02357
113.8	0.569	0.00866	0.00057	0.02359
113.9	0.5695	0.00867	0.00057	0.02361
114.0	0.57	0.00868	0.00057	0.02363
114.1	0.5705	0.00869	0.00057	0.02365
114.2	0.571	0.0087	0.00057	0.02367
114.3	0.5715	0.00871	0.00057	0.02368
114.4	0.572	0.00873	0.00057	0.0237
114.5	0.5725	0.00874	0.00057	0.02372
114.6	0.573	0.00875	0.00057	0.02374
114.7	0.5735	0.00876	0.00057	0.02376
114.8	0.574	0.00877	0.00057	0.02377
114.9	0.5745	0.00879	0.00058	0.02379
115.0	0.575	0.0088	0.00058	0.02381
115.1	0.5755	0.00881	0.00058	0.02383
115.2	0.576	0.00882	0.00058	0.02385
115.3	0.5765	0.00883	0.00058	0.02386
115.4	0.577	0.00885	0.00058	0.02388
115.5	0.5775	0.00886	0.00058	0.0239
115.6	0.578	0.00887	0.00058	0.02392
115.7	0.5785	0.00888	0.00058	0.02394
115.8	0.579	0.00889	0.00058	0.02396
115.9	0.5795	0.00891	0.00058	0.02397
116.0	0.58	0.00892	0.00058	0.02399
116.1	0.5805	0.00893	0.00058	0.02401
116.2	0.581	0.00894	0.00058	0.02403
116.3	0.5815	0.00895	0.00058	0.02405
116.4	0.582	0.00897	0.00058	0.02406
116.5	0.5825	0.00898	0.00058	0.02408
116.6	0.583	0.00899	0.00058	0.0241
116.7	0.5835	0.009	0.00058	0.02412
116.8	0.584	0.00901	0.00058	0.02414
116.9	0.5845	0.00903	0.00059	0.02415
117.0	0.585	0.00904	0.00059	0.02417
117.1	0.5855	0.00905	0.00059	0.02419
117.2	0.586	0.00906	0.00059	0.02421
117.3	0.5865	0.00907	0.00059	0.02423
117.4	0.587	0.00909	0.00059	0.02425
117.5	0.5875	0.0091	0.00059	0.02426
117.6	0.588	0.00911	0.00059	0.02428
117.7	0.5885	0.00912	0.00059	0.0243
117.8	0.589	0.00913	0.00059	0.02432
117.9	0.5895	0.00915	0.00059	0.02434
118.0	0.59	0.00916	0.00059	0.02436
118.1	0.5905	0.00917	0.00059	0.02437
118.2	0.591	0.00918	0.00059	0.02439
118.3	0.5915	0.0092	0.00059	0.02441
118.4	0.592	0.00921	0.00059	0.02443
118.5	0.5925	0.00922	0.00059	0.02445
118.6	0.593	0.00923	0.00059	0.02446
118.7	0.5935	0.00924	0.00059	0.02448
118.8	0.594	0.00926	0.00059	0.0245
118.9	0.5945	0.00927	0.00059	0.02452
119.0	0.595	0.00928	0.0006	0.02454
119.1	0.5955	0.00929	0.0006	0.02456
119.2	0.596	0.00931	0.0006	0.02457
119.3	0.5965	0.00932	0.0006	0.02459
119.4	0.597	0.00933	0.0006	0.02461
119.5	0.5975	0.00934	0.0006	0.02463
119.6	0.598	0.00936	0.0006	0.02465
119.7	0.5985	0.00937	0.0006	0.02467
119.8	0.599	0.00938	0.0006	0.02468
119.9	0.5995	0.00939	0.0006	0.0247
120.0	0.6	0.0094	0.0006	0.02472
120.1	0.6005	0.00942	0.0006	0.02474
120.2	0.601	0.00943	0.0006	0.02476
120.3	0.6015	0.00944	0.0006	0.02478
120.4	0.602	0.00945	0.0006	0.02479
120.5	0.6025	0.00947	0.0006	0.02481
120.6	0.603	0.00948	0.0006	0.02483
120.7	0.6035	0.00949	0.0006	0.02485
120.8	0.604	0.0095	0.0006	0.02487
120.9	0.6045	0.00952	0.0006	0.02489
121.0	0.605	0.00953	0.00061	0.0249
121.1	0.6055	0.00954	0.00061	0.02492
121.2	0.606	0.00955	0.00061	0.02494
121.3	0.6065	0.00957	0.00061	0.02496
121.4	0.607	0.00958	0.00061	0.02498
121.5	0.6075	0.00959	0.00061	0.025
121.6	0.608	0.0096	0.00061	0.02501
121.7	0.6085	0.00962	0.00061	0.02503
121.8	0.609	0.00963	0.00061	0.02505
121.9	0.6095	0.00964	0.00061	0.02507
122.0	0.61	0.00965	0.00061	0.02509
122.1	0.6105	0.00967	0.00061	0.02511
122.2	0.611	0.00968	0.00061	0.02513
122.3	0.6115	0.00969	0.00061	0.02514
122.4	0.612	0.0097	0.00061	0.02516
122.5	0.6125	0.00972	0.00061	0.02518
122.6	0.613	0.00973	0.00061	0.0252
122.7	0.6135	0.00974	0.00061	0.02522
122.8	0.614	0.00975	0.00061	0.02524
122.9	0.6145	0.00977	0.00061	0.02525
123.0	0.615	0.00978	0.00062	0.02527
123.1	0.6155	0.00979	0.00062	0.02529
123.2	0.616	0.0098	0.00062	0.02531
123.3	0.6165	0.00982	0.00062	0.02533
123.4	0.617	0.00983	0.00062	0.02535
123.5	0.6175	0.00984	0.00062	0.02537
123.6	0.618	0.00986	0.00062	0.02538
123.7	0.6185	0.00987	0.00062	0.0254
123.8	0.619	0.00988	0.00062	0.02542
123.9	0.6195	0.00989	0.00062	0.02544
124.0	0.62	0.00991	0.00062	0.02546
124.1	0.6205	0.00992	0.00062	0.02548
124.2	0.621	0.00993	0.00062	0.02549
124.3	0.6215	0.00994	0.00062	0.02551
124.4	0.622	0.00996	0.00062	0.02553
124.5	0.6225	0.00997	0.00062	0.02555
124.6	0.623	0.00998	0.00062	0.02557
124.7	0.6235	0.01	0.00062	0.02559
124.8	0.624	0.01001	0.00062	0.02561
124.9	0.6245	0.01002	0.00062	0.02562
125.0	0.625	0.01003	0.00063	0.02564
125.1	0.6255	0.01005	0.00063	0.02566
125.2	0.626	0.01006	0.00063	0.02568
125.3	0.6265	0.01007	0.00063	0.0257
125.4	0.627	0.01009	0.00063	0.02572
125.5	0.6275	0.0101	0.00063	0.02574
125.6	0.628	0.01011	0.00063	0.02575
125.7	0.6285	0.01012	0.00063	0.02577
125.8	0.629	0.01014	0.00063	0.02579
125.9	0.6295	0.01015	0.00063	0.02581
126.0	0.63	0.01016	0.00063	0.02583
126.1	0.6305	0.01018	0.00063	0.02585
126.2	0.631	0.01019	0.00063	0.02587
126.3	0.6315	0.0102	0.00063	0.02588
126.4	0.632	0.01021	0.00063	0.0259
126.5	0.6325	0.01023	0.00063	0.02592
126.6	0.633	0.01024	0.00063	0.02594
126.7	0.6335	0.01025	0.00063	0.02596
126.8	0.634	0.01027	0.00063	0.02598
126.9	0.6345	0.01028	0.00063	0.026
127.0	0.635	0.01029	0.00064	0.02601
127.1	0.6355	0.01031	0.00064	0.02603
127.2	0.636	0.01032	0.00064	0.02605
127.3	0.6365	0.01033	0.00064	0.02607
127.4	0.637	0.01034	0.00064	0.02609
127.5	0.6375	0.01036	0.00064	0.02611
127.6	0.638	0.01037	0.00064	0.02613
127.7	0.6385	0.01038	0.00064	0.02614
127.8	0.639	0.0104	0.00064	0.02616
127.9	0.6395	0.01041	0.00064	0.02618
128.0	0.64	0.01042	0.00064	0.0262
128.1	0.6405	0.01044	0.00064	0.02622
128.2	0.641	0.01045	0.00064	0.02624
128.3	0.6415	0.01046	0.00064	0.02626
128.4	0.642	0.01048	0.00064	0.02628
128.5	0.6425	0.01049	0.00064	0.02629
128.6	0.643	0.0105	0.00064	0.02631
128.7	0.6435	0.01052	0.00064	0.02633
128.8	0.644	0.01053	0.00064	0.02635
128.9	0.6445	0.01054	0.00064	0.02637
129.0	0.645	0.01055	0.00065	0.02639
129.1	0.6455	0.01057	0.00065	0.02641
129.2	0.646	0.01058	0.00065	0.02642
129.3	0.6465	0.01059	0.00065	0.02644
129.4	0.647	0.01061	0.00065	0.02646
129.5	0.6475	0.01062	0.00065	0.02648
129.6	0.648	0.01063	0.00065	0.0265
129.7	0.6485	0.01065	0.00065	0.02652
129.8	0.649	0.01066	0.00065	0.02654
129.9	0.6495	0.01067	0.00065	0.02656
130.0	0.65	0.01069	0.00065	0.02657
130.1	0.6505	0.0107	0.00065	0.02659
130.2	0.651	0.01071	0.00065	0.02661
130.3	0.6515	0.01073	0.00065	0.02663
130.4	0.652	0.01074	0.00065	0.02665
130.5	0.6525	0.01075	0.00065	0.02667
130.6	0.653	0.01077	0.00065	0.02669
130.7	0.6535	0.01078	0.00065	0.02671
130.8	0.654	0.01079	0.00065	0.02672
130.9	0.6545	0.01081	0.00065	0.02674
131.0	0.655	0.01082	0.00066	0.02676
131.1	0.6555	0.01083	0.00066	0.02678
131.2	0.656	0.01085	0.00066	0.0268
131.3	0.6565	0.01086	0.00066	0.02682
131.4	0.657	0.01087	0.00066	0.02684
131.5	0.6575	0.01089	0.00066	0.02686
131.6	0.658	0.0109	0.00066	0.02687
131.7	0.6585	0.01091	0.00066	0.02689
131.8	0.659	0.01093	0.00066	0.02691
131.9	0.6595	0.01094	0.00066	0.02693
132.0	0.66	0.01095	0.00066	0.02695
132.1	0.6605	0.01097	0.00066	0.02697
132.2	0.661	0.01098	0.00066	0.02699
132.3	0.6615	0.011	0.00066	0.02701
132.4	0.662	0.01101	0.00066	0.02702
132.5	0.6625	0.01102	0.00066	0.02704
132.6	0.663	0.01104	0.00066	0.02706
132.7	0.6635	0.01105	0.00066	0.02708
132.8	0.664	0.01106	0.00066	0.0271
132.9	0.6645	0.01108	0.00066	0.02712
133.0	0.665	0.01109	0.00067	0.02714
133.1	0.6655	0.0111	0.00067	0.02716
133.2	0.666	0.01112	0.00067	0.02718
133.3	0.6665	0.01113	0.00067	0.02719
133.4	0.667	0.01114	0.00067	0.02721
133.5	0.6675	0.01116	0.00067	0.02723
133.6	0.668	0.01117	0.00067	0.02725
133.7	0.6685	0.01119	0.00067	0.02727
133.8	0.669	0.0112	0.00067	0.02729
133.9	0.6695	0.01121	0.00067	0.02731
134.0	0.67	0.01123	0.00067	0.02733
134.1	0.6705	0.01124	0.00067	0.02734
134.2	0.671	0.01125	0.00067	0.02736
134.3	0.6715	0.01127	0.00067	0.02738
134.4	0.672	0.01128	0.00067	0.0274
134.5	0.6725	0.01129	0.00067	0.02742
134.6	0.673	0.01131	0.00067	0.02744
134.7	0.6735	0.01132	0.00067	0.02746
134.8	0.674	0.01134	0.00067	0.02748
134.9	0.6745	0.01135	0.00067	0.0275
135.0	0.675	0.01136	0.00068	0.02751
135.1	0.6755	0.01138	0.00068	0.02753
135.2	0.676	0.01139	0.00068	0.02755
135.3	0.6765	0.0114	0.00068	0.02757
135.4	0.677	0.01142	0.00068	0.02759
135.5	0.6775	0.01143	0.00068	0.02761
135.6	0.678	0.01145	0.00068	0.02763
135.7	0.6785	0.01146	0.00068	0.02765
135.8	0.679	0.01147	0.00068	0.02767
135.9	0.6795	0.01149	0.00068	0.02768
136.0	0.68	0.0115	0.00068	0.0277
136.1	0.6805	0.01152	0.00068	0.02772
136.2	0.681	0.01153	0.00068	0.02774
136.3	0.6815	0.01154	0.00068	0.02776
136.4	0.682	0.01156	0.00068	0.02778
136.5	0.6825	0.01157	0.00068	0.0278
136.6	0.683	0.01158	0.00068	0.02782
136.7	0.6835	0.0116	0.00068	0.02784
136.8	0.684	0.01161	0.00068	0.02786
136.9	0.6845	0.01163	0.00068	0.02787
137.0	0.685	0.01164	0.00069	0.02789
137.1	0.6855	0.01165	0.00069	0.02791
137.2	0.686	0.01167	0.00069	0.02793
137.3	0.6865	0.01168	0.00069	0.02795
137.4	0.687	0.0117	0.00069	0.02797
137.5	0.6875	0.01171	0.00069	0.02799
137.6	0.688	0.01172	0.00069	0.02801
137.7	0.6885	0.01174	0.00069	0.02803
137.8	0.689	0.01175	0.00069	0.02804
137.9	0.6895	0.01177	0.00069	0.02806
138.0	0.69	0.01178	0.00069	0.02808
138.1	0.6905	0.01179	0.00069	0.0281
138.2	0.691	0.01181	0.00069	0.02812
138.3	0.6915	0.01182	0.00069	0.02814
138.4	0.692	0.01184	0.00069	0.02816
138.5	0.6925	0.01185	0.00069	0.02818
138.6	0.693	0.01187	0.00069	0.0282
138.7	0.6935	0.01188	0.00069	0.02822
138.8	0.694	0.01189	0.00069	0.02823
138.9	0.6945	0.01191	0.00069	0.02825
139.0	0.695	0.01192	0.0007	0.02827
139.1	0.6955	0.01194	0.0007	0.02829
139.2	0.696	0.01195	0.0007	0.02831
139.3	0.6965	0.01196	0.0007	0.02833
139.4	0.697	0.01198	0.0007	0.02835
139.5	0.6975	0.01199	0.0007	0.02837
139.6	0.698	0.01201	0.0007	0.02839
139.7	0.6985	0.01202	0.0007	0.02841
139.8	0.699	0.01204	0.0007	0.02842
139.9	0.6995	0.01205	0.0007	0.02844
140.0	0.7	0.01206	0.0007	0.02846
140.1	0.7005	0.01208	0.0007	0.02848
140.2	0.701	0.01209	0.0007	0.0285
140.3	0.7015	0.01211	0.0007	0.02852
140.4	0.702	0.01212	0.0007	0.02854
140.5	0.7025	0.01213	0.0007	0.02856
140.6	0.703	0.01215	0.0007	0.02858
140.7	0.7035	0.01216	0.0007	0.0286
140.8	0.704	0.01218	0.0007	0.02862
140.9	0.7045	0.01219	0.0007	0.02863
141.0	0.705	0.01221	0.00071	0.02865
141.1	0.7055	0.01222	0.00071	0.02867
141.2	0.706	0.01224	0.00071	0.02869
141.3	0.7065	0.01225	0.00071	0.02871
141.4	0.707	0.01226	0.00071	0.02873
141.5	0.7075	0.01228	0.00071	0.02875
141.6	0.708	0.01229	0.00071	0.02877
141.7	0.7085	0.01231	0.00071	0.02879
141.8	0.709	0.01232	0.00071	0.02881
141.9	0.7095	0.01234	0.00071	0.02883
142.0	0.71	0.01235	0.00071	0.02884
142.1	0.7105	0.01236	0.00071	0.02886
142.2	0.711	0.01238	0.00071	0.02888
142.3	0.7115	0.01239	0.00071	0.0289
142.4	0.712	0.01241	0.00071	0.02892
142.5	0.7125	0.01242	0.00071	0.02894
142.6	0.713	0.01244	0.00071	0.02896
142.7	0.7135	0.01245	0.00071	0.02898
142.8	0.714	0.01247	0.00071	0.029
142.9	0.7145	0.01248	0.00071	0.02902
143.0	0.715	0.01249	0.00072	0.02904
143.1	0.7155	0.01251	0.00072	0.02905
143.2	0.716	0.01252	0.00072	0.02907
143.3	0.7165	0.01254	0.00072	0.02909
143.4	0.717	0.01255	0.00072	0.02911
143.5	0.7175	0.01257	0.00072	0.02913
143.6	0.718	0.01258	0.00072	0.02915
143.7	0.7185	0.0126	0.00072	0.02917
143.8	0.719	0.01261	0.00072	0.02919
143.9	0.7195	0.01263	0.00072	0.02921
144.0	0.72	0.01264	0.00072	0.02923
144.1	0.7205	0.01266	0.00072	0.02925
144.2	0.721	0.01267	0.00072	0.02927
144.3	0.7215	0.01268	0.00072	0.02928
144.4	0.722	0.0127	0.00072	0.0293
144.5	0.7225	0.01271	0.00072	0.02932
144.6	0.723	0.01273	0.00072	0.02934
144.7	0.7235	0.01274	0.00072	0.02936
144.8	0.724	0.01276	0.00072	0.02938
144.9	0.7245	0.01277	0.00072	0.0294
145.0	0.725	0.01279	0.00073	0.02942
145.1	0.7255	0.0128	0.00073	0.02944
145.2	0.726	0.01282	0.00073	0.02946
145.3	0.7265	0.01283	0.00073	0.02948
145.4	0.727	0.01285	0.00073	0.0295
145.5	0.7275	0.01286	0.00073	0.02951
145.6	0.728	0.01288	0.00073	0.02953
145.7	0.7285	0.01289	0.00073	0.02955
145.8	0.729	0.01291	0.00073	0.02957
145.9	0.7295	0.01292	0.00073	0.02959
146.0	0.73	0.01293	0.00073	0.02961
146.1	0.7305	0.01295	0.00073	0.02963
146.2	0.731	0.01296	0.00073	0.02965
146.3	0.7315	0.01298	0.00073	0.02967
146.4	0.732	0.01299	0.00073	0.02969
146.5	0.7325	0.01301	0.00073	0.02971
146.6	0.733	0.01302	0.00073	0.02973
146.7	0.7335	0.01304	0.00073	0.02974
146.8	0.734	0.01305	0.00073	0.02976
146.9	0.7345	0.01307	0.00073	0.02978
147.0	0.735	0.01308	0.00074	0.0298
147.1	0.7355	0.0131	0.00074	0.02982
147.2	0.736	0.01311	0.00074	0.02984
147.3	0.7365	0.01313	0.00074	0.02986
147.4	0.737	0.01314	0.00074	0.02988
147.5	0.7375	0.01316	0.00074	0.0299
147.6	0.738	0.01317	0.00074	0.02992
147.7	0.7385	0.01319	0.00074	0.02994
147.8	0.739	0.0132	0.00074	0.02996
147.9	0.7395	0.01322	0.00074	0.02998
148.0	0.74	0.01323	0.00074	0.03
148.1	0.7405	0.01325	0.00074	0.03001
148.2	0.741	0.01326	0.00074	0.03003
148.3	0.7415	0.01328	0.00074	0.03005
148.4	0.742	0.01329	0.00074	0.03007
148.5	0.7425	0.01331	0.00074	0.03009
148.6	0.743	0.01332	0.00074	0.03011
148.7	0.7435	0.01334	0.00074	0.03013
148.8	0.744	0.01335	0.00074	0.03015
148.9	0.7445	0.01337	0.00074	0.03017
149.0	0.745	0.01338	0.00075	0.03019
149.1	0.7455	0.0134	0.00075	0.03021
149.2	0.746	0.01341	0.00075	0.03023
149.3	0.7465	0.01343	0.00075	0.03025
149.4	0.747	0.01344	0.00075	0.03027
149.5	0.7475	0.01346	0.00075	0.03028
149.6	0.748	0.01347	0.00075	0.0303
149.7	0.7485	0.01349	0.00075	0.03032
149.8	0.749	0.0135	0.00075	0.03034
149.9	0.7495	0.01352	0.00075	0.03036
150.0	0.75	0.01353	0.00075	0.03038
150.1	0.7505	0.01355	0.00075	0.0304
150.2	0.751	0.01357	0.00075	0.03042
150.3	0.7515	0.01358	0.00075	0.03044
150.4	0.752	0.0136	0.00075	0.03046
150.5	0.7525	0.01361	0.00075	0.03048
150.6	0.753	0.01363	0.00075	0.0305
150.7	0.7535	0.01364	0.00075	0.03052
150.8	0.754	0.01366	0.00075	0.03054
150.9	0.7545	0.01367	0.00075	0.03055
151.0	0.755	0.01369	0.00076	0.03057
151.1	0.7555	0.0137	0.00076	0.03059
151.2	0.756	0.01372	0.00076	0.03061
151.3	0.7565	0.01373	0.00076	0.03063
151.4	0.757	0.01375	0.00076	0.03065
151.5	0.7575	0.01376	0.00076	0.03067
151.6	0.758	0.01378	0.00076	0.03069
151.7	0.7585	0.01379	0.00076	0.03071
151.8	0.759	0.01381	0.00076	0.03073
151.9	0.7595	0.01383	0.00076	0.03075
152.0	0.76	0.01384	0.00076	0.03077
152.1	0.7605	0.01386	0.00076	0.03079
152.2	0.761	0.01387	0.00076	0.03081
152.3	0.7615	0.01389	0.00076	0.03083
152.4	0.762	0.0139	0.00076	0.03085
152.5	0.7625	0.01392	0.00076	0.03086
152.6	0.763	0.01393	0.00076	0.03088
152.7	0.7635	0.01395	0.00076	0.0309
152.8	0.764	0.01396	0.00076	0.03092
152.9	0.7645	0.01398	0.00076	0.03094
153.0	0.765	0.014	0.00077	0.03096
153.1	0.7655	0.01401	0.00077	0.03098
153.2	0.766	0.01403	0.00077	0.031
153.3	0.7665	0.01404	0.00077	0.03102
153.4	0.767	0.01406	0.00077	0.03104
153.5	0.7675	0.01407	0.00077	0.03106
153.6	0.768	0.01409	0.00077	0.03108
153.7	0.7685	0.0141	0.00077	0.0311
153.8	0.769	0.01412	0.00077	0.03112
153.9	0.7695	0.01413	0.00077	0.03114
154.0	0.77	0.01415	0.00077	0.03116
154.1	0.7705	0.01417	0.00077	0.03117
154.2	0.771	0.01418	0.00077	0.03119
154.3	0.7715	0.0142	0.00077	0.03121
154.4	0.772	0.01421	0.00077	0.03123
154.5	0.7725	0.01423	0.00077	0.03125
154.6	0.773	0.01424	0.00077	0.03127
154.7	0.7735	0.01426	0.00077	0.03129
154.8	0.774	0.01428	0.00077	0.03131
154.9	0.7745	0.01429	0.00077	0.03133
155.0	0.775	0.01431	0.00078	0.03135
155.1	0.7755	0.01432	0.00078	0.03137
155.2	0.776	0.01434	0.00078	0.03139
155.3	0.7765	0.01435	0.00078	0.03141
155.4	0.777	0.01437	0.00078	0.03143
155.5	0.7775	0.01439	0.00078	0.03145
155.6	0.778	0.0144	0.00078	0.03147
155.7	0.7785	0.01442	0.00078	0.03149
155.8	0.779	0.01443	0.00078	0.0315
155.9	0.7795	0.01445	0.00078	0.03152
156.0	0.78	0.01446	0.00078	0.03154
156.1	0.7805	0.01448	0.00078	0.03156
156.2	0.781	0.0145	0.00078	0.03158
156.3	0.7815	0.01451	0.00078	0.0316
156.4	0.782	0.01453	0.00078	0.03162
156.5	0.7825	0.01454	0.00078	0.03164
156.6	0.783	0.01456	0.00078	0.03166
156.7	0.7835	0.01457	0.00078	0.03168
156.8	0.784	0.01459	0.00078	0.0317
156.9	0.7845	0.01461	0.00078	0.03172
157.0	0.785	0.01462	0.00079	0.03174
157.1	0.7855	0.01464	0.00079	0.03176
157.2	0.786	0.01465	0.00079	0.03178
157.3	0.7865	0.01467	0.00079	0.0318
157.4	0.787	0.01469	0.00079	0.03182
157.5	0.7875	0.0147	0.00079	0.03184
157.6	0.788	0.01472	0.00079	0.03186
157.7	0.7885	0.01473	0.00079	0.03187
157.8	0.789	0.01475	0.00079	0.03189
157.9	0.7895	0.01477	0.00079	0.03191
158.0	0.79	0.01478	0.00079	0.03193
158.1	0.7905	0.0148	0.00079	0.03195
158.2	0.791	0.01481	0.00079	0.03197
158.3	0.7915	0.01483	0.00079	0.03199
158.4	0.792	0.01485	0.00079	0.03201
158.5	0.7925	0.01486	0.00079	0.03203
158.6	0.793	0.01488	0.00079	0.03205
158.7	0.7935	0.01489	0.00079	0.03207
158.8	0.794	0.01491	0.00079	0.03209
158.9	0.7945	0.01493	0.00079	0.03211
159.0	0.795	0.01494	0.0008	0.03213
159.1	0.7955	0.01496	0.0008	0.03215
159.2	0.796	0.01497	0.0008	0.03217
159.3	0.7965	0.01499	0.0008	0.03219
159.4	0.797	0.01501	0.0008	0.03221
159.5	0.7975	0.01502	0.0008	0.03223
159.6	0.798	0.01504	0.0008	0.03225
159.7	0.7985	0.01505	0.0008	0.03226
159.8	0.799	0.01507	0.0008	0.03228
159.9	0.7995	0.01509	0.0008	0.0323
160.0	0.8	0.0151	0.0008	0.03232
160.1	0.8005	0.01512	0.0008	0.03234
160.2	0.801	0.01514	0.0008	0.03236
160.3	0.8015	0.01515	0.0008	0.03238
160.4	0.802	0.01517	0.0008	0.0324
160.5	0.8025	0.01518	0.0008	0.03242
160.6	0.803	0.0152	0.0008	0.03244
160.7	0.8035	0.01522	0.0008	0.03246
160.8	0.804	0.01523	0.0008	0.03248
160.9	0.8045	0.01525	0.0008	0.0325
161.0	0.805	0.01527	0.00081	0.03252
161.1	0.8055	0.01528	0.00081	0.03254
161.2	0.806	0.0153	0.00081	0.03256
161.3	0.8065	0.01531	0.00081	0.03258
161.4	0.807	0.01533	0.00081	0.0326
161.5	0.8075	0.01535	0.00081	0.03262
161.6	0.808	0.01536	0.00081	0.03264
161.7	0.8085	0.01538	0.00081	0.03266
161.8	0.809	0.0154	0.00081	0.03268
161.9	0.8095	0.01541	0.00081	0.0327
162.0	0.81	0.01543	0.00081	0.03271
162.1	0.8105	0.01544	0.00081	0.03273
162.2	0.811	0.01546	0.00081	0.03275
162.3	0.8115	0.01548	0.00081	0.03277
162.4	0.812	0.01549	0.00081	0.03279
162.5	0.8125	0.01551	0.00081	0.03281
162.6	0.813	0.01553	0.00081	0.03283
162.7	0.8135	0.01554	0.00081	0.03285
162.8	0.814	0.01556	0.00081	0.03287
162.9	0.8145	0.01558	0.00081	0.03289
163.0	0.815	0.01559	0.00082	0.03291
163.1	0.8155	0.01561	0.00082	0.03293
163.2	0.816	0.01563	0.00082	0.03295
163.3	0.8165	0.01564	0.00082	0.03297
163.4	0.817	0.01566	0.00082	0.03299
163.5	0.8175	0.01567	0.00082	0.03301
163.6	0.818	0.01569	0.00082	0.03303
163.7	0.8185	0.01571	0.00082	0.03305
163.8	0.819	0.01572	0.00082	0.03307
163.9	0.8195	0.01574	0.00082	0.03309
164.0	0.82	0.01576	0.00082	0.03311
164.1	0.8205	0.01577	0.00082	0.03313
164.2	0.821	0.01579	0.00082	0.03315
164.3	0.8215	0.01581	0.00082	0.03317
164.4	0.822	0.01582	0.00082	0.03319
164.5	0.8225	0.01584	0.00082	0.0332
164.6	0.823	0.01586	0.00082	0.03322
164.7	0.8235	0.01587	0.00082	0.03324
164.8	0.824	0.01589	0.00082	0.03326
164.9	0.8245	0.01591	0.00082	0.03328
165.0	0.825	0.01592	0.00083	0.0333
165.1	0.8255	0.01594	0.00083	0.03332
165.2	0.826	0.01596	0.00083	0.03334
165.3	0.8265	0.01597	0.00083	0.03336
165.4	0.827	0.01599	0.00083	0.03338
165.5	0.8275	0.01601	0.00083	0.0334
165.6	0.828	0.01602	0.00083	0.03342
165.7	0.8285	0.01604	0.00083	0.03344
165.8	0.829	0.01606	0.00083	0.03346
165.9	0.8295	0.01607	0.00083	0.03348
166.0	0.83	0.01609	0.00083	0.0335
166.1	0.8305	0.01611	0.00083	0.03352
166.2	0.831	0.01612	0.00083	0.03354
166.3	0.8315	0.01614	0.00083	0.03356
166.4	0.832	0.01616	0.00083	0.03358
166.5	0.8325	0.01617	0.00083	0.0336
166.6	0.833	0.01619	0.00083	0.03362
166.7	0.8335	0.01621	0.00083	0.03364
166.8	0.834	0.01622	0.00083	0.03366
166.9	0.8345	0.01624	0.00083	0.03368
167.0	0.835	0.01626	0.00084	0.0337
167.1	0.8355	0.01628	0.00084	0.03372
167.2	0.836	0.01629	0.00084	0.03374
167.3	0.8365	0.01631	0.00084	0.03375
167.4	0.837	0.01633	0.00084	0.03377
167.5	0.8375	0.01634	0.00084	0.03379
167.6	0.838	0.01636	0.00084	0.03381
167.7	0.8385	0.01638	0.00084	0.03383
167.8	0.839	0.01639	0.00084	0.03385
167.9	0.8395	0.01641	0.00084	0.03387
168.0	0.84	0.01643	0.00084	0.03389
168.1	0.8405	0.01644	0.00084	0.03391
168.2	0.841	0.01646	0.00084	0.03393
168.3	0.8415	0.01648	0.00084	0.03395
168.4	0.842	0.0165	0.00084	0.03397
168.5	0.8425	0.01651	0.00084	0.03399
168.6	0.843	0.01653	0.00084	0.03401
168.7	0.8435	0.01655	0.00084	0.03403
168.8	0.844	0.01656	0.00084	0.03405
168.9	0.8445	0.01658	0.00084	0.03407
169.0	0.845	0.0166	0.00085	0.03409
169.1	0.8455	0.01661	0.00085	0.03411
169.2	0.846	0.01663	0.00085	0.03413
169.3	0.8465	0.01665	0.00085	0.03415
169.4	0.847	0.01667	0.00085	0.03417
169.5	0.8475	0.01668	0.00085	0.03419
169.6	0.848	0.0167	0.00085	0.03421
169.7	0.8485	0.01672	0.00085	0.03423
169.8	0.849	0.01673	0.00085	0.03425
169.9	0.8495	0.01675	0.00085	0.03427
170.0	0.85	0.01677	0.00085	0.03429
170.1	0.8505	0.01679	0.00085	0.03431
170.2	0.851	0.0168	0.00085	0.03433
170.3	0.8515	0.01682	0.00085	0.03435
170.4	0.852	0.01684	0.00085	0.03437
170.5	0.8525	0.01685	0.00085	0.03439
170.6	0.853	0.01687	0.00085	0.03441
170.7	0.8535	0.01689	0.00085	0.03442
170.8	0.854	0.01691	0.00085	0.03444
170.9	0.8545	0.01692	0.00085	0.03446
171.0	0.855	0.01694	0.00086	0.03448
171.1	0.8555	0.01696	0.00086	0.0345
171.2	0.856	0.01698	0.00086	0.03452
171.3	0.8565	0.01699	0.00086	0.03454
171.4	0.857	0.01701	0.00086	0.03456
171.5	0.8575	0.01703	0.00086	0.03458
171.6	0.858	0.01704	0.00086	0.0346
171.7	0.8585	0.01706	0.00086	0.03462
171.8	0.859	0.01708	0.00086	0.03464
171.9	0.8595	0.0171	0.00086	0.03466
172.0	0.86	0.01711	0.00086	0.03468
172.1	0.8605	0.01713	0.00086	0.0347
172.2	0.861	0.01715	0.00086	0.03472
172.3	0.8615	0.01717	0.00086	0.03474
172.4	0.862	0.01718	0.00086	0.03476
172.5	0.8625	0.0172	0.00086	0.03478
172.6	0.863	0.01722	0.00086	0.0348
172.7	0.8635	0.01724	0.00086	0.03482
172.8	0.864	0.01725	0.00086	0.03484
172.9	0.8645	0.01727	0.00086	0.03486
173.0	0.865	0.01729	0.00087	0.03488
173.1	0.8655	0.01731	0.00087	0.0349
173.2	0.866	0.01732	0.00087	0.03492
173.3	0.8665	0.01734	0.00087	0.03494
173.4	0.867	0.01736	0.00087	0.03496
173.5	0.8675	0.01737	0.00087	0.03498
173.6	0.868	0.01739	0.00087	0.035
173.7	0.8685	0.01741	0.00087	0.03502
173.8	0.869	0.01743	0.00087	0.03504
173.9	0.8695	0.01744	0.00087	0.03506
174.0	0.87	0.01746	0.00087	0.03508
174.1	0.8705	0.01748	0.00087	0.0351
174.2	0.871	0.0175	0.00087	0.03512
174.3	0.8715	0.01752	0.00087	0.03514
174.4	0.872	0.01753	0.00087	0.03516
174.5	0.8725	0.01755	0.00087	0.03518
174.6	0.873	0.01757	0.00087	0.0352
174.7	0.8735	0.01759	0.00087	0.03522
174.8	0.874	0.0176	0.00087	0.03524
174.9	0.8745	0.01762	0.00087	0.03526
175.0	0.875	0.01764	0.00088	0.03527
175.1	0.8755	0.01766	0.00088	0.03529
175.2	0.876	0.01767	0.00088	0.03531
175.3	0.8765	0.01769	0.00088	0.03533
175.4	0.877	0.01771	0.00088	0.03535
175.5	0.8775	0.01773	0.00088	0.03537
175.6	0.878	0.01774	0.00088	0.03539
175.7	0.8785	0.01776	0.00088	0.03541
175.8	0.879	0.01778	0.00088	0.03543
175.9	0.8795	0.0178	0.00088	0.03545
176.0	0.88	0.01782	0.00088	0.03547
176.1	0.8805	0.01783	0.00088	0.03549
176.2	0.881	0.01785	0.00088	0.03551
176.3	0.8815	0.01787	0.00088	0.03553
176.4	0.882	0.01789	0.00088	0.03555
176.5	0.8825	0.0179	0.00088	0.03557
176.6	0.883	0.01792	0.00088	0.03559
176.7	0.8835	0.01794	0.00088	0.03561
176.8	0.884	0.01796	0.00088	0.03563
176.9	0.8845	0.01798	0.00088	0.03565
177.0	0.885	0.01799	0.00089	0.03567
177.1	0.8855	0.01801	0.00089	0.03569
177.2	0.886	0.01803	0.00089	0.03571
177.3	0.8865	0.01805	0.00089	0.03573
177.4	0.887	0.01806	0.00089	0.03575
177.5	0.8875	0.01808	0.00089	0.03577
177.6	0.888	0.0181	0.00089	0.03579
177.7	0.8885	0.01812	0.00089	0.03581
177.8	0.889	0.01814	0.00089	0.03583
177.9	0.8895	0.01815	0.00089	0.03585
178.0	0.89	0.01817	0.00089	0.03587
178.1	0.8905	0.01819	0.00089	0.03589
178.2	0.891	0.01821	0.00089	0.03591
178.3	0.8915	0.01823	0.00089	0.03593
178.4	0.892	0.01824	0.00089	0.03595
178.5	0.8925	0.01826	0.00089	0.03597
178.6	0.893	0.01828	0.00089	0.03599
178.7	0.8935	0.0183	0.00089	0.03601
178.8	0.894	0.01832	0.00089	0.03603
178.9	0.8945	0.01833	0.00089	0.03605
179.0	0.895	0.01835	0.0009	0.03607
179.1	0.8955	0.01837	0.0009	0.03609
179.2	0.896	0.01839	0.0009	0.03611
179.3	0.8965	0.01841	0.0009	0.03613
179.4	0.897	0.01842	0.0009	0.03615
179.5	0.8975	0.01844	0.0009	0.03617
179.6	0.898	0.01846	0.0009	0.03619
179.7	0.8985	0.01848	0.0009	0.03621
179.8	0.899	0.0185	0.0009	0.03623
179.9	0.8995	0.01851	0.0009	0.03625
180.0	0.9	0.01853	0.0009	0.03627
180.1	0.9005	0.01855	0.0009	0.03629
180.2	0.901	0.01857	0.0009	0.03631
180.3	0.9015	0.01859	0.0009	0.03633
180.4	0.902	0.01861	0.0009	0.03635
180.5	0.9025	0.01862	0.0009	0.03637
180.6	0.903	0.01864	0.0009	0.03639
180.7	0.9035	0.01866	0.0009	0.03641
180.8	0.904	0.01868	0.0009	0.03643
180.9	0.9045	0.0187	0.0009	0.03645
181.0	0.905	0.01871	0.00091	0.03647
181.1	0.9055	0.01873	0.00091	0.03649
181.2	0.906	0.01875	0.00091	0.03651
181.3	0.9065	0.01877	0.00091	0.03653
181.4	0.907	0.01879	0.00091	0.03655
181.5	0.9075	0.01881	0.00091	0.03657
181.6	0.908	0.01882	0.00091	0.03659
181.7	0.9085	0.01884	0.00091	0.03661
181.8	0.909	0.01886	0.00091	0.03663
181.9	0.9095	0.01888	0.00091	0.03665
182.0	0.91	0.0189	0.00091	0.03666
182.1	0.9105	0.01892	0.00091	0.03668
182.2	0.911	0.01893	0.00091	0.0367
182.3	0.9115	0.01895	0.00091	0.03672
182.4	0.912	0.01897	0.00091	0.03674
182.5	0.9125	0.01899	0.00091	0.03676
182.6	0.913	0.01901	0.00091	0.03678
182.7	0.9135	0.01903	0.00091	0.0368
182.8	0.914	0.01904	0.00091	0.03682
182.9	0.9145	0.01906	0.00091	0.03684
183.0	0.915	0.01908	0.00092	0.03686
183.1	0.9155	0.0191	0.00092	0.03688
183.2	0.916	0.01912	0.00092	0.0369
183.3	0.9165	0.01914	0.00092	0.03692
183.4	0.917	0.01916	0.00092	0.03694
183.5	0.9175	0.01917	0.00092	0.03696
183.6	0.918	0.01919	0.00092	0.03698
183.7	0.9185	0.01921	0.00092	0.037
183.8	0.919	0.01923	0.00092	0.03702
183.9	0.9195	0.01925	0.00092	0.03704
184.0	0.92	0.01927	0.00092	0.03706
184.1	0.9205	0.01928	0.00092	0.03708
184.2	0.921	0.0193	0.00092	0.0371
184.3	0.9215	0.01932	0.00092	0.03712
184.4	0.922	0.01934	0.00092	0.03714
184.5	0.9225	0.01936	0.00092	0.03716
184.6	0.923	0.01938	0.00092	0.03718
184.7	0.9235	0.0194	0.00092	0.0372
184.8	0.924	0.01942	0.00092	0.03722
184.9	0.9245	0.01943	0.00092	0.03724
185.0	0.925	0.01945	0.00093	0.03726
185.1	0.9255	0.01947	0.00093	0.03728
185.2	0.926	0.01949	0.00093	0.0373
185.3	0.9265	0.01951	0.00093	0.03732
185.4	0.927	0.01953	0.00093	0.03734
185.5	0.9275	0.01955	0.00093	0.03736
185.6	0.928	0.01956	0.00093	0.03738
185.7	0.9285	0.01958	0.00093	0.0374
185.8	0.929	0.0196	0.00093	0.03742
185.9	0.9295	0.01962	0.00093	0.03744
186.0	0.93	0.01964	0.00093	0.03746
186.1	0.9305	0.01966	0.00093	0.03748
186.2	0.931	0.01968	0.00093	0.0375
186.3	0.9315	0.0197	0.00093	0.03752
186.4	0.932	0.01971	0.00093	0.03754
186.5	0.9325	0.01973	0.00093	0.03756
186.6	0.933	0.01975	0.00093	0.03758
186.7	0.9335	0.01977	0.00093	0.0376
186.8	0.934	0.01979	0.00093	0.03762
186.9	0.9345	0.01981	0.00093	0.03764
187.0	0.935	0.01983	0.00094	0.03766
187.1	0.9355	0.01985	0.00094	0.03768
187.2	0.936	0.01986	0.00094	0.0377
187.3	0.9365	0.01988	0.00094	0.03772
187.4	0.937	0.0199	0.00094	0.03774
187.5	0.9375	0.01992	0.00094	0.03776
187.6	0.938	0.01994	0.00094	0.03778
187.7	0.9385	0.01996	0.00094	0.0378
187.8	0.939	0.01998	0.00094	0.03782
187.9	0.9395	0.02	0.00094	0.03784
188.0	0.94	0.02002	0.00094	0.03786
188.1	0.9405	0.02003	0.00094	0.03788
188.2	0.941	0.02005	0.00094	0.0379
188.3	0.9415	0.02007	0.00094	0.03792
188.4	0.942	0.02009	0.00094	0.03794
188.5	0.9425	0.02011	0.00094	0.03796
188.6	0.943	0.02013	0.00094	0.03798
188.7	0.9435	0.02015	0.00094	0.038
188.8	0.944	0.02017	0.00094	0.03802
188.9	0.9445	0.02019	0.00094	0.03804
189.0	0.945	0.02021	0.00095	0.03806
189.1	0.9455	0.02022	0.00095	0.03808
189.2	0.946	0.02024	0.00095	0.0381
189.3	0.9465	0.02026	0.00095	0.03812
189.4	0.947	0.02028	0.00095	0.03814
189.5	0.9475	0.0203	0.00095	0.03816
189.6	0.948	0.02032	0.00095	0.03818
189.7	0.9485	0.02034	0.00095	0.0382
189.8	0.949	0.02036	0.00095	0.03822
189.9	0.9495	0.02038	0.00095	0.03824
190.0	0.95	0.0204	0.00095	0.03826
190.1	0.9505	0.02042	0.00095	0.03828
190.2	0.951	0.02043	0.00095	0.0383
190.3	0.9515	0.02045	0.00095	0.03832
190.4	0.952	0.02047	0.00095	0.03834
190.5	0.9525	0.02049	0.00095	0.03836
190.6	0.953	0.02051	0.00095	0.03838
190.7	0.9535	0.02053	0.00095	0.0384
190.8	0.954	0.02055	0.00095	0.03842
190.9	0.9545	0.02057	0.00095	0.03844
191.0	0.955	0.02059	0.00096	0.03846
191.1	0.9555	0.02061	0.00096	0.03848
191.2	0.956	0.02063	0.00096	0.0385
191.3	0.9565	0.02065	0.00096	0.03852
191.4	0.957	0.02067	0.00096	0.03854
191.5	0.9575	0.02068	0.00096	0.03856
191.6	0.958	0.0207	0.00096	0.03858
191.7	0.9585	0.02072	0.00096	0.0386
191.8	0.959	0.02074	0.00096	0.03862
191.9	0.9595	0.02076	0.00096	0.03864
192.0	0.96	0.02078	0.00096	0.03866
192.1	0.9605	0.0208	0.00096	0.03868
192.2	0.961	0.02082	0.00096	0.0387
192.3	0.9615	0.02084	0.00096	0.03872
192.4	0.962	0.02086	0.00096	0.03874
192.5	0.9625	0.02088	0.00096	0.03876
192.6	0.963	0.0209	0.00096	0.03878
192.7	0.9635	0.02092	0.00096	0.0388
192.8	0.964	0.02094	0.00096	0.03882
192.9	0.9645	0.02096	0.00096	0.03884
193.0	0.965	0.02098	0.00097	0.03886
193.1	0.9655	0.02099	0.00097	0.03888
193.2	0.966	0.02101	0.00097	0.0389
193.3	0.9665	0.02103	0.00097	0.03892
193.4	0.967	0.02105	0.00097	0.03894
193.5	0.9675	0.02107	0.00097	0.03896
193.6	0.968	0.02109	0.00097	0.03898
193.7	0.9685	0.02111	0.00097	0.039
193.8	0.969	0.02113	0.00097	0.03902
193.9	0.9695	0.02115	0.00097	0.03904
194.0	0.97	0.02117	0.00097	0.03906
194.1	0.9705	0.02119	0.00097	0.03908
194.2	0.971	0.02121	0.00097	0.0391
194.3	0.9715	0.02123	0.00097	0.03912
194.4	0.972	0.02125	0.00097	0.03914
194.5	0.9725	0.02127	0.00097	0.03916
194.6	0.973	0.02129	0.00097	0.03918
194.7	0.9735	0.02131	0.00097	0.0392
194.8	0.974	0.02133	0.00097	0.03922
194.9	0.9745	0.02135	0.00097	0.03924
195.0	0.975	0.02137	0.00098	0.03926
195.1	0.9755	0.02139	0.00098	0.03928
195.2	0.976	0.02141	0.00098	0.0393
195.3	0.9765	0.02142	0.00098	0.03932
195.4	0.977	0.02144	0.00098	0.03934
195.5	0.9775	0.02146	0.00098	0.03936
195.6	0.978	0.02148	0.00098	0.03938
195.7	0.9785	0.0215	0.00098	0.0394
195.8	0.979	0.02152	0.00098	0.03942
195.9	0.9795	0.02154	0.00098	0.03944
196.0	0.98	0.02156	0.00098	0.03946
196.1	0.9805	0.02158	0.00098	0.03948
196.2	0.981	0.0216	0.00098	0.0395
196.3	0.9815	0.02162	0.00098	0.03952
196.4	0.982	0.02164	0.00098	0.03954
196.5	0.9825	0.02166	0.00098	0.03956
196.6	0.983	0.02168	0.00098	0.03958
196.7	0.9835	0.0217	0.00098	0.0396
196.8	0.984	0.02172	0.00098	0.03962
196.9	0.9845	0.02174	0.00098	0.03964
197.0	0.985	0.02176	0.00099	0.03967
197.1	0.9855	0.02178	0.00099	0.03969
197.2	0.986	0.0218	0.00099	0.03971
197.3	0.9865	0.02182	0.00099	0.03973
197.4	0.987	0.02184	0.00099	0.03975
197.5	0.9875	0.02186	0.00099	0.03977
197.6	0.988	0.02188	0.00099	0.03979
197.7	0.9885	0.0219	0.00099	0.03981
197.8	0.989	0.02192	0.00099	0.03983
197.9	0.9895	0.02194	0.00099	0.03985
198.0	0.99	0.02196	0.00099	0.03987
198.1	0.9905	0.02198	0.00099	0.03989
198.2	0.991	0.022	0.00099	0.03991
198.3	0.9915	0.02202	0.00099	0.03993
198.4	0.992	0.02204	0.00099	0.03995
198.5	0.9925	0.02206	0.00099	0.03997
198.6	0.993	0.02208	0.00099	0.03999
198.7	0.9935	0.0221	0.00099	0.04001
198.8	0.994	0.02212	0.00099	0.04003
198.9	0.9945	0.02214	0.00099	0.04005
199.0	0.995	0.02216	0.001	0.04007
199.1	0.9955	0.02218	0.001	0.04009
199.2	0.996	0.0222	0.001	0.04011
199.3	0.9965	0.02222	0.001	0.04013
199.4	0.997	0.02224	0.001	0.04015
199.5	0.9975	0.02226	0.001	0.04017
199.6	0.998	0.02228	0.001	0.04019
199.7	0.9985	0.0223	0.001	0.04021
199.8	0.999	0.02232	0.001	0.04023
199.9	0.9995	0.02234	0.001	0.04025
200.0	1.0	0.02236	0.001	0.04027
200.1	1.0005	0.02238	0.001	0.04029
200.2	1.001	0.0224	0.001	0.04031
200.3	1.0015	0.02242	0.001	0.04033
200.4	1.002	0.02244	0.001	0.04035
200.5	1.0025	0.02246	0.001	0.04037
200.6	1.003	0.02248	0.001	0.04039
200.7	1.0035	0.0225	0.001	0.04041
200.8	1.004	0.02252	0.001	0.04043
200.9	1.0045	0.02254	0.001	0.04045
201.0	1.005	0.02256	0.00101	0.04047
201.1	1.0055	0.02258	0.00101	0.04049
201.2	1.006	0.0226	0.00101	0.04051
201.3	1.0065	0.02262	0.00101	0.04053
201.4	1.007	0.02264	0.00101	0.04055
201.5	1.0075	0.02266	0.00101	0.04057
201.6	1.008	0.02268	0.00101	0.04059
201.7	1.0085	0.0227	0.00101	0.04061
201.8	1.009	0.02272	0.00101	0.04063
201.9	1.0095	0.02274	0.00101	0.04065
202.0	1.01	0.02277	0.00101	0.04067
202.1	1.0105	0.02279	0.00101	0.04069
202.2	1.011	0.02281	0.00101	0.04071
202.3	1.0115	0.02283	0.00101	0.04073
202.4	1.012	0.02285	0.00101	0.04075
202.5	1.0125	0.02287	0.00101	0.04077
202.6	1.013	0.02289	0.00101	0.04079
202.7	1.0135	0.02291	0.00101	0.04081
202.8	1.014	0.02293	0.00101	0.04083
202.9	1.0145	0.02295	0.00101	0.04085
203.0	1.015	0.02297	0.00102	0.04087
203.1	1.0155	0.02299	0.00102	0.04089
203.2	1.016	0.02301	0.00102	0.04091
203.3	1.0165	0.02303	0.00102	0.04093
203.4	1.017	0.02305	0.00102	0.04095
203.5	1.0175	0.02307	0.00102	0.04097
203.6	1.018	0.02309	0.00102	0.04099
203.7	1.0185	0.02311	0.00102	0.04101
203.8	1.019	0.02313	0.00102	0.04103
203.9	1.0195	0.02315	0.00102	0.04105
204.0	1.02	0.02317	0.00102	0.04107
204.1	1.0205	0.02319	0.00102	0.04109
204.2	1.021	0.02322	0.00102	0.04111
204.3	1.0215	0.02324	0.00102	0.04113
204.4	1.022	0.02326	0.00102	0.04115
204.5	1.0225	0.02328	0.00102	0.04117
204.6	1.023	0.0233	0.00102	0.04119
204.7	1.0235	0.02332	0.00102	0.04121
204.8	1.024	0.02334	0.00102	0.04123
204.9	1.0245	0.02336	0.00102	0.04126
205.0	1.025	0.02338	0.00103	0.04128
205.1	1.0255	0.0234	0.00103	0.0413
205.2	1.026	0.02342	0.00103	0.04132
205.3	1.0265	0.02344	0.00103	0.04134
205.4	1.027	0.02346	0.00103	0.04136
205.5	1.0275	0.02348	0.00103	0.04138
205.6	1.028	0.0235	0.00103	0.0414
205.7	1.0285	0.02352	0.00103	0.04142
205.8	1.029	0.02355	0.00103	0.04144
205.9	1.0295	0.02357	0.00103	0.04146
206.0	1.03	0.02359	0.00103	0.04148
206.1	1.0305	0.02361	0.00103	0.0415
206.2	1.031	0.02363	0.00103	0.04152
206.3	1.0315	0.02365	0.00103	0.04154
206.4	1.032	0.02367	0.00103	0.04156
206.5	1.0325	0.02369	0.00103	0.04158
206.6	1.033	0.02371	0.00103	0.0416
206.7	1.0335	0.02373	0.00103	0.04162
206.8	1.034	0.02375	0.00103	0.04164
206.9	1.0345	0.02377	0.00103	0.04166
207.0	1.035	0.02379	0.00104	0.04168
207.1	1.0355	0.02382	0.00104	0.0417
207.2	1.036	0.02384	0.00104	0.04172
207.3	1.0365	0.02386	0.00104	0.04174
207.4	1.037	0.02388	0.00104	0.04176
207.5	1.0375	0.0239	0.00104	0.04178
207.6	1.038	0.02392	0.00104	0.0418
207.7	1.0385	0.02394	0.00104	0.04182
207.8	1.039	0.02396	0.00104	0.04184
207.9	1.0395	0.02398	0.00104	0.04186
208.0	1.04	0.024	0.00104	0.04188
208.1	1.0405	0.02402	0.00104	0.0419
208.2	1.041	0.02405	0.00104	0.04192
208.3	1.0415	0.02407	0.00104	0.04194
208.4	1.042	0.02409	0.00104	0.04196
208.5	1.0425	0.02411	0.00104	0.04198
208.6	1.043	0.02413	0.00104	0.042
208.7	1.0435	0.02415	0.00104	0.04202
208.8	1.044	0.02417	0.00104	0.04204
208.9	1.0445	0.02419	0.00104	0.04206
209.0	1.045	0.02421	0.00105	0.04208
209.1	1.0455	0.02423	0.00105	0.0421
209.2	1.046	0.02426	0.00105	0.04212
209.3	1.0465	0.02428	0.00105	0.04214
209.4	1.047	0.0243	0.00105	0.04216
209.5	1.0475	0.02432	0.00105	0.04218
209.6	1.048	0.02434	0.00105	0.0422
209.7	1.0485	0.02436	0.00105	0.04222
209.8	1.049	0.02438	0.00105	0.04224
209.9	1.0495	0.0244	0.00105	0.04226
210.0	1.05	0.02442	0.00105	0.04228
210.1	1.0505	0.02445	0.00105	0.0423
210.2	1.051	0.02447	0.00105	0.04232
210.3	1.0515	0.02449	0.00105	0.04235
210.4	1.052	0.02451	0.00105	0.04237
210.5	1.0525	0.02453	0.00105	0.04239
210.6	1.053	0.02455	0.00105	0.04241
210.7	1.0535	0.02457	0.00105	0.04243
210.8	1.054	0.02459	0.00105	0.04245
210.9	1.0545	0.02462	0.00105	0.04247
211.0	1.055	0.02464	0.00106	0.04249
211.1	1.0555	0.02466	0.00106	0.04251
211.2	1.056	0.02468	0.00106	0.04253
211.3	1.0565	0.0247	0.00106	0.04255
211.4	1.057	0.02472	0.00106	0.04257
211.5	1.0575	0.02474	0.00106	0.04259
211.6	1.058	0.02476	0.00106	0.04261
211.7	1.0585	0.02479	0.00106	0.04263
211.8	1.059	0.02481	0.00106	0.04265
211.9	1.0595	0.02483	0.00106	0.04267
212.0	1.06	0.02485	0.00106	0.04269
212.1	1.0605	0.02487	0.00106	0.04271
212.2	1.061	0.02489	0.00106	0.04273
212.3	1.0615	0.02491	0.00106	0.04275
212.4	1.062	0.02494	0.00106	0.04277
212.5	1.0625	0.02496	0.00106	0.04279
212.6	1.063	0.02498	0.00106	0.04281
212.7	1.0635	0.025	0.00106	0.04283
212.8	1.064	0.02502	0.00106	0.04285
212.9	1.0645	0.02504	0.00106	0.04287
213.0	1.065	0.02506	0.00107	0.04289
213.1	1.0655	0.02509	0.00107	0.04291
213.2	1.066	0.02511	0.00107	0.04293
213.3	1.0665	0.02513	0.00107	0.04295
213.4	1.067	0.02515	0.00107	0.04297
213.5	1.0675	0.02517	0.00107	0.04299
213.6	1.068	0.02519	0.00107	0.04301
213.7	1.0685	0.02521	0.00107	0.04303
213.8	1.069	0.02524	0.00107	0.04305
213.9	1.0695	0.02526	0.00107	0.04307
214.0	1.07	0.02528	0.00107	0.04309
214.1	1.0705	0.0253	0.00107	0.04311
214.2	1.071	0.02532	0.00107	0.04313
214.3	1.0715	0.02534	0.00107	0.04315
214.4	1.072	0.02536	0.00107	0.04317
214.5	1.0725	0.02539	0.00107	0.04319
214.6	1.073	0.02541	0.00107	0.04321
214.7	1.0735	0.02543	0.00107	0.04324
214.8	1.074	0.02545	0.00107	0.04326
214.9	1.0745	0.02547	0.00107	0.04328
215.0	1.075	0.02549	0.00108	0.0433
215.1	1.0755	0.02552	0.00108	0.04332
215.2	1.076	0.02554	0.00108	0.04334
215.3	1.0765	0.02556	0.00108	0.04336
215.4	1.077	0.02558	0.00108	0.04338
215.5	1.0775	0.0256	0.00108	0.0434
215.6	1.078	0.02562	0.00108	0.04342
215.7	1.0785	0.02565	0.00108	0.04344
215.8	1.079	0.02567	0.00108	0.04346
215.9	1.0795	0.02569	0.00108	0.04348
216.0	1.08	0.02571	0.00108	0.0435
216.1	1.0805	0.02573	0.00108	0.04352
216.2	1.081	0.02576	0.00108	0.04354
216.3	1.0815	0.02578	0.00108	0.04356
216.4	1.082	0.0258	0.00108	0.04358
216.5	1.0825	0.02582	0.00108	0.0436
216.6	1.083	0.02584	0.00108	0.04362
216.7	1.0835	0.02586	0.00108	0.04364
216.8	1.084	0.02589	0.00108	0.04366
216.9	1.0845	0.02591	0.00108	0.04368
217.0	1.085	0.02593	0.00109	0.0437
217.1	1.0855	0.02595	0.00109	0.04372
217.2	1.086	0.02597	0.00109	0.04374
217.3	1.0865	0.026	0.00109	0.04376
217.4	1.087	0.02602	0.00109	0.04378
217.5	1.0875	0.02604	0.00109	0.0438
217.6	1.088	0.02606	0.00109	0.04382
217.7	1.0885	0.02608	0.00109	0.04384
217.8	1.089	0.0261	0.00109	0.04386
217.9	1.0895	0.02613	0.00109	0.04388
218.0	1.09	0.02615	0.00109	0.0439
218.1	1.0905	0.02617	0.00109	0.04392
218.2	1.091	0.02619	0.00109	0.04394
218.3	1.0915	0.02621	0.00109	0.04396
218.4	1.092	0.02624	0.00109	0.04398
218.5	1.0925	0.02626	0.00109	0.04401
218.6	1.093	0.02628	0.00109	0.04403
218.7	1.0935	0.0263	0.00109	0.04405
218.8	1.094	0.02632	0.00109	0.04407
218.9	1.0945	0.02635	0.00109	0.04409
219.0	1.095	0.02637	0.0011	0.04411
219.1	1.0955	0.02639	0.0011	0.04413
219.2	1.096	0.02641	0.0011	0.04415
219.3	1.0965	0.02644	0.0011	0.04417
219.4	1.097	0.02646	0.0011	0.04419
219.5	1.0975	0.02648	0.0011	0.04421
219.6	1.098	0.0265	0.0011	0.04423
219.7	1.0985	0.02652	0.0011	0.04425
219.8	1.099	0.02655	0.0011	0.04427
219.9	1.0995	0.02657	0.0011	0.04429
220.0	1.1	0.02659	0.0011	0.04431
220.1	1.1005	0.02661	0.0011	0.04433
220.2	1.101	0.02663	0.0011	0.04435
220.3	1.1015	0.02666	0.0011	0.04437
220.4	1.102	0.02668	0.0011	0.04439
220.5	1.1025	0.0267	0.0011	0.04441
220.6	1.103	0.02672	0.0011	0.04443
220.7	1.1035	0.02675	0.0011	0.04445
220.8	1.104	0.02677	0.0011	0.04447
220.9	1.1045	0.02679	0.0011	0.04449
221.0	1.105	0.02681	0.00111	0.04451
221.1	1.1055	0.02683	0.00111	0.04453
221.2	1.106	0.02686	0.00111	0.04455
221.3	1.1065	0.02688	0.00111	0.04457
221.4	1.107	0.0269	0.00111	0.04459
221.5	1.1075	0.02692	0.00111	0.0446
221.6	1.108	0.02695	0.00111	0.04462
221.7	1.1085	0.02697	0.00111	0.04464
221.8	1.109	0.02699	0.00111	0.04466
221.9	1.1095	0.02701	0.00111	0.04468
222.0	1.11	0.02704	0.00111	0.0447
222.1	1.1105	0.02706	0.00111	0.04472
222.2	1.111	0.02708	0.00111	0.04474
222.3	1.1115	0.0271	0.00111	0.04476
222.4	1.112	0.02712	0.00111	0.04477
222.5	1.1125	0.02715	0.00111	0.04479
222.6	1.113	0.02717	0.00111	0.04481
222.7	1.1135	0.02719	0.00111	0.04483
222.8	1.114	0.02721	0.00111	0.04485
222.9	1.1145	0.02724	0.00111	0.04487
223.0	1.115	0.02726	0.00112	0.04488
223.1	1.1155	0.02728	0.00112	0.0449
223.2	1.116	0.0273	0.00112	0.04492
223.3	1.1165	0.02733	0.00112	0.04494
223.4	1.117	0.02735	0.00112	0.04496
223.5	1.1175	0.02737	0.00112	0.04497
223.6	1.118	0.02739	0.00112	0.04499
223.7	1.1185	0.02742	0.00112	0.04501
223.8	1.119	0.02744	0.00112	0.04503
223.9	1.1195	0.02746	0.00112	0.04504
224.0	1.12	0.02748	0.00112	0.04506
224.1	1.1205	0.02751	0.00112	0.04508
224.2	1.121	0.02753	0.00112	0.0451
224.3	1.1215	0.02755	0.00112	0.04511
224.4	1.122	0.02757	0.00112	0.04513
224.5	1.1225	0.0276	0.00112	0.04515
224.6	1.123	0.02762	0.00112	0.04516
224.7	1.1235	0.02764	0.00112	0.04518
224.8	1.124	0.02766	0.00112	0.0452
224.9	1.1245	0.02769	0.00112	0.04521
225.0	1.125	0.02771	0.00113	0.04523
225.1	1.1255	0.02773	0.00113	0.04525
225.2	1.126	0.02776	0.00113	0.04526
225.3	1.1265	0.02778	0.00113	0.04528
225.4	1.127	0.0278	0.00113	0.0453
225.5	1.1275	0.02782	0.00113	0.04531
225.6	1.128	0.02785	0.00113	0.04533
225.7	1.1285	0.02787	0.00113	0.04535
225.8	1.129	0.02789	0.00113	0.04536
225.9	1.1295	0.02791	0.00113	0.04538
226.0	1.13	0.02794	0.00113	0.04539
226.1	1.1305	0.02796	0.00113	0.04541
226.2	1.131	0.02798	0.00113	0.04543
226.3	1.1315	0.028	0.00113	0.04544
226.4	1.132	0.02803	0.00113	0.04546
226.5	1.1325	0.02805	0.00113	0.04547
226.6	1.133	0.02807	0.00113	0.04549
226.7	1.1335	0.0281	0.00113	0.04551
226.8	1.134	0.02812	0.00113	0.04552
226.9	1.1345	0.02814	0.00113	0.04554
227.0	1.135	0.02816	0.00114	0.04555
227.1	1.1355	0.02819	0.00114	0.04557
227.2	1.136	0.02821	0.00114	0.04558
227.3	1.1365	0.02823	0.00114	0.0456
227.4	1.137	0.02825	0.00114	0.04561
227.5	1.1375	0.02828	0.00114	0.04563
227.6	1.138	0.0283	0.00114	0.04564
227.7	1.1385	0.02832	0.00114	0.04566
227.8	1.139	0.02835	0.00114	0.04567
227.9	1.1395	0.02837	0.00114	0.04569
228.0	1.14	0.02839	0.00114	0.0457
228.1	1.1405	0.02841	0.00114	0.04572
228.2	1.141	0.02844	0.00114	0.04573
228.3	1.1415	0.02846	0.00114	0.04575
228.4	1.142	0.02848	0.00114	0.04576
228.5	1.1425	0.02851	0.00114	0.04577
228.6	1.143	0.02853	0.00114	0.04579
228.7	1.1435	0.02855	0.00114	0.0458
228.8	1.144	0.02858	0.00114	0.04582
228.9	1.1445	0.0286	0.00114	0.04583
229.0	1.145	0.02862	0.00115	0.04585
229.1	1.1455	0.02864	0.00115	0.04586
229.2	1.146	0.02867	0.00115	0.04587
229.3	1.1465	0.02869	0.00115	0.04589
229.4	1.147	0.02871	0.00115	0.0459
229.5	1.1475	0.02874	0.00115	0.04592
229.6	1.148	0.02876	0.00115	0.04593
229.7	1.1485	0.02878	0.00115	0.04594
229.8	1.149	0.0288	0.00115	0.04596
229.9	1.1495	0.02883	0.00115	0.04597
230.0	1.15	0.02885	0.00115	0.04598
230.1	1.1505	0.02887	0.00115	0.046
230.2	1.151	0.0289	0.00115	0.04601
230.3	1.1515	0.02892	0.00115	0.04602
230.4	1.152	0.02894	0.00115	0.04604
230.5	1.1525	0.02897	0.00115	0.04605
230.6	1.153	0.02899	0.00115	0.04606
230.7	1.1535	0.02901	0.00115	0.04608
230.8	1.154	0.02903	0.00115	0.04609
230.9	1.1545	0.02906	0.00115	0.0461
231.0	1.155	0.02908	0.00116	0.04611
231.1	1.1555	0.0291	0.00116	0.04613
231.2	1.156	0.02913	0.00116	0.04614
231.3	1.1565	0.02915	0.00116	0.04615
231.4	1.157	0.02917	0.00116	0.04617
231.5	1.1575	0.0292	0.00116	0.04618
231.6	1.158	0.02922	0.00116	0.04619
231.7	1.1585	0.02924	0.00116	0.0462
231.8	1.159	0.02927	0.00116	0.04622
231.9	1.1595	0.02929	0.00116	0.04623
232.0	1.16	0.02931	0.00116	0.04624
232.1	1.1605	0.02933	0.00116	0.04625
232.2	1.161	0.02936	0.00116	0.04626
232.3	1.1615	0.02938	0.00116	0.04628
232.4	1.162	0.0294	0.00116	0.04629
232.5	1.1625	0.02943	0.00116	0.0463
232.6	1.163	0.02945	0.00116	0.04631
232.7	1.1635	0.02947	0.00116	0.04632
232.8	1.164	0.0295	0.00116	0.04634
232.9	1.1645	0.02952	0.00116	0.04635
233.0	1.165	0.02954	0.00117	0.04636
233.1	1.1655	0.02957	0.00117	0.04637
233.2	1.166	0.02959	0.00117	0.04638
233.3	1.1665	0.02961	0.00117	0.04639
233.4	1.167	0.02964	0.00117	0.04641
233.5	1.1675	0.02966	0.00117	0.04642
233.6	1.168	0.02968	0.00117	0.04643
233.7	1.1685	0.02971	0.00117	0.04644
233.8	1.169	0.02973	0.00117	0.04645
233.9	1.1695	0.02975	0.00117	0.04646
234.0	1.17	0.02978	0.00117	0.04647
234.1	1.1705	0.0298	0.00117	0.04648
234.2	1.171	0.02982	0.00117	0.04649
234.3	1.1715	0.02985	0.00117	0.04651
234.4	1.172	0.02987	0.00117	0.04652
234.5	1.1725	0.02989	0.00117	0.04653
234.6	1.173	0.02991	0.00117	0.04654
234.7	1.1735	0.02994	0.00117	0.04655
234.8	1.174	0.02996	0.00117	0.04656
234.9	1.1745	0.02998	0.00117	0.04657
235.0	1.175	0.03001	0.00118	0.04658
235.1	1.1755	0.03003	0.00118	0.04659
235.2	1.176	0.03005	0.00118	0.0466
235.3	1.1765	0.03008	0.00118	0.04661
235.4	1.177	0.0301	0.00118	0.04662
235.5	1.1775	0.03012	0.00118	0.04663
235.6	1.178	0.03015	0.00118	0.04664
235.7	1.1785	0.03017	0.00118	0.04665
235.8	1.179	0.03019	0.00118	0.04666
235.9	1.1795	0.03022	0.00118	0.04667
236.0	1.18	0.03024	0.00118	0.04668
236.1	1.1805	0.03026	0.00118	0.04669
236.2	1.181	0.03029	0.00118	0.0467
236.3	1.1815	0.03031	0.00118	0.04671
236.4	1.182	0.03033	0.00118	0.04672
236.5	1.1825	0.03036	0.00118	0.04673
236.6	1.183	0.03038	0.00118	0.04674
236.7	1.1835	0.0304	0.00118	0.04675
236.8	1.184	0.03043	0.00118	0.04676
236.9	1.1845	0.03045	0.00118	0.04677
237.0	1.185	0.03047	0.00119	0.04678
237.1	1.1855	0.0305	0.00119	0.04679
237.2	1.186	0.03052	0.00119	0.0468
237.3	1.1865	0.03055	0.00119	0.04681
237.4	1.187	0.03057	0.00119	0.04682
237.5	1.1875	0.03059	0.00119	0.04683
237.6	1.188	0.03062	0.00119	0.04683
237.7	1.1885	0.03064	0.00119	0.04684
237.8	1.189	0.03066	0.00119	0.04685
237.9	1.1895	0.03069	0.00119	0.04686
238.0	1.19	0.03071	0.00119	0.04687
238.1	1.1905	0.03073	0.00119	0.04688
238.2	1.191	0.03076	0.00119	0.04689
238.3	1.1915	0.03078	0.00119	0.0469
238.4	1.192	0.0308	0.00119	0.0469
238.5	1.1925	0.03083	0.00119	0.04691
238.6	1.193	0.03085	0.00119	0.04692
238.7	1.1935	0.03087	0.00119	0.04693
238.8	1.194	0.0309	0.00119	0.04694
238.9	1.1945	0.03092	0.00119	0.04695
239.0	1.195	0.03094	0.0012	0.04696
239.1	1.1955	0.03097	0.0012	0.04696
239.2	1.196	0.03099	0.0012	0.04697
239.3	1.1965	0.03101	0.0012	0.04698
239.4	1.197	0.03104	0.0012	0.04699
239.5	1.1975	0.03106	0.0012	0.047
239.6	1.198	0.03108	0.0012	0.047
239.7	1.1985	0.03111	0.0012	0.04701
239.8	1.199	0.03113	0.0012	0.04702
239.9	1.1995	0.03116	0.0012	0.04703
240.0	1.2	0.03118	0.0012	0.04704
240.1	1.2005	0.0312	0.0012	0.04704
240.2	1.201	0.03123	0.0012	0.04705
240.3	1.2015	0.03125	0.0012	0.04706
240.4	1.202	0.03127	0.0012	0.04707
240.5	1.2025	0.0313	0.0012	0.04707
240.6	1.203	0.03132	0.0012	0.04708
240.7	1.2035	0.03134	0.0012	0.04709
240.8	1.204	0.03137	0.0012	0.0471
240.9	1.2045	0.03139	0.0012	0.0471
241.0	1.205	0.03141	0.00121	0.04711
241.1	1.2055	0.03144	0.00121	0.04712
241.2	1.206	0.03146	0.00121	0.04713
241.3	1.2065	0.03148	0.00121	0.04713
241.4	1.207	0.03151	0.00121	0.04714
241.5	1.2075	0.03153	0.00121	0.04715
241.6	1.208	0.03156	0.00121	0.04715
241.7	1.2085	0.03158	0.00121	0.04716
241.8	1.209	0.0316	0.00121	0.04717
241.9	1.2095	0.03163	0.00121	0.04717
242.0	1.21	0.03165	0.00121	0.04718
242.1	1.2105	0.03167	0.00121	0.04719
242.2	1.211	0.0317	0.00121	0.04719
242.3	1.2115	0.03172	0.00121	0.0472
242.4	1.212	0.03174	0.00121	0.04721
242.5	1.2125	0.03177	0.00121	0.04721
242.6	1.213	0.03179	0.00121	0.04722
242.7	1.2135	0.03181	0.00121	0.04723
242.8	1.214	0.03184	0.00121	0.04723
242.9	1.2145	0.03186	0.00121	0.04724
243.0	1.215	0.03189	0.00122	0.04725
243.1	1.2155	0.03191	0.00122	0.04725
243.2	1.216	0.03193	0.00122	0.04726
243.3	1.2165	0.03196	0.00122	0.04726
243.4	1.217	0.03198	0.00122	0.04727
243.5	1.2175	0.032	0.00122	0.04728
243.6	1.218	0.03203	0.00122	0.04728
243.7	1.2185	0.03205	0.00122	0.04729
243.8	1.219	0.03207	0.00122	0.04729
243.9	1.2195	0.0321	0.00122	0.0473
244.0	1.22	0.03212	0.00122	0.04731
244.1	1.2205	0.03215	0.00122	0.04731
244.2	1.221	0.03217	0.00122	0.04732
244.3	1.2215	0.03219	0.00122	0.04732
244.4	1.222	0.03222	0.00122	0.04733
244.5	1.2225	0.03224	0.00122	0.04733
244.6	1.223	0.03226	0.00122	0.04734
244.7	1.2235	0.03229	0.00122	0.04735
244.8	1.224	0.03231	0.00122	0.04735
244.9	1.2245	0.03234	0.00123	0.04736
245.0	1.225	0.03236	0.00123	0.04736
245.1	1.2255	0.03238	0.00123	0.04737
245.2	1.226	0.03241	0.00123	0.04737
245.3	1.2265	0.03243	0.00123	0.04738
245.4	1.227	0.03245	0.00123	0.04738
245.5	1.2275	0.03248	0.00123	0.04739
245.6	1.228	0.0325	0.00123	0.04739
245.7	1.2285	0.03252	0.00123	0.0474
245.8	1.229	0.03255	0.00123	0.0474
245.9	1.2295	0.03257	0.00123	0.04741
246.0	1.23	0.0326	0.00123	0.04741
246.1	1.2305	0.03262	0.00123	0.04742
246.2	1.231	0.03264	0.00123	0.04742
246.3	1.2315	0.03267	0.00123	0.04743
246.4	1.232	0.03269	0.00123	0.04743
246.5	1.2325	0.03271	0.00123	0.04744
246.6	1.233	0.03274	0.00123	0.04744
246.7	1.2335	0.03276	0.00123	0.04745
246.8	1.234	0.03279	0.00123	0.04745
246.9	1.2345	0.03281	0.00124	0.04745
247.0	1.235	0.03283	0.00124	0.04746
247.1	1.2355	0.03286	0.00124	0.04746
247.2	1.236	0.03288	0.00124	0.04747
247.3	1.2365	0.0329	0.00124	0.04747
247.4	1.237	0.03293	0.00124	0.04748
247.5	1.2375	0.03295	0.00124	0.04748
247.6	1.238	0.03298	0.00124	0.04748
247.7	1.2385	0.033	0.00124	0.04749
247.8	1.239	0.03302	0.00124	0.04749
247.9	1.2395	0.03305	0.00124	0.0475
248.0	1.24	0.03307	0.00124	0.0475
248.1	1.2405	0.03309	0.00124	0.0475
248.2	1.241	0.03312	0.00124	0.04751
248.3	1.2415	0.03314	0.00124	0.04751
248.4	1.242	0.03317	0.00124	0.04752
248.5	1.2425	0.03319	0.00124	0.04752
248.6	1.243	0.03321	0.00124	0.04752
248.7	1.2435	0.03324	0.00124	0.04753
248.8	1.244	0.03326	0.00124	0.04753
248.9	1.2445	0.03328	0.00125	0.04753
249.0	1.245	0.03331	0.00125	0.04754
249.1	1.2455	0.03333	0.00125	0.04754
249.2	1.246	0.03336	0.00125	0.04754
249.3	1.2465	0.03338	0.00125	0.04755
249.4	1.247	0.0334	0.00125	0.04755
249.5	1.2475	0.03343	0.00125	0.04755
249.6	1.248	0.03345	0.00125	0.04756
249.7	1.2485	0.03347	0.00125	0.04756
249.8	1.249	0.0335	0.00125	0.04756
249.9	1.2495	0.03352	0.00125	0.04757
250.0	1.25	0.03355	0.00125	0.04757
250.1	1.2505	0.03357	0.00125	0.04757
250.2	1.251	0.03359	0.00125	0.04758
250.3	1.2515	0.03362	0.00125	0.04758
250.4	1.252	0.03364	0.00125	0.04758
250.5	1.2525	0.03366	0.00125	0.04758
250.6	1.253	0.03369	0.00125	0.04759
250.7	1.2535	0.03371	0.00125	0.04759
250.8	1.254	0.03374	0.00125	0.04759
250.9	1.2545	0.03376	0.00126	0.0476
251.0	1.255	0.03378	0.00126	0.0476
251.1	1.2555	0.03381	0.00126	0.0476
251.2	1.256	0.03383	0.00126	0.0476
251.3	1.2565	0.03386	0.00126	0.04761
251.4	1.257	0.03388	0.00126	0.04761
251.5	1.2575	0.0339	0.00126	0.04761
251.6	1.258	0.03393	0.00126	0.04761
251.7	1.2585	0.03395	0.00126	0.04762
251.8	1.259	0.03397	0.00126	0.04762
251.9	1.2595	0.034	0.00126	0.04762
252.0	1.26	0.03402	0.00126	0.04762
252.1	1.2605	0.03405	0.00126	0.04762
252.2	1.261	0.03407	0.00126	0.04763
252.3	1.2615	0.03409	0.00126	0.04763
252.4	1.262	0.03412	0.00126	0.04763
252.5	1.2625	0.03414	0.00126	0.04763
252.6	1.263	0.03416	0.00126	0.04763
252.7	1.2635	0.03419	0.00126	0.04764
252.8	1.264	0.03421	0.00126	0.04764
252.9	1.2645	0.03424	0.00127	0.04764
253.0	1.265	0.03426	0.00127	0.04764
253.1	1.2655	0.03428	0.00127	0.04764
253.2	1.266	0.03431	0.00127	0.04765
253.3	1.2665	0.03433	0.00127	0.04765
253.4	1.267	0.03436	0.00127	0.04765
253.5	1.2675	0.03438	0.00127	0.04765
253.6	1.268	0.0344	0.00127	0.04765
253.7	1.2685	0.03443	0.00127	0.04765
253.8	1.269	0.03445	0.00127	0.04766
253.9	1.2695	0.03447	0.00127	0.04766
254.0	1.27	0.0345	0.00127	0.04766
254.1	1.2705	0.03452	0.00127	0.04766
254.2	1.271	0.03455	0.00127	0.04766
254.3	1.2715	0.03457	0.00127	0.04766
254.4	1.272	0.03459	0.00127	0.04766
254.5	1.2725	0.03462	0.00127	0.04766
254.6	1.273	0.03464	0.00127	0.04767
254.7	1.2735	0.03467	0.00127	0.04767
254.8	1.274	0.03469	0.00127	0.04767
254.9	1.2745	0.03471	0.00128	0.04767
255.0	1.275	0.03474	0.00128	0.04767
255.1	1.2755	0.03476	0.00128	0.04767
255.2	1.276	0.03478	0.00128	0.04767
255.3	1.2765	0.03481	0.00128	0.04767
255.4	1.277	0.03483	0.00128	0.04767
255.5	1.2775	0.03486	0.00128	0.04767
255.6	1.278	0.03488	0.00128	0.04768
255.7	1.2785	0.0349	0.00128	0.04768
255.8	1.279	0.03493	0.00128	0.04768
255.9	1.2795	0.03495	0.00128	0.04768
256.0	1.28	0.03497	0.00128	0.04768
256.1	1.2805	0.035	0.00128	0.04768
256.2	1.281	0.03502	0.00128	0.04768
256.3	1.2815	0.03505	0.00128	0.04768
256.4	1.282	0.03507	0.00128	0.04768
256.5	1.2825	0.03509	0.00128	0.04768
256.6	1.283	0.03512	0.00128	0.04768
256.7	1.2835	0.03514	0.00128	0.04768
256.8	1.284	0.03517	0.00128	0.04768
256.9	1.2845	0.03519	0.00129	0.04768
257.0	1.285	0.03521	0.00129	0.04768
257.1	1.2855	0.03524	0.00129	0.04768
257.2	1.286	0.03526	0.00129	0.04768
257.3	1.2865	0.03528	0.00129	0.04768
257.4	1.287	0.03531	0.00129	0.04768
257.5	1.2875	0.03533	0.00129	0.04768
257.6	1.288	0.03536	0.00129	0.04768
257.7	1.2885	0.03538	0.00129	0.04768
257.8	1.289	0.0354	0.00129	0.04768
257.9	1.2895	0.03543	0.00129	0.04768
258.0	1.29	0.03545	0.00129	0.04768
258.1	1.2905	0.03548	0.00129	0.04768
258.2	1.291	0.0355	0.00129	0.04768
258.3	1.2915	0.03552	0.00129	0.04768
258.4	1.292	0.03555	0.00129	0.04768
258.5	1.2925	0.03557	0.00129	0.04768
258.6	1.293	0.03559	0.00129	0.04768
258.7	1.2935	0.03562	0.00129	0.04768
258.8	1.294	0.03564	0.00129	0.04768
258.9	1.2945	0.03567	0.0013	0.04768
259.0	1.295	0.03569	0.0013	0.04768
259.1	1.2955	0.03571	0.0013	0.04768
259.2	1.296	0.03574	0.0013	0.04768
259.3	1.2965	0.03576	0.0013	0.04768
259.4	1.297	0.03579	0.0013	0.04768
259.5	1.2975	0.03581	0.0013	0.04768
259.6	1.298	0.03583	0.0013	0.04767
259.7	1.2985	0.03586	0.0013	0.04767
259.8	1.299	0.03588	0.0013	0.04767
259.9	1.2995	0.0359	0.0013	0.04767
260.0	1.3	0.03593	0.0013	0.04767
260.1	1.3005	0.03595	0.0013	0.04767
260.2	1.301	0.03598	0.0013	0.04767
260.3	1.3015	0.036	0.0013	0.04767
260.4	1.302	0.03602	0.0013	0.04767
260.5	1.3025	0.03605	0.0013	0.04767
260.6	1.303	0.03607	0.0013	0.04767
260.7	1.3035	0.0361	0.0013	0.04766
260.8	1.304	0.03612	0.0013	0.04766
260.9	1.3045	0.03614	0.00131	0.04766
261.0	1.305	0.03617	0.00131	0.04766
261.1	1.3055	0.03619	0.00131	0.04766
261.2	1.306	0.03621	0.00131	0.04766
261.3	1.3065	0.03624	0.00131	0.04766
261.4	1.307	0.03626	0.00131	0.04766
261.5	1.3075	0.03629	0.00131	0.04765
261.6	1.308	0.03631	0.00131	0.04765
261.7	1.3085	0.03633	0.00131	0.04765
261.8	1.309	0.03636	0.00131	0.04765
261.9	1.3095	0.03638	0.00131	0.04765
262.0	1.31	0.03641	0.00131	0.04765
262.1	1.3105	0.03643	0.00131	0.04764
262.2	1.311	0.03645	0.00131	0.04764
262.3	1.3115	0.03648	0.00131	0.04764
262.4	1.312	0.0365	0.00131	0.04764
262.5	1.3125	0.03652	0.00131	0.04764
262.6	1.313	0.03655	0.00131	0.04764
262.7	1.3135	0.03657	0.00131	0.04763
262.8	1.314	0.0366	0.00131	0.04763
262.9	1.3145	0.03662	0.00132	0.04763
263.0	1.315	0.03664	0.00132	0.04763
263.1	1.3155	0.03667	0.00132	0.04763
263.2	1.316	0.03669	0.00132	0.04762
263.3	1.3165	0.03671	0.00132	0.04762
263.4	1.317	0.03674	0.00132	0.04762
263.5	1.3175	0.03676	0.00132	0.04762
263.6	1.318	0.03679	0.00132	0.04762
263.7	1.3185	0.03681	0.00132	0.04761
263.8	1.319	0.03683	0.00132	0.04761
263.9	1.3195	0.03686	0.00132	0.04761
264.0	1.32	0.03688	0.00132	0.04761
264.1	1.3205	0.03691	0.00132	0.04761
264.2	1.321	0.03693	0.00132	0.0476
264.3	1.3215	0.03695	0.00132	0.0476
264.4	1.322	0.03698	0.00132	0.0476
264.5	1.3225	0.037	0.00132	0.0476
264.6	1.323	0.03702	0.00132	0.04759
264.7	1.3235	0.03705	0.00132	0.04759
264.8	1.324	0.03707	0.00132	0.04759
264.9	1.3245	0.0371	0.00133	0.04759
265.0	1.325	0.03712	0.00133	0.04758
265.1	1.3255	0.03714	0.00133	0.04758
265.2	1.326	0.03717	0.00133	0.04758
265.3	1.3265	0.03719	0.00133	0.04758
265.4	1.327	0.03721	0.00133	0.04757
265.5	1.3275	0.03724	0.00133	0.04757
265.6	1.328	0.03726	0.00133	0.04757
265.7	1.3285	0.03729	0.00133	0.04756
265.8	1.329	0.03731	0.00133	0.04756
265.9	1.3295	0.03733	0.00133	0.04756
266.0	1.33	0.03736	0.00133	0.04756
266.1	1.3305	0.03738	0.00133	0.04755
266.2	1.331	0.0374	0.00133	0.04755
266.3	1.3315	0.03743	0.00133	0.04755
266.4	1.332	0.03745	0.00133	0.04754
266.5	1.3325	0.03748	0.00133	0.04754
266.6	1.333	0.0375	0.00133	0.04754
266.7	1.3335	0.03752	0.00133	0.04753
266.8	1.334	0.03755	0.00133	0.04753
266.9	1.3345	0.03757	0.00134	0.04753
267.0	1.335	0.03759	0.00134	0.04752
267.1	1.3355	0.03762	0.00134	0.04752
267.2	1.336	0.03764	0.00134	0.04752
267.3	1.3365	0.03767	0.00134	0.04751
267.4	1.337	0.03769	0.00134	0.04751
267.5	1.3375	0.03771	0.00134	0.04751
267.6	1.338	0.03774	0.00134	0.0475
267.7	1.3385	0.03776	0.00134	0.0475
267.8	1.339	0.03778	0.00134	0.0475
267.9	1.3395	0.03781	0.00134	0.04749
268.0	1.34	0.03783	0.00134	0.04749
268.1	1.3405	0.03786	0.00134	0.04749
268.2	1.341	0.03788	0.00134	0.04748
268.3	1.3415	0.0379	0.00134	0.04748
268.4	1.342	0.03793	0.00134	0.04748
268.5	1.3425	0.03795	0.00134	0.04747
268.6	1.343	0.03797	0.00134	0.04747
268.7	1.3435	0.038	0.00134	0.04746
268.8	1.344	0.03802	0.00134	0.04746
268.9	1.3445	0.03805	0.00135	0.04746
269.0	1.345	0.03807	0.00135	0.04745
269.1	1.3455	0.03809	0.00135	0.04745
269.2	1.346	0.03812	0.00135	0.04745
269.3	1.3465	0.03814	0.00135	0.04744
269.4	1.347	0.03816	0.00135	0.04744
269.5	1.3475	0.03819	0.00135	0.04743
269.6	1.348	0.03821	0.00135	0.04743
269.7	1.3485	0.03824	0.00135	0.04743
269.8	1.349	0.03826	0.00135	0.04742
269.9	1.3495	0.03828	0.00135	0.04742
270.0	1.35	0.03831	0.00135	0.04741
270.1	1.3505	0.03833	0.00135	0.04741
270.2	1.351	0.03835	0.00135	0.0474
270.3	1.3515	0.03838	0.00135	0.0474
270.4	1.352	0.0384	0.00135	0.0474
270.5	1.3525	0.03843	0.00135	0.04739
270.6	1.353	0.03845	0.00135	0.04739
270.7	1.3535	0.03847	0.00135	0.04738
270.8	1.354	0.0385	0.00135	0.04738
270.9	1.3545	0.03852	0.00136	0.04737
271.0	1.355	0.03854	0.00136	0.04737
271.1	1.3555	0.03857	0.00136	0.04736
271.2	1.356	0.03859	0.00136	0.04736
271.3	1.3565	0.03861	0.00136	0.04736
271.4	1.357	0.03864	0.00136	0.04735
271.5	1.3575	0.03866	0.00136	0.04735
271.6	1.358	0.03869	0.00136	0.04734
271.7	1.3585	0.03871	0.00136	0.04734
271.8	1.359	0.03873	0.00136	0.04733
271.9	1.3595	0.03876	0.00136	0.04733
272.0	1.36	0.03878	0.00136	0.04732
272.1	1.3605	0.0388	0.00136	0.04732
272.2	1.361	0.03883	0.00136	0.04731
272.3	1.3615	0.03885	0.00136	0.04731
272.4	1.362	0.03888	0.00136	0.0473
272.5	1.3625	0.0389	0.00136	0.0473
272.6	1.363	0.03892	0.00136	0.04729
272.7	1.3635	0.03895	0.00136	0.04729
272.8	1.364	0.03897	0.00136	0.04728
272.9	1.3645	0.03899	0.00137	0.04728
273.0	1.365	0.03902	0.00137	0.04727
273.1	1.3655	0.03904	0.00137	0.04727
273.2	1.366	0.03906	0.00137	0.04726
273.3	1.3665	0.03909	0.00137	0.04726
273.4	1.367	0.03911	0.00137	0.04725
273.5	1.3675	0.03914	0.00137	0.04725
273.6	1.368	0.03916	0.00137	0.04724
273.7	1.3685	0.03918	0.00137	0.04724
273.8	1.369	0.03921	0.00137	0.04723
273.9	1.3695	0.03923	0.00137	0.04723
274.0	1.37	0.03925	0.00137	0.04722
274.1	1.3705	0.03928	0.00137	0.04722
274.2	1.371	0.0393	0.00137	0.04721
274.3	1.3715	0.03932	0.00137	0.04721
274.4	1.372	0.03935	0.00137	0.0472
274.5	1.3725	0.03937	0.00137	0.0472
274.6	1.373	0.03939	0.00137	0.04719
274.7	1.3735	0.03942	0.00137	0.04718
274.8	1.374	0.03944	0.00137	0.04718
274.9	1.3745	0.03947	0.00138	0.04717
275.0	1.375	0.03949	0.00138	0.04717
275.1	1.3755	0.03951	0.00138	0.04716
275.2	1.376	0.03954	0.00138	0.04716
275.3	1.3765	0.03956	0.00138	0.04715
275.4	1.377	0.03958	0.00138	0.04714
275.5	1.3775	0.03961	0.00138	0.04714
275.6	1.378	0.03963	0.00138	0.04713
275.7	1.3785	0.03965	0.00138	0.04713
275.8	1.379	0.03968	0.00138	0.04712
275.9	1.3795	0.0397	0.00138	0.04712
276.0	1.38	0.03972	0.00138	0.04711
276.1	1.3805	0.03975	0.00138	0.0471
276.2	1.381	0.03977	0.00138	0.0471
276.3	1.3815	0.0398	0.00138	0.04709
276.4	1.382	0.03982	0.00138	0.04709
276.5	1.3825	0.03984	0.00138	0.04708
276.6	1.383	0.03987	0.00138	0.04707
276.7	1.3835	0.03989	0.00138	0.04707
276.8	1.384	0.03991	0.00138	0.04706
276.9	1.3845	0.03994	0.00139	0.04706
277.0	1.385	0.03996	0.00139	0.04705
277.1	1.3855	0.03998	0.00139	0.04704
277.2	1.386	0.04001	0.00139	0.04704
277.3	1.3865	0.04003	0.00139	0.04703
277.4	1.387	0.04005	0.00139	0.04702
277.5	1.3875	0.04008	0.00139	0.04702
277.6	1.388	0.0401	0.00139	0.04701
277.7	1.3885	0.04012	0.00139	0.04701
277.8	1.389	0.04015	0.00139	0.047
277.9	1.3895	0.04017	0.00139	0.04699
278.0	1.39	0.0402	0.00139	0.04699
278.1	1.3905	0.04022	0.00139	0.04698
278.2	1.391	0.04024	0.00139	0.04697
278.3	1.3915	0.04027	0.00139	0.04697
278.4	1.392	0.04029	0.00139	0.04696
278.5	1.3925	0.04031	0.00139	0.04695
278.6	1.393	0.04034	0.00139	0.04695
278.7	1.3935	0.04036	0.00139	0.04694
278.8	1.394	0.04038	0.00139	0.04693
278.9	1.3945	0.04041	0.0014	0.04693
279.0	1.395	0.04043	0.0014	0.04692
279.1	1.3955	0.04045	0.0014	0.04691
279.2	1.396	0.04048	0.0014	0.04691
279.3	1.3965	0.0405	0.0014	0.0469
279.4	1.397	0.04052	0.0014	0.04689
279.5	1.3975	0.04055	0.0014	0.04689
279.6	1.398	0.04057	0.0014	0.04688
279.7	1.3985	0.04059	0.0014	0.04687
279.8	1.399	0.04062	0.0014	0.04687
279.9	1.3995	0.04064	0.0014	0.04686
280.0	1.4	0.04066	0.0014	0.04685
280.1	1.4005	0.04069	0.0014	0.04685
280.2	1.401	0.04071	0.0014	0.04684
280.3	1.4015	0.04073	0.0014	0.04683
280.4	1.402	0.04076	0.0014	0.04683
280.5	1.4025	0.04078	0.0014	0.04682
280.6	1.403	0.04081	0.0014	0.04681
280.7	1.4035	0.04083	0.0014	0.0468
280.8	1.404	0.04085	0.0014	0.0468
280.9	1.4045	0.04088	0.00141	0.04679
281.0	1.405	0.0409	0.00141	0.04678
281.1	1.4055	0.04092	0.00141	0.04678
281.2	1.406	0.04095	0.00141	0.04677
281.3	1.4065	0.04097	0.00141	0.04676
281.4	1.407	0.04099	0.00141	0.04675
281.5	1.4075	0.04102	0.00141	0.04675
281.6	1.408	0.04104	0.00141	0.04674
281.7	1.4085	0.04106	0.00141	0.04673
281.8	1.409	0.04109	0.00141	0.04673
281.9	1.4095	0.04111	0.00141	0.04672
282.0	1.41	0.04113	0.00141	0.04671
282.1	1.4105	0.04116	0.00141	0.0467
282.2	1.411	0.04118	0.00141	0.0467
282.3	1.4115	0.0412	0.00141	0.04669
282.4	1.412	0.04123	0.00141	0.04668
282.5	1.4125	0.04125	0.00141	0.04667
282.6	1.413	0.04127	0.00141	0.04667
282.7	1.4135	0.0413	0.00141	0.04666
282.8	1.414	0.04132	0.00141	0.04665
282.9	1.4145	0.04134	0.00142	0.04664
283.0	1.415	0.04137	0.00142	0.04663
283.1	1.4155	0.04139	0.00142	0.04663
283.2	1.416	0.04141	0.00142	0.04662
283.3	1.4165	0.04144	0.00142	0.04661
283.4	1.417	0.04146	0.00142	0.0466
283.5	1.4175	0.04148	0.00142	0.0466
283.6	1.418	0.04151	0.00142	0.04659
283.7	1.4185	0.04153	0.00142	0.04658
283.8	1.419	0.04155	0.00142	0.04657
283.9	1.4195	0.04158	0.00142	0.04657
284.0	1.42	0.0416	0.00142	0.04656
284.1	1.4205	0.04162	0.00142	0.04655
284.2	1.421	0.04165	0.00142	0.04654
284.3	1.4215	0.04167	0.00142	0.04653
284.4	1.422	0.04169	0.00142	0.04653
284.5	1.4225	0.04172	0.00142	0.04652
284.6	1.423	0.04174	0.00142	0.04651
284.7	1.4235	0.04176	0.00142	0.0465
284.8	1.424	0.04178	0.00142	0.04649
284.9	1.4245	0.04181	0.00143	0.04649
285.0	1.425	0.04183	0.00143	0.04648
285.1	1.4255	0.04185	0.00143	0.04647
285.2	1.426	0.04188	0.00143	0.04646
285.3	1.4265	0.0419	0.00143	0.04645
285.4	1.427	0.04192	0.00143	0.04644
285.5	1.4275	0.04195	0.00143	0.04644
285.6	1.428	0.04197	0.00143	0.04643
285.7	1.4285	0.04199	0.00143	0.04642
285.8	1.429	0.04202	0.00143	0.04641
285.9	1.4295	0.04204	0.00143	0.0464
286.0	1.43	0.04206	0.00143	0.0464
286.1	1.4305	0.04209	0.00143	0.04639
286.2	1.431	0.04211	0.00143	0.04638
286.3	1.4315	0.04213	0.00143	0.04637
286.4	1.432	0.04216	0.00143	0.04636
286.5	1.4325	0.04218	0.00143	0.04635
286.6	1.433	0.0422	0.00143	0.04634
286.7	1.4335	0.04223	0.00143	0.04634
286.8	1.434	0.04225	0.00143	0.04633
286.9	1.4345	0.04227	0.00144	0.04632
287.0	1.435	0.0423	0.00144	0.04631
287.1	1.4355	0.04232	0.00144	0.0463
287.2	1.436	0.04234	0.00144	0.04629
287.3	1.4365	0.04236	0.00144	0.04628
287.4	1.437	0.04239	0.00144	0.04628
287.5	1.4375	0.04241	0.00144	0.04627
287.6	1.438	0.04243	0.00144	0.04626
287.7	1.4385	0.04246	0.00144	0.04625
287.8	1.439	0.04248	0.00144	0.04624
287.9	1.4395	0.0425	0.00144	0.04623
288.0	1.44	0.04253	0.00144	0.04622
288.1	1.4405	0.04255	0.00144	0.04621
288.2	1.441	0.04257	0.00144	0.04621
288.3	1.4415	0.0426	0.00144	0.0462
288.4	1.442	0.04262	0.00144	0.04619
288.5	1.4425	0.04264	0.00144	0.04618
288.6	1.443	0.04267	0.00144	0.04617
288.7	1.4435	0.04269	0.00144	0.04616
288.8	1.444	0.04271	0.00144	0.04615
288.9	1.4445	0.04273	0.00145	0.04614
289.0	1.445	0.04276	0.00145	0.04613
289.1	1.4455	0.04278	0.00145	0.04613
289.2	1.446	0.0428	0.00145	0.04612
289.3	1.4465	0.04283	0.00145	0.04611
289.4	1.447	0.04285	0.00145	0.0461
289.5	1.4475	0.04287	0.00145	0.04609
289.6	1.448	0.0429	0.00145	0.04608
289.7	1.4485	0.04292	0.00145	0.04607
289.8	1.449	0.04294	0.00145	0.04606
289.9	1.4495	0.04296	0.00145	0.04605
290.0	1.45	0.04299	0.00145	0.04604
290.1	1.4505	0.04301	0.00145	0.04603
290.2	1.451	0.04303	0.00145	0.04603
290.3	1.4515	0.04306	0.00145	0.04602
290.4	1.452	0.04308	0.00145	0.04601
290.5	1.4525	0.0431	0.00145	0.046
290.6	1.453	0.04313	0.00145	0.04599
290.7	1.4535	0.04315	0.00145	0.04598
290.8	1.454	0.04317	0.00145	0.04597
290.9	1.4545	0.04319	0.00146	0.04596
291.0	1.455	0.04322	0.00146	0.04595
291.1	1.4555	0.04324	0.00146	0.04594
291.2	1.456	0.04326	0.00146	0.04593
291.3	1.4565	0.04329	0.00146	0.04592
291.4	1.457	0.04331	0.00146	0.04591
291.5	1.4575	0.04333	0.00146	0.0459
291.6	1.458	0.04336	0.00146	0.04589
291.7	1.4585	0.04338	0.00146	0.04588
291.8	1.459	0.0434	0.00146	0.04587
291.9	1.4595	0.04342	0.00146	0.04587
292.0	1.46	0.04345	0.00146	0.04586
292.1	1.4605	0.04347	0.00146	0.04585
292.2	1.461	0.04349	0.00146	0.04584
292.3	1.4615	0.04352	0.00146	0.04583
292.4	1.462	0.04354	0.00146	0.04582
292.5	1.4625	0.04356	0.00146	0.04581
292.6	1.463	0.04358	0.00146	0.0458
292.7	1.4635	0.04361	0.00146	0.04579
292.8	1.464	0.04363	0.00146	0.04578
292.9	1.4645	0.04365	0.00147	0.04577
293.0	1.465	0.04368	0.00147	0.04576
293.1	1.4655	0.0437	0.00147	0.04575
293.2	1.466	0.04372	0.00147	0.04574
293.3	1.4665	0.04374	0.00147	0.04573
293.4	1.467	0.04377	0.00147	0.04572
293.5	1.4675	0.04379	0.00147	0.04571
293.6	1.468	0.04381	0.00147	0.0457
293.7	1.4685	0.04384	0.00147	0.04569
293.8	1.469	0.04386	0.00147	0.04568
293.9	1.4695	0.04388	0.00147	0.04567
294.0	1.47	0.0439	0.00147	0.04566
294.1	1.4705	0.04393	0.00147	0.04565
294.2	1.471	0.04395	0.00147	0.04564
294.3	1.4715	0.04397	0.00147	0.04563
294.4	1.472	0.044	0.00147	0.04562
294.5	1.4725	0.04402	0.00147	0.04561
294.6	1.473	0.04404	0.00147	0.0456
294.7	1.4735	0.04406	0.00147	0.04559
294.8	1.474	0.04409	0.00147	0.04558
294.9	1.4745	0.04411	0.00148	0.04557
295.0	1.475	0.04413	0.00148	0.04556
295.1	1.4755	0.04416	0.00148	0.04555
295.2	1.476	0.04418	0.00148	0.04554
295.3	1.4765	0.0442	0.00148	0.04553
295.4	1.477	0.04422	0.00148	0.04552
295.5	1.4775	0.04425	0.00148	0.04551
295.6	1.478	0.04427	0.00148	0.0455
295.7	1.4785	0.04429	0.00148	0.04549
295.8	1.479	0.04431	0.00148	0.04548
295.9	1.4795	0.04434	0.00148	0.04547
296.0	1.48	0.04436	0.00148	0.04546
296.1	1.4805	0.04438	0.00148	0.04545
296.2	1.481	0.04441	0.00148	0.04543
296.3	1.4815	0.04443	0.00148	0.04542
296.4	1.482	0.04445	0.00148	0.04541
296.5	1.4825	0.04447	0.00148	0.0454
296.6	1.483	0.0445	0.00148	0.04539
296.7	1.4835	0.04452	0.00148	0.04538
296.8	1.484	0.04454	0.00148	0.04537
296.9	1.4845	0.04456	0.00149	0.04536
297.0	1.485	0.04459	0.00149	0.04535
297.1	1.4855	0.04461	0.00149	0.04534
297.2	1.486	0.04463	0.00149	0.04533
297.3	1.4865	0.04466	0.00149	0.04532
297.4	1.487	0.04468	0.00149	0.04531
297.5	1.4875	0.0447	0.00149	0.0453
297.6	1.488	0.04472	0.00149	0.04529
297.7	1.4885	0.04475	0.00149	0.04528
297.8	1.489	0.04477	0.00149	0.04527
297.9	1.4895	0.04479	0.00149	0.04525
298.0	1.49	0.04481	0.00149	0.04524
298.1	1.4905	0.04484	0.00149	0.04523
298.2	1.491	0.04486	0.00149	0.04522
298.3	1.4915	0.04488	0.00149	0.04521
298.4	1.492	0.0449	0.00149	0.0452
298.5	1.4925	0.04493	0.00149	0.04519
298.6	1.493	0.04495	0.00149	0.04518
298.7	1.4935	0.04497	0.00149	0.04517
298.8	1.494	0.04499	0.00149	0.04516
298.9	1.4945	0.04502	0.0015	0.04515
299.0	1.495	0.04504	0.0015	0.04514
299.1	1.4955	0.04506	0.0015	0.04512
299.2	1.496	0.04508	0.0015	0.04511
299.3	1.4965	0.04511	0.0015	0.0451
299.4	1.497	0.04513	0.0015	0.04509
299.5	1.4975	0.04515	0.0015	0.04508
299.6	1.498	0.04517	0.0015	0.04507
299.7	1.4985	0.0452	0.0015	0.04506
299.8	1.499	0.04522	0.0015	0.04505
299.9	1.4995	0.04524	0.0015	0.04504
300.0	1.5	0.04527	0.0015	0.04503
300.1	1.5005	0.04529	0.0015	0.04501
300.2	1.501	0.04531	0.0015	0.045
300.3	1.5015	0.04533	0.0015	0.04499
300.4	1.502	0.04536	0.0015	0.04498
300.5	1.5025	0.04538	0.0015	0.04497
300.6	1.503	0.0454	0.0015	0.04496
300.7	1.5035	0.04542	0.0015	0.04495
300.8	1.504	0.04544	0.0015	0.04494
300.9	1.5045	0.04547	0.00151	0.04492
301.0	1.505	0.04549	0.00151	0.04491
301.1	1.5055	0.04551	0.00151	0.0449
301.2	1.506	0.04553	0.00151	0.04489
301.3	1.5065	0.04556	0.00151	0.04488
301.4	1.507	0.04558	0.00151	0.04487
301.5	1.5075	0.0456	0.00151	0.04486
301.6	1.508	0.04562	0.00151	0.04485
301.7	1.5085	0.04565	0.00151	0.04483
301.8	1.509	0.04567	0.00151	0.04482
301.9	1.5095	0.04569	0.00151	0.04481
302.0	1.51	0.04571	0.00151	0.0448
302.1	1.5105	0.04574	0.00151	0.04479
302.2	1.511	0.04576	0.00151	0.04478
302.3	1.5115	0.04578	0.00151	0.04477
302.4	1.512	0.0458	0.00151	0.04475
302.5	1.5125	0.04583	0.00151	0.04474
302.6	1.513	0.04585	0.00151	0.04473
302.7	1.5135	0.04587	0.00151	0.04472
302.8	1.514	0.04589	0.00151	0.04471
302.9	1.5145	0.04592	0.00152	0.0447
303.0	1.515	0.04594	0.00152	0.04468
303.1	1.5155	0.04596	0.00152	0.04467
303.2	1.516	0.04598	0.00152	0.04466
303.3	1.5165	0.046	0.00152	0.04465
303.4	1.517	0.04603	0.00152	0.04464
303.5	1.5175	0.04605	0.00152	0.04463
303.6	1.518	0.04607	0.00152	0.04461
303.7	1.5185	0.04609	0.00152	0.0446
303.8	1.519	0.04612	0.00152	0.04459
303.9	1.5195	0.04614	0.00152	0.04458
304.0	1.52	0.04616	0.00152	0.04457
304.1	1.5205	0.04618	0.00152	0.04456
304.2	1.521	0.04621	0.00152	0.04454
304.3	1.5215	0.04623	0.00152	0.04453
304.4	1.522	0.04625	0.00152	0.04452
304.5	1.5225	0.04627	0.00152	0.04451
304.6	1.523	0.04629	0.00152	0.0445
304.7	1.5235	0.04632	0.00152	0.04448
304.8	1.524	0.04634	0.00152	0.04447
304.9	1.5245	0.04636	0.00153	0.04446
305.0	1.525	0.04638	0.00153	0.04445
305.1	1.5255	0.04641	0.00153	0.04444
305.2	1.526	0.04643	0.00153	0.04442
305.3	1.5265	0.04645	0.00153	0.04441
305.4	1.527	0.04647	0.00153	0.0444
305.5	1.5275	0.04649	0.00153	0.04439
305.6	1.528	0.04652	0.00153	0.04438
305.7	1.5285	0.04654	0.00153	0.04436
305.8	1.529	0.04656	0.00153	0.04435
305.9	1.5295	0.04658	0.00153	0.04434
306.0	1.53	0.04661	0.00153	0.04433
306.1	1.5305	0.04663	0.00153	0.04432
306.2	1.531	0.04665	0.00153	0.0443
306.3	1.5315	0.04667	0.00153	0.04429
306.4	1.532	0.04669	0.00153	0.04428
306.5	1.5325	0.04672	0.00153	0.04427
306.6	1.533	0.04674	0.00153	0.04426
306.7	1.5335	0.04676	0.00153	0.04424
306.8	1.534	0.04678	0.00153	0.04423
306.9	1.5345	0.0468	0.00154	0.04422
307.0	1.535	0.04683	0.00154	0.04421
307.1	1.5355	0.04685	0.00154	0.04419
307.2	1.536	0.04687	0.00154	0.04418
307.3	1.5365	0.04689	0.00154	0.04417
307.4	1.537	0.04691	0.00154	0.04416
307.5	1.5375	0.04694	0.00154	0.04415
307.6	1.538	0.04696	0.00154	0.04413
307.7	1.5385	0.04698	0.00154	0.04412
307.8	1.539	0.047	0.00154	0.04411
307.9	1.5395	0.04703	0.00154	0.0441
308.0	1.54	0.04705	0.00154	0.04408
308.1	1.5405	0.04707	0.00154	0.04407
308.2	1.541	0.04709	0.00154	0.04406
308.3	1.5415	0.04711	0.00154	0.04405
308.4	1.542	0.04714	0.00154	0.04403
308.5	1.5425	0.04716	0.00154	0.04402
308.6	1.543	0.04718	0.00154	0.04401
308.7	1.5435	0.0472	0.00154	0.044
308.8	1.544	0.04722	0.00154	0.04398
308.9	1.5445	0.04725	0.00155	0.04397
309.0	1.545	0.04727	0.00155	0.04396
309.1	1.5455	0.04729	0.00155	0.04395
309.2	1.546	0.04731	0.00155	0.04393
309.3	1.5465	0.04733	0.00155	0.04392
309.4	1.547	0.04736	0.00155	0.04391
309.5	1.5475	0.04738	0.00155	0.0439
309.6	1.548	0.0474	0.00155	0.04388
309.7	1.5485	0.04742	0.00155	0.04387
309.8	1.549	0.04744	0.00155	0.04386
309.9	1.5495	0.04746	0.00155	0.04385
310.0	1.55	0.04749	0.00155	0.04383
310.1	1.5505	0.04751	0.00155	0.04382
310.2	1.551	0.04753	0.00155	0.04381
310.3	1.5515	0.04755	0.00155	0.04379
310.4	1.552	0.04757	0.00155	0.04378
310.5	1.5525	0.0476	0.00155	0.04377
310.6	1.553	0.04762	0.00155	0.04376
310.7	1.5535	0.04764	0.00155	0.04374
310.8	1.554	0.04766	0.00155	0.04373
310.9	1.5545	0.04768	0.00156	0.04372
311.0	1.555	0.04771	0.00156	0.0437
311.1	1.5555	0.04773	0.00156	0.04369
311.2	1.556	0.04775	0.00156	0.04368
311.3	1.5565	0.04777	0.00156	0.04367
311.4	1.557	0.04779	0.00156	0.04365
311.5	1.5575	0.04781	0.00156	0.04364
311.6	1.558	0.04784	0.00156	0.04363
311.7	1.5585	0.04786	0.00156	0.04361
311.8	1.559	0.04788	0.00156	0.0436
311.9	1.5595	0.0479	0.00156	0.04359
312.0	1.56	0.04792	0.00156	0.04358
312.1	1.5605	0.04795	0.00156	0.04356
312.2	1.561	0.04797	0.00156	0.04355
312.3	1.5615	0.04799	0.00156	0.04354
312.4	1.562	0.04801	0.00156	0.04352
312.5	1.5625	0.04803	0.00156	0.04351
312.6	1.563	0.04805	0.00156	0.0435
312.7	1.5635	0.04808	0.00156	0.04348
312.8	1.564	0.0481	0.00156	0.04347
312.9	1.5645	0.04812	0.00157	0.04346
313.0	1.565	0.04814	0.00157	0.04345
313.1	1.5655	0.04816	0.00157	0.04343
313.2	1.566	0.04818	0.00157	0.04342
313.3	1.5665	0.04821	0.00157	0.04341
313.4	1.567	0.04823	0.00157	0.04339
313.5	1.5675	0.04825	0.00157	0.04338
313.6	1.568	0.04827	0.00157	0.04337
313.7	1.5685	0.04829	0.00157	0.04335
313.8	1.569	0.04831	0.00157	0.04334
313.9	1.5695	0.04834	0.00157	0.04333
314.0	1.57	0.04836	0.00157	0.04331
314.1	1.5705	0.04838	0.00157	0.0433
314.2	1.571	0.0484	0.00157	0.04329
314.3	1.5715	0.04842	0.00157	0.04327
314.4	1.572	0.04844	0.00157	0.04326
314.5	1.5725	0.04847	0.00157	0.04325
314.6	1.573	0.04849	0.00157	0.04323
314.7	1.5735	0.04851	0.00157	0.04322
314.8	1.574	0.04853	0.00157	0.04321
314.9	1.5745	0.04855	0.00158	0.04319
315.0	1.575	0.04857	0.00158	0.04318
315.1	1.5755	0.0486	0.00158	0.04317
315.2	1.576	0.04862	0.00158	0.04315
315.3	1.5765	0.04864	0.00158	0.04314
315.4	1.577	0.04866	0.00158	0.04313
315.5	1.5775	0.04868	0.00158	0.04311
315.6	1.578	0.0487	0.00158	0.0431
315.7	1.5785	0.04873	0.00158	0.04309
315.8	1.579	0.04875	0.00158	0.04307
315.9	1.5795	0.04877	0.00158	0.04306
316.0	1.58	0.04879	0.00158	0.04305
316.1	1.5805	0.04881	0.00158	0.04303
316.2	1.581	0.04883	0.00158	0.04302
316.3	1.5815	0.04885	0.00158	0.04301
316.4	1.582	0.04888	0.00158	0.04299
316.5	1.5825	0.0489	0.00158	0.04298
316.6	1.583	0.04892	0.00158	0.04296
316.7	1.5835	0.04894	0.00158	0.04295
316.8	1.584	0.04896	0.00158	0.04294
316.9	1.5845	0.04898	0.00159	0.04292
317.0	1.585	0.049	0.00159	0.04291
317.1	1.5855	0.04903	0.00159	0.0429
317.2	1.586	0.04905	0.00159	0.04288
317.3	1.5865	0.04907	0.00159	0.04287
317.4	1.587	0.04909	0.00159	0.04286
317.5	1.5875	0.04911	0.00159	0.04284
317.6	1.588	0.04913	0.00159	0.04283
317.7	1.5885	0.04915	0.00159	0.04281
317.8	1.589	0.04918	0.00159	0.0428
317.9	1.5895	0.0492	0.00159	0.04279
318.0	1.59	0.04922	0.00159	0.04277
318.1	1.5905	0.04924	0.00159	0.04276
318.2	1.591	0.04926	0.00159	0.04275
318.3	1.5915	0.04928	0.00159	0.04273
318.4	1.592	0.0493	0.00159	0.04272
318.5	1.5925	0.04933	0.00159	0.0427
318.6	1.593	0.04935	0.00159	0.04269
318.7	1.5935	0.04937	0.00159	0.04268
318.8	1.594	0.04939	0.00159	0.04266
318.9	1.5945	0.04941	0.0016	0.04265
319.0	1.595	0.04943	0.0016	0.04263
319.1	1.5955	0.04945	0.0016	0.04262
319.2	1.596	0.04948	0.0016	0.04261
319.3	1.5965	0.0495	0.0016	0.04259
319.4	1.597	0.04952	0.0016	0.04258
319.5	1.5975	0.04954	0.0016	0.04256
319.6	1.598	0.04956	0.0016	0.04255
319.7	1.5985	0.04958	0.0016	0.04254
319.8	1.599	0.0496	0.0016	0.04252
319.9	1.5995	0.04962	0.0016	0.04251
320.0	1.6	0.04965	0.0016	0.04249
320.1	1.6005	0.04967	0.0016	0.04248
320.2	1.601	0.04969	0.0016	0.04247
320.3	1.6015	0.04971	0.0016	0.04245
320.4	1.602	0.04973	0.0016	0.04244
320.5	1.6025	0.04975	0.0016	0.04242
320.6	1.603	0.04977	0.0016	0.04241
320.7	1.6035	0.04979	0.0016	0.0424
320.8	1.604	0.04981	0.0016	0.04238
320.9	1.6045	0.04984	0.00161	0.04237
321.0	1.605	0.04986	0.00161	0.04235
321.1	1.6055	0.04988	0.00161	0.04234
321.2	1.606	0.0499	0.00161	0.04233
321.3	1.6065	0.04992	0.00161	0.04231
321.4	1.607	0.04994	0.00161	0.0423
321.5	1.6075	0.04996	0.00161	0.04228
321.6	1.608	0.04998	0.00161	0.04227
321.7	1.6085	0.05001	0.00161	0.04225
321.8	1.609	0.05003	0.00161	0.04224
321.9	1.6095	0.05005	0.00161	0.04223
322.0	1.61	0.05007	0.00161	0.04221
322.1	1.6105	0.05009	0.00161	0.0422
322.2	1.611	0.05011	0.00161	0.04218
322.3	1.6115	0.05013	0.00161	0.04217
322.4	1.612	0.05015	0.00161	0.04215
322.5	1.6125	0.05017	0.00161	0.04214
322.6	1.613	0.0502	0.00161	0.04213
322.7	1.6135	0.05022	0.00161	0.04211
322.8	1.614	0.05024	0.00161	0.0421
322.9	1.6145	0.05026	0.00162	0.04208
323.0	1.615	0.05028	0.00162	0.04207
323.1	1.6155	0.0503	0.00162	0.04205
323.2	1.616	0.05032	0.00162	0.04204
323.3	1.6165	0.05034	0.00162	0.04203
323.4	1.617	0.05036	0.00162	0.04201
323.5	1.6175	0.05038	0.00162	0.042
323.6	1.618	0.05041	0.00162	0.04198
323.7	1.6185	0.05043	0.00162	0.04197
323.8	1.619	0.05045	0.00162	0.04195
323.9	1.6195	0.05047	0.00162	0.04194
324.0	1.62	0.05049	0.00162	0.04192
324.1	1.6205	0.05051	0.00162	0.04191
324.2	1.621	0.05053	0.00162	0.0419
324.3	1.6215	0.05055	0.00162	0.04188
324.4	1.622	0.05057	0.00162	0.04187
324.5	1.6225	0.05059	0.00162	0.04185
324.6	1.623	0.05061	0.00162	0.04184
324.7	1.6235	0.05064	0.00162	0.04182
324.8	1.624	0.05066	0.00162	0.04181
324.9	1.6245	0.05068	0.00163	0.04179
325.0	1.625	0.0507	0.00163	0.04178
325.1	1.6255	0.05072	0.00163	0.04176
325.2	1.626	0.05074	0.00163	0.04175
325.3	1.6265	0.05076	0.00163	0.04174
325.4	1.627	0.05078	0.00163	0.04172
325.5	1.6275	0.0508	0.00163	0.04171
325.6	1.628	0.05082	0.00163	0.04169
325.7	1.6285	0.05084	0.00163	0.04168
325.8	1.629	0.05087	0.00163	0.04166
325.9	1.6295	0.05089	0.00163	0.04165
326.0	1.63	0.05091	0.00163	0.04163
326.1	1.6305	0.05093	0.00163	0.04162
326.2	1.631	0.05095	0.00163	0.0416
326.3	1.6315	0.05097	0.00163	0.04159
326.4	1.632	0.05099	0.00163	0.04157
326.5	1.6325	0.05101	0.00163	0.04156
326.6	1.633	0.05103	0.00163	0.04154
326.7	1.6335	0.05105	0.00163	0.04153
326.8	1.634	0.05107	0.00163	0.04151
326.9	1.6345	0.05109	0.00164	0.0415
327.0	1.635	0.05111	0.00164	0.04148
327.1	1.6355	0.05114	0.00164	0.04147
327.2	1.636	0.05116	0.00164	0.04146
327.3	1.6365	0.05118	0.00164	0.04144
327.4	1.637	0.0512	0.00164	0.04143
327.5	1.6375	0.05122	0.00164	0.04141
327.6	1.638	0.05124	0.00164	0.0414
327.7	1.6385	0.05126	0.00164	0.04138
327.8	1.639	0.05128	0.00164	0.04137
327.9	1.6395	0.0513	0.00164	0.04135
328.0	1.64	0.05132	0.00164	0.04134
328.1	1.6405	0.05134	0.00164	0.04132
328.2	1.641	0.05136	0.00164	0.04131
328.3	1.6415	0.05138	0.00164	0.04129
328.4	1.642	0.0514	0.00164	0.04128
328.5	1.6425	0.05143	0.00164	0.04126
328.6	1.643	0.05145	0.00164	0.04125
328.7	1.6435	0.05147	0.00164	0.04123
328.8	1.644	0.05149	0.00164	0.04122
328.9	1.6445	0.05151	0.00165	0.0412
329.0	1.645	0.05153	0.00165	0.04119
329.1	1.6455	0.05155	0.00165	0.04117
329.2	1.646	0.05157	0.00165	0.04116
329.3	1.6465	0.05159	0.00165	0.04114
329.4	1.647	0.05161	0.00165	0.04113
329.5	1.6475	0.05163	0.00165	0.04111
329.6	1.648	0.05165	0.00165	0.0411
329.7	1.6485	0.05167	0.00165	0.04108
329.8	1.649	0.05169	0.00165	0.04107
329.9	1.6495	0.05171	0.00165	0.04105
330.0	1.65	0.05173	0.00165	0.04104
330.1	1.6505	0.05175	0.00165	0.04102
330.2	1.651	0.05177	0.00165	0.04101
330.3	1.6515	0.0518	0.00165	0.04099
330.4	1.652	0.05182	0.00165	0.04098
330.5	1.6525	0.05184	0.00165	0.04096
330.6	1.653	0.05186	0.00165	0.04094
330.7	1.6535	0.05188	0.00165	0.04093
330.8	1.654	0.0519	0.00165	0.04091
330.9	1.6545	0.05192	0.00166	0.0409
331.0	1.655	0.05194	0.00166	0.04088
331.1	1.6555	0.05196	0.00166	0.04087
331.2	1.656	0.05198	0.00166	0.04085
331.3	1.6565	0.052	0.00166	0.04084
331.4	1.657	0.05202	0.00166	0.04082
331.5	1.6575	0.05204	0.00166	0.04081
331.6	1.658	0.05206	0.00166	0.04079
331.7	1.6585	0.05208	0.00166	0.04078
331.8	1.659	0.0521	0.00166	0.04076
331.9	1.6595	0.05212	0.00166	0.04075
332.0	1.66	0.05214	0.00166	0.04073
332.1	1.6605	0.05216	0.00166	0.04072
332.2	1.661	0.05218	0.00166	0.0407
332.3	1.6615	0.0522	0.00166	0.04069
332.4	1.662	0.05222	0.00166	0.04067
332.5	1.6625	0.05224	0.00166	0.04065
332.6	1.663	0.05226	0.00166	0.04064
332.7	1.6635	0.05228	0.00166	0.04062
332.8	1.664	0.05231	0.00166	0.04061
332.9	1.6645	0.05233	0.00167	0.04059
333.0	1.665	0.05235	0.00167	0.04058
333.1	1.6655	0.05237	0.00167	0.04056
333.2	1.666	0.05239	0.00167	0.04055
333.3	1.6665	0.05241	0.00167	0.04053
333.4	1.667	0.05243	0.00167	0.04052
333.5	1.6675	0.05245	0.00167	0.0405
333.6	1.668	0.05247	0.00167	0.04048
333.7	1.6685	0.05249	0.00167	0.04047
333.8	1.669	0.05251	0.00167	0.04045
333.9	1.6695	0.05253	0.00167	0.04044
334.0	1.67	0.05255	0.00167	0.04042
334.1	1.6705	0.05257	0.00167	0.04041
334.2	1.671	0.05259	0.00167	0.04039
334.3	1.6715	0.05261	0.00167	0.04038
334.4	1.672	0.05263	0.00167	0.04036
334.5	1.6725	0.05265	0.00167	0.04035
334.6	1.673	0.05267	0.00167	0.04033
334.7	1.6735	0.05269	0.00167	0.04031
334.8	1.674	0.05271	0.00167	0.0403
334.9	1.6745	0.05273	0.00168	0.04028
335.0	1.675	0.05275	0.00168	0.04027
335.1	1.6755	0.05277	0.00168	0.04025
335.2	1.676	0.05279	0.00168	0.04024
335.3	1.6765	0.05281	0.00168	0.04022
335.4	1.677	0.05283	0.00168	0.0402
335.5	1.6775	0.05285	0.00168	0.04019
335.6	1.678	0.05287	0.00168	0.04017
335.7	1.6785	0.05289	0.00168	0.04016
335.8	1.679	0.05291	0.00168	0.04014
335.9	1.6795	0.05293	0.00168	0.04013
336.0	1.68	0.05295	0.00168	0.04011
336.1	1.6805	0.05297	0.00168	0.0401
336.2	1.681	0.05299	0.00168	0.04008
336.3	1.6815	0.05301	0.00168	0.04006
336.4	1.682	0.05303	0.00168	0.04005
336.5	1.6825	0.05305	0.00168	0.04003
336.6	1.683	0.05307	0.00168	0.04002
336.7	1.6835	0.05309	0.00168	0.04
336.8	1.684	0.05311	0.00168	0.03998
336.9	1.6845	0.05313	0.00169	0.03997
337.0	1.685	0.05315	0.00169	0.03995
337.1	1.6855	0.05317	0.00169	0.03994
337.2	1.686	0.05319	0.00169	0.03992
337.3	1.6865	0.05321	0.00169	0.03991
337.4	1.687	0.05323	0.00169	0.03989
337.5	1.6875	0.05325	0.00169	0.03987
337.6	1.688	0.05327	0.00169	0.03986
337.7	1.6885	0.05329	0.00169	0.03984
337.8	1.689	0.05331	0.00169	0.03983
337.9	1.6895	0.05333	0.00169	0.03981
338.0	1.69	0.05335	0.00169	0.0398
338.1	1.6905	0.05337	0.00169	0.03978
338.2	1.691	0.05339	0.00169	0.03976
338.3	1.6915	0.05341	0.00169	0.03975
338.4	1.692	0.05343	0.00169	0.03973
338.5	1.6925	0.05345	0.00169	0.03972
338.6	1.693	0.05347	0.00169	0.0397
338.7	1.6935	0.05349	0.00169	0.03968
338.8	1.694	0.05351	0.00169	0.03967
338.9	1.6945	0.05353	0.0017	0.03965
339.0	1.695	0.05355	0.0017	0.03964
339.1	1.6955	0.05357	0.0017	0.03962
339.2	1.696	0.05359	0.0017	0.0396
339.3	1.6965	0.05361	0.0017	0.03959
339.4	1.697	0.05363	0.0017	0.03957
339.5	1.6975	0.05365	0.0017	0.03956
339.6	1.698	0.05367	0.0017	0.03954
339.7	1.6985	0.05369	0.0017	0.03952
339.8	1.699	0.05371	0.0017	0.03951
339.9	1.6995	0.05373	0.0017	0.03949
340.0	1.7	0.05375	0.0017	0.03948
340.1	1.7005	0.05377	0.0017	0.03946
340.2	1.701	0.05379	0.0017	0.03944
340.3	1.7015	0.05381	0.0017	0.03943
340.4	1.702	0.05383	0.0017	0.03941
340.5	1.7025	0.05384	0.0017	0.0394
340.6	1.703	0.05386	0.0017	0.03938
340.7	1.7035	0.05388	0.0017	0.03936
340.8	1.704	0.0539	0.0017	0.03935
340.9	1.7045	0.05392	0.00171	0.03933
341.0	1.705	0.05394	0.00171	0.03931
341.1	1.7055	0.05396	0.00171	0.0393
341.2	1.706	0.05398	0.00171	0.03928
341.3	1.7065	0.054	0.00171	0.03927
341.4	1.707	0.05402	0.00171	0.03925
341.5	1.7075	0.05404	0.00171	0.03923
341.6	1.708	0.05406	0.00171	0.03922
341.7	1.7085	0.05408	0.00171	0.0392
341.8	1.709	0.0541	0.00171	0.03919
341.9	1.7095	0.05412	0.00171	0.03917
342.0	1.71	0.05414	0.00171	0.03915
342.1	1.7105	0.05416	0.00171	0.03914
342.2	1.711	0.05418	0.00171	0.03912
342.3	1.7115	0.0542	0.00171	0.0391
342.4	1.712	0.05422	0.00171	0.03909
342.5	1.7125	0.05424	0.00171	0.03907
342.6	1.713	0.05426	0.00171	0.03906
342.7	1.7135	0.05428	0.00171	0.03904
342.8	1.714	0.0543	0.00171	0.03902
342.9	1.7145	0.05432	0.00172	0.03901
343.0	1.715	0.05433	0.00172	0.03899
343.1	1.7155	0.05435	0.00172	0.03897
343.2	1.716	0.05437	0.00172	0.03896
343.3	1.7165	0.05439	0.00172	0.03894
343.4	1.717	0.05441	0.00172	0.03893
343.5	1.7175	0.05443	0.00172	0.03891
343.6	1.718	0.05445	0.00172	0.03889
343.7	1.7185	0.05447	0.00172	0.03888
343.8	1.719	0.05449	0.00172	0.03886
343.9	1.7195	0.05451	0.00172	0.03884
344.0	1.72	0.05453	0.00172	0.03883
344.1	1.7205	0.05455	0.00172	0.03881
344.2	1.721	0.05457	0.00172	0.03879
344.3	1.7215	0.05459	0.00172	0.03878
344.4	1.722	0.05461	0.00172	0.03876
344.5	1.7225	0.05463	0.00172	0.03875
344.6	1.723	0.05465	0.00172	0.03873
344.7	1.7235	0.05466	0.00172	0.03871
344.8	1.724	0.05468	0.00172	0.0387
344.9	1.7245	0.0547	0.00173	0.03868
345.0	1.725	0.05472	0.00173	0.03866
345.1	1.7255	0.05474	0.00173	0.03865
345.2	1.726	0.05476	0.00173	0.03863
345.3	1.7265	0.05478	0.00173	0.03861
345.4	1.727	0.0548	0.00173	0.0386
345.5	1.7275	0.05482	0.00173	0.03858
345.6	1.728	0.05484	0.00173	0.03856
345.7	1.7285	0.05486	0.00173	0.03855
345.8	1.729	0.05488	0.00173	0.03853
345.9	1.7295	0.0549	0.00173	0.03852
346.0	1.73	0.05492	0.00173	0.0385
346.1	1.7305	0.05494	0.00173	0.03848
346.2	1.731	0.05495	0.00173	0.03847
346.3	1.7315	0.05497	0.00173	0.03845
346.4	1.732	0.05499	0.00173	0.03843
346.5	1.7325	0.05501	0.00173	0.03842
346.6	1.733	0.05503	0.00173	0.0384
346.7	1.7335	0.05505	0.00173	0.03838
346.8	1.734	0.05507	0.00173	0.03837
346.9	1.7345	0.05509	0.00174	0.03835
347.0	1.735	0.05511	0.00174	0.03833
347.1	1.7355	0.05513	0.00174	0.03832
347.2	1.736	0.05515	0.00174	0.0383
347.3	1.7365	0.05517	0.00174	0.03828
347.4	1.737	0.05518	0.00174	0.03827
347.5	1.7375	0.0552	0.00174	0.03825
347.6	1.738	0.05522	0.00174	0.03823
347.7	1.7385	0.05524	0.00174	0.03822
347.8	1.739	0.05526	0.00174	0.0382
347.9	1.7395	0.05528	0.00174	0.03818
348.0	1.74	0.0553	0.00174	0.03817
348.1	1.7405	0.05532	0.00174	0.03815
348.2	1.741	0.05534	0.00174	0.03813
348.3	1.7415	0.05536	0.00174	0.03812
348.4	1.742	0.05538	0.00174	0.0381
348.5	1.7425	0.05539	0.00174	0.03808
348.6	1.743	0.05541	0.00174	0.03807
348.7	1.7435	0.05543	0.00174	0.03805
348.8	1.744	0.05545	0.00174	0.03803
348.9	1.7445	0.05547	0.00175	0.03802
349.0	1.745	0.05549	0.00175	0.038
349.1	1.7455	0.05551	0.00175	0.03798
349.2	1.746	0.05553	0.00175	0.03797
349.3	1.7465	0.05555	0.00175	0.03795
349.4	1.747	0.05557	0.00175	0.03793
349.5	1.7475	0.05558	0.00175	0.03792
349.6	1.748	0.0556	0.00175	0.0379
349.7	1.7485	0.05562	0.00175	0.03788
349.8	1.749	0.05564	0.00175	0.03787
349.9	1.7495	0.05566	0.00175	0.03785
350.0	1.75	0.05568	0.00175	0.03783
350.1	1.7505	0.0557	0.00175	0.03781
350.2	1.751	0.05572	0.00175	0.0378
350.3	1.7515	0.05574	0.00175	0.03778
350.4	1.752	0.05575	0.00175	0.03776
350.5	1.7525	0.05577	0.00175	0.03775
350.6	1.753	0.05579	0.00175	0.03773
350.7	1.7535	0.05581	0.00175	0.03771
350.8	1.754	0.05583	0.00175	0.0377
350.9	1.7545	0.05585	0.00176	0.03768
351.0	1.755	0.05587	0.00176	0.03766
351.1	1.7555	0.05589	0.00176	0.03765
351.2	1.756	0.05591	0.00176	0.03763
351.3	1.7565	0.05592	0.00176	0.03761
351.4	1.757	0.05594	0.00176	0.0376
351.5	1.7575	0.05596	0.00176	0.03758
351.6	1.758	0.05598	0.00176	0.03756
351.7	1.7585	0.056	0.00176	0.03754
351.8	1.759	0.05602	0.00176	0.03753
351.9	1.7595	0.05604	0.00176	0.03751
352.0	1.76	0.05606	0.00176	0.03749
352.1	1.7605	0.05607	0.00176	0.03748
352.2	1.761	0.05609	0.00176	0.03746
352.3	1.7615	0.05611	0.00176	0.03744
352.4	1.762	0.05613	0.00176	0.03743
352.5	1.7625	0.05615	0.00176	0.03741
352.6	1.763	0.05617	0.00176	0.03739
352.7	1.7635	0.05619	0.00176	0.03738
352.8	1.764	0.05621	0.00176	0.03736
352.9	1.7645	0.05622	0.00177	0.03734
353.0	1.765	0.05624	0.00177	0.03732
353.1	1.7655	0.05626	0.00177	0.03731
353.2	1.766	0.05628	0.00177	0.03729
353.3	1.7665	0.0563	0.00177	0.03727
353.4	1.767	0.05632	0.00177	0.03726
353.5	1.7675	0.05634	0.00177	0.03724
353.6	1.768	0.05635	0.00177	0.03722
353.7	1.7685	0.05637	0.00177	0.0372
353.8	1.769	0.05639	0.00177	0.03719
353.9	1.7695	0.05641	0.00177	0.03717
354.0	1.77	0.05643	0.00177	0.03715
354.1	1.7705	0.05645	0.00177	0.03714
354.2	1.771	0.05647	0.00177	0.03712
354.3	1.7715	0.05648	0.00177	0.0371
354.4	1.772	0.0565	0.00177	0.03709
354.5	1.7725	0.05652	0.00177	0.03707
354.6	1.773	0.05654	0.00177	0.03705
354.7	1.7735	0.05656	0.00177	0.03703
354.8	1.774	0.05658	0.00177	0.03702
354.9	1.7745	0.0566	0.00178	0.037
355.0	1.775	0.05661	0.00178	0.03698
355.1	1.7755	0.05663	0.00178	0.03697
355.2	1.776	0.05665	0.00178	0.03695
355.3	1.7765	0.05667	0.00178	0.03693
355.4	1.777	0.05669	0.00178	0.03691
355.5	1.7775	0.05671	0.00178	0.0369
355.6	1.778	0.05672	0.00178	0.03688
355.7	1.7785	0.05674	0.00178	0.03686
355.8	1.779	0.05676	0.00178	0.03685
355.9	1.7795	0.05678	0.00178	0.03683
356.0	1.78	0.0568	0.00178	0.03681
356.1	1.7805	0.05682	0.00178	0.03679
356.2	1.781	0.05684	0.00178	0.03678
356.3	1.7815	0.05685	0.00178	0.03676
356.4	1.782	0.05687	0.00178	0.03674
356.5	1.7825	0.05689	0.00178	0.03672
356.6	1.783	0.05691	0.00178	0.03671
356.7	1.7835	0.05693	0.00178	0.03669
356.8	1.784	0.05695	0.00178	0.03667
356.9	1.7845	0.05696	0.00179	0.03666
357.0	1.785	0.05698	0.00179	0.03664
357.1	1.7855	0.057	0.00179	0.03662
357.2	1.786	0.05702	0.00179	0.0366
357.3	1.7865	0.05704	0.00179	0.03659
357.4	1.787	0.05706	0.00179	0.03657
357.5	1.7875	0.05707	0.00179	0.03655
357.6	1.788	0.05709	0.00179	0.03653
357.7	1.7885	0.05711	0.00179	0.03652
357.8	1.789	0.05713	0.00179	0.0365
357.9	1.7895	0.05715	0.00179	0.03648
358.0	1.79	0.05716	0.00179	0.03647
358.1	1.7905	0.05718	0.00179	0.03645
358.2	1.791	0.0572	0.00179	0.03643
358.3	1.7915	0.05722	0.00179	0.03641
358.4	1.792	0.05724	0.00179	0.0364
358.5	1.7925	0.05726	0.00179	0.03638
358.6	1.793	0.05727	0.00179	0.03636
358.7	1.7935	0.05729	0.00179	0.03634
358.8	1.794	0.05731	0.00179	0.03633
358.9	1.7945	0.05733	0.0018	0.03631
359.0	1.795	0.05735	0.0018	0.03629
359.1	1.7955	0.05736	0.0018	0.03627
359.2	1.796	0.05738	0.0018	0.03626
359.3	1.7965	0.0574	0.0018	0.03624
359.4	1.797	0.05742	0.0018	0.03622
359.5	1.7975	0.05744	0.0018	0.0362
359.6	1.798	0.05746	0.0018	0.03619
359.7	1.7985	0.05747	0.0018	0.03617
359.8	1.799	0.05749	0.0018	0.03615
359.9	1.7995	0.05751	0.0018	0.03613
360.0	1.8	0.05753	0.0018	0.03612
360.1	1.8005	0.05755	0.0018	0.0361
360.2	1.801	0.05756	0.0018	0.03608
360.3	1.8015	0.05758	0.0018	0.03607
360.4	1.802	0.0576	0.0018	0.03605
360.5	1.8025	0.05762	0.0018	0.03603
360.6	1.803	0.05764	0.0018	0.03601
360.7	1.8035	0.05765	0.0018	0.036
360.8	1.804	0.05767	0.0018	0.03598
360.9	1.8045	0.05769	0.00181	0.03596
361.0	1.805	0.05771	0.00181	0.03594
361.1	1.8055	0.05773	0.00181	0.03593
361.2	1.806	0.05774	0.00181	0.03591
361.3	1.8065	0.05776	0.00181	0.03589
361.4	1.807	0.05778	0.00181	0.03587
361.5	1.8075	0.0578	0.00181	0.03586
361.6	1.808	0.05782	0.00181	0.03584
361.7	1.8085	0.05783	0.00181	0.03582
361.8	1.809	0.05785	0.00181	0.0358
361.9	1.8095	0.05787	0.00181	0.03578
362.0	1.81	0.05789	0.00181	0.03577
362.1	1.8105	0.0579	0.00181	0.03575
362.2	1.811	0.05792	0.00181	0.03573
362.3	1.8115	0.05794	0.00181	0.03571
362.4	1.812	0.05796	0.00181	0.0357
362.5	1.8125	0.05798	0.00181	0.03568
362.6	1.813	0.05799	0.00181	0.03566
362.7	1.8135	0.05801	0.00181	0.03564
362.8	1.814	0.05803	0.00181	0.03563
362.9	1.8145	0.05805	0.00182	0.03561
363.0	1.815	0.05807	0.00182	0.03559
363.1	1.8155	0.05808	0.00182	0.03557
363.2	1.816	0.0581	0.00182	0.03556
363.3	1.8165	0.05812	0.00182	0.03554
363.4	1.817	0.05814	0.00182	0.03552
363.5	1.8175	0.05815	0.00182	0.0355
363.6	1.818	0.05817	0.00182	0.03549
363.7	1.8185	0.05819	0.00182	0.03547
363.8	1.819	0.05821	0.00182	0.03545
363.9	1.8195	0.05823	0.00182	0.03543
364.0	1.82	0.05824	0.00182	0.03541
364.1	1.8205	0.05826	0.00182	0.0354
364.2	1.821	0.05828	0.00182	0.03538
364.3	1.8215	0.0583	0.00182	0.03536
364.4	1.822	0.05831	0.00182	0.03534
364.5	1.8225	0.05833	0.00182	0.03533
364.6	1.823	0.05835	0.00182	0.03531
364.7	1.8235	0.05837	0.00182	0.03529
364.8	1.824	0.05838	0.00182	0.03527
364.9	1.8245	0.0584	0.00183	0.03526
365.0	1.825	0.05842	0.00183	0.03524
365.1	1.8255	0.05844	0.00183	0.03522
365.2	1.826	0.05845	0.00183	0.0352
365.3	1.8265	0.05847	0.00183	0.03518
365.4	1.827	0.05849	0.00183	0.03517
365.5	1.8275	0.05851	0.00183	0.03515
365.6	1.828	0.05852	0.00183	0.03513
365.7	1.8285	0.05854	0.00183	0.03511
365.8	1.829	0.05856	0.00183	0.0351
365.9	1.8295	0.05858	0.00183	0.03508
366.0	1.83	0.0586	0.00183	0.03506
366.1	1.8305	0.05861	0.00183	0.03504
366.2	1.831	0.05863	0.00183	0.03502
366.3	1.8315	0.05865	0.00183	0.03501
366.4	1.832	0.05867	0.00183	0.03499
366.5	1.8325	0.05868	0.00183	0.03497
366.6	1.833	0.0587	0.00183	0.03495
366.7	1.8335	0.05872	0.00183	0.03494
366.8	1.834	0.05873	0.00183	0.03492
366.9	1.8345	0.05875	0.00184	0.0349
367.0	1.835	0.05877	0.00184	0.03488
367.1	1.8355	0.05879	0.00184	0.03486
367.2	1.836	0.0588	0.00184	0.03485
367.3	1.8365	0.05882	0.00184	0.03483
367.4	1.837	0.05884	0.00184	0.03481
367.5	1.8375	0.05886	0.00184	0.03479
367.6	1.838	0.05887	0.00184	0.03478
367.7	1.8385	0.05889	0.00184	0.03476
367.8	1.839	0.05891	0.00184	0.03474
367.9	1.8395	0.05893	0.00184	0.03472
368.0	1.84	0.05894	0.00184	0.0347
368.1	1.8405	0.05896	0.00184	0.03469
368.2	1.841	0.05898	0.00184	0.03467
368.3	1.8415	0.059	0.00184	0.03465
368.4	1.842	0.05901	0.00184	0.03463
368.5	1.8425	0.05903	0.00184	0.03461
368.6	1.843	0.05905	0.00184	0.0346
368.7	1.8435	0.05906	0.00184	0.03458
368.8	1.844	0.05908	0.00184	0.03456
368.9	1.8445	0.0591	0.00185	0.03454
369.0	1.845	0.05912	0.00185	0.03452
369.1	1.8455	0.05913	0.00185	0.03451
369.2	1.846	0.05915	0.00185	0.03449
369.3	1.8465	0.05917	0.00185	0.03447
369.4	1.847	0.05919	0.00185	0.03445
369.5	1.8475	0.0592	0.00185	0.03443
369.6	1.848	0.05922	0.00185	0.03442
369.7	1.8485	0.05924	0.00185	0.0344
369.8	1.849	0.05925	0.00185	0.03438
369.9	1.8495	0.05927	0.00185	0.03436
370.0	1.85	0.05929	0.00185	0.03434
370.1	1.8505	0.05931	0.00185	0.03433
370.2	1.851	0.05932	0.00185	0.03431
370.3	1.8515	0.05934	0.00185	0.03429
370.4	1.852	0.05936	0.00185	0.03427
370.5	1.8525	0.05937	0.00185	0.03425
370.6	1.853	0.05939	0.00185	0.03424
370.7	1.8535	0.05941	0.00185	0.03422
370.8	1.854	0.05943	0.00185	0.0342
370.9	1.8545	0.05944	0.00186	0.03418
371.0	1.855	0.05946	0.00186	0.03416
371.1	1.8555	0.05948	0.00186	0.03415
371.2	1.856	0.05949	0.00186	0.03413
371.3	1.8565	0.05951	0.00186	0.03411
371.4	1.857	0.05953	0.00186	0.03409
371.5	1.8575	0.05955	0.00186	0.03407
371.6	1.858	0.05956	0.00186	0.03406
371.7	1.8585	0.05958	0.00186	0.03404
371.8	1.859	0.0596	0.00186	0.03402
371.9	1.8595	0.05961	0.00186	0.034
372.0	1.86	0.05963	0.00186	0.03398
372.1	1.8605	0.05965	0.00186	0.03397
372.2	1.861	0.05966	0.00186	0.03395
372.3	1.8615	0.05968	0.00186	0.03393
372.4	1.862	0.0597	0.00186	0.03391
372.5	1.8625	0.05972	0.00186	0.03389
372.6	1.863	0.05973	0.00186	0.03388
372.7	1.8635	0.05975	0.00186	0.03386
372.8	1.864	0.05977	0.00186	0.03384
372.9	1.8645	0.05978	0.00187	0.03382
373.0	1.865	0.0598	0.00187	0.0338
373.1	1.8655	0.05982	0.00187	0.03378
373.2	1.866	0.05983	0.00187	0.03377
373.3	1.8665	0.05985	0.00187	0.03375
373.4	1.867	0.05987	0.00187	0.03373
373.5	1.8675	0.05988	0.00187	0.03371
373.6	1.868	0.0599	0.00187	0.03369
373.7	1.8685	0.05992	0.00187	0.03368
373.8	1.869	0.05993	0.00187	0.03366
373.9	1.8695	0.05995	0.00187	0.03364
374.0	1.87	0.05997	0.00187	0.03362
374.1	1.8705	0.05999	0.00187	0.0336
374.2	1.871	0.06	0.00187	0.03359
374.3	1.8715	0.06002	0.00187	0.03357
374.4	1.872	0.06004	0.00187	0.03355
374.5	1.8725	0.06005	0.00187	0.03353
374.6	1.873	0.06007	0.00187	0.03351
374.7	1.8735	0.06009	0.00187	0.03349
374.8	1.874	0.0601	0.00187	0.03348
374.9	1.8745	0.06012	0.00188	0.03346
375.0	1.875	0.06014	0.00188	0.03344
375.1	1.8755	0.06015	0.00188	0.03342
375.2	1.876	0.06017	0.00188	0.0334
375.3	1.8765	0.06019	0.00188	0.03338
375.4	1.877	0.0602	0.00188	0.03337
375.5	1.8775	0.06022	0.00188	0.03335
375.6	1.878	0.06024	0.00188	0.03333
375.7	1.8785	0.06025	0.00188	0.03331
375.8	1.879	0.06027	0.00188	0.03329
375.9	1.8795	0.06029	0.00188	0.03328
376.0	1.88	0.0603	0.00188	0.03326
376.1	1.8805	0.06032	0.00188	0.03324
376.2	1.881	0.06034	0.00188	0.03322
376.3	1.8815	0.06035	0.00188	0.0332
376.4	1.882	0.06037	0.00188	0.03318
376.5	1.8825	0.06039	0.00188	0.03317
376.6	1.883	0.0604	0.00188	0.03315
376.7	1.8835	0.06042	0.00188	0.03313
376.8	1.884	0.06044	0.00188	0.03311
376.9	1.8845	0.06045	0.00189	0.03309
377.0	1.885	0.06047	0.00189	0.03307
377.1	1.8855	0.06049	0.00189	0.03306
377.2	1.886	0.0605	0.00189	0.03304
377.3	1.8865	0.06052	0.00189	0.03302
377.4	1.887	0.06053	0.00189	0.033
377.5	1.8875	0.06055	0.00189	0.03298
377.6	1.888	0.06057	0.00189	0.03296
377.7	1.8885	0.06058	0.00189	0.03295
377.8	1.889	0.0606	0.00189	0.03293
377.9	1.8895	0.06062	0.00189	0.03291
378.0	1.89	0.06063	0.00189	0.03289
378.1	1.8905	0.06065	0.00189	0.03287
378.2	1.891	0.06067	0.00189	0.03285
378.3	1.8915	0.06068	0.00189	0.03284
378.4	1.892	0.0607	0.00189	0.03282
378.5	1.8925	0.06072	0.00189	0.0328
378.6	1.893	0.06073	0.00189	0.03278
378.7	1.8935	0.06075	0.00189	0.03276
378.8	1.894	0.06076	0.00189	0.03274
378.9	1.8945	0.06078	0.0019	0.03273
379.0	1.895	0.0608	0.0019	0.03271
379.1	1.8955	0.06081	0.0019	0.03269
379.2	1.896	0.06083	0.0019	0.03267
379.3	1.8965	0.06085	0.0019	0.03265
379.4	1.897	0.06086	0.0019	0.03263
379.5	1.8975	0.06088	0.0019	0.03262
379.6	1.898	0.0609	0.0019	0.0326
379.7	1.8985	0.06091	0.0019	0.03258
379.8	1.899	0.06093	0.0019	0.03256
379.9	1.8995	0.06094	0.0019	0.03254
380.0	1.9	0.06096	0.0019	0.03252
380.1	1.9005	0.06098	0.0019	0.0325
380.2	1.901	0.06099	0.0019	0.03249
380.3	1.9015	0.06101	0.0019	0.03247
380.4	1.902	0.06103	0.0019	0.03245
380.5	1.9025	0.06104	0.0019	0.03243
380.6	1.903	0.06106	0.0019	0.03241
380.7	1.9035	0.06107	0.0019	0.03239
380.8	1.904	0.06109	0.0019	0.03238
380.9	1.9045	0.06111	0.00191	0.03236
381.0	1.905	0.06112	0.00191	0.03234
381.1	1.9055	0.06114	0.00191	0.03232
381.2	1.906	0.06115	0.00191	0.0323
381.3	1.9065	0.06117	0.00191	0.03228
381.4	1.907	0.06119	0.00191	0.03226
381.5	1.9075	0.0612	0.00191	0.03225
381.6	1.908	0.06122	0.00191	0.03223
381.7	1.9085	0.06124	0.00191	0.03221
381.8	1.909	0.06125	0.00191	0.03219
381.9	1.9095	0.06127	0.00191	0.03217
382.0	1.91	0.06128	0.00191	0.03215
382.1	1.9105	0.0613	0.00191	0.03214
382.2	1.911	0.06132	0.00191	0.03212
382.3	1.9115	0.06133	0.00191	0.0321
382.4	1.912	0.06135	0.00191	0.03208
382.5	1.9125	0.06136	0.00191	0.03206
382.6	1.913	0.06138	0.00191	0.03204
382.7	1.9135	0.0614	0.00191	0.03202
382.8	1.914	0.06141	0.00191	0.03201
382.9	1.9145	0.06143	0.00192	0.03199
383.0	1.915	0.06144	0.00192	0.03197
383.1	1.9155	0.06146	0.00192	0.03195
383.2	1.916	0.06148	0.00192	0.03193
383.3	1.9165	0.06149	0.00192	0.03191
383.4	1.917	0.06151	0.00192	0.03189
383.5	1.9175	0.06152	0.00192	0.03188
383.6	1.918	0.06154	0.00192	0.03186
383.7	1.9185	0.06156	0.00192	0.03184
383.8	1.919	0.06157	0.00192	0.03182
383.9	1.9195	0.06159	0.00192	0.0318
384.0	1.92	0.0616	0.00192	0.03178
384.1	1.9205	0.06162	0.00192	0.03176
384.2	1.921	0.06163	0.00192	0.03175
384.3	1.9215	0.06165	0.00192	0.03173
384.4	1.922	0.06167	0.00192	0.03171
384.5	1.9225	0.06168	0.00192	0.03169
384.6	1.923	0.0617	0.00192	0.03167
384.7	1.9235	0.06171	0.00192	0.03165
384.8	1.924	0.06173	0.00192	0.03163
384.9	1.9245	0.06175	0.00193	0.03162
385.0	1.925	0.06176	0.00193	0.0316
385.1	1.9255	0.06178	0.00193	0.03158
385.2	1.926	0.06179	0.00193	0.03156
385.3	1.9265	0.06181	0.00193	0.03154
385.4	1.927	0.06182	0.00193	0.03152
385.5	1.9275	0.06184	0.00193	0.0315
385.6	1.928	0.06186	0.00193	0.03148
385.7	1.9285	0.06187	0.00193	0.03147
385.8	1.929	0.06189	0.00193	0.03145
385.9	1.9295	0.0619	0.00193	0.03143
386.0	1.93	0.06192	0.00193	0.03141
386.1	1.9305	0.06193	0.00193	0.03139
386.2	1.931	0.06195	0.00193	0.03137
386.3	1.9315	0.06197	0.00193	0.03135
386.4	1.932	0.06198	0.00193	0.03134
386.5	1.9325	0.062	0.00193	0.03132
386.6	1.933	0.06201	0.00193	0.0313
386.7	1.9335	0.06203	0.00193	0.03128
386.8	1.934	0.06204	0.00193	0.03126
386.9	1.9345	0.06206	0.00194	0.03124
387.0	1.935	0.06208	0.00194	0.03122
387.1	1.9355	0.06209	0.00194	0.0312
387.2	1.936	0.06211	0.00194	0.03119
387.3	1.9365	0.06212	0.00194	0.03117
387.4	1.937	0.06214	0.00194	0.03115
387.5	1.9375	0.06215	0.00194	0.03113
387.6	1.938	0.06217	0.00194	0.03111
387.7	1.9385	0.06218	0.00194	0.03109
387.8	1.939	0.0622	0.00194	0.03107
387.9	1.9395	0.06222	0.00194	0.03106
388.0	1.94	0.06223	0.00194	0.03104
388.1	1.9405	0.06225	0.00194	0.03102
388.2	1.941	0.06226	0.00194	0.031
388.3	1.9415	0.06228	0.00194	0.03098
388.4	1.942	0.06229	0.00194	0.03096
388.5	1.9425	0.06231	0.00194	0.03094
388.6	1.943	0.06232	0.00194	0.03092
388.7	1.9435	0.06234	0.00194	0.03091
388.8	1.944	0.06236	0.00194	0.03089
388.9	1.9445	0.06237	0.00195	0.03087
389.0	1.945	0.06239	0.00195	0.03085
389.1	1.9455	0.0624	0.00195	0.03083
389.2	1.946	0.06242	0.00195	0.03081
389.3	1.9465	0.06243	0.00195	0.03079
389.4	1.947	0.06245	0.00195	0.03077
389.5	1.9475	0.06246	0.00195	0.03076
389.6	1.948	0.06248	0.00195	0.03074
389.7	1.9485	0.06249	0.00195	0.03072
389.8	1.949	0.06251	0.00195	0.0307
389.9	1.9495	0.06252	0.00195	0.03068
390.0	1.95	0.06254	0.00195	0.03066
390.1	1.9505	0.06255	0.00195	0.03064
390.2	1.951	0.06257	0.00195	0.03062
390.3	1.9515	0.06259	0.00195	0.0306
390.4	1.952	0.0626	0.00195	0.03059
390.5	1.9525	0.06262	0.00195	0.03057
390.6	1.953	0.06263	0.00195	0.03055
390.7	1.9535	0.06265	0.00195	0.03053
390.8	1.954	0.06266	0.00195	0.03051
390.9	1.9545	0.06268	0.00196	0.03049
391.0	1.955	0.06269	0.00196	0.03047
391.1	1.9555	0.06271	0.00196	0.03045
391.2	1.956	0.06272	0.00196	0.03044
391.3	1.9565	0.06274	0.00196	0.03042
391.4	1.957	0.06275	0.00196	0.0304
391.5	1.9575	0.06277	0.00196	0.03038
391.6	1.958	0.06278	0.00196	0.03036
391.7	1.9585	0.0628	0.00196	0.03034
391.8	1.959	0.06281	0.00196	0.03032
391.9	1.9595	0.06283	0.00196	0.0303
392.0	1.96	0.06284	0.00196	0.03028
392.1	1.9605	0.06286	0.00196	0.03027
392.2	1.961	0.06287	0.00196	0.03025
392.3	1.9615	0.06289	0.00196	0.03023
392.4	1.962	0.0629	0.00196	0.03021
392.5	1.9625	0.06292	0.00196	0.03019
392.6	1.963	0.06293	0.00196	0.03017
392.7	1.9635	0.06295	0.00196	0.03015
392.8	1.964	0.06297	0.00196	0.03013
392.9	1.9645	0.06298	0.00197	0.03011
393.0	1.965	0.063	0.00197	0.0301
393.1	1.9655	0.06301	0.00197	0.03008
393.2	1.966	0.06303	0.00197	0.03006
393.3	1.9665	0.06304	0.00197	0.03004
393.4	1.967	0.06306	0.00197	0.03002
393.5	1.9675	0.06307	0.00197	0.03
393.6	1.968	0.06309	0.00197	0.02998
393.7	1.9685	0.0631	0.00197	0.02996
393.8	1.969	0.06312	0.00197	0.02994
393.9	1.9695	0.06313	0.00197	0.02993
394.0	1.97	0.06315	0.00197	0.02991
394.1	1.9705	0.06316	0.00197	0.02989
394.2	1.971	0.06317	0.00197	0.02987
394.3	1.9715	0.06319	0.00197	0.02985
394.4	1.972	0.0632	0.00197	0.02983
394.5	1.9725	0.06322	0.00197	0.02981
394.6	1.973	0.06323	0.00197	0.02979
394.7	1.9735	0.06325	0.00197	0.02977
394.8	1.974	0.06326	0.00197	0.02975
394.9	1.9745	0.06328	0.00198	0.02974
395.0	1.975	0.06329	0.00198	0.02972
395.1	1.9755	0.06331	0.00198	0.0297
395.2	1.976	0.06332	0.00198	0.02968
395.3	1.9765	0.06334	0.00198	0.02966
395.4	1.977	0.06335	0.00198	0.02964
395.5	1.9775	0.06337	0.00198	0.02962
395.6	1.978	0.06338	0.00198	0.0296
395.7	1.9785	0.0634	0.00198	0.02958
395.8	1.979	0.06341	0.00198	0.02957
395.9	1.9795	0.06343	0.00198	0.02955
396.0	1.98	0.06344	0.00198	0.02953
396.1	1.9805	0.06346	0.00198	0.02951
396.2	1.981	0.06347	0.00198	0.02949
396.3	1.9815	0.06349	0.00198	0.02947
396.4	1.982	0.0635	0.00198	0.02945
396.5	1.9825	0.06352	0.00198	0.02943
396.6	1.983	0.06353	0.00198	0.02941
396.7	1.9835	0.06355	0.00198	0.02939
396.8	1.984	0.06356	0.00198	0.02938
396.9	1.9845	0.06357	0.00199	0.02936
397.0	1.985	0.06359	0.00199	0.02934
397.1	1.9855	0.0636	0.00199	0.02932
397.2	1.986	0.06362	0.00199	0.0293
397.3	1.9865	0.06363	0.00199	0.02928
397.4	1.987	0.06365	0.00199	0.02926
397.5	1.9875	0.06366	0.00199	0.02924
397.6	1.988	0.06368	0.00199	0.02922
397.7	1.9885	0.06369	0.00199	0.0292
397.8	1.989	0.06371	0.00199	0.02918
397.9	1.9895	0.06372	0.00199	0.02917
398.0	1.99	0.06374	0.00199	0.02915
398.1	1.9905	0.06375	0.00199	0.02913
398.2	1.991	0.06376	0.00199	0.02911
398.3	1.9915	0.06378	0.00199	0.02909
398.4	1.992	0.06379	0.00199	0.02907
398.5	1.9925	0.06381	0.00199	0.02905
398.6	1.993	0.06382	0.00199	0.02903
398.7	1.9935	0.06384	0.00199	0.02901
398.8	1.994	0.06385	0.00199	0.02899
398.9	1.9945	0.06387	0.002	0.02898
399.0	1.995	0.06388	0.002	0.02896
399.1	1.9955	0.0639	0.002	0.02894
399.2	1.996	0.06391	0.002	0.02892
399.3	1.9965	0.06392	0.002	0.0289
399.4	1.997	0.06394	0.002	0.02888
399.5	1.9975	0.06395	0.002	0.02886
399.6	1.998	0.06397	0.002	0.02884
399.7	1.9985	0.06398	0.002	0.02882
399.8	1.999	0.064	0.002	0.0288
399.9	1.9995	0.06401	0.002	0.02878
400.0	2.0	0.06402	0.002	0.02877
400.1	2.0005	0.06404	0.002	0.02875
400.2	2.001	0.06405	0.002	0.02873
400.3	2.0015	0.06407	0.002	0.02871
400.4	2.002	0.06408	0.002	0.02869
400.5	2.0025	0.0641	0.002	0.02867
400.6	2.003	0.06411	0.002	0.02865
400.7	2.0035	0.06413	0.002	0.02863
400.8	2.004	0.06414	0.002	0.02861
400.9	2.0045	0.06415	0.00201	0.02859
401.0	2.005	0.06417	0.00201	0.02857
401.1	2.0055	0.06418	0.00201	0.02855
401.2	2.006	0.0642	0.00201	0.02854
401.3	2.0065	0.06421	0.00201	0.02852
401.4	2.007	0.06423	0.00201	0.0285
401.5	2.0075	0.06424	0.00201	0.02848
401.6	2.008	0.06425	0.00201	0.02846
401.7	2.0085	0.06427	0.00201	0.02844
401.8	2.009	0.06428	0.00201	0.02842
401.9	2.0095	0.0643	0.00201	0.0284
402.0	2.01	0.06431	0.00201	0.02838
402.1	2.0105	0.06432	0.00201	0.02836
402.2	2.011	0.06434	0.00201	0.02834
402.3	2.0115	0.06435	0.00201	0.02832
402.4	2.012	0.06437	0.00201	0.02831
402.5	2.0125	0.06438	0.00201	0.02829
402.6	2.013	0.0644	0.00201	0.02827
402.7	2.0135	0.06441	0.00201	0.02825
402.8	2.014	0.06442	0.00201	0.02823
402.9	2.0145	0.06444	0.00202	0.02821
403.0	2.015	0.06445	0.00202	0.02819
403.1	2.0155	0.06447	0.00202	0.02817
403.2	2.016	0.06448	0.00202	0.02815
403.3	2.0165	0.06449	0.00202	0.02813
403.4	2.017	0.06451	0.00202	0.02811
403.5	2.0175	0.06452	0.00202	0.02809
403.6	2.018	0.06454	0.00202	0.02808
403.7	2.0185	0.06455	0.00202	0.02806
403.8	2.019	0.06456	0.00202	0.02804
403.9	2.0195	0.06458	0.00202	0.02802
404.0	2.02	0.06459	0.00202	0.028
404.1	2.0205	0.06461	0.00202	0.02798
404.2	2.021	0.06462	0.00202	0.02796
404.3	2.0215	0.06463	0.00202	0.02794
404.4	2.022	0.06465	0.00202	0.02792
404.5	2.0225	0.06466	0.00202	0.0279
404.6	2.023	0.06468	0.00202	0.02788
404.7	2.0235	0.06469	0.00202	0.02786
404.8	2.024	0.0647	0.00202	0.02784
404.9	2.0245	0.06472	0.00203	0.02783
405.0	2.025	0.06473	0.00203	0.02781
405.1	2.0255	0.06475	0.00203	0.02779
405.2	2.026	0.06476	0.00203	0.02777
405.3	2.0265	0.06477	0.00203	0.02775
405.4	2.027	0.06479	0.00203	0.02773
405.5	2.0275	0.0648	0.00203	0.02771
405.6	2.028	0.06482	0.00203	0.02769
405.7	2.0285	0.06483	0.00203	0.02767
405.8	2.029	0.06484	0.00203	0.02765
405.9	2.0295	0.06486	0.00203	0.02763
406.0	2.03	0.06487	0.00203	0.02761
406.1	2.0305	0.06488	0.00203	0.02759
406.2	2.031	0.0649	0.00203	0.02757
406.3	2.0315	0.06491	0.00203	0.02756
406.4	2.032	0.06493	0.00203	0.02754
406.5	2.0325	0.06494	0.00203	0.02752
406.6	2.033	0.06495	0.00203	0.0275
406.7	2.0335	0.06497	0.00203	0.02748
406.8	2.034	0.06498	0.00203	0.02746
406.9	2.0345	0.06499	0.00204	0.02744
407.0	2.035	0.06501	0.00204	0.02742
407.1	2.0355	0.06502	0.00204	0.0274
407.2	2.036	0.06504	0.00204	0.02738
407.3	2.0365	0.06505	0.00204	0.02736
407.4	2.037	0.06506	0.00204	0.02734
407.5	2.0375	0.06508	0.00204	0.02732
407.6	2.038	0.06509	0.00204	0.0273
407.7	2.0385	0.0651	0.00204	0.02729
407.8	2.039	0.06512	0.00204	0.02727
407.9	2.0395	0.06513	0.00204	0.02725
408.0	2.04	0.06514	0.00204	0.02723
408.1	2.0405	0.06516	0.00204	0.02721
408.2	2.041	0.06517	0.00204	0.02719
408.3	2.0415	0.06519	0.00204	0.02717
408.4	2.042	0.0652	0.00204	0.02715
408.5	2.0425	0.06521	0.00204	0.02713
408.6	2.043	0.06523	0.00204	0.02711
408.7	2.0435	0.06524	0.00204	0.02709
408.8	2.044	0.06525	0.00204	0.02707
408.9	2.0445	0.06527	0.00205	0.02705
409.0	2.045	0.06528	0.00205	0.02703
409.1	2.0455	0.06529	0.00205	0.02701
409.2	2.046	0.06531	0.00205	0.027
409.3	2.0465	0.06532	0.00205	0.02698
409.4	2.047	0.06533	0.00205	0.02696
409.5	2.0475	0.06535	0.00205	0.02694
409.6	2.048	0.06536	0.00205	0.02692
409.7	2.0485	0.06537	0.00205	0.0269
409.8	2.049	0.06539	0.00205	0.02688
409.9	2.0495	0.0654	0.00205	0.02686
410.0	2.05	0.06541	0.00205	0.02684
410.1	2.0505	0.06543	0.00205	0.02682
410.2	2.051	0.06544	0.00205	0.0268
410.3	2.0515	0.06545	0.00205	0.02678
410.4	2.052	0.06547	0.00205	0.02676
410.5	2.0525	0.06548	0.00205	0.02674
410.6	2.053	0.0655	0.00205	0.02672
410.7	2.0535	0.06551	0.00205	0.02671
410.8	2.054	0.06552	0.00205	0.02669
410.9	2.0545	0.06554	0.00206	0.02667
411.0	2.055	0.06555	0.00206	0.02665
411.1	2.0555	0.06556	0.00206	0.02663
411.2	2.056	0.06557	0.00206	0.02661
411.3	2.0565	0.06559	0.00206	0.02659
411.4	2.057	0.0656	0.00206	0.02657
411.5	2.0575	0.06561	0.00206	0.02655
411.6	2.058	0.06563	0.00206	0.02653
411.7	2.0585	0.06564	0.00206	0.02651
411.8	2.059	0.06565	0.00206	0.02649
411.9	2.0595	0.06567	0.00206	0.02647
412.0	2.06	0.06568	0.00206	0.02645
412.1	2.0605	0.06569	0.00206	0.02643
412.2	2.061	0.06571	0.00206	0.02641
412.3	2.0615	0.06572	0.00206	0.02639
412.4	2.062	0.06573	0.00206	0.02638
412.5	2.0625	0.06575	0.00206	0.02636
412.6	2.063	0.06576	0.00206	0.02634
412.7	2.0635	0.06577	0.00206	0.02632
412.8	2.064	0.06579	0.00206	0.0263
412.9	2.0645	0.0658	0.00207	0.02628
413.0	2.065	0.06581	0.00207	0.02626
413.1	2.0655	0.06583	0.00207	0.02624
413.2	2.066	0.06584	0.00207	0.02622
413.3	2.0665	0.06585	0.00207	0.0262
413.4	2.067	0.06587	0.00207	0.02618
413.5	2.0675	0.06588	0.00207	0.02616
413.6	2.068	0.06589	0.00207	0.02614
413.7	2.0685	0.0659	0.00207	0.02612
413.8	2.069	0.06592	0.00207	0.0261
413.9	2.0695	0.06593	0.00207	0.02608
414.0	2.07	0.06594	0.00207	0.02606
414.1	2.0705	0.06596	0.00207	0.02604
414.2	2.071	0.06597	0.00207	0.02603
414.3	2.0715	0.06598	0.00207	0.02601
414.4	2.072	0.066	0.00207	0.02599
414.5	2.0725	0.06601	0.00207	0.02597
414.6	2.073	0.06602	0.00207	0.02595
414.7	2.0735	0.06603	0.00207	0.02593
414.8	2.074	0.06605	0.00207	0.02591
414.9	2.0745	0.06606	0.00208	0.02589
415.0	2.075	0.06607	0.00208	0.02587
415.1	2.0755	0.06609	0.00208	0.02585
415.2	2.076	0.0661	0.00208	0.02583
415.3	2.0765	0.06611	0.00208	0.02581
415.4	2.077	0.06612	0.00208	0.02579
415.5	2.0775	0.06614	0.00208	0.02577
415.6	2.078	0.06615	0.00208	0.02575
415.7	2.0785	0.06616	0.00208	0.02573
415.8	2.079	0.06618	0.00208	0.02571
415.9	2.0795	0.06619	0.00208	0.02569
416.0	2.08	0.0662	0.00208	0.02567
416.1	2.0805	0.06621	0.00208	0.02565
416.2	2.081	0.06623	0.00208	0.02564
416.3	2.0815	0.06624	0.00208	0.02562
416.4	2.082	0.06625	0.00208	0.0256
416.5	2.0825	0.06627	0.00208	0.02558
416.6	2.083	0.06628	0.00208	0.02556
416.7	2.0835	0.06629	0.00208	0.02554
416.8	2.084	0.0663	0.00208	0.02552
416.9	2.0845	0.06632	0.00209	0.0255
417.0	2.085	0.06633	0.00209	0.02548
417.1	2.0855	0.06634	0.00209	0.02546
417.2	2.086	0.06636	0.00209	0.02544
417.3	2.0865	0.06637	0.00209	0.02542
417.4	2.087	0.06638	0.00209	0.0254
417.5	2.0875	0.06639	0.00209	0.02538
417.6	2.088	0.06641	0.00209	0.02536
417.7	2.0885	0.06642	0.00209	0.02534
417.8	2.089	0.06643	0.00209	0.02532
417.9	2.0895	0.06644	0.00209	0.0253
418.0	2.09	0.06646	0.00209	0.02528
418.1	2.0905	0.06647	0.00209	0.02526
418.2	2.091	0.06648	0.00209	0.02524
418.3	2.0915	0.06649	0.00209	0.02523
418.4	2.092	0.06651	0.00209	0.02521
418.5	2.0925	0.06652	0.00209	0.02519
418.6	2.093	0.06653	0.00209	0.02517
418.7	2.0935	0.06655	0.00209	0.02515
418.8	2.094	0.06656	0.00209	0.02513
418.9	2.0945	0.06657	0.0021	0.02511
419.0	2.095	0.06658	0.0021	0.02509
419.1	2.0955	0.0666	0.0021	0.02507
419.2	2.096	0.06661	0.0021	0.02505
419.3	2.0965	0.06662	0.0021	0.02503
419.4	2.097	0.06663	0.0021	0.02501
419.5	2.0975	0.06665	0.0021	0.02499
419.6	2.098	0.06666	0.0021	0.02497
419.7	2.0985	0.06667	0.0021	0.02495
419.8	2.099	0.06668	0.0021	0.02493
419.9	2.0995	0.0667	0.0021	0.02491
420.0	2.1	0.06671	0.0021	0.02489
420.1	2.1005	0.06672	0.0021	0.02487
420.2	2.101	0.06673	0.0021	0.02485
420.3	2.1015	0.06674	0.0021	0.02483
420.4	2.102	0.06676	0.0021	0.02481
420.5	2.1025	0.06677	0.0021	0.02479
420.6	2.103	0.06678	0.0021	0.02478
420.7	2.1035	0.06679	0.0021	0.02476
420.8	2.104	0.06681	0.0021	0.02474
420.9	2.1045	0.06682	0.00211	0.02472
421.0	2.105	0.06683	0.00211	0.0247
421.1	2.1055	0.06684	0.00211	0.02468
421.2	2.106	0.06686	0.00211	0.02466
421.3	2.1065	0.06687	0.00211	0.02464
421.4	2.107	0.06688	0.00211	0.02462
421.5	2.1075	0.06689	0.00211	0.0246
421.6	2.108	0.06691	0.00211	0.02458
421.7	2.1085	0.06692	0.00211	0.02456
421.8	2.109	0.06693	0.00211	0.02454
421.9	2.1095	0.06694	0.00211	0.02452
422.0	2.11	0.06695	0.00211	0.0245
422.1	2.1105	0.06697	0.00211	0.02448
422.2	2.111	0.06698	0.00211	0.02446
422.3	2.1115	0.06699	0.00211	0.02444
422.4	2.112	0.067	0.00211	0.02442
422.5	2.1125	0.06702	0.00211	0.0244
422.6	2.113	0.06703	0.00211	0.02438
422.7	2.1135	0.06704	0.00211	0.02436
422.8	2.114	0.06705	0.00211	0.02434
422.9	2.1145	0.06706	0.00212	0.02432
423.0	2.115	0.06708	0.00212	0.0243
423.1	2.1155	0.06709	0.00212	0.02428
423.2	2.116	0.0671	0.00212	0.02427
423.3	2.1165	0.06711	0.00212	0.02425
423.4	2.117	0.06712	0.00212	0.02423
423.5	2.1175	0.06714	0.00212	0.02421
423.6	2.118	0.06715	0.00212	0.02419
423.7	2.1185	0.06716	0.00212	0.02417
423.8	2.119	0.06717	0.00212	0.02415
423.9	2.1195	0.06719	0.00212	0.02413
424.0	2.12	0.0672	0.00212	0.02411
424.1	2.1205	0.06721	0.00212	0.02409
424.2	2.121	0.06722	0.00212	0.02407
424.3	2.1215	0.06723	0.00212	0.02405
424.4	2.122	0.06725	0.00212	0.02403
424.5	2.1225	0.06726	0.00212	0.02401
424.6	2.123	0.06727	0.00212	0.02399
424.7	2.1235	0.06728	0.00212	0.02397
424.8	2.124	0.06729	0.00212	0.02395
424.9	2.1245	0.06731	0.00213	0.02393
425.0	2.125	0.06732	0.00213	0.02391
425.1	2.1255	0.06733	0.00213	0.02389
425.2	2.126	0.06734	0.00213	0.02387
425.3	2.1265	0.06735	0.00213	0.02385
425.4	2.127	0.06737	0.00213	0.02383
425.5	2.1275	0.06738	0.00213	0.02381
425.6	2.128	0.06739	0.00213	0.02379
425.7	2.1285	0.0674	0.00213	0.02377
425.8	2.129	0.06741	0.00213	0.02375
425.9	2.1295	0.06742	0.00213	0.02373
426.0	2.13	0.06744	0.00213	0.02371
426.1	2.1305	0.06745	0.00213	0.02369
426.2	2.131	0.06746	0.00213	0.02367
426.3	2.1315	0.06747	0.00213	0.02366
426.4	2.132	0.06748	0.00213	0.02364
426.5	2.1325	0.0675	0.00213	0.02362
426.6	2.133	0.06751	0.00213	0.0236
426.7	2.1335	0.06752	0.00213	0.02358
426.8	2.134	0.06753	0.00213	0.02356
426.9	2.1345	0.06754	0.00214	0.02354
427.0	2.135	0.06755	0.00214	0.02352
427.1	2.1355	0.06757	0.00214	0.0235
427.2	2.136	0.06758	0.00214	0.02348
427.3	2.1365	0.06759	0.00214	0.02346
427.4	2.137	0.0676	0.00214	0.02344
427.5	2.1375	0.06761	0.00214	0.02342
427.6	2.138	0.06762	0.00214	0.0234
427.7	2.1385	0.06764	0.00214	0.02338
427.8	2.139	0.06765	0.00214	0.02336
427.9	2.1395	0.06766	0.00214	0.02334
428.0	2.14	0.06767	0.00214	0.02332
428.1	2.1405	0.06768	0.00214	0.0233
428.2	2.141	0.06769	0.00214	0.02328
428.3	2.1415	0.06771	0.00214	0.02326
428.4	2.142	0.06772	0.00214	0.02324
428.5	2.1425	0.06773	0.00214	0.02322
428.6	2.143	0.06774	0.00214	0.0232
428.7	2.1435	0.06775	0.00214	0.02318
428.8	2.144	0.06776	0.00214	0.02316
428.9	2.1445	0.06778	0.00215	0.02314
429.0	2.145	0.06779	0.00215	0.02312
429.1	2.1455	0.0678	0.00215	0.0231
429.2	2.146	0.06781	0.00215	0.02308
429.3	2.1465	0.06782	0.00215	0.02306
429.4	2.147	0.06783	0.00215	0.02304
429.5	2.1475	0.06785	0.00215	0.02302
429.6	2.148	0.06786	0.00215	0.023
429.7	2.1485	0.06787	0.00215	0.02298
429.8	2.149	0.06788	0.00215	0.02296
429.9	2.1495	0.06789	0.00215	0.02294
430.0	2.15	0.0679	0.00215	0.02293
430.1	2.1505	0.06791	0.00215	0.02291
430.2	2.151	0.06793	0.00215	0.02289
430.3	2.1515	0.06794	0.00215	0.02287
430.4	2.152	0.06795	0.00215	0.02285
430.5	2.1525	0.06796	0.00215	0.02283
430.6	2.153	0.06797	0.00215	0.02281
430.7	2.1535	0.06798	0.00215	0.02279
430.8	2.154	0.06799	0.00215	0.02277
430.9	2.1545	0.06801	0.00216	0.02275
431.0	2.155	0.06802	0.00216	0.02273
431.1	2.1555	0.06803	0.00216	0.02271
431.2	2.156	0.06804	0.00216	0.02269
431.3	2.1565	0.06805	0.00216	0.02267
431.4	2.157	0.06806	0.00216	0.02265
431.5	2.1575	0.06807	0.00216	0.02263
431.6	2.158	0.06808	0.00216	0.02261
431.7	2.1585	0.0681	0.00216	0.02259
431.8	2.159	0.06811	0.00216	0.02257
431.9	2.1595	0.06812	0.00216	0.02255
432.0	2.16	0.06813	0.00216	0.02253
432.1	2.1605	0.06814	0.00216	0.02251
432.2	2.161	0.06815	0.00216	0.02249
432.3	2.1615	0.06816	0.00216	0.02247
432.4	2.162	0.06817	0.00216	0.02245
432.5	2.1625	0.06819	0.00216	0.02243
432.6	2.163	0.0682	0.00216	0.02241
432.7	2.1635	0.06821	0.00216	0.02239
432.8	2.164	0.06822	0.00216	0.02237
432.9	2.1645	0.06823	0.00217	0.02235
433.0	2.165	0.06824	0.00217	0.02233
433.1	2.1655	0.06825	0.00217	0.02231
433.2	2.166	0.06826	0.00217	0.02229
433.3	2.1665	0.06828	0.00217	0.02227
433.4	2.167	0.06829	0.00217	0.02225
433.5	2.1675	0.0683	0.00217	0.02223
433.6	2.168	0.06831	0.00217	0.02221
433.7	2.1685	0.06832	0.00217	0.02219
433.8	2.169	0.06833	0.00217	0.02217
433.9	2.1695	0.06834	0.00217	0.02215
434.0	2.17	0.06835	0.00217	0.02213
434.1	2.1705	0.06836	0.00217	0.02211
434.2	2.171	0.06838	0.00217	0.02209
434.3	2.1715	0.06839	0.00217	0.02207
434.4	2.172	0.0684	0.00217	0.02205
434.5	2.1725	0.06841	0.00217	0.02203
434.6	2.173	0.06842	0.00217	0.02201
434.7	2.1735	0.06843	0.00217	0.02199
434.8	2.174	0.06844	0.00217	0.02197
434.9	2.1745	0.06845	0.00218	0.02195
435.0	2.175	0.06846	0.00218	0.02194
435.1	2.1755	0.06847	0.00218	0.02192
435.2	2.176	0.06849	0.00218	0.0219
435.3	2.1765	0.0685	0.00218	0.02188
435.4	2.177	0.06851	0.00218	0.02186
435.5	2.1775	0.06852	0.00218	0.02184
435.6	2.178	0.06853	0.00218	0.02182
435.7	2.1785	0.06854	0.00218	0.0218
435.8	2.179	0.06855	0.00218	0.02178
435.9	2.1795	0.06856	0.00218	0.02176
436.0	2.18	0.06857	0.00218	0.02174
436.1	2.1805	0.06858	0.00218	0.02172
436.2	2.181	0.06859	0.00218	0.0217
436.3	2.1815	0.0686	0.00218	0.02168
436.4	2.182	0.06862	0.00218	0.02166
436.5	2.1825	0.06863	0.00218	0.02164
436.6	2.183	0.06864	0.00218	0.02162
436.7	2.1835	0.06865	0.00218	0.0216
436.8	2.184	0.06866	0.00218	0.02158
436.9	2.1845	0.06867	0.00219	0.02156
437.0	2.185	0.06868	0.00219	0.02154
437.1	2.1855	0.06869	0.00219	0.02152
437.2	2.186	0.0687	0.00219	0.0215
437.3	2.1865	0.06871	0.00219	0.02148
437.4	2.187	0.06872	0.00219	0.02146
437.5	2.1875	0.06873	0.00219	0.02144
437.6	2.188	0.06874	0.00219	0.02142
437.7	2.1885	0.06876	0.00219	0.0214
437.8	2.189	0.06877	0.00219	0.02138
437.9	2.1895	0.06878	0.00219	0.02136
438.0	2.19	0.06879	0.00219	0.02134
438.1	2.1905	0.0688	0.00219	0.02132
438.2	2.191	0.06881	0.00219	0.0213
438.3	2.1915	0.06882	0.00219	0.02128
438.4	2.192	0.06883	0.00219	0.02126
438.5	2.1925	0.06884	0.00219	0.02124
438.6	2.193	0.06885	0.00219	0.02122
438.7	2.1935	0.06886	0.00219	0.0212
438.8	2.194	0.06887	0.00219	0.02118
438.9	2.1945	0.06888	0.0022	0.02116
439.0	2.195	0.06889	0.0022	0.02114
439.1	2.1955	0.0689	0.0022	0.02112
439.2	2.196	0.06891	0.0022	0.0211
439.3	2.1965	0.06893	0.0022	0.02108
439.4	2.197	0.06894	0.0022	0.02106
439.5	2.1975	0.06895	0.0022	0.02104
439.6	2.198	0.06896	0.0022	0.02102
439.7	2.1985	0.06897	0.0022	0.021
439.8	2.199	0.06898	0.0022	0.02098
439.9	2.1995	0.06899	0.0022	0.02096
440.0	2.2	0.069	0.0022	0.02094
440.1	2.2005	0.06901	0.0022	0.02092
440.2	2.201	0.06902	0.0022	0.0209
440.3	2.2015	0.06903	0.0022	0.02088
440.4	2.202	0.06904	0.0022	0.02086
440.5	2.2025	0.06905	0.0022	0.02084
440.6	2.203	0.06906	0.0022	0.02082
440.7	2.2035	0.06907	0.0022	0.0208
440.8	2.204	0.06908	0.0022	0.02078
440.9	2.2045	0.06909	0.00221	0.02076
441.0	2.205	0.0691	0.00221	0.02074
441.1	2.2055	0.06911	0.00221	0.02072
441.2	2.206	0.06912	0.00221	0.02071
441.3	2.2065	0.06913	0.00221	0.02069
441.4	2.207	0.06914	0.00221	0.02067
441.5	2.2075	0.06915	0.00221	0.02065
441.6	2.208	0.06917	0.00221	0.02063
441.7	2.2085	0.06918	0.00221	0.02061
441.8	2.209	0.06919	0.00221	0.02059
441.9	2.2095	0.0692	0.00221	0.02057
442.0	2.21	0.06921	0.00221	0.02055
442.1	2.2105	0.06922	0.00221	0.02053
442.2	2.211	0.06923	0.00221	0.02051
442.3	2.2115	0.06924	0.00221	0.02049
442.4	2.212	0.06925	0.00221	0.02047
442.5	2.2125	0.06926	0.00221	0.02046
442.6	2.213	0.06927	0.00221	0.02044
442.7	2.2135	0.06928	0.00221	0.02042
442.8	2.214	0.06929	0.00221	0.0204
442.9	2.2145	0.0693	0.00222	0.02038
443.0	2.215	0.06931	0.00222	0.02036
443.1	2.2155	0.06932	0.00222	0.02034
443.2	2.216	0.06933	0.00222	0.02032
443.3	2.2165	0.06934	0.00222	0.0203
443.4	2.217	0.06935	0.00222	0.02029
443.5	2.2175	0.06936	0.00222	0.02027
443.6	2.218	0.06937	0.00222	0.02025
443.7	2.2185	0.06938	0.00222	0.02023
443.8	2.219	0.06939	0.00222	0.02021
443.9	2.2195	0.0694	0.00222	0.02019
444.0	2.22	0.06941	0.00222	0.02017
444.1	2.2205	0.06942	0.00222	0.02016
444.2	2.221	0.06943	0.00222	0.02014
444.3	2.2215	0.06944	0.00222	0.02012
444.4	2.222	0.06945	0.00222	0.0201
444.5	2.2225	0.06946	0.00222	0.02008
444.6	2.223	0.06947	0.00222	0.02006
444.7	2.2235	0.06948	0.00222	0.02005
444.8	2.224	0.06949	0.00222	0.02003
444.9	2.2245	0.0695	0.00223	0.02001
445.0	2.225	0.06951	0.00223	0.01999
445.1	2.2255	0.06952	0.00223	0.01997
445.2	2.226	0.06953	0.00223	0.01995
445.3	2.2265	0.06954	0.00223	0.01994
445.4	2.227	0.06955	0.00223	0.01992
445.5	2.2275	0.06956	0.00223	0.0199
445.6	2.228	0.06957	0.00223	0.01988
445.7	2.2285	0.06958	0.00223	0.01986
445.8	2.229	0.06959	0.00223	0.01985
445.9	2.2295	0.0696	0.00223	0.01983
446.0	2.23	0.06961	0.00223	0.01981
446.1	2.2305	0.06962	0.00223	0.01979
446.2	2.231	0.06963	0.00223	0.01977
446.3	2.2315	0.06964	0.00223	0.01976
446.4	2.232	0.06965	0.00223	0.01974
446.5	2.2325	0.06966	0.00223	0.01972
446.6	2.233	0.06967	0.00223	0.0197
446.7	2.2335	0.06968	0.00223	0.01969
446.8	2.234	0.06969	0.00223	0.01967
446.9	2.2345	0.0697	0.00224	0.01965
447.0	2.235	0.06971	0.00224	0.01963
447.1	2.2355	0.06972	0.00224	0.01962
447.2	2.236	0.06973	0.00224	0.0196
447.3	2.2365	0.06974	0.00224	0.01958
447.4	2.237	0.06975	0.00224	0.01956
447.5	2.2375	0.06976	0.00224	0.01955
447.6	2.238	0.06977	0.00224	0.01953
447.7	2.2385	0.06978	0.00224	0.01951
447.8	2.239	0.06979	0.00224	0.01949
447.9	2.2395	0.0698	0.00224	0.01948
448.0	2.24	0.06981	0.00224	0.01946
448.1	2.2405	0.06982	0.00224	0.01944
448.2	2.241	0.06983	0.00224	0.01943
448.3	2.2415	0.06983	0.00224	0.01941
448.4	2.242	0.06984	0.00224	0.01939
448.5	2.2425	0.06985	0.00224	0.01937
448.6	2.243	0.06986	0.00224	0.01936
448.7	2.2435	0.06987	0.00224	0.01934
448.8	2.244	0.06988	0.00224	0.01932
448.9	2.2445	0.06989	0.00225	0.01931
449.0	2.245	0.0699	0.00225	0.01929
449.1	2.2455	0.06991	0.00225	0.01927
449.2	2.246	0.06992	0.00225	0.01926
449.3	2.2465	0.06993	0.00225	0.01924
449.4	2.247	0.06994	0.00225	0.01922
449.5	2.2475	0.06995	0.00225	0.01921
449.6	2.248	0.06996	0.00225	0.01919
449.7	2.2485	0.06997	0.00225	0.01917
449.8	2.249	0.06998	0.00225	0.01916
449.9	2.2495	0.06999	0.00225	0.01914
450.0	2.25	0.07	0.00225	0.01912
450.1	2.2505	0.07001	0.00225	0.01911
450.2	2.251	0.07002	0.00225	0.01909
450.3	2.2515	0.07003	0.00225	0.01907
450.4	2.252	0.07004	0.00225	0.01906
450.5	2.2525	0.07005	0.00225	0.01904
450.6	2.253	0.07006	0.00225	0.01902
450.7	2.2535	0.07007	0.00225	0.01901
450.8	2.254	0.07007	0.00225	0.01899
450.9	2.2545	0.07008	0.00226	0.01897
451.0	2.255	0.07009	0.00226	0.01896
451.1	2.2555	0.0701	0.00226	0.01894
451.2	2.256	0.07011	0.00226	0.01893
451.3	2.2565	0.07012	0.00226	0.01891
451.4	2.257	0.07013	0.00226	0.01889
451.5	2.2575	0.07014	0.00226	0.01888
451.6	2.258	0.07015	0.00226	0.01886
451.7	2.2585	0.07016	0.00226	0.01884
451.8	2.259	0.07017	0.00226	0.01883
451.9	2.2595	0.07018	0.00226	0.01881
452.0	2.26	0.07019	0.00226	0.0188
452.1	2.2605	0.0702	0.00226	0.01878
452.2	2.261	0.07021	0.00226	0.01876
452.3	2.2615	0.07022	0.00226	0.01875
452.4	2.262	0.07023	0.00226	0.01873
452.5	2.2625	0.07024	0.00226	0.01872
452.6	2.263	0.07024	0.00226	0.0187
452.7	2.2635	0.07025	0.00226	0.01869
452.8	2.264	0.07026	0.00226	0.01867
452.9	2.2645	0.07027	0.00227	0.01865
453.0	2.265	0.07028	0.00227	0.01864
453.1	2.2655	0.07029	0.00227	0.01862
453.2	2.266	0.0703	0.00227	0.01861
453.3	2.2665	0.07031	0.00227	0.01859
453.4	2.267	0.07032	0.00227	0.01858
453.5	2.2675	0.07033	0.00227	0.01856
453.6	2.268	0.07034	0.00227	0.01854
453.7	2.2685	0.07035	0.00227	0.01853
453.8	2.269	0.07036	0.00227	0.01851
453.9	2.2695	0.07037	0.00227	0.0185
454.0	2.27	0.07037	0.00227	0.01848
454.1	2.2705	0.07038	0.00227	0.01847
454.2	2.271	0.07039	0.00227	0.01845
454.3	2.2715	0.0704	0.00227	0.01844
454.4	2.272	0.07041	0.00227	0.01842
454.5	2.2725	0.07042	0.00227	0.01841
454.6	2.273	0.07043	0.00227	0.01839
454.7	2.2735	0.07044	0.00227	0.01838
454.8	2.274	0.07045	0.00227	0.01836
454.9	2.2745	0.07046	0.00228	0.01834
455.0	2.275	0.07047	0.00228	0.01833
455.1	2.2755	0.07048	0.00228	0.01831
455.2	2.276	0.07048	0.00228	0.0183
455.3	2.2765	0.07049	0.00228	0.01828
455.4	2.277	0.0705	0.00228	0.01827
455.5	2.2775	0.07051	0.00228	0.01825
455.6	2.278	0.07052	0.00228	0.01824
455.7	2.2785	0.07053	0.00228	0.01822
455.8	2.279	0.07054	0.00228	0.01821
455.9	2.2795	0.07055	0.00228	0.01819
456.0	2.28	0.07056	0.00228	0.01818
456.1	2.2805	0.07057	0.00228	0.01816
456.2	2.281	0.07058	0.00228	0.01815
456.3	2.2815	0.07058	0.00228	0.01813
456.4	2.282	0.07059	0.00228	0.01812
456.5	2.2825	0.0706	0.00228	0.01811
456.6	2.283	0.07061	0.00228	0.01809
456.7	2.2835	0.07062	0.00228	0.01808
456.8	2.284	0.07063	0.00228	0.01806
456.9	2.2845	0.07064	0.00229	0.01805
457.0	2.285	0.07065	0.00229	0.01803
457.1	2.2855	0.07066	0.00229	0.01802
457.2	2.286	0.07067	0.00229	0.018
457.3	2.2865	0.07068	0.00229	0.01799
457.4	2.287	0.07068	0.00229	0.01797
457.5	2.2875	0.07069	0.00229	0.01796
457.6	2.288	0.0707	0.00229	0.01794
457.7	2.2885	0.07071	0.00229	0.01793
457.8	2.289	0.07072	0.00229	0.01792
457.9	2.2895	0.07073	0.00229	0.0179
458.0	2.29	0.07074	0.00229	0.01789
458.1	2.2905	0.07075	0.00229	0.01787
458.2	2.291	0.07076	0.00229	0.01786
458.3	2.2915	0.07076	0.00229	0.01784
458.4	2.292	0.07077	0.00229	0.01783
458.5	2.2925	0.07078	0.00229	0.01782
458.6	2.293	0.07079	0.00229	0.0178
458.7	2.2935	0.0708	0.00229	0.01779
458.8	2.294	0.07081	0.00229	0.01777
458.9	2.2945	0.07082	0.0023	0.01776
459.0	2.295	0.07083	0.0023	0.01775
459.1	2.2955	0.07084	0.0023	0.01773
459.2	2.296	0.07084	0.0023	0.01772
459.3	2.2965	0.07085	0.0023	0.0177
459.4	2.297	0.07086	0.0023	0.01769
459.5	2.2975	0.07087	0.0023	0.01768
459.6	2.298	0.07088	0.0023	0.01766
459.7	2.2985	0.07089	0.0023	0.01765
459.8	2.299	0.0709	0.0023	0.01763
459.9	2.2995	0.07091	0.0023	0.01762
460.0	2.3	0.07092	0.0023	0.01761
460.1	2.3005	0.07092	0.0023	0.01759
460.2	2.301	0.07093	0.0023	0.01758
460.3	2.3015	0.07094	0.0023	0.01756
460.4	2.302	0.07095	0.0023	0.01755
460.5	2.3025	0.07096	0.0023	0.01754
460.6	2.303	0.07097	0.0023	0.01752
460.7	2.3035	0.07098	0.0023	0.01751
460.8	2.304	0.07099	0.0023	0.0175
460.9	2.3045	0.07099	0.00231	0.01748
461.0	2.305	0.071	0.00231	0.01747
461.1	2.3055	0.07101	0.00231	0.01746
461.2	2.306	0.07102	0.00231	0.01744
461.3	2.3065	0.07103	0.00231	0.01743
461.4	2.307	0.07104	0.00231	0.01741
461.5	2.3075	0.07105	0.00231	0.0174
461.6	2.308	0.07106	0.00231	0.01739
461.7	2.3085	0.07106	0.00231	0.01737
461.8	2.309	0.07107	0.00231	0.01736
461.9	2.3095	0.07108	0.00231	0.01735
462.0	2.31	0.07109	0.00231	0.01733
462.1	2.3105	0.0711	0.00231	0.01732
462.2	2.311	0.07111	0.00231	0.01731
462.3	2.3115	0.07112	0.00231	0.01729
462.4	2.312	0.07112	0.00231	0.01728
462.5	2.3125	0.07113	0.00231	0.01727
462.6	2.313	0.07114	0.00231	0.01725
462.7	2.3135	0.07115	0.00231	0.01724
462.8	2.314	0.07116	0.00231	0.01723
462.9	2.3145	0.07117	0.00232	0.01722
463.0	2.315	0.07118	0.00232	0.0172
463.1	2.3155	0.07118	0.00232	0.01719
463.2	2.316	0.07119	0.00232	0.01718
463.3	2.3165	0.0712	0.00232	0.01716
463.4	2.317	0.07121	0.00232	0.01715
463.5	2.3175	0.07122	0.00232	0.01714
463.6	2.318	0.07123	0.00232	0.01712
463.7	2.3185	0.07124	0.00232	0.01711
463.8	2.319	0.07124	0.00232	0.0171
463.9	2.3195	0.07125	0.00232	0.01709
464.0	2.32	0.07126	0.00232	0.01707
464.1	2.3205	0.07127	0.00232	0.01706
464.2	2.321	0.07128	0.00232	0.01705
464.3	2.3215	0.07129	0.00232	0.01703
464.4	2.322	0.0713	0.00232	0.01702
464.5	2.3225	0.0713	0.00232	0.01701
464.6	2.323	0.07131	0.00232	0.017
464.7	2.3235	0.07132	0.00232	0.01698
464.8	2.324	0.07133	0.00232	0.01697
464.9	2.3245	0.07134	0.00233	0.01696
465.0	2.325	0.07135	0.00233	0.01694
465.1	2.3255	0.07136	0.00233	0.01693
465.2	2.326	0.07136	0.00233	0.01692
465.3	2.3265	0.07137	0.00233	0.01691
465.4	2.327	0.07138	0.00233	0.01689
465.5	2.3275	0.07139	0.00233	0.01688
465.6	2.328	0.0714	0.00233	0.01687
465.7	2.3285	0.07141	0.00233	0.01686
465.8	2.329	0.07141	0.00233	0.01684
465.9	2.3295	0.07142	0.00233	0.01683
466.0	2.33	0.07143	0.00233	0.01682
466.1	2.3305	0.07144	0.00233	0.01681
466.2	2.331	0.07145	0.00233	0.01679
466.3	2.3315	0.07146	0.00233	0.01678
466.4	2.332	0.07146	0.00233	0.01677
466.5	2.3325	0.07147	0.00233	0.01676
466.6	2.333	0.07148	0.00233	0.01675
466.7	2.3335	0.07149	0.00233	0.01673
466.8	2.334	0.0715	0.00233	0.01672
466.9	2.3345	0.07151	0.00234	0.01671
467.0	2.335	0.07152	0.00234	0.0167
467.1	2.3355	0.07152	0.00234	0.01668
467.2	2.336	0.07153	0.00234	0.01667
467.3	2.3365	0.07154	0.00234	0.01666
467.4	2.337	0.07155	0.00234	0.01665
467.5	2.3375	0.07156	0.00234	0.01664
467.6	2.338	0.07157	0.00234	0.01662
467.7	2.3385	0.07157	0.00234	0.01661
467.8	2.339	0.07158	0.00234	0.0166
467.9	2.3395	0.07159	0.00234	0.01659
468.0	2.34	0.0716	0.00234	0.01658
468.1	2.3405	0.07161	0.00234	0.01656
468.2	2.341	0.07161	0.00234	0.01655
468.3	2.3415	0.07162	0.00234	0.01654
468.4	2.342	0.07163	0.00234	0.01653
468.5	2.3425	0.07164	0.00234	0.01652
468.6	2.343	0.07165	0.00234	0.0165
468.7	2.3435	0.07166	0.00234	0.01649
468.8	2.344	0.07166	0.00234	0.01648
468.9	2.3445	0.07167	0.00235	0.01647
469.0	2.345	0.07168	0.00235	0.01646
469.1	2.3455	0.07169	0.00235	0.01645
469.2	2.346	0.0717	0.00235	0.01643
469.3	2.3465	0.07171	0.00235	0.01642
469.4	2.347	0.07171	0.00235	0.01641
469.5	2.3475	0.07172	0.00235	0.0164
469.6	2.348	0.07173	0.00235	0.01639
469.7	2.3485	0.07174	0.00235	0.01638
469.8	2.349	0.07175	0.00235	0.01636
469.9	2.3495	0.07175	0.00235	0.01635
470.0	2.35	0.07176	0.00235	0.01634
470.1	2.3505	0.07177	0.00235	0.01633
470.2	2.351	0.07178	0.00235	0.01632
470.3	2.3515	0.07179	0.00235	0.01631
470.4	2.352	0.0718	0.00235	0.0163
470.5	2.3525	0.0718	0.00235	0.01628
470.6	2.353	0.07181	0.00235	0.01627
470.7	2.3535	0.07182	0.00235	0.01626
470.8	2.354	0.07183	0.00235	0.01625
470.9	2.3545	0.07184	0.00236	0.01624
471.0	2.355	0.07184	0.00236	0.01623
471.1	2.3555	0.07185	0.00236	0.01622
471.2	2.356	0.07186	0.00236	0.0162
471.3	2.3565	0.07187	0.00236	0.01619
471.4	2.357	0.07188	0.00236	0.01618
471.5	2.3575	0.07188	0.00236	0.01617
471.6	2.358	0.07189	0.00236	0.01616
471.7	2.3585	0.0719	0.00236	0.01615
471.8	2.359	0.07191	0.00236	0.01614
471.9	2.3595	0.07192	0.00236	0.01613
472.0	2.36	0.07192	0.00236	0.01611
472.1	2.3605	0.07193	0.00236	0.0161
472.2	2.361	0.07194	0.00236	0.01609
472.3	2.3615	0.07195	0.00236	0.01608
472.4	2.362	0.07196	0.00236	0.01607
472.5	2.3625	0.07197	0.00236	0.01606
472.6	2.363	0.07197	0.00236	0.01605
472.7	2.3635	0.07198	0.00236	0.01604
472.8	2.364	0.07199	0.00236	0.01603
472.9	2.3645	0.072	0.00237	0.01602
473.0	2.365	0.07201	0.00237	0.016
473.1	2.3655	0.07201	0.00237	0.01599
473.2	2.366	0.07202	0.00237	0.01598
473.3	2.3665	0.07203	0.00237	0.01597
473.4	2.367	0.07204	0.00237	0.01596
473.5	2.3675	0.07205	0.00237	0.01595
473.6	2.368	0.07205	0.00237	0.01594
473.7	2.3685	0.07206	0.00237	0.01593
473.8	2.369	0.07207	0.00237	0.01592
473.9	2.3695	0.07208	0.00237	0.01591
474.0	2.37	0.07208	0.00237	0.0159
474.1	2.3705	0.07209	0.00237	0.01589
474.2	2.371	0.0721	0.00237	0.01588
474.3	2.3715	0.07211	0.00237	0.01586
474.4	2.372	0.07212	0.00237	0.01585
474.5	2.3725	0.07212	0.00237	0.01584
474.6	2.373	0.07213	0.00237	0.01583
474.7	2.3735	0.07214	0.00237	0.01582
474.8	2.374	0.07215	0.00237	0.01581
474.9	2.3745	0.07216	0.00238	0.0158
475.0	2.375	0.07216	0.00238	0.01579
475.1	2.3755	0.07217	0.00238	0.01578
475.2	2.376	0.07218	0.00238	0.01577
475.3	2.3765	0.07219	0.00238	0.01576
475.4	2.377	0.0722	0.00238	0.01575
475.5	2.3775	0.0722	0.00238	0.01574
475.6	2.378	0.07221	0.00238	0.01573
475.7	2.3785	0.07222	0.00238	0.01572
475.8	2.379	0.07223	0.00238	0.01571
475.9	2.3795	0.07223	0.00238	0.0157
476.0	2.38	0.07224	0.00238	0.01569
476.1	2.3805	0.07225	0.00238	0.01568
476.2	2.381	0.07226	0.00238	0.01567
476.3	2.3815	0.07227	0.00238	0.01565
476.4	2.382	0.07227	0.00238	0.01564
476.5	2.3825	0.07228	0.00238	0.01563
476.6	2.383	0.07229	0.00238	0.01562
476.7	2.3835	0.0723	0.00238	0.01561
476.8	2.384	0.07231	0.00238	0.0156
476.9	2.3845	0.07231	0.00239	0.01559
477.0	2.385	0.07232	0.00239	0.01558
477.1	2.3855	0.07233	0.00239	0.01557
477.2	2.386	0.07234	0.00239	0.01556
477.3	2.3865	0.07234	0.00239	0.01555
477.4	2.387	0.07235	0.00239	0.01554
477.5	2.3875	0.07236	0.00239	0.01553
477.6	2.388	0.07237	0.00239	0.01552
477.7	2.3885	0.07238	0.00239	0.01551
477.8	2.389	0.07238	0.00239	0.0155
477.9	2.3895	0.07239	0.00239	0.01549
478.0	2.39	0.0724	0.00239	0.01548
478.1	2.3905	0.07241	0.00239	0.01547
478.2	2.391	0.07241	0.00239	0.01546
478.3	2.3915	0.07242	0.00239	0.01545
478.4	2.392	0.07243	0.00239	0.01544
478.5	2.3925	0.07244	0.00239	0.01543
478.6	2.393	0.07244	0.00239	0.01542
478.7	2.3935	0.07245	0.00239	0.01541
478.8	2.394	0.07246	0.00239	0.0154
478.9	2.3945	0.07247	0.0024	0.01539
479.0	2.395	0.07248	0.0024	0.01538
479.1	2.3955	0.07248	0.0024	0.01537
479.2	2.396	0.07249	0.0024	0.01536
479.3	2.3965	0.0725	0.0024	0.01535
479.4	2.397	0.07251	0.0024	0.01535
479.5	2.3975	0.07251	0.0024	0.01534
479.6	2.398	0.07252	0.0024	0.01533
479.7	2.3985	0.07253	0.0024	0.01532
479.8	2.399	0.07254	0.0024	0.01531
479.9	2.3995	0.07254	0.0024	0.0153
480.0	2.4	0.07255	0.0024	0.01529
480.1	2.4005	0.07256	0.0024	0.01528
480.2	2.401	0.07257	0.0024	0.01527
480.3	2.4015	0.07258	0.0024	0.01526
480.4	2.402	0.07258	0.0024	0.01525
480.5	2.4025	0.07259	0.0024	0.01524
480.6	2.403	0.0726	0.0024	0.01523
480.7	2.4035	0.07261	0.0024	0.01522
480.8	2.404	0.07261	0.0024	0.01521
480.9	2.4045	0.07262	0.00241	0.0152
481.0	2.405	0.07263	0.00241	0.01519
481.1	2.4055	0.07264	0.00241	0.01518
481.2	2.406	0.07264	0.00241	0.01517
481.3	2.4065	0.07265	0.00241	0.01516
481.4	2.407	0.07266	0.00241	0.01515
481.5	2.4075	0.07267	0.00241	0.01514
481.6	2.408	0.07267	0.00241	0.01514
481.7	2.4085	0.07268	0.00241	0.01513
481.8	2.409	0.07269	0.00241	0.01512
481.9	2.4095	0.0727	0.00241	0.01511
482.0	2.41	0.0727	0.00241	0.0151
482.1	2.4105	0.07271	0.00241	0.01509
482.2	2.411	0.07272	0.00241	0.01508
482.3	2.4115	0.07273	0.00241	0.01507
482.4	2.412	0.07273	0.00241	0.01506
482.5	2.4125	0.07274	0.00241	0.01505
482.6	2.413	0.07275	0.00241	0.01504
482.7	2.4135	0.07276	0.00241	0.01503
482.8	2.414	0.07276	0.00241	0.01502
482.9	2.4145	0.07277	0.00242	0.01502
483.0	2.415	0.07278	0.00242	0.01501
483.1	2.4155	0.07279	0.00242	0.015
483.2	2.416	0.07279	0.00242	0.01499
483.3	2.4165	0.0728	0.00242	0.01498
483.4	2.417	0.07281	0.00242	0.01497
483.5	2.4175	0.07282	0.00242	0.01496
483.6	2.418	0.07282	0.00242	0.01495
483.7	2.4185	0.07283	0.00242	0.01494
483.8	2.419	0.07284	0.00242	0.01493
483.9	2.4195	0.07285	0.00242	0.01493
484.0	2.42	0.07285	0.00242	0.01492
484.1	2.4205	0.07286	0.00242	0.01491
484.2	2.421	0.07287	0.00242	0.0149
484.3	2.4215	0.07288	0.00242	0.01489
484.4	2.422	0.07288	0.00242	0.01488
484.5	2.4225	0.07289	0.00242	0.01487
484.6	2.423	0.0729	0.00242	0.01486
484.7	2.4235	0.07291	0.00242	0.01485
484.8	2.424	0.07291	0.00242	0.01485
484.9	2.4245	0.07292	0.00243	0.01484
485.0	2.425	0.07293	0.00243	0.01483
485.1	2.4255	0.07294	0.00243	0.01482
485.2	2.426	0.07294	0.00243	0.01481
485.3	2.4265	0.07295	0.00243	0.0148
485.4	2.427	0.07296	0.00243	0.01479
485.5	2.4275	0.07297	0.00243	0.01478
485.6	2.428	0.07297	0.00243	0.01478
485.7	2.4285	0.07298	0.00243	0.01477
485.8	2.429	0.07299	0.00243	0.01476
485.9	2.4295	0.073	0.00243	0.01475
486.0	2.43	0.073	0.00243	0.01474
486.1	2.4305	0.07301	0.00243	0.01473
486.2	2.431	0.07302	0.00243	0.01472
486.3	2.4315	0.07302	0.00243	0.01471
486.4	2.432	0.07303	0.00243	0.01471
486.5	2.4325	0.07304	0.00243	0.0147
486.6	2.433	0.07305	0.00243	0.01469
486.7	2.4335	0.07305	0.00243	0.01468
486.8	2.434	0.07306	0.00243	0.01467
486.9	2.4345	0.07307	0.00244	0.01466
487.0	2.435	0.07308	0.00244	0.01466
487.1	2.4355	0.07308	0.00244	0.01465
487.2	2.436	0.07309	0.00244	0.01464
487.3	2.4365	0.0731	0.00244	0.01463
487.4	2.437	0.07311	0.00244	0.01462
487.5	2.4375	0.07311	0.00244	0.01461
487.6	2.438	0.07312	0.00244	0.0146
487.7	2.4385	0.07313	0.00244	0.0146
487.8	2.439	0.07313	0.00244	0.01459
487.9	2.4395	0.07314	0.00244	0.01458
488.0	2.44	0.07315	0.00244	0.01457
488.1	2.4405	0.07316	0.00244	0.01456
488.2	2.441	0.07316	0.00244	0.01455
488.3	2.4415	0.07317	0.00244	0.01455
488.4	2.442	0.07318	0.00244	0.01454
488.5	2.4425	0.07319	0.00244	0.01453
488.6	2.443	0.07319	0.00244	0.01452
488.7	2.4435	0.0732	0.00244	0.01451
488.8	2.444	0.07321	0.00244	0.01451
488.9	2.4445	0.07321	0.00245	0.0145
489.0	2.445	0.07322	0.00245	0.01449
489.1	2.4455	0.07323	0.00245	0.01448
489.2	2.446	0.07324	0.00245	0.01447
489.3	2.4465	0.07324	0.00245	0.01446
489.4	2.447	0.07325	0.00245	0.01446
489.5	2.4475	0.07326	0.00245	0.01445
489.6	2.448	0.07327	0.00245	0.01444
489.7	2.4485	0.07327	0.00245	0.01443
489.8	2.449	0.07328	0.00245	0.01442
489.9	2.4495	0.07329	0.00245	0.01442
490.0	2.45	0.07329	0.00245	0.01441
490.1	2.4505	0.0733	0.00245	0.0144
490.2	2.451	0.07331	0.00245	0.01439
490.3	2.4515	0.07332	0.00245	0.01438
490.4	2.452	0.07332	0.00245	0.01438
490.5	2.4525	0.07333	0.00245	0.01437
490.6	2.453	0.07334	0.00245	0.01436
490.7	2.4535	0.07334	0.00245	0.01435
490.8	2.454	0.07335	0.00245	0.01434
490.9	2.4545	0.07336	0.00246	0.01434
491.0	2.455	0.07337	0.00246	0.01433
491.1	2.4555	0.07337	0.00246	0.01432
491.2	2.456	0.07338	0.00246	0.01431
491.3	2.4565	0.07339	0.00246	0.01431
491.4	2.457	0.07339	0.00246	0.0143
491.5	2.4575	0.0734	0.00246	0.01429
491.6	2.458	0.07341	0.00246	0.01428
491.7	2.4585	0.07342	0.00246	0.01427
491.8	2.459	0.07342	0.00246	0.01427
491.9	2.4595	0.07343	0.00246	0.01426
492.0	2.46	0.07344	0.00246	0.01425
492.1	2.4605	0.07344	0.00246	0.01424
492.2	2.461	0.07345	0.00246	0.01424
492.3	2.4615	0.07346	0.00246	0.01423
492.4	2.462	0.07347	0.00246	0.01422
492.5	2.4625	0.07347	0.00246	0.01421
492.6	2.463	0.07348	0.00246	0.0142
492.7	2.4635	0.07349	0.00246	0.0142
492.8	2.464	0.07349	0.00246	0.01419
492.9	2.4645	0.0735	0.00247	0.01418
493.0	2.465	0.07351	0.00247	0.01417
493.1	2.4655	0.07352	0.00247	0.01417
493.2	2.466	0.07352	0.00247	0.01416
493.3	2.4665	0.07353	0.00247	0.01415
493.4	2.467	0.07354	0.00247	0.01414
493.5	2.4675	0.07354	0.00247	0.01414
493.6	2.468	0.07355	0.00247	0.01413
493.7	2.4685	0.07356	0.00247	0.01412
493.8	2.469	0.07356	0.00247	0.01411
493.9	2.4695	0.07357	0.00247	0.01411
494.0	2.47	0.07358	0.00247	0.0141
494.1	2.4705	0.07359	0.00247	0.01409
494.2	2.471	0.07359	0.00247	0.01408
494.3	2.4715	0.0736	0.00247	0.01408
494.4	2.472	0.07361	0.00247	0.01407
494.5	2.4725	0.07361	0.00247	0.01406
494.6	2.473	0.07362	0.00247	0.01405
494.7	2.4735	0.07363	0.00247	0.01405
494.8	2.474	0.07364	0.00247	0.01404
494.9	2.4745	0.07364	0.00248	0.01403
495.0	2.475	0.07365	0.00248	0.01403
495.1	2.4755	0.07366	0.00248	0.01402
495.2	2.476	0.07366	0.00248	0.01401
495.3	2.4765	0.07367	0.00248	0.014
495.4	2.477	0.07368	0.00248	0.014
495.5	2.4775	0.07368	0.00248	0.01399
495.6	2.478	0.07369	0.00248	0.01398
495.7	2.4785	0.0737	0.00248	0.01397
495.8	2.479	0.07371	0.00248	0.01397
495.9	2.4795	0.07371	0.00248	0.01396
496.0	2.48	0.07372	0.00248	0.01395
496.1	2.4805	0.07373	0.00248	0.01395
496.2	2.481	0.07373	0.00248	0.01394
496.3	2.4815	0.07374	0.00248	0.01393
496.4	2.482	0.07375	0.00248	0.01392
496.5	2.4825	0.07375	0.00248	0.01392
496.6	2.483	0.07376	0.00248	0.01391
496.7	2.4835	0.07377	0.00248	0.0139
496.8	2.484	0.07377	0.00248	0.0139
496.9	2.4845	0.07378	0.00249	0.01389
497.0	2.485	0.07379	0.00249	0.01388
497.1	2.4855	0.0738	0.00249	0.01387
497.2	2.486	0.0738	0.00249	0.01387
497.3	2.4865	0.07381	0.00249	0.01386
497.4	2.487	0.07382	0.00249	0.01385
497.5	2.4875	0.07382	0.00249	0.01385
497.6	2.488	0.07383	0.00249	0.01384
497.7	2.4885	0.07384	0.00249	0.01383
497.8	2.489	0.07384	0.00249	0.01383
497.9	2.4895	0.07385	0.00249	0.01382
498.0	2.49	0.07386	0.00249	0.01381
498.1	2.4905	0.07386	0.00249	0.0138
498.2	2.491	0.07387	0.00249	0.0138
498.3	2.4915	0.07388	0.00249	0.01379
498.4	2.492	0.07389	0.00249	0.01378
498.5	2.4925	0.07389	0.00249	0.01378
498.6	2.493	0.0739	0.00249	0.01377
498.7	2.4935	0.07391	0.00249	0.01376
498.8	2.494	0.07391	0.00249	0.01376
498.9	2.4945	0.07392	0.0025	0.01375
499.0	2.495	0.07393	0.0025	0.01374
499.1	2.4955	0.07393	0.0025	0.01374
499.2	2.496	0.07394	0.0025	0.01373
499.3	2.4965	0.07395	0.0025	0.01372
499.4	2.497	0.07395	0.0025	0.01372
499.5	2.4975	0.07396	0.0025	0.01371
499.6	2.498	0.07397	0.0025	0.0137
499.7	2.4985	0.07397	0.0025	0.0137
499.8	2.499	0.07398	0.0025	0.01369
499.9	2.4995	0.07399	0.0025	0.01368
500.0	2.5	0.074	0.0025	0.01368
500.1	2.5005	0.074	0.0025	0.01367
500.2	2.501	0.07401	0.0025	0.01366
500.3	2.5015	0.07402	0.0025	0.01366
500.4	2.502	0.07402	0.0025	0.01365
500.5	2.5025	0.07403	0.0025	0.01364
500.6	2.503	0.07404	0.0025	0.01364
500.7	2.5035	0.07404	0.0025	0.01363
500.8	2.504	0.07405	0.0025	0.01362
500.9	2.5045	0.07406	0.00251	0.01362
501.0	2.505	0.07406	0.00251	0.01361
501.1	2.5055	0.07407	0.00251	0.0136
501.2	2.506	0.07408	0.00251	0.0136
501.3	2.5065	0.07408	0.00251	0.01359
501.4	2.507	0.07409	0.00251	0.01358
501.5	2.5075	0.0741	0.00251	0.01358
501.6	2.508	0.0741	0.00251	0.01357
501.7	2.5085	0.07411	0.00251	0.01356
501.8	2.509	0.07412	0.00251	0.01356
501.9	2.5095	0.07412	0.00251	0.01355
502.0	2.51	0.07413	0.00251	0.01354
502.1	2.5105	0.07414	0.00251	0.01354
502.2	2.511	0.07414	0.00251	0.01353
502.3	2.5115	0.07415	0.00251	0.01352
502.4	2.512	0.07416	0.00251	0.01352
502.5	2.5125	0.07417	0.00251	0.01351
502.6	2.513	0.07417	0.00251	0.01351
502.7	2.5135	0.07418	0.00251	0.0135
502.8	2.514	0.07419	0.00251	0.01349
502.9	2.5145	0.07419	0.00252	0.01349
503.0	2.515	0.0742	0.00252	0.01348
503.1	2.5155	0.07421	0.00252	0.01347
503.2	2.516	0.07421	0.00252	0.01347
503.3	2.5165	0.07422	0.00252	0.01346
503.4	2.517	0.07423	0.00252	0.01345
503.5	2.5175	0.07423	0.00252	0.01345
503.6	2.518	0.07424	0.00252	0.01344
503.7	2.5185	0.07425	0.00252	0.01344
503.8	2.519	0.07425	0.00252	0.01343
503.9	2.5195	0.07426	0.00252	0.01342
504.0	2.52	0.07427	0.00252	0.01342
504.1	2.5205	0.07427	0.00252	0.01341
504.2	2.521	0.07428	0.00252	0.01341
504.3	2.5215	0.07429	0.00252	0.0134
504.4	2.522	0.07429	0.00252	0.01339
504.5	2.5225	0.0743	0.00252	0.01339
504.6	2.523	0.07431	0.00252	0.01338
504.7	2.5235	0.07431	0.00252	0.01337
504.8	2.524	0.07432	0.00252	0.01337
504.9	2.5245	0.07433	0.00253	0.01336
505.0	2.525	0.07433	0.00253	0.01336
505.1	2.5255	0.07434	0.00253	0.01335
505.2	2.526	0.07435	0.00253	0.01334
505.3	2.5265	0.07435	0.00253	0.01334
505.4	2.527	0.07436	0.00253	0.01333
505.5	2.5275	0.07437	0.00253	0.01333
505.6	2.528	0.07437	0.00253	0.01332
505.7	2.5285	0.07438	0.00253	0.01331
505.8	2.529	0.07439	0.00253	0.01331
505.9	2.5295	0.07439	0.00253	0.0133
506.0	2.53	0.0744	0.00253	0.0133
506.1	2.5305	0.07441	0.00253	0.01329
506.2	2.531	0.07441	0.00253	0.01328
506.3	2.5315	0.07442	0.00253	0.01328
506.4	2.532	0.07443	0.00253	0.01327
506.5	2.5325	0.07443	0.00253	0.01327
506.6	2.533	0.07444	0.00253	0.01326
506.7	2.5335	0.07445	0.00253	0.01325
506.8	2.534	0.07445	0.00253	0.01325
506.9	2.5345	0.07446	0.00254	0.01324
507.0	2.535	0.07447	0.00254	0.01324
507.1	2.5355	0.07447	0.00254	0.01323
507.2	2.536	0.07448	0.00254	0.01322
507.3	2.5365	0.07449	0.00254	0.01322
507.4	2.537	0.07449	0.00254	0.01321
507.5	2.5375	0.0745	0.00254	0.01321
507.6	2.538	0.07451	0.00254	0.0132
507.7	2.5385	0.07451	0.00254	0.0132
507.8	2.539	0.07452	0.00254	0.01319
507.9	2.5395	0.07453	0.00254	0.01318
508.0	2.54	0.07453	0.00254	0.01318
508.1	2.5405	0.07454	0.00254	0.01317
508.2	2.541	0.07455	0.00254	0.01317
508.3	2.5415	0.07455	0.00254	0.01316
508.4	2.542	0.07456	0.00254	0.01315
508.5	2.5425	0.07456	0.00254	0.01315
508.6	2.543	0.07457	0.00254	0.01314
508.7	2.5435	0.07458	0.00254	0.01314
508.8	2.544	0.07458	0.00254	0.01313
508.9	2.5445	0.07459	0.00255	0.01313
509.0	2.545	0.0746	0.00255	0.01312
509.1	2.5455	0.0746	0.00255	0.01311
509.2	2.546	0.07461	0.00255	0.01311
509.3	2.5465	0.07462	0.00255	0.0131
509.4	2.547	0.07462	0.00255	0.0131
509.5	2.5475	0.07463	0.00255	0.01309
509.6	2.548	0.07464	0.00255	0.01309
509.7	2.5485	0.07464	0.00255	0.01308
509.8	2.549	0.07465	0.00255	0.01308
509.9	2.5495	0.07466	0.00255	0.01307
510.0	2.55	0.07466	0.00255	0.01306
510.1	2.5505	0.07467	0.00255	0.01306
510.2	2.551	0.07468	0.00255	0.01305
510.3	2.5515	0.07468	0.00255	0.01305
510.4	2.552	0.07469	0.00255	0.01304
510.5	2.5525	0.0747	0.00255	0.01304
510.6	2.553	0.0747	0.00255	0.01303
510.7	2.5535	0.07471	0.00255	0.01303
510.8	2.554	0.07472	0.00255	0.01302
510.9	2.5545	0.07472	0.00256	0.01301
511.0	2.555	0.07473	0.00256	0.01301
511.1	2.5555	0.07473	0.00256	0.013
511.2	2.556	0.07474	0.00256	0.013
511.3	2.5565	0.07475	0.00256	0.01299
511.4	2.557	0.07475	0.00256	0.01299
511.5	2.5575	0.07476	0.00256	0.01298
511.6	2.558	0.07477	0.00256	0.01298
511.7	2.5585	0.07477	0.00256	0.01297
511.8	2.559	0.07478	0.00256	0.01297
511.9	2.5595	0.07479	0.00256	0.01296
512.0	2.56	0.07479	0.00256	0.01295
512.1	2.5605	0.0748	0.00256	0.01295
512.2	2.561	0.07481	0.00256	0.01294
512.3	2.5615	0.07481	0.00256	0.01294
512.4	2.562	0.07482	0.00256	0.01293
512.5	2.5625	0.07483	0.00256	0.01293
512.6	2.563	0.07483	0.00256	0.01292
512.7	2.5635	0.07484	0.00256	0.01292
512.8	2.564	0.07484	0.00256	0.01291
512.9	2.5645	0.07485	0.00257	0.01291
513.0	2.565	0.07486	0.00257	0.0129
513.1	2.5655	0.07486	0.00257	0.0129
513.2	2.566	0.07487	0.00257	0.01289
513.3	2.5665	0.07488	0.00257	0.01289
513.4	2.567	0.07488	0.00257	0.01288
513.5	2.5675	0.07489	0.00257	0.01288
513.6	2.568	0.0749	0.00257	0.01287
513.7	2.5685	0.0749	0.00257	0.01286
513.8	2.569	0.07491	0.00257	0.01286
513.9	2.5695	0.07492	0.00257	0.01285
514.0	2.57	0.07492	0.00257	0.01285
514.1	2.5705	0.07493	0.00257	0.01284
514.2	2.571	0.07493	0.00257	0.01284
514.3	2.5715	0.07494	0.00257	0.01283
514.4	2.572	0.07495	0.00257	0.01283
514.5	2.5725	0.07495	0.00257	0.01282
514.6	2.573	0.07496	0.00257	0.01282
514.7	2.5735	0.07497	0.00257	0.01281
514.8	2.574	0.07497	0.00257	0.01281
514.9	2.5745	0.07498	0.00258	0.0128
515.0	2.575	0.07499	0.00258	0.0128
515.1	2.5755	0.07499	0.00258	0.01279
515.2	2.576	0.075	0.00258	0.01279
515.3	2.5765	0.07501	0.00258	0.01278
515.4	2.577	0.07501	0.00258	0.01278
515.5	2.5775	0.07502	0.00258	0.01277
515.6	2.578	0.07502	0.00258	0.01277
515.7	2.5785	0.07503	0.00258	0.01276
515.8	2.579	0.07504	0.00258	0.01276
515.9	2.5795	0.07504	0.00258	0.01275
516.0	2.58	0.07505	0.00258	0.01275
516.1	2.5805	0.07506	0.00258	0.01274
516.2	2.581	0.07506	0.00258	0.01274
516.3	2.5815	0.07507	0.00258	0.01273
516.4	2.582	0.07508	0.00258	0.01273
516.5	2.5825	0.07508	0.00258	0.01272
516.6	2.583	0.07509	0.00258	0.01272
516.7	2.5835	0.07509	0.00258	0.01271
516.8	2.584	0.0751	0.00258	0.01271
516.9	2.5845	0.07511	0.00259	0.0127
517.0	2.585	0.07511	0.00259	0.0127
517.1	2.5855	0.07512	0.00259	0.01269
517.2	2.586	0.07513	0.00259	0.01269
517.3	2.5865	0.07513	0.00259	0.01268
517.4	2.587	0.07514	0.00259	0.01268
517.5	2.5875	0.07515	0.00259	0.01267
517.6	2.588	0.07515	0.00259	0.01267
517.7	2.5885	0.07516	0.00259	0.01266
517.8	2.589	0.07516	0.00259	0.01266
517.9	2.5895	0.07517	0.00259	0.01265
518.0	2.59	0.07518	0.00259	0.01265
518.1	2.5905	0.07518	0.00259	0.01264
518.2	2.591	0.07519	0.00259	0.01264
518.3	2.5915	0.0752	0.00259	0.01264
518.4	2.592	0.0752	0.00259	0.01263
518.5	2.5925	0.07521	0.00259	0.01263
518.6	2.593	0.07521	0.00259	0.01262
518.7	2.5935	0.07522	0.00259	0.01262
518.8	2.594	0.07523	0.00259	0.01261
518.9	2.5945	0.07523	0.0026	0.01261
519.0	2.595	0.07524	0.0026	0.0126
519.1	2.5955	0.07525	0.0026	0.0126
519.2	2.596	0.07525	0.0026	0.01259
519.3	2.5965	0.07526	0.0026	0.01259
519.4	2.597	0.07527	0.0026	0.01258
519.5	2.5975	0.07527	0.0026	0.01258
519.6	2.598	0.07528	0.0026	0.01257
519.7	2.5985	0.07528	0.0026	0.01257
519.8	2.599	0.07529	0.0026	0.01256
519.9	2.5995	0.0753	0.0026	0.01256
520.0	2.6	0.0753	0.0026	0.01255
520.1	2.6005	0.07531	0.0026	0.01255
520.2	2.601	0.07532	0.0026	0.01255
520.3	2.6015	0.07532	0.0026	0.01254
520.4	2.602	0.07533	0.0026	0.01254
520.5	2.6025	0.07533	0.0026	0.01253
520.6	2.603	0.07534	0.0026	0.01253
520.7	2.6035	0.07535	0.0026	0.01252
520.8	2.604	0.07535	0.0026	0.01252
520.9	2.6045	0.07536	0.00261	0.01251
521.0	2.605	0.07537	0.00261	0.01251
521.1	2.6055	0.07537	0.00261	0.0125
521.2	2.606	0.07538	0.00261	0.0125
521.3	2.6065	0.07538	0.00261	0.0125
521.4	2.607	0.07539	0.00261	0.01249
521.5	2.6075	0.0754	0.00261	0.01249
521.6	2.608	0.0754	0.00261	0.01248
521.7	2.6085	0.07541	0.00261	0.01248
521.8	2.609	0.07542	0.00261	0.01247
521.9	2.6095	0.07542	0.00261	0.01247
522.0	2.61	0.07543	0.00261	0.01246
522.1	2.6105	0.07543	0.00261	0.01246
522.2	2.611	0.07544	0.00261	0.01245
522.3	2.6115	0.07545	0.00261	0.01245
522.4	2.612	0.07545	0.00261	0.01245
522.5	2.6125	0.07546	0.00261	0.01244
522.6	2.613	0.07547	0.00261	0.01244
522.7	2.6135	0.07547	0.00261	0.01243
522.8	2.614	0.07548	0.00261	0.01243
522.9	2.6145	0.07548	0.00262	0.01242
523.0	2.615	0.07549	0.00262	0.01242
523.1	2.6155	0.0755	0.00262	0.01241
523.2	2.616	0.0755	0.00262	0.01241
523.3	2.6165	0.07551	0.00262	0.01241
523.4	2.617	0.07552	0.00262	0.0124
523.5	2.6175	0.07552	0.00262	0.0124
523.6	2.618	0.07553	0.00262	0.01239
523.7	2.6185	0.07553	0.00262	0.01239
523.8	2.619	0.07554	0.00262	0.01238
523.9	2.6195	0.07555	0.00262	0.01238
524.0	2.62	0.07555	0.00262	0.01238
524.1	2.6205	0.07556	0.00262	0.01237
524.2	2.621	0.07556	0.00262	0.01237
524.3	2.6215	0.07557	0.00262	0.01236
524.4	2.622	0.07558	0.00262	0.01236
524.5	2.6225	0.07558	0.00262	0.01235
524.6	2.623	0.07559	0.00262	0.01235
524.7	2.6235	0.0756	0.00262	0.01235
524.8	2.624	0.0756	0.00262	0.01234
524.9	2.6245	0.07561	0.00263	0.01234
525.0	2.625	0.07561	0.00263	0.01233
525.1	2.6255	0.07562	0.00263	0.01233
525.2	2.626	0.07563	0.00263	0.01232
525.3	2.6265	0.07563	0.00263	0.01232
525.4	2.627	0.07564	0.00263	0.01232
525.5	2.6275	0.07564	0.00263	0.01231
525.6	2.628	0.07565	0.00263	0.01231
525.7	2.6285	0.07566	0.00263	0.0123
525.8	2.629	0.07566	0.00263	0.0123
525.9	2.6295	0.07567	0.00263	0.01229
526.0	2.63	0.07568	0.00263	0.01229
526.1	2.6305	0.07568	0.00263	0.01229
526.2	2.631	0.07569	0.00263	0.01228
526.3	2.6315	0.07569	0.00263	0.01228
526.4	2.632	0.0757	0.00263	0.01227
526.5	2.6325	0.07571	0.00263	0.01227
526.6	2.633	0.07571	0.00263	0.01227
526.7	2.6335	0.07572	0.00263	0.01226
526.8	2.634	0.07572	0.00263	0.01226
526.9	2.6345	0.07573	0.00264	0.01225
527.0	2.635	0.07574	0.00264	0.01225
527.1	2.6355	0.07574	0.00264	0.01225
527.2	2.636	0.07575	0.00264	0.01224
527.3	2.6365	0.07576	0.00264	0.01224
527.4	2.637	0.07576	0.00264	0.01223
527.5	2.6375	0.07577	0.00264	0.01223
527.6	2.638	0.07577	0.00264	0.01223
527.7	2.6385	0.07578	0.00264	0.01222
527.8	2.639	0.07579	0.00264	0.01222
527.9	2.6395	0.07579	0.00264	0.01221
528.0	2.64	0.0758	0.00264	0.01221
528.1	2.6405	0.0758	0.00264	0.0122
528.2	2.641	0.07581	0.00264	0.0122
528.3	2.6415	0.07582	0.00264	0.0122
528.4	2.642	0.07582	0.00264	0.01219
528.5	2.6425	0.07583	0.00264	0.01219
528.6	2.643	0.07583	0.00264	0.01219
528.7	2.6435	0.07584	0.00264	0.01218
528.8	2.644	0.07585	0.00264	0.01218
528.9	2.6445	0.07585	0.00265	0.01217
529.0	2.645	0.07586	0.00265	0.01217
529.1	2.6455	0.07587	0.00265	0.01217
529.2	2.646	0.07587	0.00265	0.01216
529.3	2.6465	0.07588	0.00265	0.01216
529.4	2.647	0.07588	0.00265	0.01215
529.5	2.6475	0.07589	0.00265	0.01215
529.6	2.648	0.0759	0.00265	0.01215
529.7	2.6485	0.0759	0.00265	0.01214
529.8	2.649	0.07591	0.00265	0.01214
529.9	2.6495	0.07591	0.00265	0.01213
530.0	2.65	0.07592	0.00265	0.01213
530.1	2.6505	0.07593	0.00265	0.01213
530.2	2.651	0.07593	0.00265	0.01212
530.3	2.6515	0.07594	0.00265	0.01212
530.4	2.652	0.07594	0.00265	0.01211
530.5	2.6525	0.07595	0.00265	0.01211
530.6	2.653	0.07596	0.00265	0.01211
530.7	2.6535	0.07596	0.00265	0.0121
530.8	2.654	0.07597	0.00265	0.0121
530.9	2.6545	0.07597	0.00266	0.0121
531.0	2.655	0.07598	0.00266	0.01209
531.1	2.6555	0.07599	0.00266	0.01209
531.2	2.656	0.07599	0.00266	0.01208
531.3	2.6565	0.076	0.00266	0.01208
531.4	2.657	0.076	0.00266	0.01208
531.5	2.6575	0.07601	0.00266	0.01207
531.6	2.658	0.07602	0.00266	0.01207
531.7	2.6585	0.07602	0.00266	0.01207
531.8	2.659	0.07603	0.00266	0.01206
531.9	2.6595	0.07603	0.00266	0.01206
532.0	2.66	0.07604	0.00266	0.01205
532.1	2.6605	0.07605	0.00266	0.01205
532.2	2.661	0.07605	0.00266	0.01205
532.3	2.6615	0.07606	0.00266	0.01204
532.4	2.662	0.07606	0.00266	0.01204
532.5	2.6625	0.07607	0.00266	0.01204
532.6	2.663	0.07608	0.00266	0.01203
532.7	2.6635	0.07608	0.00266	0.01203
532.8	2.664	0.07609	0.00266	0.01202
532.9	2.6645	0.07609	0.00267	0.01202
533.0	2.665	0.0761	0.00267	0.01202
533.1	2.6655	0.07611	0.00267	0.01201
533.2	2.666	0.07611	0.00267	0.01201
533.3	2.6665	0.07612	0.00267	0.01201
533.4	2.667	0.07612	0.00267	0.012
533.5	2.6675	0.07613	0.00267	0.012
533.6	2.668	0.07614	0.00267	0.012
533.7	2.6685	0.07614	0.00267	0.01199
533.8	2.669	0.07615	0.00267	0.01199
533.9	2.6695	0.07615	0.00267	0.01198
534.0	2.67	0.07616	0.00267	0.01198
534.1	2.6705	0.07617	0.00267	0.01198
534.2	2.671	0.07617	0.00267	0.01197
534.3	2.6715	0.07618	0.00267	0.01197
534.4	2.672	0.07618	0.00267	0.01197
534.5	2.6725	0.07619	0.00267	0.01196
534.6	2.673	0.0762	0.00267	0.01196
534.7	2.6735	0.0762	0.00267	0.01196
534.8	2.674	0.07621	0.00267	0.01195
534.9	2.6745	0.07621	0.00268	0.01195
535.0	2.675	0.07622	0.00268	0.01195
535.1	2.6755	0.07623	0.00268	0.01194
535.2	2.676	0.07623	0.00268	0.01194
535.3	2.6765	0.07624	0.00268	0.01193
535.4	2.677	0.07624	0.00268	0.01193
535.5	2.6775	0.07625	0.00268	0.01193
535.6	2.678	0.07626	0.00268	0.01192
535.7	2.6785	0.07626	0.00268	0.01192
535.8	2.679	0.07627	0.00268	0.01192
535.9	2.6795	0.07627	0.00268	0.01191
536.0	2.68	0.07628	0.00268	0.01191
536.1	2.6805	0.07629	0.00268	0.01191
536.2	2.681	0.07629	0.00268	0.0119
536.3	2.6815	0.0763	0.00268	0.0119
536.4	2.682	0.0763	0.00268	0.0119
536.5	2.6825	0.07631	0.00268	0.01189
536.6	2.683	0.07632	0.00268	0.01189
536.7	2.6835	0.07632	0.00268	0.01189
536.8	2.684	0.07633	0.00268	0.01188
536.9	2.6845	0.07633	0.00269	0.01188
537.0	2.685	0.07634	0.00269	0.01188
537.1	2.6855	0.07635	0.00269	0.01187
537.2	2.686	0.07635	0.00269	0.01187
537.3	2.6865	0.07636	0.00269	0.01187
537.4	2.687	0.07636	0.00269	0.01186
537.5	2.6875	0.07637	0.00269	0.01186
537.6	2.688	0.07638	0.00269	0.01186
537.7	2.6885	0.07638	0.00269	0.01185
537.8	2.689	0.07639	0.00269	0.01185
537.9	2.6895	0.07639	0.00269	0.01185
538.0	2.69	0.0764	0.00269	0.01184
538.1	2.6905	0.0764	0.00269	0.01184
538.2	2.691	0.07641	0.00269	0.01184
538.3	2.6915	0.07642	0.00269	0.01183
538.4	2.692	0.07642	0.00269	0.01183
538.5	2.6925	0.07643	0.00269	0.01183
538.6	2.693	0.07643	0.00269	0.01182
538.7	2.6935	0.07644	0.00269	0.01182
538.8	2.694	0.07645	0.00269	0.01182
538.9	2.6945	0.07645	0.0027	0.01181
539.0	2.695	0.07646	0.0027	0.01181
539.1	2.6955	0.07646	0.0027	0.01181
539.2	2.696	0.07647	0.0027	0.0118
539.3	2.6965	0.07648	0.0027	0.0118
539.4	2.697	0.07648	0.0027	0.0118
539.5	2.6975	0.07649	0.0027	0.01179
539.6	2.698	0.07649	0.0027	0.01179
539.7	2.6985	0.0765	0.0027	0.01179
539.8	2.699	0.07651	0.0027	0.01178
539.9	2.6995	0.07651	0.0027	0.01178
540.0	2.7	0.07652	0.0027	0.01178
540.1	2.7005	0.07652	0.0027	0.01177
540.2	2.701	0.07653	0.0027	0.01177
540.3	2.7015	0.07653	0.0027	0.01177
540.4	2.702	0.07654	0.0027	0.01176
540.5	2.7025	0.07655	0.0027	0.01176
540.6	2.703	0.07655	0.0027	0.01176
540.7	2.7035	0.07656	0.0027	0.01175
540.8	2.704	0.07656	0.0027	0.01175
540.9	2.7045	0.07657	0.00271	0.01175
541.0	2.705	0.07658	0.00271	0.01174
541.1	2.7055	0.07658	0.00271	0.01174
541.2	2.706	0.07659	0.00271	0.01174
541.3	2.7065	0.07659	0.00271	0.01173
541.4	2.707	0.0766	0.00271	0.01173
541.5	2.7075	0.07661	0.00271	0.01173
541.6	2.708	0.07661	0.00271	0.01173
541.7	2.7085	0.07662	0.00271	0.01172
541.8	2.709	0.07662	0.00271	0.01172
541.9	2.7095	0.07663	0.00271	0.01172
542.0	2.71	0.07663	0.00271	0.01171
542.1	2.7105	0.07664	0.00271	0.01171
542.2	2.711	0.07665	0.00271	0.01171
542.3	2.7115	0.07665	0.00271	0.0117
542.4	2.712	0.07666	0.00271	0.0117
542.5	2.7125	0.07666	0.00271	0.0117
542.6	2.713	0.07667	0.00271	0.01169
542.7	2.7135	0.07668	0.00271	0.01169
542.8	2.714	0.07668	0.00271	0.01169
542.9	2.7145	0.07669	0.00272	0.01168
543.0	2.715	0.07669	0.00272	0.01168
543.1	2.7155	0.0767	0.00272	0.01168
543.2	2.716	0.0767	0.00272	0.01168
543.3	2.7165	0.07671	0.00272	0.01167
543.4	2.717	0.07672	0.00272	0.01167
543.5	2.7175	0.07672	0.00272	0.01167
543.6	2.718	0.07673	0.00272	0.01166
543.7	2.7185	0.07673	0.00272	0.01166
543.8	2.719	0.07674	0.00272	0.01166
543.9	2.7195	0.07675	0.00272	0.01165
544.0	2.72	0.07675	0.00272	0.01165
544.1	2.7205	0.07676	0.00272	0.01165
544.2	2.721	0.07676	0.00272	0.01165
544.3	2.7215	0.07677	0.00272	0.01164
544.4	2.722	0.07677	0.00272	0.01164
544.5	2.7225	0.07678	0.00272	0.01164
544.6	2.723	0.07679	0.00272	0.01163
544.7	2.7235	0.07679	0.00272	0.01163
544.8	2.724	0.0768	0.00272	0.01163
544.9	2.7245	0.0768	0.00273	0.01162
545.0	2.725	0.07681	0.00273	0.01162
545.1	2.7255	0.07682	0.00273	0.01162
545.2	2.726	0.07682	0.00273	0.01162
545.3	2.7265	0.07683	0.00273	0.01161
545.4	2.727	0.07683	0.00273	0.01161
545.5	2.7275	0.07684	0.00273	0.01161
545.6	2.728	0.07684	0.00273	0.0116
545.7	2.7285	0.07685	0.00273	0.0116
545.8	2.729	0.07686	0.00273	0.0116
545.9	2.7295	0.07686	0.00273	0.0116
546.0	2.73	0.07687	0.00273	0.01159
546.1	2.7305	0.07687	0.00273	0.01159
546.2	2.731	0.07688	0.00273	0.01159
546.3	2.7315	0.07688	0.00273	0.01158
546.4	2.732	0.07689	0.00273	0.01158
546.5	2.7325	0.0769	0.00273	0.01158
546.6	2.733	0.0769	0.00273	0.01158
546.7	2.7335	0.07691	0.00273	0.01157
546.8	2.734	0.07691	0.00273	0.01157
546.9	2.7345	0.07692	0.00274	0.01157
547.0	2.735	0.07693	0.00274	0.01156
547.1	2.7355	0.07693	0.00274	0.01156
547.2	2.736	0.07694	0.00274	0.01156
547.3	2.7365	0.07694	0.00274	0.01156
547.4	2.737	0.07695	0.00274	0.01155
547.5	2.7375	0.07695	0.00274	0.01155
547.6	2.738	0.07696	0.00274	0.01155
547.7	2.7385	0.07697	0.00274	0.01154
547.8	2.739	0.07697	0.00274	0.01154
547.9	2.7395	0.07698	0.00274	0.01154
548.0	2.74	0.07698	0.00274	0.01154
548.1	2.7405	0.07699	0.00274	0.01153
548.2	2.741	0.07699	0.00274	0.01153
548.3	2.7415	0.077	0.00274	0.01153
548.4	2.742	0.07701	0.00274	0.01152
548.5	2.7425	0.07701	0.00274	0.01152
548.6	2.743	0.07702	0.00274	0.01152
548.7	2.7435	0.07702	0.00274	0.01152
548.8	2.744	0.07703	0.00274	0.01151
548.9	2.7445	0.07703	0.00275	0.01151
549.0	2.745	0.07704	0.00275	0.01151
549.1	2.7455	0.07705	0.00275	0.01151
549.2	2.746	0.07705	0.00275	0.0115
549.3	2.7465	0.07706	0.00275	0.0115
549.4	2.747	0.07706	0.00275	0.0115
549.5	2.7475	0.07707	0.00275	0.01149
549.6	2.748	0.07708	0.00275	0.01149
549.7	2.7485	0.07708	0.00275	0.01149
549.8	2.749	0.07709	0.00275	0.01149
549.9	2.7495	0.07709	0.00275	0.01148
550.0	2.75	0.0771	0.00275	0.01148
550.1	2.7505	0.0771	0.00275	0.01148
550.2	2.751	0.07711	0.00275	0.01148
550.3	2.7515	0.07712	0.00275	0.01147
550.4	2.752	0.07712	0.00275	0.01147
550.5	2.7525	0.07713	0.00275	0.01147
550.6	2.753	0.07713	0.00275	0.01146
550.7	2.7535	0.07714	0.00275	0.01146
550.8	2.754	0.07714	0.00275	0.01146
550.9	2.7545	0.07715	0.00276	0.01146
551.0	2.755	0.07716	0.00276	0.01145
551.1	2.7555	0.07716	0.00276	0.01145
551.2	2.756	0.07717	0.00276	0.01145
551.3	2.7565	0.07717	0.00276	0.01145
551.4	2.757	0.07718	0.00276	0.01144
551.5	2.7575	0.07718	0.00276	0.01144
551.6	2.758	0.07719	0.00276	0.01144
551.7	2.7585	0.0772	0.00276	0.01144
551.8	2.759	0.0772	0.00276	0.01143
551.9	2.7595	0.07721	0.00276	0.01143
552.0	2.76	0.07721	0.00276	0.01143
552.1	2.7605	0.07722	0.00276	0.01143
552.2	2.761	0.07722	0.00276	0.01142
552.3	2.7615	0.07723	0.00276	0.01142
552.4	2.762	0.07724	0.00276	0.01142
552.5	2.7625	0.07724	0.00276	0.01141
552.6	2.763	0.07725	0.00276	0.01141
552.7	2.7635	0.07725	0.00276	0.01141
552.8	2.764	0.07726	0.00276	0.01141
552.9	2.7645	0.07726	0.00277	0.0114
553.0	2.765	0.07727	0.00277	0.0114
553.1	2.7655	0.07728	0.00277	0.0114
553.2	2.766	0.07728	0.00277	0.0114
553.3	2.7665	0.07729	0.00277	0.01139
553.4	2.767	0.07729	0.00277	0.01139
553.5	2.7675	0.0773	0.00277	0.01139
553.6	2.768	0.0773	0.00277	0.01139
553.7	2.7685	0.07731	0.00277	0.01138
553.8	2.769	0.07732	0.00277	0.01138
553.9	2.7695	0.07732	0.00277	0.01138
554.0	2.77	0.07733	0.00277	0.01138
554.1	2.7705	0.07733	0.00277	0.01137
554.2	2.771	0.07734	0.00277	0.01137
554.3	2.7715	0.07734	0.00277	0.01137
554.4	2.772	0.07735	0.00277	0.01137
554.5	2.7725	0.07736	0.00277	0.01136
554.6	2.773	0.07736	0.00277	0.01136
554.7	2.7735	0.07737	0.00277	0.01136
554.8	2.774	0.07737	0.00277	0.01136
554.9	2.7745	0.07738	0.00278	0.01135
555.0	2.775	0.07738	0.00278	0.01135
555.1	2.7755	0.07739	0.00278	0.01135
555.2	2.776	0.07739	0.00278	0.01135
555.3	2.7765	0.0774	0.00278	0.01134
555.4	2.777	0.07741	0.00278	0.01134
555.5	2.7775	0.07741	0.00278	0.01134
555.6	2.778	0.07742	0.00278	0.01134
555.7	2.7785	0.07742	0.00278	0.01133
555.8	2.779	0.07743	0.00278	0.01133
555.9	2.7795	0.07743	0.00278	0.01133
556.0	2.78	0.07744	0.00278	0.01133
556.1	2.7805	0.07745	0.00278	0.01133
556.2	2.781	0.07745	0.00278	0.01132
556.3	2.7815	0.07746	0.00278	0.01132
556.4	2.782	0.07746	0.00278	0.01132
556.5	2.7825	0.07747	0.00278	0.01132
556.6	2.783	0.07747	0.00278	0.01131
556.7	2.7835	0.07748	0.00278	0.01131
556.8	2.784	0.07749	0.00278	0.01131
556.9	2.7845	0.07749	0.00279	0.01131
557.0	2.785	0.0775	0.00279	0.0113
557.1	2.7855	0.0775	0.00279	0.0113
557.2	2.786	0.07751	0.00279	0.0113
557.3	2.7865	0.07751	0.00279	0.0113
557.4	2.787	0.07752	0.00279	0.01129
557.5	2.7875	0.07753	0.00279	0.01129
557.6	2.788	0.07753	0.00279	0.01129
557.7	2.7885	0.07754	0.00279	0.01129
557.8	2.789	0.07754	0.00279	0.01128
557.9	2.7895	0.07755	0.00279	0.01128
558.0	2.79	0.07755	0.00279	0.01128
558.1	2.7905	0.07756	0.00279	0.01128
558.2	2.791	0.07756	0.00279	0.01128
558.3	2.7915	0.07757	0.00279	0.01127
558.4	2.792	0.07758	0.00279	0.01127
558.5	2.7925	0.07758	0.00279	0.01127
558.6	2.793	0.07759	0.00279	0.01127
558.7	2.7935	0.07759	0.00279	0.01126
558.8	2.794	0.0776	0.00279	0.01126
558.9	2.7945	0.0776	0.0028	0.01126
559.0	2.795	0.07761	0.0028	0.01126
559.1	2.7955	0.07762	0.0028	0.01125
559.2	2.796	0.07762	0.0028	0.01125
559.3	2.7965	0.07763	0.0028	0.01125
559.4	2.797	0.07763	0.0028	0.01125
559.5	2.7975	0.07764	0.0028	0.01125
559.6	2.798	0.07764	0.0028	0.01124
559.7	2.7985	0.07765	0.0028	0.01124
559.8	2.799	0.07765	0.0028	0.01124
559.9	2.7995	0.07766	0.0028	0.01124
560.0	2.8	0.07767	0.0028	0.01123
560.1	2.8005	0.07767	0.0028	0.01123
560.2	2.801	0.07768	0.0028	0.01123
560.3	2.8015	0.07768	0.0028	0.01123
560.4	2.802	0.07769	0.0028	0.01123
560.5	2.8025	0.07769	0.0028	0.01122
560.6	2.803	0.0777	0.0028	0.01122
560.7	2.8035	0.07771	0.0028	0.01122
560.8	2.804	0.07771	0.0028	0.01122
560.9	2.8045	0.07772	0.00281	0.01121
561.0	2.805	0.07772	0.00281	0.01121
561.1	2.8055	0.07773	0.00281	0.01121
561.2	2.806	0.07773	0.00281	0.01121
561.3	2.8065	0.07774	0.00281	0.01121
561.4	2.807	0.07774	0.00281	0.0112
561.5	2.8075	0.07775	0.00281	0.0112
561.6	2.808	0.07776	0.00281	0.0112
561.7	2.8085	0.07776	0.00281	0.0112
561.8	2.809	0.07777	0.00281	0.01119
561.9	2.8095	0.07777	0.00281	0.01119
562.0	2.81	0.07778	0.00281	0.01119
562.1	2.8105	0.07778	0.00281	0.01119
562.2	2.811	0.07779	0.00281	0.01119
562.3	2.8115	0.07779	0.00281	0.01118
562.4	2.812	0.0778	0.00281	0.01118
562.5	2.8125	0.07781	0.00281	0.01118
562.6	2.813	0.07781	0.00281	0.01118
562.7	2.8135	0.07782	0.00281	0.01118
562.8	2.814	0.07782	0.00281	0.01117
562.9	2.8145	0.07783	0.00282	0.01117
563.0	2.815	0.07783	0.00282	0.01117
563.1	2.8155	0.07784	0.00282	0.01117
563.2	2.816	0.07784	0.00282	0.01116
563.3	2.8165	0.07785	0.00282	0.01116
563.4	2.817	0.07786	0.00282	0.01116
563.5	2.8175	0.07786	0.00282	0.01116
563.6	2.818	0.07787	0.00282	0.01116
563.7	2.8185	0.07787	0.00282	0.01115
563.8	2.819	0.07788	0.00282	0.01115
563.9	2.8195	0.07788	0.00282	0.01115
564.0	2.82	0.07789	0.00282	0.01115
564.1	2.8205	0.0779	0.00282	0.01115
564.2	2.821	0.0779	0.00282	0.01114
564.3	2.8215	0.07791	0.00282	0.01114
564.4	2.822	0.07791	0.00282	0.01114
564.5	2.8225	0.07792	0.00282	0.01114
564.6	2.823	0.07792	0.00282	0.01114
564.7	2.8235	0.07793	0.00282	0.01113
564.8	2.824	0.07793	0.00282	0.01113
564.9	2.8245	0.07794	0.00283	0.01113
565.0	2.825	0.07795	0.00283	0.01113
565.1	2.8255	0.07795	0.00283	0.01113
565.2	2.826	0.07796	0.00283	0.01112
565.3	2.8265	0.07796	0.00283	0.01112
565.4	2.827	0.07797	0.00283	0.01112
565.5	2.8275	0.07797	0.00283	0.01112
565.6	2.828	0.07798	0.00283	0.01112
565.7	2.8285	0.07798	0.00283	0.01111
565.8	2.829	0.07799	0.00283	0.01111
565.9	2.8295	0.078	0.00283	0.01111
566.0	2.83	0.078	0.00283	0.01111
566.1	2.8305	0.07801	0.00283	0.0111
566.2	2.831	0.07801	0.00283	0.0111
566.3	2.8315	0.07802	0.00283	0.0111
566.4	2.832	0.07802	0.00283	0.0111
566.5	2.8325	0.07803	0.00283	0.0111
566.6	2.833	0.07803	0.00283	0.01109
566.7	2.8335	0.07804	0.00283	0.01109
566.8	2.834	0.07805	0.00283	0.01109
566.9	2.8345	0.07805	0.00284	0.01109
567.0	2.835	0.07806	0.00284	0.01109
567.1	2.8355	0.07806	0.00284	0.01109
567.2	2.836	0.07807	0.00284	0.01108
567.3	2.8365	0.07807	0.00284	0.01108
567.4	2.837	0.07808	0.00284	0.01108
567.5	2.8375	0.07808	0.00284	0.01108
567.6	2.838	0.07809	0.00284	0.01108
567.7	2.8385	0.0781	0.00284	0.01107
567.8	2.839	0.0781	0.00284	0.01107
567.9	2.8395	0.07811	0.00284	0.01107
568.0	2.84	0.07811	0.00284	0.01107
568.1	2.8405	0.07812	0.00284	0.01107
568.2	2.841	0.07812	0.00284	0.01106
568.3	2.8415	0.07813	0.00284	0.01106
568.4	2.842	0.07813	0.00284	0.01106
568.5	2.8425	0.07814	0.00284	0.01106
568.6	2.843	0.07814	0.00284	0.01106
568.7	2.8435	0.07815	0.00284	0.01105
568.8	2.844	0.07816	0.00284	0.01105
568.9	2.8445	0.07816	0.00285	0.01105
569.0	2.845	0.07817	0.00285	0.01105
569.1	2.8455	0.07817	0.00285	0.01105
569.2	2.846	0.07818	0.00285	0.01104
569.3	2.8465	0.07818	0.00285	0.01104
569.4	2.847	0.07819	0.00285	0.01104
569.5	2.8475	0.07819	0.00285	0.01104
569.6	2.848	0.0782	0.00285	0.01104
569.7	2.8485	0.07821	0.00285	0.01103
569.8	2.849	0.07821	0.00285	0.01103
569.9	2.8495	0.07822	0.00285	0.01103
570.0	2.85	0.07822	0.00285	0.01103
570.1	2.8505	0.07823	0.00285	0.01103
570.2	2.851	0.07823	0.00285	0.01103
570.3	2.8515	0.07824	0.00285	0.01102
570.4	2.852	0.07824	0.00285	0.01102
570.5	2.8525	0.07825	0.00285	0.01102
570.6	2.853	0.07826	0.00285	0.01102
570.7	2.8535	0.07826	0.00285	0.01102
570.8	2.854	0.07827	0.00285	0.01101
570.9	2.8545	0.07827	0.00286	0.01101
571.0	2.855	0.07828	0.00286	0.01101
571.1	2.8555	0.07828	0.00286	0.01101
571.2	2.856	0.07829	0.00286	0.01101
571.3	2.8565	0.07829	0.00286	0.01101
571.4	2.857	0.0783	0.00286	0.011
571.5	2.8575	0.0783	0.00286	0.011
571.6	2.858	0.07831	0.00286	0.011
571.7	2.8585	0.07832	0.00286	0.011
571.8	2.859	0.07832	0.00286	0.011
571.9	2.8595	0.07833	0.00286	0.01099
572.0	2.86	0.07833	0.00286	0.01099
572.1	2.8605	0.07834	0.00286	0.01099
572.2	2.861	0.07834	0.00286	0.01099
572.3	2.8615	0.07835	0.00286	0.01099
572.4	2.862	0.07835	0.00286	0.01099
572.5	2.8625	0.07836	0.00286	0.01098
572.6	2.863	0.07837	0.00286	0.01098
572.7	2.8635	0.07837	0.00286	0.01098
572.8	2.864	0.07838	0.00286	0.01098
572.9	2.8645	0.07838	0.00287	0.01098
573.0	2.865	0.07839	0.00287	0.01097
573.1	2.8655	0.07839	0.00287	0.01097
573.2	2.866	0.0784	0.00287	0.01097
573.3	2.8665	0.0784	0.00287	0.01097
573.4	2.867	0.07841	0.00287	0.01097
573.5	2.8675	0.07841	0.00287	0.01097
573.6	2.868	0.07842	0.00287	0.01096
573.7	2.8685	0.07843	0.00287	0.01096
573.8	2.869	0.07843	0.00287	0.01096
573.9	2.8695	0.07844	0.00287	0.01096
574.0	2.87	0.07844	0.00287	0.01096
574.1	2.8705	0.07845	0.00287	0.01096
574.2	2.871	0.07845	0.00287	0.01095
574.3	2.8715	0.07846	0.00287	0.01095
574.4	2.872	0.07846	0.00287	0.01095
574.5	2.8725	0.07847	0.00287	0.01095
574.6	2.873	0.07847	0.00287	0.01095
574.7	2.8735	0.07848	0.00287	0.01095
574.8	2.874	0.07849	0.00287	0.01094
574.9	2.8745	0.07849	0.00288	0.01094
575.0	2.875	0.0785	0.00288	0.01094
575.1	2.8755	0.0785	0.00288	0.01094
575.2	2.876	0.07851	0.00288	0.01094
575.3	2.8765	0.07851	0.00288	0.01093
575.4	2.877	0.07852	0.00288	0.01093
575.5	2.8775	0.07852	0.00288	0.01093
575.6	2.878	0.07853	0.00288	0.01093
575.7	2.8785	0.07854	0.00288	0.01093
575.8	2.879	0.07854	0.00288	0.01093
575.9	2.8795	0.07855	0.00288	0.01092
576.0	2.88	0.07855	0.00288	0.01092
576.1	2.8805	0.07856	0.00288	0.01092
576.2	2.881	0.07856	0.00288	0.01092
576.3	2.8815	0.07857	0.00288	0.01092
576.4	2.882	0.07857	0.00288	0.01092
576.5	2.8825	0.07858	0.00288	0.01091
576.6	2.883	0.07858	0.00288	0.01091
576.7	2.8835	0.07859	0.00288	0.01091
576.8	2.884	0.0786	0.00288	0.01091
576.9	2.8845	0.0786	0.00289	0.01091
577.0	2.885	0.07861	0.00289	0.01091
577.1	2.8855	0.07861	0.00289	0.0109
577.2	2.886	0.07862	0.00289	0.0109
577.3	2.8865	0.07862	0.00289	0.0109
577.4	2.887	0.07863	0.00289	0.0109
577.5	2.8875	0.07863	0.00289	0.0109
577.6	2.888	0.07864	0.00289	0.0109
577.7	2.8885	0.07864	0.00289	0.01089
577.8	2.889	0.07865	0.00289	0.01089
577.9	2.8895	0.07866	0.00289	0.01089
578.0	2.89	0.07866	0.00289	0.01089
578.1	2.8905	0.07867	0.00289	0.01089
578.2	2.891	0.07867	0.00289	0.01089
578.3	2.8915	0.07868	0.00289	0.01089
578.4	2.892	0.07868	0.00289	0.01088
578.5	2.8925	0.07869	0.00289	0.01088
578.6	2.893	0.07869	0.00289	0.01088
578.7	2.8935	0.0787	0.00289	0.01088
578.8	2.894	0.0787	0.00289	0.01088
578.9	2.8945	0.07871	0.0029	0.01088
579.0	2.895	0.07871	0.0029	0.01087
579.1	2.8955	0.07872	0.0029	0.01087
579.2	2.896	0.07873	0.0029	0.01087
579.3	2.8965	0.07873	0.0029	0.01087
579.4	2.897	0.07874	0.0029	0.01087
579.5	2.8975	0.07874	0.0029	0.01087
579.6	2.898	0.07875	0.0029	0.01086
579.7	2.8985	0.07875	0.0029	0.01086
579.8	2.899	0.07876	0.0029	0.01086
579.9	2.8995	0.07876	0.0029	0.01086
580.0	2.9	0.07877	0.0029	0.01086
580.1	2.9005	0.07877	0.0029	0.01086
580.2	2.901	0.07878	0.0029	0.01086
580.3	2.9015	0.07879	0.0029	0.01085
580.4	2.902	0.07879	0.0029	0.01085
580.5	2.9025	0.0788	0.0029	0.01085
580.6	2.903	0.0788	0.0029	0.01085
580.7	2.9035	0.07881	0.0029	0.01085
580.8	2.904	0.07881	0.0029	0.01085
580.9	2.9045	0.07882	0.00291	0.01084
581.0	2.905	0.07882	0.00291	0.01084
581.1	2.9055	0.07883	0.00291	0.01084
581.2	2.906	0.07883	0.00291	0.01084
581.3	2.9065	0.07884	0.00291	0.01084
581.4	2.907	0.07885	0.00291	0.01084
581.5	2.9075	0.07885	0.00291	0.01084
581.6	2.908	0.07886	0.00291	0.01083
581.7	2.9085	0.07886	0.00291	0.01083
581.8	2.909	0.07887	0.00291	0.01083
581.9	2.9095	0.07887	0.00291	0.01083
582.0	2.91	0.07888	0.00291	0.01083
582.1	2.9105	0.07888	0.00291	0.01083
582.2	2.911	0.07889	0.00291	0.01082
582.3	2.9115	0.07889	0.00291	0.01082
582.4	2.912	0.0789	0.00291	0.01082
582.5	2.9125	0.0789	0.00291	0.01082
582.6	2.913	0.07891	0.00291	0.01082
582.7	2.9135	0.07892	0.00291	0.01082
582.8	2.914	0.07892	0.00291	0.01082
582.9	2.9145	0.07893	0.00292	0.01081
583.0	2.915	0.07893	0.00292	0.01081
583.1	2.9155	0.07894	0.00292	0.01081
583.2	2.916	0.07894	0.00292	0.01081
583.3	2.9165	0.07895	0.00292	0.01081
583.4	2.917	0.07895	0.00292	0.01081
583.5	2.9175	0.07896	0.00292	0.01081
583.6	2.918	0.07896	0.00292	0.0108
583.7	2.9185	0.07897	0.00292	0.0108
583.8	2.919	0.07897	0.00292	0.0108
583.9	2.9195	0.07898	0.00292	0.0108
584.0	2.92	0.07899	0.00292	0.0108
584.1	2.9205	0.07899	0.00292	0.0108
584.2	2.921	0.079	0.00292	0.0108
584.3	2.9215	0.079	0.00292	0.01079
584.4	2.922	0.07901	0.00292	0.01079
584.5	2.9225	0.07901	0.00292	0.01079
584.6	2.923	0.07902	0.00292	0.01079
584.7	2.9235	0.07902	0.00292	0.01079
584.8	2.924	0.07903	0.00292	0.01079
584.9	2.9245	0.07903	0.00293	0.01079
585.0	2.925	0.07904	0.00293	0.01078
585.1	2.9255	0.07905	0.00293	0.01078
585.2	2.926	0.07905	0.00293	0.01078
585.3	2.9265	0.07906	0.00293	0.01078
585.4	2.927	0.07906	0.00293	0.01078
585.5	2.9275	0.07907	0.00293	0.01078
585.6	2.928	0.07907	0.00293	0.01078
585.7	2.9285	0.07908	0.00293	0.01077
585.8	2.929	0.07908	0.00293	0.01077
585.9	2.9295	0.07909	0.00293	0.01077
586.0	2.93	0.07909	0.00293	0.01077
586.1	2.9305	0.0791	0.00293	0.01077
586.2	2.931	0.0791	0.00293	0.01077
586.3	2.9315	0.07911	0.00293	0.01077
586.4	2.932	0.07912	0.00293	0.01076
586.5	2.9325	0.07912	0.00293	0.01076
586.6	2.933	0.07913	0.00293	0.01076
586.7	2.9335	0.07913	0.00293	0.01076
586.8	2.934	0.07914	0.00293	0.01076
586.9	2.9345	0.07914	0.00294	0.01076
587.0	2.935	0.07915	0.00294	0.01076
587.1	2.9355	0.07915	0.00294	0.01075
587.2	2.936	0.07916	0.00294	0.01075
587.3	2.9365	0.07916	0.00294	0.01075
587.4	2.937	0.07917	0.00294	0.01075
587.5	2.9375	0.07917	0.00294	0.01075
587.6	2.938	0.07918	0.00294	0.01075
587.7	2.9385	0.07919	0.00294	0.01075
587.8	2.939	0.07919	0.00294	0.01074
587.9	2.9395	0.0792	0.00294	0.01074
588.0	2.94	0.0792	0.00294	0.01074
588.1	2.9405	0.07921	0.00294	0.01074
588.2	2.941	0.07921	0.00294	0.01074
588.3	2.9415	0.07922	0.00294	0.01074
588.4	2.942	0.07922	0.00294	0.01074
588.5	2.9425	0.07923	0.00294	0.01074
588.6	2.943	0.07923	0.00294	0.01073
588.7	2.9435	0.07924	0.00294	0.01073
588.8	2.944	0.07924	0.00294	0.01073
588.9	2.9445	0.07925	0.00295	0.01073
589.0	2.945	0.07925	0.00295	0.01073
589.1	2.9455	0.07926	0.00295	0.01073
589.2	2.946	0.07927	0.00295	0.01073
589.3	2.9465	0.07927	0.00295	0.01072
589.4	2.947	0.07928	0.00295	0.01072
589.5	2.9475	0.07928	0.00295	0.01072
589.6	2.948	0.07929	0.00295	0.01072
589.7	2.9485	0.07929	0.00295	0.01072
589.8	2.949	0.0793	0.00295	0.01072
589.9	2.9495	0.0793	0.00295	0.01072
590.0	2.95	0.07931	0.00295	0.01072
590.1	2.9505	0.07931	0.00295	0.01071
590.2	2.951	0.07932	0.00295	0.01071
590.3	2.9515	0.07932	0.00295	0.01071
590.4	2.952	0.07933	0.00295	0.01071
590.5	2.9525	0.07934	0.00295	0.01071
590.6	2.953	0.07934	0.00295	0.01071
590.7	2.9535	0.07935	0.00295	0.01071
590.8	2.954	0.07935	0.00295	0.01071
590.9	2.9545	0.07936	0.00296	0.0107
591.0	2.955	0.07936	0.00296	0.0107
591.1	2.9555	0.07937	0.00296	0.0107
591.2	2.956	0.07937	0.00296	0.0107
591.3	2.9565	0.07938	0.00296	0.0107
591.4	2.957	0.07938	0.00296	0.0107
591.5	2.9575	0.07939	0.00296	0.0107
591.6	2.958	0.07939	0.00296	0.0107
591.7	2.9585	0.0794	0.00296	0.01069
591.8	2.959	0.0794	0.00296	0.01069
591.9	2.9595	0.07941	0.00296	0.01069
592.0	2.96	0.07942	0.00296	0.01069
592.1	2.9605	0.07942	0.00296	0.01069
592.2	2.961	0.07943	0.00296	0.01069
592.3	2.9615	0.07943	0.00296	0.01069
592.4	2.962	0.07944	0.00296	0.01068
592.5	2.9625	0.07944	0.00296	0.01068
592.6	2.963	0.07945	0.00296	0.01068
592.7	2.9635	0.07945	0.00296	0.01068
592.8	2.964	0.07946	0.00296	0.01068
592.9	2.9645	0.07946	0.00297	0.01068
593.0	2.965	0.07947	0.00297	0.01068
593.1	2.9655	0.07947	0.00297	0.01068
593.2	2.966	0.07948	0.00297	0.01068
593.3	2.9665	0.07948	0.00297	0.01067
593.4	2.967	0.07949	0.00297	0.01067
593.5	2.9675	0.0795	0.00297	0.01067
593.6	2.968	0.0795	0.00297	0.01067
593.7	2.9685	0.07951	0.00297	0.01067
593.8	2.969	0.07951	0.00297	0.01067
593.9	2.9695	0.07952	0.00297	0.01067
594.0	2.97	0.07952	0.00297	0.01067
594.1	2.9705	0.07953	0.00297	0.01066
594.2	2.971	0.07953	0.00297	0.01066
594.3	2.9715	0.07954	0.00297	0.01066
594.4	2.972	0.07954	0.00297	0.01066
594.5	2.9725	0.07955	0.00297	0.01066
594.6	2.973	0.07955	0.00297	0.01066
594.7	2.9735	0.07956	0.00297	0.01066
594.8	2.974	0.07956	0.00297	0.01066
594.9	2.9745	0.07957	0.00298	0.01065
595.0	2.975	0.07958	0.00298	0.01065
595.1	2.9755	0.07958	0.00298	0.01065
595.2	2.976	0.07959	0.00298	0.01065
595.3	2.9765	0.07959	0.00298	0.01065
595.4	2.977	0.0796	0.00298	0.01065
595.5	2.9775	0.0796	0.00298	0.01065
595.6	2.978	0.07961	0.00298	0.01065
595.7	2.9785	0.07961	0.00298	0.01065
595.8	2.979	0.07962	0.00298	0.01064
595.9	2.9795	0.07962	0.00298	0.01064
596.0	2.98	0.07963	0.00298	0.01064
596.1	2.9805	0.07963	0.00298	0.01064
596.2	2.981	0.07964	0.00298	0.01064
596.3	2.9815	0.07964	0.00298	0.01064
596.4	2.982	0.07965	0.00298	0.01064
596.5	2.9825	0.07966	0.00298	0.01064
596.6	2.983	0.07966	0.00298	0.01063
596.7	2.9835	0.07967	0.00298	0.01063
596.8	2.984	0.07967	0.00298	0.01063
596.9	2.9845	0.07968	0.00299	0.01063
597.0	2.985	0.07968	0.00299	0.01063
597.1	2.9855	0.07969	0.00299	0.01063
597.2	2.986	0.07969	0.00299	0.01063
597.3	2.9865	0.0797	0.00299	0.01063
597.4	2.987	0.0797	0.00299	0.01063
597.5	2.9875	0.07971	0.00299	0.01062
597.6	2.988	0.07971	0.00299	0.01062
597.7	2.9885	0.07972	0.00299	0.01062
597.8	2.989	0.07972	0.00299	0.01062
597.9	2.9895	0.07973	0.00299	0.01062
598.0	2.99	0.07974	0.00299	0.01062
598.1	2.9905	0.07974	0.00299	0.01062
598.2	2.991	0.07975	0.00299	0.01062
598.3	2.9915	0.07975	0.00299	0.01062
598.4	2.992	0.07976	0.00299	0.01061
598.5	2.9925	0.07976	0.00299	0.01061
598.6	2.993	0.07977	0.00299	0.01061
598.7	2.9935	0.07977	0.00299	0.01061
598.8	2.994	0.07978	0.00299	0.01061
598.9	2.9945	0.07978	0.003	0.01061
599.0	2.995	0.07979	0.003	0.01061
599.1	2.9955	0.07979	0.003	0.01061
599.2	2.996	0.0798	0.003	0.01061
599.3	2.9965	0.0798	0.003	0.0106
599.4	2.997	0.07981	0.003	0.0106
599.5	2.9975	0.07981	0.003	0.0106
599.6	2.998	0.07982	0.003	0.0106
599.7	2.9985	0.07983	0.003	0.0106
599.8	2.999	0.07983	0.003	0.0106
599.9	2.9995	0.07984	0.003	0.0106
600.0	3.0	0.07984	0.003	0.0106
600.1	3.0005	0.07985	0.003	0.0106
600.2	3.001	0.07985	0.003	0.01059
600.3	3.0015	0.07986	0.003	0.01059
600.4	3.002	0.07986	0.003	0.01059
600.5	3.0025	0.07987	0.003	0.01059
600.6	3.003	0.07987	0.003	0.01059
600.7	3.0035	0.07988	0.003	0.01059
600.8	3.004	0.07988	0.003	0.01059
600.9	3.0045	0.07989	0.00301	0.01059
601.0	3.005	0.07989	0.00301	0.01059
601.1	3.0055	0.0799	0.00301	0.01058
601.2	3.006	0.0799	0.00301	0.01058
601.3	3.0065	0.07991	0.00301	0.01058
601.4	3.007	0.07992	0.00301	0.01058
601.5	3.0075	0.07992	0.00301	0.01058
601.6	3.008	0.07993	0.00301	0.01058
601.7	3.0085	0.07993	0.00301	0.01058
601.8	3.009	0.07994	0.00301	0.01058
601.9	3.0095	0.07994	0.00301	0.01058
602.0	3.01	0.07995	0.00301	0.01058
602.1	3.0105	0.07995	0.00301	0.01057
602.2	3.011	0.07996	0.00301	0.01057
602.3	3.0115	0.07996	0.00301	0.01057
602.4	3.012	0.07997	0.00301	0.01057
602.5	3.0125	0.07997	0.00301	0.01057
602.6	3.013	0.07998	0.00301	0.01057
602.7	3.0135	0.07998	0.00301	0.01057
602.8	3.014	0.07999	0.00301	0.01057
602.9	3.0145	0.07999	0.00302	0.01057
603.0	3.015	0.08	0.00302	0.01056
603.1	3.0155	0.08001	0.00302	0.01056
603.2	3.016	0.08001	0.00302	0.01056
603.3	3.0165	0.08002	0.00302	0.01056
603.4	3.017	0.08002	0.00302	0.01056
603.5	3.0175	0.08003	0.00302	0.01056
603.6	3.018	0.08003	0.00302	0.01056
603.7	3.0185	0.08004	0.00302	0.01056
603.8	3.019	0.08004	0.00302	0.01056
603.9	3.0195	0.08005	0.00302	0.01056
604.0	3.02	0.08005	0.00302	0.01055
604.1	3.0205	0.08006	0.00302	0.01055
604.2	3.021	0.08006	0.00302	0.01055
604.3	3.0215	0.08007	0.00302	0.01055
604.4	3.022	0.08007	0.00302	0.01055
604.5	3.0225	0.08008	0.00302	0.01055
604.6	3.023	0.08008	0.00302	0.01055
604.7	3.0235	0.08009	0.00302	0.01055
604.8	3.024	0.08009	0.00302	0.01055
604.9	3.0245	0.0801	0.00303	0.01055
605.0	3.025	0.08011	0.00303	0.01054
605.1	3.0255	0.08011	0.00303	0.01054
605.2	3.026	0.08012	0.00303	0.01054
605.3	3.0265	0.08012	0.00303	0.01054
605.4	3.027	0.08013	0.00303	0.01054
605.5	3.0275	0.08013	0.00303	0.01054
605.6	3.028	0.08014	0.00303	0.01054
605.7	3.0285	0.08014	0.00303	0.01054
605.8	3.029	0.08015	0.00303	0.01054
605.9	3.0295	0.08015	0.00303	0.01054
606.0	3.03	0.08016	0.00303	0.01053
606.1	3.0305	0.08016	0.00303	0.01053
606.2	3.031	0.08017	0.00303	0.01053
606.3	3.0315	0.08017	0.00303	0.01053
606.4	3.032	0.08018	0.00303	0.01053
606.5	3.0325	0.08018	0.00303	0.01053
606.6	3.033	0.08019	0.00303	0.01053
606.7	3.0335	0.08019	0.00303	0.01053
606.8	3.034	0.0802	0.00303	0.01053
606.9	3.0345	0.08021	0.00304	0.01053
607.0	3.035	0.08021	0.00304	0.01053
607.1	3.0355	0.08022	0.00304	0.01052
607.2	3.036	0.08022	0.00304	0.01052
607.3	3.0365	0.08023	0.00304	0.01052
607.4	3.037	0.08023	0.00304	0.01052
607.5	3.0375	0.08024	0.00304	0.01052
607.6	3.038	0.08024	0.00304	0.01052
607.7	3.0385	0.08025	0.00304	0.01052
607.8	3.039	0.08025	0.00304	0.01052
607.9	3.0395	0.08026	0.00304	0.01052
608.0	3.04	0.08026	0.00304	0.01052
608.1	3.0405	0.08027	0.00304	0.01051
608.2	3.041	0.08027	0.00304	0.01051
608.3	3.0415	0.08028	0.00304	0.01051
608.4	3.042	0.08028	0.00304	0.01051
608.5	3.0425	0.08029	0.00304	0.01051
608.6	3.043	0.08029	0.00304	0.01051
608.7	3.0435	0.0803	0.00304	0.01051
608.8	3.044	0.08031	0.00304	0.01051
608.9	3.0445	0.08031	0.00305	0.01051
609.0	3.045	0.08032	0.00305	0.01051
609.1	3.0455	0.08032	0.00305	0.01051
609.2	3.046	0.08033	0.00305	0.0105
609.3	3.0465	0.08033	0.00305	0.0105
609.4	3.047	0.08034	0.00305	0.0105
609.5	3.0475	0.08034	0.00305	0.0105
609.6	3.048	0.08035	0.00305	0.0105
609.7	3.0485	0.08035	0.00305	0.0105
609.8	3.049	0.08036	0.00305	0.0105
609.9	3.0495	0.08036	0.00305	0.0105
610.0	3.05	0.08037	0.00305	0.0105
610.1	3.0505	0.08037	0.00305	0.0105
610.2	3.051	0.08038	0.00305	0.0105
610.3	3.0515	0.08038	0.00305	0.01049
610.4	3.052	0.08039	0.00305	0.01049
610.5	3.0525	0.08039	0.00305	0.01049
610.6	3.053	0.0804	0.00305	0.01049
610.7	3.0535	0.08041	0.00305	0.01049
610.8	3.054	0.08041	0.00305	0.01049
610.9	3.0545	0.08042	0.00306	0.01049
611.0	3.055	0.08042	0.00306	0.01049
611.1	3.0555	0.08043	0.00306	0.01049
611.2	3.056	0.08043	0.00306	0.01049
611.3	3.0565	0.08044	0.00306	0.01049
611.4	3.057	0.08044	0.00306	0.01048
611.5	3.0575	0.08045	0.00306	0.01048
611.6	3.058	0.08045	0.00306	0.01048
611.7	3.0585	0.08046	0.00306	0.01048
611.8	3.059	0.08046	0.00306	0.01048
611.9	3.0595	0.08047	0.00306	0.01048
612.0	3.06	0.08047	0.00306	0.01048
612.1	3.0605	0.08048	0.00306	0.01048
612.2	3.061	0.08048	0.00306	0.01048
612.3	3.0615	0.08049	0.00306	0.01048
612.4	3.062	0.08049	0.00306	0.01048
612.5	3.0625	0.0805	0.00306	0.01048
612.6	3.063	0.0805	0.00306	0.01047
612.7	3.0635	0.08051	0.00306	0.01047
612.8	3.064	0.08052	0.00306	0.01047
612.9	3.0645	0.08052	0.00307	0.01047
613.0	3.065	0.08053	0.00307	0.01047
613.1	3.0655	0.08053	0.00307	0.01047
613.2	3.066	0.08054	0.00307	0.01047
613.3	3.0665	0.08054	0.00307	0.01047
613.4	3.067	0.08055	0.00307	0.01047
613.5	3.0675	0.08055	0.00307	0.01047
613.6	3.068	0.08056	0.00307	0.01047
613.7	3.0685	0.08056	0.00307	0.01047
613.8	3.069	0.08057	0.00307	0.01046
613.9	3.0695	0.08057	0.00307	0.01046
614.0	3.07	0.08058	0.00307	0.01046
614.1	3.0705	0.08058	0.00307	0.01046
614.2	3.071	0.08059	0.00307	0.01046
614.3	3.0715	0.08059	0.00307	0.01046
614.4	3.072	0.0806	0.00307	0.01046
614.5	3.0725	0.0806	0.00307	0.01046
614.6	3.073	0.08061	0.00307	0.01046
614.7	3.0735	0.08061	0.00307	0.01046
614.8	3.074	0.08062	0.00307	0.01046
614.9	3.0745	0.08062	0.00308	0.01045
615.0	3.075	0.08063	0.00308	0.01045
615.1	3.0755	0.08064	0.00308	0.01045
615.2	3.076	0.08064	0.00308	0.01045
615.3	3.0765	0.08065	0.00308	0.01045
615.4	3.077	0.08065	0.00308	0.01045
615.5	3.0775	0.08066	0.00308	0.01045
615.6	3.078	0.08066	0.00308	0.01045
615.7	3.0785	0.08067	0.00308	0.01045
615.8	3.079	0.08067	0.00308	0.01045
615.9	3.0795	0.08068	0.00308	0.01045
616.0	3.08	0.08068	0.00308	0.01045
616.1	3.0805	0.08069	0.00308	0.01045
616.2	3.081	0.08069	0.00308	0.01044
616.3	3.0815	0.0807	0.00308	0.01044
616.4	3.082	0.0807	0.00308	0.01044
616.5	3.0825	0.08071	0.00308	0.01044
616.6	3.083	0.08071	0.00308	0.01044
616.7	3.0835	0.08072	0.00308	0.01044
616.8	3.084	0.08072	0.00308	0.01044
616.9	3.0845	0.08073	0.00309	0.01044
617.0	3.085	0.08073	0.00309	0.01044
617.1	3.0855	0.08074	0.00309	0.01044
617.2	3.086	0.08075	0.00309	0.01044
617.3	3.0865	0.08075	0.00309	0.01044
617.4	3.087	0.08076	0.00309	0.01043
617.5	3.0875	0.08076	0.00309	0.01043
617.6	3.088	0.08077	0.00309	0.01043
617.7	3.0885	0.08077	0.00309	0.01043
617.8	3.089	0.08078	0.00309	0.01043
617.9	3.0895	0.08078	0.00309	0.01043
618.0	3.09	0.08079	0.00309	0.01043
618.1	3.0905	0.08079	0.00309	0.01043
618.2	3.091	0.0808	0.00309	0.01043
618.3	3.0915	0.0808	0.00309	0.01043
618.4	3.092	0.08081	0.00309	0.01043
618.5	3.0925	0.08081	0.00309	0.01043
618.6	3.093	0.08082	0.00309	0.01043
618.7	3.0935	0.08082	0.00309	0.01042
618.8	3.094	0.08083	0.00309	0.01042
618.9	3.0945	0.08083	0.0031	0.01042
619.0	3.095	0.08084	0.0031	0.01042
619.1	3.0955	0.08084	0.0031	0.01042
619.2	3.096	0.08085	0.0031	0.01042
619.3	3.0965	0.08085	0.0031	0.01042
619.4	3.097	0.08086	0.0031	0.01042
619.5	3.0975	0.08087	0.0031	0.01042
619.6	3.098	0.08087	0.0031	0.01042
619.7	3.0985	0.08088	0.0031	0.01042
619.8	3.099	0.08088	0.0031	0.01042
619.9	3.0995	0.08089	0.0031	0.01042
620.0	3.1	0.08089	0.0031	0.01041
620.1	3.1005	0.0809	0.0031	0.01041
620.2	3.101	0.0809	0.0031	0.01041
620.3	3.1015	0.08091	0.0031	0.01041
620.4	3.102	0.08091	0.0031	0.01041
620.5	3.1025	0.08092	0.0031	0.01041
620.6	3.103	0.08092	0.0031	0.01041
620.7	3.1035	0.08093	0.0031	0.01041
620.8	3.104	0.08093	0.0031	0.01041
620.9	3.1045	0.08094	0.00311	0.01041
621.0	3.105	0.08094	0.00311	0.01041
621.1	3.1055	0.08095	0.00311	0.01041
621.2	3.106	0.08095	0.00311	0.01041
621.3	3.1065	0.08096	0.00311	0.01041
621.4	3.107	0.08096	0.00311	0.0104
621.5	3.1075	0.08097	0.00311	0.0104
621.6	3.108	0.08097	0.00311	0.0104
621.7	3.1085	0.08098	0.00311	0.0104
621.8	3.109	0.08098	0.00311	0.0104
621.9	3.1095	0.08099	0.00311	0.0104
622.0	3.11	0.081	0.00311	0.0104
622.1	3.1105	0.081	0.00311	0.0104
622.2	3.111	0.08101	0.00311	0.0104
622.3	3.1115	0.08101	0.00311	0.0104
622.4	3.112	0.08102	0.00311	0.0104
622.5	3.1125	0.08102	0.00311	0.0104
622.6	3.113	0.08103	0.00311	0.0104
622.7	3.1135	0.08103	0.00311	0.01039
622.8	3.114	0.08104	0.00311	0.01039
622.9	3.1145	0.08104	0.00312	0.01039
623.0	3.115	0.08105	0.00312	0.01039
623.1	3.1155	0.08105	0.00312	0.01039
623.2	3.116	0.08106	0.00312	0.01039
623.3	3.1165	0.08106	0.00312	0.01039
623.4	3.117	0.08107	0.00312	0.01039
623.5	3.1175	0.08107	0.00312	0.01039
623.6	3.118	0.08108	0.00312	0.01039
623.7	3.1185	0.08108	0.00312	0.01039
623.8	3.119	0.08109	0.00312	0.01039
623.9	3.1195	0.08109	0.00312	0.01039
624.0	3.12	0.0811	0.00312	0.01039
624.1	3.1205	0.0811	0.00312	0.01038
624.2	3.121	0.08111	0.00312	0.01038
624.3	3.1215	0.08111	0.00312	0.01038
624.4	3.122	0.08112	0.00312	0.01038
624.5	3.1225	0.08113	0.00312	0.01038
624.6	3.123	0.08113	0.00312	0.01038
624.7	3.1235	0.08114	0.00312	0.01038
624.8	3.124	0.08114	0.00312	0.01038
624.9	3.1245	0.08115	0.00313	0.01038
625.0	3.125	0.08115	0.00313	0.01038
625.1	3.1255	0.08116	0.00313	0.01038
625.2	3.126	0.08116	0.00313	0.01038
625.3	3.1265	0.08117	0.00313	0.01038
625.4	3.127	0.08117	0.00313	0.01038
625.5	3.1275	0.08118	0.00313	0.01038
625.6	3.128	0.08118	0.00313	0.01037
625.7	3.1285	0.08119	0.00313	0.01037
625.8	3.129	0.08119	0.00313	0.01037
625.9	3.1295	0.0812	0.00313	0.01037
626.0	3.13	0.0812	0.00313	0.01037
626.1	3.1305	0.08121	0.00313	0.01037
626.2	3.131	0.08121	0.00313	0.01037
626.3	3.1315	0.08122	0.00313	0.01037
626.4	3.132	0.08122	0.00313	0.01037
626.5	3.1325	0.08123	0.00313	0.01037
626.6	3.133	0.08123	0.00313	0.01037
626.7	3.1335	0.08124	0.00313	0.01037
626.8	3.134	0.08124	0.00313	0.01037
626.9	3.1345	0.08125	0.00314	0.01037
627.0	3.135	0.08125	0.00314	0.01037
627.1	3.1355	0.08126	0.00314	0.01036
627.2	3.136	0.08127	0.00314	0.01036
627.3	3.1365	0.08127	0.00314	0.01036
627.4	3.137	0.08128	0.00314	0.01036
627.5	3.1375	0.08128	0.00314	0.01036
627.6	3.138	0.08129	0.00314	0.01036
627.7	3.1385	0.08129	0.00314	0.01036
627.8	3.139	0.0813	0.00314	0.01036
627.9	3.1395	0.0813	0.00314	0.01036
628.0	3.14	0.08131	0.00314	0.01036
628.1	3.1405	0.08131	0.00314	0.01036
628.2	3.141	0.08132	0.00314	0.01036
628.3	3.1415	0.08132	0.00314	0.01036
628.4	3.142	0.08133	0.00314	0.01036
628.5	3.1425	0.08133	0.00314	0.01036
628.6	3.143	0.08134	0.00314	0.01035
628.7	3.1435	0.08134	0.00314	0.01035
628.8	3.144	0.08135	0.00314	0.01035
628.9	3.1445	0.08135	0.00315	0.01035
629.0	3.145	0.08136	0.00315	0.01035
629.1	3.1455	0.08136	0.00315	0.01035
629.2	3.146	0.08137	0.00315	0.01035
629.3	3.1465	0.08137	0.00315	0.01035
629.4	3.147	0.08138	0.00315	0.01035
629.5	3.1475	0.08138	0.00315	0.01035
629.6	3.148	0.08139	0.00315	0.01035
629.7	3.1485	0.08139	0.00315	0.01035
629.8	3.149	0.0814	0.00315	0.01035
629.9	3.1495	0.0814	0.00315	0.01035
630.0	3.15	0.08141	0.00315	0.01035
630.1	3.1505	0.08142	0.00315	0.01035
630.2	3.151	0.08142	0.00315	0.01034
630.3	3.1515	0.08143	0.00315	0.01034
630.4	3.152	0.08143	0.00315	0.01034
630.5	3.1525	0.08144	0.00315	0.01034
630.6	3.153	0.08144	0.00315	0.01034
630.7	3.1535	0.08145	0.00315	0.01034
630.8	3.154	0.08145	0.00315	0.01034
630.9	3.1545	0.08146	0.00316	0.01034
631.0	3.155	0.08146	0.00316	0.01034
631.1	3.1555	0.08147	0.00316	0.01034
631.2	3.156	0.08147	0.00316	0.01034
631.3	3.1565	0.08148	0.00316	0.01034
631.4	3.157	0.08148	0.00316	0.01034
631.5	3.1575	0.08149	0.00316	0.01034
631.6	3.158	0.08149	0.00316	0.01034
631.7	3.1585	0.0815	0.00316	0.01034
631.8	3.159	0.0815	0.00316	0.01033
631.9	3.1595	0.08151	0.00316	0.01033
632.0	3.16	0.08151	0.00316	0.01033
632.1	3.1605	0.08152	0.00316	0.01033
632.2	3.161	0.08152	0.00316	0.01033
632.3	3.1615	0.08153	0.00316	0.01033
632.4	3.162	0.08153	0.00316	0.01033
632.5	3.1625	0.08154	0.00316	0.01033
632.6	3.163	0.08154	0.00316	0.01033
632.7	3.1635	0.08155	0.00316	0.01033
632.8	3.164	0.08155	0.00316	0.01033
632.9	3.1645	0.08156	0.00317	0.01033
633.0	3.165	0.08157	0.00317	0.01033
633.1	3.1655	0.08157	0.00317	0.01033
633.2	3.166	0.08158	0.00317	0.01033
633.3	3.1665	0.08158	0.00317	0.01033
633.4	3.167	0.08159	0.00317	0.01033
633.5	3.1675	0.08159	0.00317	0.01032
633.6	3.168	0.0816	0.00317	0.01032
633.7	3.1685	0.0816	0.00317	0.01032
633.8	3.169	0.08161	0.00317	0.01032
633.9	3.1695	0.08161	0.00317	0.01032
634.0	3.17	0.08162	0.00317	0.01032
634.1	3.1705	0.08162	0.00317	0.01032
634.2	3.171	0.08163	0.00317	0.01032
634.3	3.1715	0.08163	0.00317	0.01032
634.4	3.172	0.08164	0.00317	0.01032
634.5	3.1725	0.08164	0.00317	0.01032
634.6	3.173	0.08165	0.00317	0.01032
634.7	3.1735	0.08165	0.00317	0.01032
634.8	3.174	0.08166	0.00317	0.01032
634.9	3.1745	0.08166	0.00318	0.01032
635.0	3.175	0.08167	0.00318	0.01032
635.1	3.1755	0.08167	0.00318	0.01032
635.2	3.176	0.08168	0.00318	0.01031
635.3	3.1765	0.08168	0.00318	0.01031
635.4	3.177	0.08169	0.00318	0.01031
635.5	3.1775	0.08169	0.00318	0.01031
635.6	3.178	0.0817	0.00318	0.01031
635.7	3.1785	0.0817	0.00318	0.01031
635.8	3.179	0.08171	0.00318	0.01031
635.9	3.1795	0.08171	0.00318	0.01031
636.0	3.18	0.08172	0.00318	0.01031
636.1	3.1805	0.08172	0.00318	0.01031
636.2	3.181	0.08173	0.00318	0.01031
636.3	3.1815	0.08174	0.00318	0.01031
636.4	3.182	0.08174	0.00318	0.01031
636.5	3.1825	0.08175	0.00318	0.01031
636.6	3.183	0.08175	0.00318	0.01031
636.7	3.1835	0.08176	0.00318	0.01031
636.8	3.184	0.08176	0.00318	0.01031
636.9	3.1845	0.08177	0.00319	0.0103
637.0	3.185	0.08177	0.00319	0.0103
637.1	3.1855	0.08178	0.00319	0.0103
637.2	3.186	0.08178	0.00319	0.0103
637.3	3.1865	0.08179	0.00319	0.0103
637.4	3.187	0.08179	0.00319	0.0103
637.5	3.1875	0.0818	0.00319	0.0103
637.6	3.188	0.0818	0.00319	0.0103
637.7	3.1885	0.08181	0.00319	0.0103
637.8	3.189	0.08181	0.00319	0.0103
637.9	3.1895	0.08182	0.00319	0.0103
638.0	3.19	0.08182	0.00319	0.0103
638.1	3.1905	0.08183	0.00319	0.0103
638.2	3.191	0.08183	0.00319	0.0103
638.3	3.1915	0.08184	0.00319	0.0103
638.4	3.192	0.08184	0.00319	0.0103
638.5	3.1925	0.08185	0.00319	0.0103
638.6	3.193	0.08185	0.00319	0.0103
638.7	3.1935	0.08186	0.00319	0.0103
638.8	3.194	0.08186	0.00319	0.01029
638.9	3.1945	0.08187	0.0032	0.01029
639.0	3.195	0.08187	0.0032	0.01029
639.1	3.1955	0.08188	0.0032	0.01029
639.2	3.196	0.08188	0.0032	0.01029
639.3	3.1965	0.08189	0.0032	0.01029
639.4	3.197	0.08189	0.0032	0.01029
639.5	3.1975	0.0819	0.0032	0.01029
639.6	3.198	0.08191	0.0032	0.01029
639.7	3.1985	0.08191	0.0032	0.01029
639.8	3.199	0.08192	0.0032	0.01029
639.9	3.1995	0.08192	0.0032	0.01029
640.0	3.2	0.08193	0.0032	0.01029
640.1	3.2005	0.08193	0.0032	0.01029
640.2	3.201	0.08194	0.0032	0.01029
640.3	3.2015	0.08194	0.0032	0.01029
640.4	3.202	0.08195	0.0032	0.01029
640.5	3.2025	0.08195	0.0032	0.01029
640.6	3.203	0.08196	0.0032	0.01029
640.7	3.2035	0.08196	0.0032	0.01028
640.8	3.204	0.08197	0.0032	0.01028
640.9	3.2045	0.08197	0.00321	0.01028
641.0	3.205	0.08198	0.00321	0.01028
641.1	3.2055	0.08198	0.00321	0.01028
641.2	3.206	0.08199	0.00321	0.01028
641.3	3.2065	0.08199	0.00321	0.01028
641.4	3.207	0.082	0.00321	0.01028
641.5	3.2075	0.082	0.00321	0.01028
641.6	3.208	0.08201	0.00321	0.01028
641.7	3.2085	0.08201	0.00321	0.01028
641.8	3.209	0.08202	0.00321	0.01028
641.9	3.2095	0.08202	0.00321	0.01028
642.0	3.21	0.08203	0.00321	0.01028
642.1	3.2105	0.08203	0.00321	0.01028
642.2	3.211	0.08204	0.00321	0.01028
642.3	3.2115	0.08204	0.00321	0.01028
642.4	3.212	0.08205	0.00321	0.01028
642.5	3.2125	0.08205	0.00321	0.01028
642.6	3.213	0.08206	0.00321	0.01027
642.7	3.2135	0.08206	0.00321	0.01027
642.8	3.214	0.08207	0.00321	0.01027
642.9	3.2145	0.08207	0.00322	0.01027
643.0	3.215	0.08208	0.00322	0.01027
643.1	3.2155	0.08209	0.00322	0.01027
643.2	3.216	0.08209	0.00322	0.01027
643.3	3.2165	0.0821	0.00322	0.01027
643.4	3.217	0.0821	0.00322	0.01027
643.5	3.2175	0.08211	0.00322	0.01027
643.6	3.218	0.08211	0.00322	0.01027
643.7	3.2185	0.08212	0.00322	0.01027
643.8	3.219	0.08212	0.00322	0.01027
643.9	3.2195	0.08213	0.00322	0.01027
644.0	3.22	0.08213	0.00322	0.01027
644.1	3.2205	0.08214	0.00322	0.01027
644.2	3.221	0.08214	0.00322	0.01027
644.3	3.2215	0.08215	0.00322	0.01027
644.4	3.222	0.08215	0.00322	0.01027
644.5	3.2225	0.08216	0.00322	0.01027
644.6	3.223	0.08216	0.00322	0.01027
644.7	3.2235	0.08217	0.00322	0.01026
644.8	3.224	0.08217	0.00322	0.01026
644.9	3.2245	0.08218	0.00323	0.01026
645.0	3.225	0.08218	0.00323	0.01026
645.1	3.2255	0.08219	0.00323	0.01026
645.2	3.226	0.08219	0.00323	0.01026
645.3	3.2265	0.0822	0.00323	0.01026
645.4	3.227	0.0822	0.00323	0.01026
645.5	3.2275	0.08221	0.00323	0.01026
645.6	3.228	0.08221	0.00323	0.01026
645.7	3.2285	0.08222	0.00323	0.01026
645.8	3.229	0.08222	0.00323	0.01026
645.9	3.2295	0.08223	0.00323	0.01026
646.0	3.23	0.08223	0.00323	0.01026
646.1	3.2305	0.08224	0.00323	0.01026
646.2	3.231	0.08224	0.00323	0.01026
646.3	3.2315	0.08225	0.00323	0.01026
646.4	3.232	0.08225	0.00323	0.01026
646.5	3.2325	0.08226	0.00323	0.01026
646.6	3.233	0.08226	0.00323	0.01026
646.7	3.2335	0.08227	0.00323	0.01026
646.8	3.234	0.08228	0.00323	0.01025
646.9	3.2345	0.08228	0.00324	0.01025
647.0	3.235	0.08229	0.00324	0.01025
647.1	3.2355	0.08229	0.00324	0.01025
647.2	3.236	0.0823	0.00324	0.01025
647.3	3.2365	0.0823	0.00324	0.01025
647.4	3.237	0.08231	0.00324	0.01025
647.5	3.2375	0.08231	0.00324	0.01025
647.6	3.238	0.08232	0.00324	0.01025
647.7	3.2385	0.08232	0.00324	0.01025
647.8	3.239	0.08233	0.00324	0.01025
647.9	3.2395	0.08233	0.00324	0.01025
648.0	3.24	0.08234	0.00324	0.01025
648.1	3.2405	0.08234	0.00324	0.01025
648.2	3.241	0.08235	0.00324	0.01025
648.3	3.2415	0.08235	0.00324	0.01025
648.4	3.242	0.08236	0.00324	0.01025
648.5	3.2425	0.08236	0.00324	0.01025
648.6	3.243	0.08237	0.00324	0.01025
648.7	3.2435	0.08237	0.00324	0.01025
648.8	3.244	0.08238	0.00324	0.01025
648.9	3.2445	0.08238	0.00325	0.01025
649.0	3.245	0.08239	0.00325	0.01024
649.1	3.2455	0.08239	0.00325	0.01024
649.2	3.246	0.0824	0.00325	0.01024
649.3	3.2465	0.0824	0.00325	0.01024
649.4	3.247	0.08241	0.00325	0.01024
649.5	3.2475	0.08241	0.00325	0.01024
649.6	3.248	0.08242	0.00325	0.01024
649.7	3.2485	0.08242	0.00325	0.01024
649.8	3.249	0.08243	0.00325	0.01024
649.9	3.2495	0.08243	0.00325	0.01024
650.0	3.25	0.08244	0.00325	0.01024
650.1	3.2505	0.08244	0.00325	0.01024
650.2	3.251	0.08245	0.00325	0.01024
650.3	3.2515	0.08245	0.00325	0.01024
650.4	3.252	0.08246	0.00325	0.01024
650.5	3.2525	0.08246	0.00325	0.01024
650.6	3.253	0.08247	0.00325	0.01024
650.7	3.2535	0.08247	0.00325	0.01024
650.8	3.254	0.08248	0.00325	0.01024
650.9	3.2545	0.08249	0.00326	0.01024
651.0	3.255	0.08249	0.00326	0.01024
651.1	3.2555	0.0825	0.00326	0.01024
651.2	3.256	0.0825	0.00326	0.01024
651.3	3.2565	0.08251	0.00326	0.01023
651.4	3.257	0.08251	0.00326	0.01023
651.5	3.2575	0.08252	0.00326	0.01023
651.6	3.258	0.08252	0.00326	0.01023
651.7	3.2585	0.08253	0.00326	0.01023
651.8	3.259	0.08253	0.00326	0.01023
651.9	3.2595	0.08254	0.00326	0.01023
652.0	3.26	0.08254	0.00326	0.01023
652.1	3.2605	0.08255	0.00326	0.01023
652.2	3.261	0.08255	0.00326	0.01023
652.3	3.2615	0.08256	0.00326	0.01023
652.4	3.262	0.08256	0.00326	0.01023
652.5	3.2625	0.08257	0.00326	0.01023
652.6	3.263	0.08257	0.00326	0.01023
652.7	3.2635	0.08258	0.00326	0.01023
652.8	3.264	0.08258	0.00326	0.01023
652.9	3.2645	0.08259	0.00327	0.01023
653.0	3.265	0.08259	0.00327	0.01023
653.1	3.2655	0.0826	0.00327	0.01023
653.2	3.266	0.0826	0.00327	0.01023
653.3	3.2665	0.08261	0.00327	0.01023
653.4	3.267	0.08261	0.00327	0.01023
653.5	3.2675	0.08262	0.00327	0.01023
653.6	3.268	0.08262	0.00327	0.01023
653.7	3.2685	0.08263	0.00327	0.01022
653.8	3.269	0.08263	0.00327	0.01022
653.9	3.2695	0.08264	0.00327	0.01022
654.0	3.27	0.08264	0.00327	0.01022
654.1	3.2705	0.08265	0.00327	0.01022
654.2	3.271	0.08265	0.00327	0.01022
654.3	3.2715	0.08266	0.00327	0.01022
654.4	3.272	0.08266	0.00327	0.01022
654.5	3.2725	0.08267	0.00327	0.01022
654.6	3.273	0.08267	0.00327	0.01022
654.7	3.2735	0.08268	0.00327	0.01022
654.8	3.274	0.08268	0.00327	0.01022
654.9	3.2745	0.08269	0.00328	0.01022
655.0	3.275	0.08269	0.00328	0.01022
655.1	3.2755	0.0827	0.00328	0.01022
655.2	3.276	0.0827	0.00328	0.01022
655.3	3.2765	0.08271	0.00328	0.01022
655.4	3.277	0.08272	0.00328	0.01022
655.5	3.2775	0.08272	0.00328	0.01022
655.6	3.278	0.08273	0.00328	0.01022
655.7	3.2785	0.08273	0.00328	0.01022
655.8	3.279	0.08274	0.00328	0.01022
655.9	3.2795	0.08274	0.00328	0.01022
656.0	3.28	0.08275	0.00328	0.01022
656.1	3.2805	0.08275	0.00328	0.01022
656.2	3.281	0.08276	0.00328	0.01021
656.3	3.2815	0.08276	0.00328	0.01021
656.4	3.282	0.08277	0.00328	0.01021
656.5	3.2825	0.08277	0.00328	0.01021
656.6	3.283	0.08278	0.00328	0.01021
656.7	3.2835	0.08278	0.00328	0.01021
656.8	3.284	0.08279	0.00328	0.01021
656.9	3.2845	0.08279	0.00329	0.01021
657.0	3.285	0.0828	0.00329	0.01021
657.1	3.2855	0.0828	0.00329	0.01021
657.2	3.286	0.08281	0.00329	0.01021
657.3	3.2865	0.08281	0.00329	0.01021
657.4	3.287	0.08282	0.00329	0.01021
657.5	3.2875	0.08282	0.00329	0.01021
657.6	3.288	0.08283	0.00329	0.01021
657.7	3.2885	0.08283	0.00329	0.01021
657.8	3.289	0.08284	0.00329	0.01021
657.9	3.2895	0.08284	0.00329	0.01021
658.0	3.29	0.08285	0.00329	0.01021
658.1	3.2905	0.08285	0.00329	0.01021
658.2	3.291	0.08286	0.00329	0.01021
658.3	3.2915	0.08286	0.00329	0.01021
658.4	3.292	0.08287	0.00329	0.01021
658.5	3.2925	0.08287	0.00329	0.01021
658.6	3.293	0.08288	0.00329	0.01021
658.7	3.2935	0.08288	0.00329	0.01021
658.8	3.294	0.08289	0.00329	0.0102
658.9	3.2945	0.08289	0.0033	0.0102
659.0	3.295	0.0829	0.0033	0.0102
659.1	3.2955	0.0829	0.0033	0.0102
659.2	3.296	0.08291	0.0033	0.0102
659.3	3.2965	0.08291	0.0033	0.0102
659.4	3.297	0.08292	0.0033	0.0102
659.5	3.2975	0.08292	0.0033	0.0102
659.6	3.298	0.08293	0.0033	0.0102
659.7	3.2985	0.08293	0.0033	0.0102
659.8	3.299	0.08294	0.0033	0.0102
659.9	3.2995	0.08294	0.0033	0.0102
660.0	3.3	0.08295	0.0033	0.0102
660.1	3.3005	0.08296	0.0033	0.0102
660.2	3.301	0.08296	0.0033	0.0102
660.3	3.3015	0.08297	0.0033	0.0102
660.4	3.302	0.08297	0.0033	0.0102
660.5	3.3025	0.08298	0.0033	0.0102
660.6	3.303	0.08298	0.0033	0.0102
660.7	3.3035	0.08299	0.0033	0.0102
660.8	3.304	0.08299	0.0033	0.0102
660.9	3.3045	0.083	0.00331	0.0102
661.0	3.305	0.083	0.00331	0.0102
661.1	3.3055	0.08301	0.00331	0.0102
661.2	3.306	0.08301	0.00331	0.0102
661.3	3.3065	0.08302	0.00331	0.0102
661.4	3.307	0.08302	0.00331	0.0102
661.5	3.3075	0.08303	0.00331	0.0102
661.6	3.308	0.08303	0.00331	0.01019
661.7	3.3085	0.08304	0.00331	0.01019
661.8	3.309	0.08304	0.00331	0.01019
661.9	3.3095	0.08305	0.00331	0.01019
662.0	3.31	0.08305	0.00331	0.01019
662.1	3.3105	0.08306	0.00331	0.01019
662.2	3.311	0.08306	0.00331	0.01019
662.3	3.3115	0.08307	0.00331	0.01019
662.4	3.312	0.08307	0.00331	0.01019
662.5	3.3125	0.08308	0.00331	0.01019
662.6	3.313	0.08308	0.00331	0.01019
662.7	3.3135	0.08309	0.00331	0.01019
662.8	3.314	0.08309	0.00331	0.01019
662.9	3.3145	0.0831	0.00332	0.01019
663.0	3.315	0.0831	0.00332	0.01019
663.1	3.3155	0.08311	0.00332	0.01019
663.2	3.316	0.08311	0.00332	0.01019
663.3	3.3165	0.08312	0.00332	0.01019
663.4	3.317	0.08312	0.00332	0.01019
663.5	3.3175	0.08313	0.00332	0.01019
663.6	3.318	0.08313	0.00332	0.01019
663.7	3.3185	0.08314	0.00332	0.01019
663.8	3.319	0.08314	0.00332	0.01019
663.9	3.3195	0.08315	0.00332	0.01019
664.0	3.32	0.08315	0.00332	0.01019
664.1	3.3205	0.08316	0.00332	0.01019
664.2	3.321	0.08316	0.00332	0.01019
664.3	3.3215	0.08317	0.00332	0.01019
664.4	3.322	0.08317	0.00332	0.01018
664.5	3.3225	0.08318	0.00332	0.01018
664.6	3.323	0.08318	0.00332	0.01018
664.7	3.3235	0.08319	0.00332	0.01018
664.8	3.324	0.08319	0.00332	0.01018
664.9	3.3245	0.0832	0.00333	0.01018
665.0	3.325	0.0832	0.00333	0.01018
665.1	3.3255	0.08321	0.00333	0.01018
665.2	3.326	0.08321	0.00333	0.01018
665.3	3.3265	0.08322	0.00333	0.01018
665.4	3.327	0.08323	0.00333	0.01018
665.5	3.3275	0.08323	0.00333	0.01018
665.6	3.328	0.08324	0.00333	0.01018
665.7	3.3285	0.08324	0.00333	0.01018
665.8	3.329	0.08325	0.00333	0.01018
665.9	3.3295	0.08325	0.00333	0.01018
666.0	3.33	0.08326	0.00333	0.01018
666.1	3.3305	0.08326	0.00333	0.01018
666.2	3.331	0.08327	0.00333	0.01018
666.3	3.3315	0.08327	0.00333	0.01018
666.4	3.332	0.08328	0.00333	0.01018
666.5	3.3325	0.08328	0.00333	0.01018
666.6	3.333	0.08329	0.00333	0.01018
666.7	3.3335	0.08329	0.00333	0.01018
666.8	3.334	0.0833	0.00333	0.01018
666.9	3.3345	0.0833	0.00334	0.01018
667.0	3.335	0.08331	0.00334	0.01018
667.1	3.3355	0.08331	0.00334	0.01018
667.2	3.336	0.08332	0.00334	0.01018
667.3	3.3365	0.08332	0.00334	0.01018
667.4	3.337	0.08333	0.00334	0.01018
667.5	3.3375	0.08333	0.00334	0.01017
667.6	3.338	0.08334	0.00334	0.01017
667.7	3.3385	0.08334	0.00334	0.01017
667.8	3.339	0.08335	0.00334	0.01017
667.9	3.3395	0.08335	0.00334	0.01017
668.0	3.34	0.08336	0.00334	0.01017
668.1	3.3405	0.08336	0.00334	0.01017
668.2	3.341	0.08337	0.00334	0.01017
668.3	3.3415	0.08337	0.00334	0.01017
668.4	3.342	0.08338	0.00334	0.01017
668.5	3.3425	0.08338	0.00334	0.01017
668.6	3.343	0.08339	0.00334	0.01017
668.7	3.3435	0.08339	0.00334	0.01017
668.8	3.344	0.0834	0.00334	0.01017
668.9	3.3445	0.0834	0.00335	0.01017
669.0	3.345	0.08341	0.00335	0.01017
669.1	3.3455	0.08341	0.00335	0.01017
669.2	3.346	0.08342	0.00335	0.01017
669.3	3.3465	0.08342	0.00335	0.01017
669.4	3.347	0.08343	0.00335	0.01017
669.5	3.3475	0.08343	0.00335	0.01017
669.6	3.348	0.08344	0.00335	0.01017
669.7	3.3485	0.08344	0.00335	0.01017
669.8	3.349	0.08345	0.00335	0.01017
669.9	3.3495	0.08345	0.00335	0.01017
670.0	3.35	0.08346	0.00335	0.01017
670.1	3.3505	0.08346	0.00335	0.01017
670.2	3.351	0.08347	0.00335	0.01017
670.3	3.3515	0.08347	0.00335	0.01017
670.4	3.352	0.08348	0.00335	0.01017
670.5	3.3525	0.08348	0.00335	0.01017
670.6	3.353	0.08349	0.00335	0.01017
670.7	3.3535	0.08349	0.00335	0.01016
670.8	3.354	0.0835	0.00335	0.01016
670.9	3.3545	0.0835	0.00336	0.01016
671.0	3.355	0.08351	0.00336	0.01016
671.1	3.3555	0.08352	0.00336	0.01016
671.2	3.356	0.08352	0.00336	0.01016
671.3	3.3565	0.08353	0.00336	0.01016
671.4	3.357	0.08353	0.00336	0.01016
671.5	3.3575	0.08354	0.00336	0.01016
671.6	3.358	0.08354	0.00336	0.01016
671.7	3.3585	0.08355	0.00336	0.01016
671.8	3.359	0.08355	0.00336	0.01016
671.9	3.3595	0.08356	0.00336	0.01016
672.0	3.36	0.08356	0.00336	0.01016
672.1	3.3605	0.08357	0.00336	0.01016
672.2	3.361	0.08357	0.00336	0.01016
672.3	3.3615	0.08358	0.00336	0.01016
672.4	3.362	0.08358	0.00336	0.01016
672.5	3.3625	0.08359	0.00336	0.01016
672.6	3.363	0.08359	0.00336	0.01016
672.7	3.3635	0.0836	0.00336	0.01016
672.8	3.364	0.0836	0.00336	0.01016
672.9	3.3645	0.08361	0.00337	0.01016
673.0	3.365	0.08361	0.00337	0.01016
673.1	3.3655	0.08362	0.00337	0.01016
673.2	3.366	0.08362	0.00337	0.01016
673.3	3.3665	0.08363	0.00337	0.01016
673.4	3.367	0.08363	0.00337	0.01016
673.5	3.3675	0.08364	0.00337	0.01016
673.6	3.368	0.08364	0.00337	0.01016
673.7	3.3685	0.08365	0.00337	0.01016
673.8	3.369	0.08365	0.00337	0.01016
673.9	3.3695	0.08366	0.00337	0.01016
674.0	3.37	0.08366	0.00337	0.01016
674.1	3.3705	0.08367	0.00337	0.01016
674.2	3.371	0.08367	0.00337	0.01015
674.3	3.3715	0.08368	0.00337	0.01015
674.4	3.372	0.08368	0.00337	0.01015
674.5	3.3725	0.08369	0.00337	0.01015
674.6	3.373	0.08369	0.00337	0.01015
674.7	3.3735	0.0837	0.00337	0.01015
674.8	3.374	0.0837	0.00337	0.01015
674.9	3.3745	0.08371	0.00338	0.01015
675.0	3.375	0.08371	0.00338	0.01015
675.1	3.3755	0.08372	0.00338	0.01015
675.2	3.376	0.08372	0.00338	0.01015
675.3	3.3765	0.08373	0.00338	0.01015
675.4	3.377	0.08373	0.00338	0.01015
675.5	3.3775	0.08374	0.00338	0.01015
675.6	3.378	0.08374	0.00338	0.01015
675.7	3.3785	0.08375	0.00338	0.01015
675.8	3.379	0.08375	0.00338	0.01015
675.9	3.3795	0.08376	0.00338	0.01015
676.0	3.38	0.08376	0.00338	0.01015
676.1	3.3805	0.08377	0.00338	0.01015
676.2	3.381	0.08377	0.00338	0.01015
676.3	3.3815	0.08378	0.00338	0.01015
676.4	3.382	0.08378	0.00338	0.01015
676.5	3.3825	0.08379	0.00338	0.01015
676.6	3.383	0.08379	0.00338	0.01015
676.7	3.3835	0.0838	0.00338	0.01015
676.8	3.384	0.0838	0.00338	0.01015
676.9	3.3845	0.08381	0.00339	0.01015
677.0	3.385	0.08381	0.00339	0.01015
677.1	3.3855	0.08382	0.00339	0.01015
677.2	3.386	0.08382	0.00339	0.01015
677.3	3.3865	0.08383	0.00339	0.01015
677.4	3.387	0.08383	0.00339	0.01015
677.5	3.3875	0.08384	0.00339	0.01015
677.6	3.388	0.08385	0.00339	0.01015
677.7	3.3885	0.08385	0.00339	0.01015
677.8	3.389	0.08386	0.00339	0.01014
677.9	3.3895	0.08386	0.00339	0.01014
678.0	3.39	0.08387	0.00339	0.01014
678.1	3.3905	0.08387	0.00339	0.01014
678.2	3.391	0.08388	0.00339	0.01014
678.3	3.3915	0.08388	0.00339	0.01014
678.4	3.392	0.08389	0.00339	0.01014
678.5	3.3925	0.08389	0.00339	0.01014
678.6	3.393	0.0839	0.00339	0.01014
678.7	3.3935	0.0839	0.00339	0.01014
678.8	3.394	0.08391	0.00339	0.01014
678.9	3.3945	0.08391	0.0034	0.01014
679.0	3.395	0.08392	0.0034	0.01014
679.1	3.3955	0.08392	0.0034	0.01014
679.2	3.396	0.08393	0.0034	0.01014
679.3	3.3965	0.08393	0.0034	0.01014
679.4	3.397	0.08394	0.0034	0.01014
679.5	3.3975	0.08394	0.0034	0.01014
679.6	3.398	0.08395	0.0034	0.01014
679.7	3.3985	0.08395	0.0034	0.01014
679.8	3.399	0.08396	0.0034	0.01014
679.9	3.3995	0.08396	0.0034	0.01014
680.0	3.4	0.08397	0.0034	0.01014
680.1	3.4005	0.08397	0.0034	0.01014
680.2	3.401	0.08398	0.0034	0.01014
680.3	3.4015	0.08398	0.0034	0.01014
680.4	3.402	0.08399	0.0034	0.01014
680.5	3.4025	0.08399	0.0034	0.01014
680.6	3.403	0.084	0.0034	0.01014
680.7	3.4035	0.084	0.0034	0.01014
680.8	3.404	0.08401	0.0034	0.01014
680.9	3.4045	0.08401	0.00341	0.01014
681.0	3.405	0.08402	0.00341	0.01014
681.1	3.4055	0.08402	0.00341	0.01014
681.2	3.406	0.08403	0.00341	0.01014
681.3	3.4065	0.08403	0.00341	0.01014
681.4	3.407	0.08404	0.00341	0.01014
681.5	3.4075	0.08404	0.00341	0.01014
681.6	3.408	0.08405	0.00341	0.01014
681.7	3.4085	0.08405	0.00341	0.01014
681.8	3.409	0.08406	0.00341	0.01013
681.9	3.4095	0.08406	0.00341	0.01013
682.0	3.41	0.08407	0.00341	0.01013
682.1	3.4105	0.08407	0.00341	0.01013
682.2	3.411	0.08408	0.00341	0.01013
682.3	3.4115	0.08408	0.00341	0.01013
682.4	3.412	0.08409	0.00341	0.01013
682.5	3.4125	0.08409	0.00341	0.01013
682.6	3.413	0.0841	0.00341	0.01013
682.7	3.4135	0.0841	0.00341	0.01013
682.8	3.414	0.08411	0.00341	0.01013
682.9	3.4145	0.08411	0.00342	0.01013
683.0	3.415	0.08412	0.00342	0.01013
683.1	3.4155	0.08412	0.00342	0.01013
683.2	3.416	0.08413	0.00342	0.01013
683.3	3.4165	0.08413	0.00342	0.01013
683.4	3.417	0.08414	0.00342	0.01013
683.5	3.4175	0.08414	0.00342	0.01013
683.6	3.418	0.08415	0.00342	0.01013
683.7	3.4185	0.08415	0.00342	0.01013
683.8	3.419	0.08416	0.00342	0.01013
683.9	3.4195	0.08416	0.00342	0.01013
684.0	3.42	0.08417	0.00342	0.01013
684.1	3.4205	0.08417	0.00342	0.01013
684.2	3.421	0.08418	0.00342	0.01013
684.3	3.4215	0.08418	0.00342	0.01013
684.4	3.422	0.08419	0.00342	0.01013
684.5	3.4225	0.08419	0.00342	0.01013
684.6	3.423	0.0842	0.00342	0.01013
684.7	3.4235	0.0842	0.00342	0.01013
684.8	3.424	0.08421	0.00342	0.01013
684.9	3.4245	0.08421	0.00343	0.01013
685.0	3.425	0.08422	0.00343	0.01013
685.1	3.4255	0.08423	0.00343	0.01013
685.2	3.426	0.08423	0.00343	0.01013
685.3	3.4265	0.08424	0.00343	0.01013
685.4	3.427	0.08424	0.00343	0.01013
685.5	3.4275	0.08425	0.00343	0.01013
685.6	3.428	0.08425	0.00343	0.01013
685.7	3.4285	0.08426	0.00343	0.01013
685.8	3.429	0.08426	0.00343	0.01013
685.9	3.4295	0.08427	0.00343	0.01013
686.0	3.43	0.08427	0.00343	0.01012
686.1	3.4305	0.08428	0.00343	0.01012
686.2	3.431	0.08428	0.00343	0.01012
686.3	3.4315	0.08429	0.00343	0.01012
686.4	3.432	0.08429	0.00343	0.01012
686.5	3.4325	0.0843	0.00343	0.01012
686.6	3.433	0.0843	0.00343	0.01012
686.7	3.4335	0.08431	0.00343	0.01012
686.8	3.434	0.08431	0.00343	0.01012
686.9	3.4345	0.08432	0.00344	0.01012
687.0	3.435	0.08432	0.00344	0.01012
687.1	3.4355	0.08433	0.00344	0.01012
687.2	3.436	0.08433	0.00344	0.01012
687.3	3.4365	0.08434	0.00344	0.01012
687.4	3.437	0.08434	0.00344	0.01012
687.5	3.4375	0.08435	0.00344	0.01012
687.6	3.438	0.08435	0.00344	0.01012
687.7	3.4385	0.08436	0.00344	0.01012
687.8	3.439	0.08436	0.00344	0.01012
687.9	3.4395	0.08437	0.00344	0.01012
688.0	3.44	0.08437	0.00344	0.01012
688.1	3.4405	0.08438	0.00344	0.01012
688.2	3.441	0.08438	0.00344	0.01012
688.3	3.4415	0.08439	0.00344	0.01012
688.4	3.442	0.08439	0.00344	0.01012
688.5	3.4425	0.0844	0.00344	0.01012
688.6	3.443	0.0844	0.00344	0.01012
688.7	3.4435	0.08441	0.00344	0.01012
688.8	3.444	0.08441	0.00344	0.01012
688.9	3.4445	0.08442	0.00345	0.01012
689.0	3.445	0.08442	0.00345	0.01012
689.1	3.4455	0.08443	0.00345	0.01012
689.2	3.446	0.08443	0.00345	0.01012
689.3	3.4465	0.08444	0.00345	0.01012
689.4	3.447	0.08444	0.00345	0.01012
689.5	3.4475	0.08445	0.00345	0.01012
689.6	3.448	0.08445	0.00345	0.01012
689.7	3.4485	0.08446	0.00345	0.01012
689.8	3.449	0.08446	0.00345	0.01012
689.9	3.4495	0.08447	0.00345	0.01012
690.0	3.45	0.08447	0.00345	0.01012
690.1	3.4505	0.08448	0.00345	0.01012
690.2	3.451	0.08448	0.00345	0.01012
690.3	3.4515	0.08449	0.00345	0.01012
690.4	3.452	0.08449	0.00345	0.01012
690.5	3.4525	0.0845	0.00345	0.01012
690.6	3.453	0.0845	0.00345	0.01011
690.7	3.4535	0.08451	0.00345	0.01011
690.8	3.454	0.08451	0.00345	0.01011
690.9	3.4545	0.08452	0.00346	0.01011
691.0	3.455	0.08452	0.00346	0.01011
691.1	3.4555	0.08453	0.00346	0.01011
691.2	3.456	0.08453	0.00346	0.01011
691.3	3.4565	0.08454	0.00346	0.01011
691.4	3.457	0.08454	0.00346	0.01011
691.5	3.4575	0.08455	0.00346	0.01011
691.6	3.458	0.08455	0.00346	0.01011
691.7	3.4585	0.08456	0.00346	0.01011
691.8	3.459	0.08456	0.00346	0.01011
691.9	3.4595	0.08457	0.00346	0.01011
692.0	3.46	0.08457	0.00346	0.01011
692.1	3.4605	0.08458	0.00346	0.01011
692.2	3.461	0.08458	0.00346	0.01011
692.3	3.4615	0.08459	0.00346	0.01011
692.4	3.462	0.08459	0.00346	0.01011
692.5	3.4625	0.0846	0.00346	0.01011
692.6	3.463	0.0846	0.00346	0.01011
692.7	3.4635	0.08461	0.00346	0.01011
692.8	3.464	0.08461	0.00346	0.01011
692.9	3.4645	0.08462	0.00347	0.01011
693.0	3.465	0.08462	0.00347	0.01011
693.1	3.4655	0.08463	0.00347	0.01011
693.2	3.466	0.08463	0.00347	0.01011
693.3	3.4665	0.08464	0.00347	0.01011
693.4	3.467	0.08465	0.00347	0.01011
693.5	3.4675	0.08465	0.00347	0.01011
693.6	3.468	0.08466	0.00347	0.01011
693.7	3.4685	0.08466	0.00347	0.01011
693.8	3.469	0.08467	0.00347	0.01011
693.9	3.4695	0.08467	0.00347	0.01011
694.0	3.47	0.08468	0.00347	0.01011
694.1	3.4705	0.08468	0.00347	0.01011
694.2	3.471	0.08469	0.00347	0.01011
694.3	3.4715	0.08469	0.00347	0.01011
694.4	3.472	0.0847	0.00347	0.01011
694.5	3.4725	0.0847	0.00347	0.01011
694.6	3.473	0.08471	0.00347	0.01011
694.7	3.4735	0.08471	0.00347	0.01011
694.8	3.474	0.08472	0.00347	0.01011
694.9	3.4745	0.08472	0.00348	0.01011
695.0	3.475	0.08473	0.00348	0.01011
695.1	3.4755	0.08473	0.00348	0.01011
695.2	3.476	0.08474	0.00348	0.01011
695.3	3.4765	0.08474	0.00348	0.01011
695.4	3.477	0.08475	0.00348	0.01011
695.5	3.4775	0.08475	0.00348	0.01011
695.6	3.478	0.08476	0.00348	0.0101
695.7	3.4785	0.08476	0.00348	0.0101
695.8	3.479	0.08477	0.00348	0.0101
695.9	3.4795	0.08477	0.00348	0.0101
696.0	3.48	0.08478	0.00348	0.0101
696.1	3.4805	0.08478	0.00348	0.0101
696.2	3.481	0.08479	0.00348	0.0101
696.3	3.4815	0.08479	0.00348	0.0101
696.4	3.482	0.0848	0.00348	0.0101
696.5	3.4825	0.0848	0.00348	0.0101
696.6	3.483	0.08481	0.00348	0.0101
696.7	3.4835	0.08481	0.00348	0.0101
696.8	3.484	0.08482	0.00348	0.0101
696.9	3.4845	0.08482	0.00349	0.0101
697.0	3.485	0.08483	0.00349	0.0101
697.1	3.4855	0.08483	0.00349	0.0101
697.2	3.486	0.08484	0.00349	0.0101
697.3	3.4865	0.08484	0.00349	0.0101
697.4	3.487	0.08485	0.00349	0.0101
697.5	3.4875	0.08485	0.00349	0.0101
697.6	3.488	0.08486	0.00349	0.0101
697.7	3.4885	0.08486	0.00349	0.0101
697.8	3.489	0.08487	0.00349	0.0101
697.9	3.4895	0.08487	0.00349	0.0101
698.0	3.49	0.08488	0.00349	0.0101
698.1	3.4905	0.08488	0.00349	0.0101
698.2	3.491	0.08489	0.00349	0.0101
698.3	3.4915	0.08489	0.00349	0.0101
698.4	3.492	0.0849	0.00349	0.0101
698.5	3.4925	0.0849	0.00349	0.0101
698.6	3.493	0.08491	0.00349	0.0101
698.7	3.4935	0.08491	0.00349	0.0101
698.8	3.494	0.08492	0.00349	0.0101
698.9	3.4945	0.08492	0.0035	0.0101
699.0	3.495	0.08493	0.0035	0.0101
699.1	3.4955	0.08493	0.0035	0.0101
699.2	3.496	0.08494	0.0035	0.0101
699.3	3.4965	0.08494	0.0035	0.0101
699.4	3.497	0.08495	0.0035	0.0101
699.5	3.4975	0.08495	0.0035	0.0101
699.6	3.498	0.08496	0.0035	0.0101
699.7	3.4985	0.08496	0.0035	0.0101
699.8	3.499	0.08497	0.0035	0.0101
699.9	3.4995	0.08497	0.0035	0.0101
700.0	3.5	0.08498	0.0035	0.0101
700.1	3.5005	0.08498	0.0035	0.0101
700.2	3.501	0.08499	0.0035	0.0101
700.3	3.5015	0.08499	0.0035	0.0101
700.4	3.502	0.085	0.0035	0.0101
700.5	3.5025	0.085	0.0035	0.0101
700.6	3.503	0.08501	0.0035	0.0101
700.7	3.5035	0.08501	0.0035	0.0101
700.8	3.504	0.08502	0.0035	0.0101
700.9	3.5045	0.08502	0.00351	0.0101
701.0	3.505	0.08503	0.00351	0.0101
701.1	3.5055	0.08503	0.00351	0.01009
701.2	3.506	0.08504	0.00351	0.01009
701.3	3.5065	0.08504	0.00351	0.01009
701.4	3.507	0.08505	0.00351	0.01009
701.5	3.5075	0.08505	0.00351	0.01009
701.6	3.508	0.08506	0.00351	0.01009
701.7	3.5085	0.08506	0.00351	0.01009
701.8	3.509	0.08507	0.00351	0.01009
701.9	3.5095	0.08507	0.00351	0.01009
702.0	3.51	0.08508	0.00351	0.01009
702.1	3.5105	0.08508	0.00351	0.01009
702.2	3.511	0.08509	0.00351	0.01009
702.3	3.5115	0.08509	0.00351	0.01009
702.4	3.512	0.0851	0.00351	0.01009
702.5	3.5125	0.0851	0.00351	0.01009
702.6	3.513	0.08511	0.00351	0.01009
702.7	3.5135	0.08511	0.00351	0.01009
702.8	3.514	0.08512	0.00351	0.01009
702.9	3.5145	0.08512	0.00352	0.01009
703.0	3.515	0.08513	0.00352	0.01009
703.1	3.5155	0.08513	0.00352	0.01009
703.2	3.516	0.08514	0.00352	0.01009
703.3	3.5165	0.08514	0.00352	0.01009
703.4	3.517	0.08515	0.00352	0.01009
703.5	3.5175	0.08516	0.00352	0.01009
703.6	3.518	0.08516	0.00352	0.01009
703.7	3.5185	0.08517	0.00352	0.01009
703.8	3.519	0.08517	0.00352	0.01009
703.9	3.5195	0.08518	0.00352	0.01009
704.0	3.52	0.08518	0.00352	0.01009
704.1	3.5205	0.08519	0.00352	0.01009
704.2	3.521	0.08519	0.00352	0.01009
704.3	3.5215	0.0852	0.00352	0.01009
704.4	3.522	0.0852	0.00352	0.01009
704.5	3.5225	0.08521	0.00352	0.01009
704.6	3.523	0.08521	0.00352	0.01009
704.7	3.5235	0.08522	0.00352	0.01009
704.8	3.524	0.08522	0.00352	0.01009
704.9	3.5245	0.08523	0.00353	0.01009
705.0	3.525	0.08523	0.00353	0.01009
705.1	3.5255	0.08524	0.00353	0.01009
705.2	3.526	0.08524	0.00353	0.01009
705.3	3.5265	0.08525	0.00353	0.01009
705.4	3.527	0.08525	0.00353	0.01009
705.5	3.5275	0.08526	0.00353	0.01009
705.6	3.528	0.08526	0.00353	0.01009
705.7	3.5285	0.08527	0.00353	0.01009
705.8	3.529	0.08527	0.00353	0.01009
705.9	3.5295	0.08528	0.00353	0.01009
706.0	3.53	0.08528	0.00353	0.01009
706.1	3.5305	0.08529	0.00353	0.01009
706.2	3.531	0.08529	0.00353	0.01009
706.3	3.5315	0.0853	0.00353	0.01009
706.4	3.532	0.0853	0.00353	0.01009
706.5	3.5325	0.08531	0.00353	0.01009
706.6	3.533	0.08531	0.00353	0.01009
706.7	3.5335	0.08532	0.00353	0.01009
706.8	3.534	0.08532	0.00353	0.01009
706.9	3.5345	0.08533	0.00354	0.01009
707.0	3.535	0.08533	0.00354	0.01009
707.1	3.5355	0.08534	0.00354	0.01009
707.2	3.536	0.08534	0.00354	0.01008
707.3	3.5365	0.08535	0.00354	0.01008
707.4	3.537	0.08535	0.00354	0.01008
707.5	3.5375	0.08536	0.00354	0.01008
707.6	3.538	0.08536	0.00354	0.01008
707.7	3.5385	0.08537	0.00354	0.01008
707.8	3.539	0.08537	0.00354	0.01008
707.9	3.5395	0.08538	0.00354	0.01008
708.0	3.54	0.08538	0.00354	0.01008
708.1	3.5405	0.08539	0.00354	0.01008
708.2	3.541	0.08539	0.00354	0.01008
708.3	3.5415	0.0854	0.00354	0.01008
708.4	3.542	0.0854	0.00354	0.01008
708.5	3.5425	0.08541	0.00354	0.01008
708.6	3.543	0.08541	0.00354	0.01008
708.7	3.5435	0.08542	0.00354	0.01008
708.8	3.544	0.08542	0.00354	0.01008
708.9	3.5445	0.08543	0.00355	0.01008
709.0	3.545	0.08543	0.00355	0.01008
709.1	3.5455	0.08544	0.00355	0.01008
709.2	3.546	0.08544	0.00355	0.01008
709.3	3.5465	0.08545	0.00355	0.01008
709.4	3.547	0.08545	0.00355	0.01008
709.5	3.5475	0.08546	0.00355	0.01008
709.6	3.548	0.08546	0.00355	0.01008
709.7	3.5485	0.08547	0.00355	0.01008
709.8	3.549	0.08547	0.00355	0.01008
709.9	3.5495	0.08548	0.00355	0.01008
710.0	3.55	0.08548	0.00355	0.01008
710.1	3.5505	0.08549	0.00355	0.01008
710.2	3.551	0.08549	0.00355	0.01008
710.3	3.5515	0.0855	0.00355	0.01008
710.4	3.552	0.0855	0.00355	0.01008
710.5	3.5525	0.08551	0.00355	0.01008
710.6	3.553	0.08551	0.00355	0.01008
710.7	3.5535	0.08552	0.00355	0.01008
710.8	3.554	0.08552	0.00355	0.01008
710.9	3.5545	0.08553	0.00356	0.01008
711.0	3.555	0.08553	0.00356	0.01008
711.1	3.5555	0.08554	0.00356	0.01008
711.2	3.556	0.08554	0.00356	0.01008
711.3	3.5565	0.08555	0.00356	0.01008
711.4	3.557	0.08555	0.00356	0.01008
711.5	3.5575	0.08556	0.00356	0.01008
711.6	3.558	0.08556	0.00356	0.01008
711.7	3.5585	0.08557	0.00356	0.01008
711.8	3.559	0.08557	0.00356	0.01008
711.9	3.5595	0.08558	0.00356	0.01008
712.0	3.56	0.08558	0.00356	0.01008
712.1	3.5605	0.08559	0.00356	0.01008
712.2	3.561	0.08559	0.00356	0.01008
712.3	3.5615	0.0856	0.00356	0.01008
712.4	3.562	0.0856	0.00356	0.01008
712.5	3.5625	0.08561	0.00356	0.01008
712.6	3.563	0.08561	0.00356	0.01008
712.7	3.5635	0.08562	0.00356	0.01008
712.8	3.564	0.08562	0.00356	0.01008
712.9	3.5645	0.08563	0.00357	0.01008
713.0	3.565	0.08563	0.00357	0.01008
713.1	3.5655	0.08564	0.00357	0.01008
713.2	3.566	0.08564	0.00357	0.01008
713.3	3.5665	0.08565	0.00357	0.01008
713.4	3.567	0.08565	0.00357	0.01008
713.5	3.5675	0.08566	0.00357	0.01008
713.6	3.568	0.08566	0.00357	0.01008
713.7	3.5685	0.08567	0.00357	0.01008
713.8	3.569	0.08567	0.00357	0.01008
713.9	3.5695	0.08568	0.00357	0.01008
714.0	3.57	0.08568	0.00357	0.01008
714.1	3.5705	0.08569	0.00357	0.01007
714.2	3.571	0.08569	0.00357	0.01007
714.3	3.5715	0.0857	0.00357	0.01007
714.4	3.572	0.0857	0.00357	0.01007
714.5	3.5725	0.08571	0.00357	0.01007
714.6	3.573	0.08571	0.00357	0.01007
714.7	3.5735	0.08572	0.00357	0.01007
714.8	3.574	0.08572	0.00357	0.01007
714.9	3.5745	0.08573	0.00358	0.01007
715.0	3.575	0.08573	0.00358	0.01007
715.1	3.5755	0.08574	0.00358	0.01007
715.2	3.576	0.08574	0.00358	0.01007
715.3	3.5765	0.08575	0.00358	0.01007
715.4	3.577	0.08575	0.00358	0.01007
715.5	3.5775	0.08576	0.00358	0.01007
715.6	3.578	0.08576	0.00358	0.01007
715.7	3.5785	0.08577	0.00358	0.01007
715.8	3.579	0.08578	0.00358	0.01007
715.9	3.5795	0.08578	0.00358	0.01007
716.0	3.58	0.08579	0.00358	0.01007
716.1	3.5805	0.08579	0.00358	0.01007
716.2	3.581	0.0858	0.00358	0.01007
716.3	3.5815	0.0858	0.00358	0.01007
716.4	3.582	0.08581	0.00358	0.01007
716.5	3.5825	0.08581	0.00358	0.01007
716.6	3.583	0.08582	0.00358	0.01007
716.7	3.5835	0.08582	0.00358	0.01007
716.8	3.584	0.08583	0.00358	0.01007
716.9	3.5845	0.08583	0.00359	0.01007
717.0	3.585	0.08584	0.00359	0.01007
717.1	3.5855	0.08584	0.00359	0.01007
717.2	3.586	0.08585	0.00359	0.01007
717.3	3.5865	0.08585	0.00359	0.01007
717.4	3.587	0.08586	0.00359	0.01007
717.5	3.5875	0.08586	0.00359	0.01007
717.6	3.588	0.08587	0.00359	0.01007
717.7	3.5885	0.08587	0.00359	0.01007
717.8	3.589	0.08588	0.00359	0.01007
717.9	3.5895	0.08588	0.00359	0.01007
718.0	3.59	0.08589	0.00359	0.01007
718.1	3.5905	0.08589	0.00359	0.01007
718.2	3.591	0.0859	0.00359	0.01007
718.3	3.5915	0.0859	0.00359	0.01007
718.4	3.592	0.08591	0.00359	0.01007
718.5	3.5925	0.08591	0.00359	0.01007
718.6	3.593	0.08592	0.00359	0.01007
718.7	3.5935	0.08592	0.00359	0.01007
718.8	3.594	0.08593	0.00359	0.01007
718.9	3.5945	0.08593	0.0036	0.01007
719.0	3.595	0.08594	0.0036	0.01007
719.1	3.5955	0.08594	0.0036	0.01007
719.2	3.596	0.08595	0.0036	0.01007
719.3	3.5965	0.08595	0.0036	0.01007
719.4	3.597	0.08596	0.0036	0.01007
719.5	3.5975	0.08596	0.0036	0.01007
719.6	3.598	0.08597	0.0036	0.01007
719.7	3.5985	0.08597	0.0036	0.01007
719.8	3.599	0.08598	0.0036	0.01007
719.9	3.5995	0.08598	0.0036	0.01007
720.0	3.6	0.08599	0.0036	0.01007
720.1	3.6005	0.08599	0.0036	0.01007
720.2	3.601	0.086	0.0036	0.01007
720.3	3.6015	0.086	0.0036	0.01007
720.4	3.602	0.08601	0.0036	0.01007
720.5	3.6025	0.08601	0.0036	0.01007
720.6	3.603	0.08602	0.0036	0.01007
720.7	3.6035	0.08602	0.0036	0.01007
720.8	3.604	0.08603	0.0036	0.01007
720.9	3.6045	0.08603	0.00361	0.01007
721.0	3.605	0.08604	0.00361	0.01007
721.1	3.6055	0.08604	0.00361	0.01007
721.2	3.606	0.08605	0.00361	0.01007
721.3	3.6065	0.08605	0.00361	0.01007
721.4	3.607	0.08606	0.00361	0.01007
721.5	3.6075	0.08606	0.00361	0.01007
721.6	3.608	0.08607	0.00361	0.01007
721.7	3.6085	0.08607	0.00361	0.01007
721.8	3.609	0.08608	0.00361	0.01007
721.9	3.6095	0.08608	0.00361	0.01007
722.0	3.61	0.08609	0.00361	0.01006
722.1	3.6105	0.08609	0.00361	0.01006
722.2	3.611	0.0861	0.00361	0.01006
722.3	3.6115	0.0861	0.00361	0.01006
722.4	3.612	0.08611	0.00361	0.01006
722.5	3.6125	0.08611	0.00361	0.01006
722.6	3.613	0.08612	0.00361	0.01006
722.7	3.6135	0.08612	0.00361	0.01006
722.8	3.614	0.08613	0.00361	0.01006
722.9	3.6145	0.08613	0.00362	0.01006
723.0	3.615	0.08614	0.00362	0.01006
723.1	3.6155	0.08614	0.00362	0.01006
723.2	3.616	0.08615	0.00362	0.01006
723.3	3.6165	0.08615	0.00362	0.01006
723.4	3.617	0.08616	0.00362	0.01006
723.5	3.6175	0.08616	0.00362	0.01006
723.6	3.618	0.08617	0.00362	0.01006
723.7	3.6185	0.08617	0.00362	0.01006
723.8	3.619	0.08618	0.00362	0.01006
723.9	3.6195	0.08618	0.00362	0.01006
724.0	3.62	0.08619	0.00362	0.01006
724.1	3.6205	0.08619	0.00362	0.01006
724.2	3.621	0.0862	0.00362	0.01006
724.3	3.6215	0.0862	0.00362	0.01006
724.4	3.622	0.08621	0.00362	0.01006
724.5	3.6225	0.08621	0.00362	0.01006
724.6	3.623	0.08622	0.00362	0.01006
724.7	3.6235	0.08622	0.00362	0.01006
724.8	3.624	0.08623	0.00362	0.01006
724.9	3.6245	0.08623	0.00363	0.01006
725.0	3.625	0.08624	0.00363	0.01006
725.1	3.6255	0.08624	0.00363	0.01006
725.2	3.626	0.08625	0.00363	0.01006
725.3	3.6265	0.08625	0.00363	0.01006
725.4	3.627	0.08626	0.00363	0.01006
725.5	3.6275	0.08626	0.00363	0.01006
725.6	3.628	0.08627	0.00363	0.01006
725.7	3.6285	0.08627	0.00363	0.01006
725.8	3.629	0.08628	0.00363	0.01006
725.9	3.6295	0.08628	0.00363	0.01006
726.0	3.63	0.08629	0.00363	0.01006
726.1	3.6305	0.08629	0.00363	0.01006
726.2	3.631	0.0863	0.00363	0.01006
726.3	3.6315	0.0863	0.00363	0.01006
726.4	3.632	0.08631	0.00363	0.01006
726.5	3.6325	0.08631	0.00363	0.01006
726.6	3.633	0.08632	0.00363	0.01006
726.7	3.6335	0.08632	0.00363	0.01006
726.8	3.634	0.08633	0.00363	0.01006
726.9	3.6345	0.08633	0.00364	0.01006
727.0	3.635	0.08634	0.00364	0.01006
727.1	3.6355	0.08634	0.00364	0.01006
727.2	3.636	0.08635	0.00364	0.01006
727.3	3.6365	0.08635	0.00364	0.01006
727.4	3.637	0.08636	0.00364	0.01006
727.5	3.6375	0.08636	0.00364	0.01006
727.6	3.638	0.08637	0.00364	0.01006
727.7	3.6385	0.08637	0.00364	0.01006
727.8	3.639	0.08638	0.00364	0.01006
727.9	3.6395	0.08638	0.00364	0.01006
728.0	3.64	0.08639	0.00364	0.01006
728.1	3.6405	0.08639	0.00364	0.01006
728.2	3.641	0.0864	0.00364	0.01006
728.3	3.6415	0.0864	0.00364	0.01006
728.4	3.642	0.08641	0.00364	0.01006
728.5	3.6425	0.08641	0.00364	0.01006
728.6	3.643	0.08642	0.00364	0.01006
728.7	3.6435	0.08642	0.00364	0.01006
728.8	3.644	0.08643	0.00364	0.01006
728.9	3.6445	0.08643	0.00365	0.01006
729.0	3.645	0.08644	0.00365	0.01006
729.1	3.6455	0.08644	0.00365	0.01006
729.2	3.646	0.08645	0.00365	0.01006
729.3	3.6465	0.08645	0.00365	0.01006
729.4	3.647	0.08646	0.00365	0.01006
729.5	3.6475	0.08646	0.00365	0.01006
729.6	3.648	0.08647	0.00365	0.01006
729.7	3.6485	0.08647	0.00365	0.01006
729.8	3.649	0.08648	0.00365	0.01006
729.9	3.6495	0.08648	0.00365	0.01006
730.0	3.65	0.08649	0.00365	0.01006
730.1	3.6505	0.08649	0.00365	0.01006
730.2	3.651	0.0865	0.00365	0.01006
730.3	3.6515	0.0865	0.00365	0.01006
730.4	3.652	0.08651	0.00365	0.01006
730.5	3.6525	0.08651	0.00365	0.01006
730.6	3.653	0.08652	0.00365	0.01006
730.7	3.6535	0.08652	0.00365	0.01006
730.8	3.654	0.08653	0.00365	0.01006
730.9	3.6545	0.08653	0.00366	0.01006
731.0	3.655	0.08654	0.00366	0.01006
731.1	3.6555	0.08654	0.00366	0.01006
731.2	3.656	0.08655	0.00366	0.01005
731.3	3.6565	0.08655	0.00366	0.01005
731.4	3.657	0.08656	0.00366	0.01005
731.5	3.6575	0.08656	0.00366	0.01005
731.6	3.658	0.08657	0.00366	0.01005
731.7	3.6585	0.08658	0.00366	0.01005
731.8	3.659	0.08658	0.00366	0.01005
731.9	3.6595	0.08659	0.00366	0.01005
732.0	3.66	0.08659	0.00366	0.01005
732.1	3.6605	0.0866	0.00366	0.01005
732.2	3.661	0.0866	0.00366	0.01005
732.3	3.6615	0.08661	0.00366	0.01005
732.4	3.662	0.08661	0.00366	0.01005
732.5	3.6625	0.08662	0.00366	0.01005
732.6	3.663	0.08662	0.00366	0.01005
732.7	3.6635	0.08663	0.00366	0.01005
732.8	3.664	0.08663	0.00366	0.01005
732.9	3.6645	0.08664	0.00367	0.01005
733.0	3.665	0.08664	0.00367	0.01005
733.1	3.6655	0.08665	0.00367	0.01005
733.2	3.666	0.08665	0.00367	0.01005
733.3	3.6665	0.08666	0.00367	0.01005
733.4	3.667	0.08666	0.00367	0.01005
733.5	3.6675	0.08667	0.00367	0.01005
733.6	3.668	0.08667	0.00367	0.01005
733.7	3.6685	0.08668	0.00367	0.01005
733.8	3.669	0.08668	0.00367	0.01005
733.9	3.6695	0.08669	0.00367	0.01005
734.0	3.67	0.08669	0.00367	0.01005
734.1	3.6705	0.0867	0.00367	0.01005
734.2	3.671	0.0867	0.00367	0.01005
734.3	3.6715	0.08671	0.00367	0.01005
734.4	3.672	0.08671	0.00367	0.01005
734.5	3.6725	0.08672	0.00367	0.01005
734.6	3.673	0.08672	0.00367	0.01005
734.7	3.6735	0.08673	0.00367	0.01005
734.8	3.674	0.08673	0.00367	0.01005
734.9	3.6745	0.08674	0.00368	0.01005
735.0	3.675	0.08674	0.00368	0.01005
735.1	3.6755	0.08675	0.00368	0.01005
735.2	3.676	0.08675	0.00368	0.01005
735.3	3.6765	0.08676	0.00368	0.01005
735.4	3.677	0.08676	0.00368	0.01005
735.5	3.6775	0.08677	0.00368	0.01005
735.6	3.678	0.08677	0.00368	0.01005
735.7	3.6785	0.08678	0.00368	0.01005
735.8	3.679	0.08678	0.00368	0.01005
735.9	3.6795	0.08679	0.00368	0.01005
736.0	3.68	0.08679	0.00368	0.01005
736.1	3.6805	0.0868	0.00368	0.01005
736.2	3.681	0.0868	0.00368	0.01005
736.3	3.6815	0.08681	0.00368	0.01005
736.4	3.682	0.08681	0.00368	0.01005
736.5	3.6825	0.08682	0.00368	0.01005
736.6	3.683	0.08682	0.00368	0.01005
736.7	3.6835	0.08683	0.00368	0.01005
736.8	3.684	0.08683	0.00368	0.01005
736.9	3.6845	0.08684	0.00369	0.01005
737.0	3.685	0.08684	0.00369	0.01005
737.1	3.6855	0.08685	0.00369	0.01005
737.2	3.686	0.08685	0.00369	0.01005
737.3	3.6865	0.08686	0.00369	0.01005
737.4	3.687	0.08686	0.00369	0.01005
737.5	3.6875	0.08687	0.00369	0.01005
737.6	3.688	0.08687	0.00369	0.01005
737.7	3.6885	0.08688	0.00369	0.01005
737.8	3.689	0.08688	0.00369	0.01005
737.9	3.6895	0.08689	0.00369	0.01005
738.0	3.69	0.08689	0.00369	0.01005
738.1	3.6905	0.0869	0.00369	0.01005
738.2	3.691	0.0869	0.00369	0.01005
738.3	3.6915	0.08691	0.00369	0.01005
738.4	3.692	0.08691	0.00369	0.01005
738.5	3.6925	0.08692	0.00369	0.01005
738.6	3.693	0.08692	0.00369	0.01005
738.7	3.6935	0.08693	0.00369	0.01005
738.8	3.694	0.08693	0.00369	0.01005
738.9	3.6945	0.08694	0.0037	0.01005
739.0	3.695	0.08694	0.0037	0.01005
739.1	3.6955	0.08695	0.0037	0.01005
739.2	3.696	0.08695	0.0037	0.01005
739.3	3.6965	0.08696	0.0037	0.01005
739.4	3.697	0.08696	0.0037	0.01005
739.5	3.6975	0.08697	0.0037	0.01005
739.6	3.698	0.08697	0.0037	0.01005
739.7	3.6985	0.08698	0.0037	0.01005
739.8	3.699	0.08698	0.0037	0.01005
739.9	3.6995	0.08699	0.0037	0.01005
740.0	3.7	0.08699	0.0037	0.01005
740.1	3.7005	0.087	0.0037	0.01005
740.2	3.701	0.087	0.0037	0.01005
740.3	3.7015	0.08701	0.0037	0.01005
740.4	3.702	0.08701	0.0037	0.01005
740.5	3.7025	0.08702	0.0037	0.01005
740.6	3.703	0.08702	0.0037	0.01005
740.7	3.7035	0.08703	0.0037	0.01005
740.8	3.704	0.08703	0.0037	0.01005
740.9	3.7045	0.08704	0.00371	0.01005
741.0	3.705	0.08704	0.00371	0.01005
741.1	3.7055	0.08705	0.00371	0.01005
741.2	3.706	0.08705	0.00371	0.01005
741.3	3.7065	0.08706	0.00371	0.01005
741.4	3.707	0.08706	0.00371	0.01005
741.5	3.7075	0.08707	0.00371	0.01005
741.6	3.708	0.08707	0.00371	0.01005
741.7	3.7085	0.08708	0.00371	0.01005
741.8	3.709	0.08708	0.00371	0.01005
741.9	3.7095	0.08709	0.00371	0.01005
742.0	3.71	0.08709	0.00371	0.01005
742.1	3.7105	0.0871	0.00371	0.01005
742.2	3.711	0.0871	0.00371	0.01004
742.3	3.7115	0.08711	0.00371	0.01004
742.4	3.712	0.08711	0.00371	0.01004
742.5	3.7125	0.08712	0.00371	0.01004
742.6	3.713	0.08712	0.00371	0.01004
742.7	3.7135	0.08713	0.00371	0.01004
742.8	3.714	0.08713	0.00371	0.01004
742.9	3.7145	0.08714	0.00372	0.01004
743.0	3.715	0.08714	0.00372	0.01004
743.1	3.7155	0.08715	0.00372	0.01004
743.2	3.716	0.08715	0.00372	0.01004
743.3	3.7165	0.08716	0.00372	0.01004
743.4	3.717	0.08716	0.00372	0.01004
743.5	3.7175	0.08717	0.00372	0.01004
743.6	3.718	0.08717	0.00372	0.01004
743.7	3.7185	0.08718	0.00372	0.01004
743.8	3.719	0.08718	0.00372	0.01004
743.9	3.7195	0.08719	0.00372	0.01004
744.0	3.72	0.08719	0.00372	0.01004
744.1	3.7205	0.0872	0.00372	0.01004
744.2	3.721	0.0872	0.00372	0.01004
744.3	3.7215	0.08721	0.00372	0.01004
744.4	3.722	0.08721	0.00372	0.01004
744.5	3.7225	0.08722	0.00372	0.01004
744.6	3.723	0.08722	0.00372	0.01004
744.7	3.7235	0.08723	0.00372	0.01004
744.8	3.724	0.08723	0.00372	0.01004
744.9	3.7245	0.08724	0.00373	0.01004
745.0	3.725	0.08724	0.00373	0.01004
745.1	3.7255	0.08725	0.00373	0.01004
745.2	3.726	0.08725	0.00373	0.01004
745.3	3.7265	0.08726	0.00373	0.01004
745.4	3.727	0.08726	0.00373	0.01004
745.5	3.7275	0.08727	0.00373	0.01004
745.6	3.728	0.08727	0.00373	0.01004
745.7	3.7285	0.08728	0.00373	0.01004
745.8	3.729	0.08728	0.00373	0.01004
745.9	3.7295	0.08729	0.00373	0.01004
746.0	3.73	0.08729	0.00373	0.01004
746.1	3.7305	0.0873	0.00373	0.01004
746.2	3.731	0.0873	0.00373	0.01004
746.3	3.7315	0.08731	0.00373	0.01004
746.4	3.732	0.08731	0.00373	0.01004
746.5	3.7325	0.08732	0.00373	0.01004
746.6	3.733	0.08732	0.00373	0.01004
746.7	3.7335	0.08733	0.00373	0.01004
746.8	3.734	0.08733	0.00373	0.01004
746.9	3.7345	0.08734	0.00374	0.01004
747.0	3.735	0.08734	0.00374	0.01004
747.1	3.7355	0.08735	0.00374	0.01004
747.2	3.736	0.08735	0.00374	0.01004
747.3	3.7365	0.08736	0.00374	0.01004
747.4	3.737	0.08736	0.00374	0.01004
747.5	3.7375	0.08737	0.00374	0.01004
747.6	3.738	0.08737	0.00374	0.01004
747.7	3.7385	0.08738	0.00374	0.01004
747.8	3.739	0.08738	0.00374	0.01004
747.9	3.7395	0.08739	0.00374	0.01004
748.0	3.74	0.08739	0.00374	0.01004
748.1	3.7405	0.0874	0.00374	0.01004
748.2	3.741	0.0874	0.00374	0.01004
748.3	3.7415	0.08741	0.00374	0.01004
748.4	3.742	0.08741	0.00374	0.01004
748.5	3.7425	0.08742	0.00374	0.01004
748.6	3.743	0.08742	0.00374	0.01004
748.7	3.7435	0.08743	0.00374	0.01004
748.8	3.744	0.08743	0.00374	0.01004
748.9	3.7445	0.08744	0.00375	0.01004
749.0	3.745	0.08744	0.00375	0.01004
749.1	3.7455	0.08745	0.00375	0.01004
749.2	3.746	0.08745	0.00375	0.01004
749.3	3.7465	0.08746	0.00375	0.01004
749.4	3.747	0.08746	0.00375	0.01004
749.5	3.7475	0.08747	0.00375	0.01004
749.6	3.748	0.08747	0.00375	0.01004
749.7	3.7485	0.08748	0.00375	0.01004
749.8	3.749	0.08748	0.00375	0.01004
749.9	3.7495	0.08749	0.00375	0.01004
750.0	3.75	0.08749	0.00375	0.01004
750.1	3.7505	0.0875	0.00375	0.01004
750.2	3.751	0.0875	0.00375	0.01004
750.3	3.7515	0.08751	0.00375	0.01004
750.4	3.752	0.08751	0.00375	0.01004
750.5	3.7525	0.08752	0.00375	0.01004
750.6	3.753	0.08752	0.00375	0.01004
750.7	3.7535	0.08753	0.00375	0.01004
750.8	3.754	0.08753	0.00375	0.01004
750.9	3.7545	0.08754	0.00376	0.01004
751.0	3.755	0.08754	0.00376	0.01004
751.1	3.7555	0.08755	0.00376	0.01004
751.2	3.756	0.08755	0.00376	0.01004
751.3	3.7565	0.08756	0.00376	0.01004
751.4	3.757	0.08756	0.00376	0.01004
751.5	3.7575	0.08757	0.00376	0.01004
751.6	3.758	0.08757	0.00376	0.01004
751.7	3.7585	0.08758	0.00376	0.01004
751.8	3.759	0.08758	0.00376	0.01004
751.9	3.7595	0.08759	0.00376	0.01004
752.0	3.76	0.08759	0.00376	0.01004
752.1	3.7605	0.0876	0.00376	0.01004
752.2	3.761	0.0876	0.00376	0.01004
752.3	3.7615	0.08761	0.00376	0.01004
752.4	3.762	0.08761	0.00376	0.01004
752.5	3.7625	0.08762	0.00376	0.01004
752.6	3.763	0.08762	0.00376	0.01004
752.7	3.7635	0.08763	0.00376	0.01004
752.8	3.764	0.08763	0.00376	0.01004
752.9	3.7645	0.08764	0.00377	0.01004
753.0	3.765	0.08764	0.00377	0.01004
753.1	3.7655	0.08765	0.00377	0.01004
753.2	3.766	0.08765	0.00377	0.01004
753.3	3.7665	0.08766	0.00377	0.01004
753.4	3.767	0.08766	0.00377	0.01004
753.5	3.7675	0.08767	0.00377	0.01004
753.6	3.768	0.08767	0.00377	0.01004
753.7	3.7685	0.08768	0.00377	0.01004
753.8	3.769	0.08768	0.00377	0.01004
753.9	3.7695	0.08769	0.00377	0.01004
754.0	3.77	0.0877	0.00377	0.01004
754.1	3.7705	0.0877	0.00377	0.01004
754.2	3.771	0.08771	0.00377	0.01004
754.3	3.7715	0.08771	0.00377	0.01004
754.4	3.772	0.08772	0.00377	0.01004
754.5	3.7725	0.08772	0.00377	0.01004
754.6	3.773	0.08773	0.00377	0.01004
754.7	3.7735	0.08773	0.00377	0.01004
754.8	3.774	0.08774	0.00377	0.01004
754.9	3.7745	0.08774	0.00378	0.01004
755.0	3.775	0.08775	0.00378	0.01004
755.1	3.7755	0.08775	0.00378	0.01004
755.2	3.776	0.08776	0.00378	0.01004
755.3	3.7765	0.08776	0.00378	0.01004
755.4	3.777	0.08777	0.00378	0.01004
755.5	3.7775	0.08777	0.00378	0.01004
755.6	3.778	0.08778	0.00378	0.01004
755.7	3.7785	0.08778	0.00378	0.01004
755.8	3.779	0.08779	0.00378	0.01004
755.9	3.7795	0.08779	0.00378	0.01004
756.0	3.78	0.0878	0.00378	0.01003
756.1	3.7805	0.0878	0.00378	0.01003
756.2	3.781	0.08781	0.00378	0.01003
756.3	3.7815	0.08781	0.00378	0.01003
756.4	3.782	0.08782	0.00378	0.01003
756.5	3.7825	0.08782	0.00378	0.01003
756.6	3.783	0.08783	0.00378	0.01003
756.7	3.7835	0.08783	0.00378	0.01003
756.8	3.784	0.08784	0.00378	0.01003
756.9	3.7845	0.08784	0.00379	0.01003
757.0	3.785	0.08785	0.00379	0.01003
757.1	3.7855	0.08785	0.00379	0.01003
757.2	3.786	0.08786	0.00379	0.01003
757.3	3.7865	0.08786	0.00379	0.01003
757.4	3.787	0.08787	0.00379	0.01003
757.5	3.7875	0.08787	0.00379	0.01003
757.6	3.788	0.08788	0.00379	0.01003
757.7	3.7885	0.08788	0.00379	0.01003
757.8	3.789	0.08789	0.00379	0.01003
757.9	3.7895	0.08789	0.00379	0.01003
758.0	3.79	0.0879	0.00379	0.01003
758.1	3.7905	0.0879	0.00379	0.01003
758.2	3.791	0.08791	0.00379	0.01003
758.3	3.7915	0.08791	0.00379	0.01003
758.4	3.792	0.08792	0.00379	0.01003
758.5	3.7925	0.08792	0.00379	0.01003
758.6	3.793	0.08793	0.00379	0.01003
758.7	3.7935	0.08793	0.00379	0.01003
758.8	3.794	0.08794	0.00379	0.01003
758.9	3.7945	0.08794	0.0038	0.01003
759.0	3.795	0.08795	0.0038	0.01003
759.1	3.7955	0.08795	0.0038	0.01003
759.2	3.796	0.08796	0.0038	0.01003
759.3	3.7965	0.08796	0.0038	0.01003
759.4	3.797	0.08797	0.0038	0.01003
759.5	3.7975	0.08797	0.0038	0.01003
759.6	3.798	0.08798	0.0038	0.01003
759.7	3.7985	0.08798	0.0038	0.01003
759.8	3.799	0.08799	0.0038	0.01003
759.9	3.7995	0.08799	0.0038	0.01003
760.0	3.8	0.088	0.0038	0.01003
760.1	3.8005	0.088	0.0038	0.01003
760.2	3.801	0.08801	0.0038	0.01003
760.3	3.8015	0.08801	0.0038	0.01003
760.4	3.802	0.08802	0.0038	0.01003
760.5	3.8025	0.08802	0.0038	0.01003
760.6	3.803	0.08803	0.0038	0.01003
760.7	3.8035	0.08803	0.0038	0.01003
760.8	3.804	0.08804	0.0038	0.01003
760.9	3.8045	0.08804	0.00381	0.01003
761.0	3.805	0.08805	0.00381	0.01003
761.1	3.8055	0.08805	0.00381	0.01003
761.2	3.806	0.08806	0.00381	0.01003
761.3	3.8065	0.08806	0.00381	0.01003
761.4	3.807	0.08807	0.00381	0.01003
761.5	3.8075	0.08807	0.00381	0.01003
761.6	3.808	0.08808	0.00381	0.01003
761.7	3.8085	0.08808	0.00381	0.01003
761.8	3.809	0.08809	0.00381	0.01003
761.9	3.8095	0.08809	0.00381	0.01003
762.0	3.81	0.0881	0.00381	0.01003
762.1	3.8105	0.0881	0.00381	0.01003
762.2	3.811	0.08811	0.00381	0.01003
762.3	3.8115	0.08811	0.00381	0.01003
762.4	3.812	0.08812	0.00381	0.01003
762.5	3.8125	0.08812	0.00381	0.01003
762.6	3.813	0.08813	0.00381	0.01003
762.7	3.8135	0.08813	0.00381	0.01003
762.8	3.814	0.08814	0.00381	0.01003
762.9	3.8145	0.08814	0.00382	0.01003
763.0	3.815	0.08815	0.00382	0.01003
763.1	3.8155	0.08815	0.00382	0.01003
763.2	3.816	0.08816	0.00382	0.01003
763.3	3.8165	0.08816	0.00382	0.01003
763.4	3.817	0.08817	0.00382	0.01003
763.5	3.8175	0.08817	0.00382	0.01003
763.6	3.818	0.08818	0.00382	0.01003
763.7	3.8185	0.08818	0.00382	0.01003
763.8	3.819	0.08819	0.00382	0.01003
763.9	3.8195	0.08819	0.00382	0.01003
764.0	3.82	0.0882	0.00382	0.01003
764.1	3.8205	0.0882	0.00382	0.01003
764.2	3.821	0.08821	0.00382	0.01003
764.3	3.8215	0.08821	0.00382	0.01003
764.4	3.822	0.08822	0.00382	0.01003
764.5	3.8225	0.08822	0.00382	0.01003
764.6	3.823	0.08823	0.00382	0.01003
764.7	3.8235	0.08823	0.00382	0.01003
764.8	3.824	0.08824	0.00382	0.01003
764.9	3.8245	0.08824	0.00383	0.01003
765.0	3.825	0.08825	0.00383	0.01003
765.1	3.8255	0.08825	0.00383	0.01003
765.2	3.826	0.08826	0.00383	0.01003
765.3	3.8265	0.08826	0.00383	0.01003
765.4	3.827	0.08827	0.00383	0.01003
765.5	3.8275	0.08827	0.00383	0.01003
765.6	3.828	0.08828	0.00383	0.01003
765.7	3.8285	0.08828	0.00383	0.01003
765.8	3.829	0.08829	0.00383	0.01003
765.9	3.8295	0.08829	0.00383	0.01003
766.0	3.83	0.0883	0.00383	0.01003
766.1	3.8305	0.0883	0.00383	0.01003
766.2	3.831	0.08831	0.00383	0.01003
766.3	3.8315	0.08831	0.00383	0.01003
766.4	3.832	0.08832	0.00383	0.01003
766.5	3.8325	0.08832	0.00383	0.01003
766.6	3.833	0.08833	0.00383	0.01003
766.7	3.8335	0.08833	0.00383	0.01003
766.8	3.834	0.08834	0.00383	0.01003
766.9	3.8345	0.08834	0.00384	0.01003
767.0	3.835	0.08835	0.00384	0.01003
767.1	3.8355	0.08835	0.00384	0.01003
767.2	3.836	0.08836	0.00384	0.01003
767.3	3.8365	0.08836	0.00384	0.01003
767.4	3.837	0.08837	0.00384	0.01003
767.5	3.8375	0.08837	0.00384	0.01003
767.6	3.838	0.08838	0.00384	0.01003
767.7	3.8385	0.08838	0.00384	0.01003
767.8	3.839	0.08839	0.00384	0.01003
767.9	3.8395	0.08839	0.00384	0.01003
768.0	3.84	0.0884	0.00384	0.01003
768.1	3.8405	0.0884	0.00384	0.01003
768.2	3.841	0.08841	0.00384	0.01003
768.3	3.8415	0.08841	0.00384	0.01003
768.4	3.842	0.08842	0.00384	0.01003
768.5	3.8425	0.08842	0.00384	0.01003
768.6	3.843	0.08843	0.00384	0.01003
768.7	3.8435	0.08843	0.00384	0.01003
768.8	3.844	0.08844	0.00384	0.01003
768.9	3.8445	0.08844	0.00385	0.01003
769.0	3.845	0.08845	0.00385	0.01003
769.1	3.8455	0.08845	0.00385	0.01003
769.2	3.846	0.08846	0.00385	0.01003
769.3	3.8465	0.08846	0.00385	0.01003
769.4	3.847	0.08847	0.00385	0.01003
769.5	3.8475	0.08847	0.00385	0.01003
769.6	3.848	0.08848	0.00385	0.01003
769.7	3.8485	0.08848	0.00385	0.01003
769.8	3.849	0.08849	0.00385	0.01003
769.9	3.8495	0.08849	0.00385	0.01003
770.0	3.85	0.0885	0.00385	0.01003
770.1	3.8505	0.0885	0.00385	0.01003
770.2	3.851	0.08851	0.00385	0.01003
770.3	3.8515	0.08851	0.00385	0.01003
770.4	3.852	0.08852	0.00385	0.01003
770.5	3.8525	0.08852	0.00385	0.01003
770.6	3.853	0.08853	0.00385	0.01003
770.7	3.8535	0.08853	0.00385	0.01003
770.8	3.854	0.08854	0.00385	0.01003
770.9	3.8545	0.08854	0.00386	0.01003
771.0	3.855	0.08855	0.00386	0.01003
771.1	3.8555	0.08855	0.00386	0.01003
771.2	3.856	0.08856	0.00386	0.01003
771.3	3.8565	0.08856	0.00386	0.01003
771.4	3.857	0.08857	0.00386	0.01003
771.5	3.8575	0.08857	0.00386	0.01003
771.6	3.858	0.08858	0.00386	0.01003
771.7	3.8585	0.08858	0.00386	0.01003
771.8	3.859	0.08859	0.00386	0.01003
771.9	3.8595	0.08859	0.00386	0.01003
772.0	3.86	0.0886	0.00386	0.01003
772.1	3.8605	0.0886	0.00386	0.01003
772.2	3.861	0.08861	0.00386	0.01003
772.3	3.8615	0.08861	0.00386	0.01003
772.4	3.862	0.08862	0.00386	0.01003
772.5	3.8625	0.08862	0.00386	0.01003
772.6	3.863	0.08863	0.00386	0.01003
772.7	3.8635	0.08863	0.00386	0.01003
772.8	3.864	0.08864	0.00386	0.01003
772.9	3.8645	0.08864	0.00387	0.01003
773.0	3.865	0.08865	0.00387	0.01003
773.1	3.8655	0.08865	0.00387	0.01003
773.2	3.866	0.08866	0.00387	0.01003
773.3	3.8665	0.08866	0.00387	0.01003
773.4	3.867	0.08867	0.00387	0.01003
773.5	3.8675	0.08867	0.00387	0.01003
773.6	3.868	0.08868	0.00387	0.01003
773.7	3.8685	0.08868	0.00387	0.01003
773.8	3.869	0.08869	0.00387	0.01003
773.9	3.8695	0.08869	0.00387	0.01003
774.0	3.87	0.0887	0.00387	0.01003
774.1	3.8705	0.0887	0.00387	0.01003
774.2	3.871	0.08871	0.00387	0.01003
774.3	3.8715	0.08871	0.00387	0.01003
774.4	3.872	0.08872	0.00387	0.01003
774.5	3.8725	0.08872	0.00387	0.01002
774.6	3.873	0.08873	0.00387	0.01002
774.7	3.8735	0.08873	0.00387	0.01002
774.8	3.874	0.08874	0.00387	0.01002
774.9	3.8745	0.08874	0.00388	0.01002
775.0	3.875	0.08875	0.00388	0.01002
775.1	3.8755	0.08875	0.00388	0.01002
775.2	3.876	0.08876	0.00388	0.01002
775.3	3.8765	0.08876	0.00388	0.01002
775.4	3.877	0.08877	0.00388	0.01002
775.5	3.8775	0.08877	0.00388	0.01002
775.6	3.878	0.08878	0.00388	0.01002
775.7	3.8785	0.08878	0.00388	0.01002
775.8	3.879	0.08879	0.00388	0.01002
775.9	3.8795	0.08879	0.00388	0.01002
776.0	3.88	0.0888	0.00388	0.01002
776.1	3.8805	0.0888	0.00388	0.01002
776.2	3.881	0.08881	0.00388	0.01002
776.3	3.8815	0.08881	0.00388	0.01002
776.4	3.882	0.08882	0.00388	0.01002
776.5	3.8825	0.08882	0.00388	0.01002
776.6	3.883	0.08883	0.00388	0.01002
776.7	3.8835	0.08883	0.00388	0.01002
776.8	3.884	0.08884	0.00388	0.01002
776.9	3.8845	0.08884	0.00389	0.01002
777.0	3.885	0.08885	0.00389	0.01002
777.1	3.8855	0.08885	0.00389	0.01002
777.2	3.886	0.08886	0.00389	0.01002
777.3	3.8865	0.08886	0.00389	0.01002
777.4	3.887	0.08887	0.00389	0.01002
777.5	3.8875	0.08887	0.00389	0.01002
777.6	3.888	0.08888	0.00389	0.01002
777.7	3.8885	0.08888	0.00389	0.01002
777.8	3.889	0.08889	0.00389	0.01002
777.9	3.8895	0.08889	0.00389	0.01002
778.0	3.89	0.0889	0.00389	0.01002
778.1	3.8905	0.0889	0.00389	0.01002
778.2	3.891	0.08891	0.00389	0.01002
778.3	3.8915	0.08891	0.00389	0.01002
778.4	3.892	0.08892	0.00389	0.01002
778.5	3.8925	0.08892	0.00389	0.01002
778.6	3.893	0.08893	0.00389	0.01002
778.7	3.8935	0.08893	0.00389	0.01002
778.8	3.894	0.08894	0.00389	0.01002
778.9	3.8945	0.08894	0.0039	0.01002
779.0	3.895	0.08895	0.0039	0.01002
779.1	3.8955	0.08895	0.0039	0.01002
779.2	3.896	0.08896	0.0039	0.01002
779.3	3.8965	0.08896	0.0039	0.01002
779.4	3.897	0.08897	0.0039	0.01002
779.5	3.8975	0.08897	0.0039	0.01002
779.6	3.898	0.08898	0.0039	0.01002
779.7	3.8985	0.08898	0.0039	0.01002
779.8	3.899	0.08899	0.0039	0.01002
779.9	3.8995	0.08899	0.0039	0.01002
780.0	3.9	0.089	0.0039	0.01002
780.1	3.9005	0.089	0.0039	0.01002
780.2	3.901	0.08901	0.0039	0.01002
780.3	3.9015	0.08901	0.0039	0.01002
780.4	3.902	0.08902	0.0039	0.01002
780.5	3.9025	0.08902	0.0039	0.01002
780.6	3.903	0.08903	0.0039	0.01002
780.7	3.9035	0.08903	0.0039	0.01002
780.8	3.904	0.08904	0.0039	0.01002
780.9	3.9045	0.08904	0.00391	0.01002
781.0	3.905	0.08905	0.00391	0.01002
781.1	3.9055	0.08905	0.00391	0.01002
781.2	3.906	0.08906	0.00391	0.01002
781.3	3.9065	0.08906	0.00391	0.01002
781.4	3.907	0.08907	0.00391	0.01002
781.5	3.9075	0.08907	0.00391	0.01002
781.6	3.908	0.08908	0.00391	0.01002
781.7	3.9085	0.08908	0.00391	0.01002
781.8	3.909	0.08909	0.00391	0.01002
781.9	3.9095	0.08909	0.00391	0.01002
782.0	3.91	0.0891	0.00391	0.01002
782.1	3.9105	0.0891	0.00391	0.01002
782.2	3.911	0.08911	0.00391	0.01002
782.3	3.9115	0.08911	0.00391	0.01002
782.4	3.912	0.08912	0.00391	0.01002
782.5	3.9125	0.08912	0.00391	0.01002
782.6	3.913	0.08913	0.00391	0.01002
782.7	3.9135	0.08913	0.00391	0.01002
782.8	3.914	0.08914	0.00391	0.01002
782.9	3.9145	0.08914	0.00392	0.01002
783.0	3.915	0.08915	0.00392	0.01002
783.1	3.9155	0.08915	0.00392	0.01002
783.2	3.916	0.08916	0.00392	0.01002
783.3	3.9165	0.08916	0.00392	0.01002
783.4	3.917	0.08917	0.00392	0.01002
783.5	3.9175	0.08917	0.00392	0.01002
783.6	3.918	0.08918	0.00392	0.01002
783.7	3.9185	0.08918	0.00392	0.01002
783.8	3.919	0.08919	0.00392	0.01002
783.9	3.9195	0.08919	0.00392	0.01002
784.0	3.92	0.0892	0.00392	0.01002
784.1	3.9205	0.0892	0.00392	0.01002
784.2	3.921	0.08921	0.00392	0.01002
784.3	3.9215	0.08921	0.00392	0.01002
784.4	3.922	0.08922	0.00392	0.01002
784.5	3.9225	0.08922	0.00392	0.01002
784.6	3.923	0.08923	0.00392	0.01002
784.7	3.9235	0.08923	0.00392	0.01002
784.8	3.924	0.08924	0.00392	0.01002
784.9	3.9245	0.08924	0.00393	0.01002
785.0	3.925	0.08925	0.00393	0.01002
785.1	3.9255	0.08925	0.00393	0.01002
785.2	3.926	0.08926	0.00393	0.01002
785.3	3.9265	0.08926	0.00393	0.01002
785.4	3.927	0.08927	0.00393	0.01002
785.5	3.9275	0.08927	0.00393	0.01002
785.6	3.928	0.08928	0.00393	0.01002
785.7	3.9285	0.08928	0.00393	0.01002
785.8	3.929	0.08929	0.00393	0.01002
785.9	3.9295	0.08929	0.00393	0.01002
786.0	3.93	0.0893	0.00393	0.01002
786.1	3.9305	0.0893	0.00393	0.01002
786.2	3.931	0.08931	0.00393	0.01002
786.3	3.9315	0.08931	0.00393	0.01002
786.4	3.932	0.08932	0.00393	0.01002
786.5	3.9325	0.08932	0.00393	0.01002
786.6	3.933	0.08933	0.00393	0.01002
786.7	3.9335	0.08933	0.00393	0.01002
786.8	3.934	0.08934	0.00393	0.01002
786.9	3.9345	0.08934	0.00394	0.01002
787.0	3.935	0.08935	0.00394	0.01002
787.1	3.9355	0.08935	0.00394	0.01002
787.2	3.936	0.08936	0.00394	0.01002
787.3	3.9365	0.08936	0.00394	0.01002
787.4	3.937	0.08937	0.00394	0.01002
787.5	3.9375	0.08937	0.00394	0.01002
787.6	3.938	0.08938	0.00394	0.01002
787.7	3.9385	0.08938	0.00394	0.01002
787.8	3.939	0.08939	0.00394	0.01002
787.9	3.9395	0.08939	0.00394	0.01002
788.0	3.94	0.0894	0.00394	0.01002
788.1	3.9405	0.0894	0.00394	0.01002
788.2	3.941	0.08941	0.00394	0.01002
788.3	3.9415	0.08941	0.00394	0.01002
788.4	3.942	0.08942	0.00394	0.01002
788.5	3.9425	0.08942	0.00394	0.01002
788.6	3.943	0.08943	0.00394	0.01002
788.7	3.9435	0.08943	0.00394	0.01002
788.8	3.944	0.08944	0.00394	0.01002
788.9	3.9445	0.08944	0.00395	0.01002
789.0	3.945	0.08945	0.00395	0.01002
789.1	3.9455	0.08945	0.00395	0.01002
789.2	3.946	0.08946	0.00395	0.01002
789.3	3.9465	0.08946	0.00395	0.01002
789.4	3.947	0.08947	0.00395	0.01002
789.5	3.9475	0.08947	0.00395	0.01002
789.6	3.948	0.08948	0.00395	0.01002
789.7	3.9485	0.08948	0.00395	0.01002
789.8	3.949	0.08949	0.00395	0.01002
789.9	3.9495	0.08949	0.00395	0.01002
790.0	3.95	0.0895	0.00395	0.01002
790.1	3.9505	0.0895	0.00395	0.01002
790.2	3.951	0.08951	0.00395	0.01002
790.3	3.9515	0.08951	0.00395	0.01002
790.4	3.952	0.08952	0.00395	0.01002
790.5	3.9525	0.08952	0.00395	0.01002
790.6	3.953	0.08953	0.00395	0.01002
790.7	3.9535	0.08953	0.00395	0.01002
790.8	3.954	0.08954	0.00395	0.01002
790.9	3.9545	0.08954	0.00396	0.01002
791.0	3.955	0.08955	0.00396	0.01002
791.1	3.9555	0.08955	0.00396	0.01002
791.2	3.956	0.08956	0.00396	0.01002
791.3	3.9565	0.08956	0.00396	0.01002
791.4	3.957	0.08957	0.00396	0.01002
791.5	3.9575	0.08957	0.00396	0.01002
791.6	3.958	0.08958	0.00396	0.01002
791.7	3.9585	0.08958	0.00396	0.01002
791.8	3.959	0.08959	0.00396	0.01002
791.9	3.9595	0.08959	0.00396	0.01002
792.0	3.96	0.0896	0.00396	0.01002
792.1	3.9605	0.08961	0.00396	0.01002
792.2	3.961	0.08961	0.00396	0.01002
792.3	3.9615	0.08962	0.00396	0.01002
792.4	3.962	0.08962	0.00396	0.01002
792.5	3.9625	0.08963	0.00396	0.01002
792.6	3.963	0.08963	0.00396	0.01002
792.7	3.9635	0.08964	0.00396	0.01002
792.8	3.964	0.08964	0.00396	0.01002
792.9	3.9645	0.08965	0.00397	0.01002
793.0	3.965	0.08965	0.00397	0.01002
793.1	3.9655	0.08966	0.00397	0.01002
793.2	3.966	0.08966	0.00397	0.01002
793.3	3.9665	0.08967	0.00397	0.01002
793.4	3.967	0.08967	0.00397	0.01002
793.5	3.9675	0.08968	0.00397	0.01002
793.6	3.968	0.08968	0.00397	0.01002
793.7	3.9685	0.08969	0.00397	0.01002
793.8	3.969	0.08969	0.00397	0.01002
793.9	3.9695	0.0897	0.00397	0.01002
794.0	3.97	0.0897	0.00397	0.01002
794.1	3.9705	0.08971	0.00397	0.01002
794.2	3.971	0.08971	0.00397	0.01002
794.3	3.9715	0.08972	0.00397	0.01002
794.4	3.972	0.08972	0.00397	0.01002
794.5	3.9725	0.08973	0.00397	0.01002
794.6	3.973	0.08973	0.00397	0.01002
794.7	3.9735	0.08974	0.00397	0.01002
794.8	3.974	0.08974	0.00397	0.01002
794.9	3.9745	0.08975	0.00398	0.01002
795.0	3.975	0.08975	0.00398	0.01002
795.1	3.9755	0.08976	0.00398	0.01002
795.2	3.976	0.08976	0.00398	0.01002
795.3	3.9765	0.08977	0.00398	0.01002
795.4	3.977	0.08977	0.00398	0.01002
795.5	3.9775	0.08978	0.00398	0.01002
795.6	3.978	0.08978	0.00398	0.01002
795.7	3.9785	0.08979	0.00398	0.01002
795.8	3.979	0.08979	0.00398	0.01002
795.9	3.9795	0.0898	0.00398	0.01002
796.0	3.98	0.0898	0.00398	0.01002
796.1	3.9805	0.08981	0.00398	0.01002
796.2	3.981	0.08981	0.00398	0.01002
796.3	3.9815	0.08982	0.00398	0.01002
796.4	3.982	0.08982	0.00398	0.01002
796.5	3.9825	0.08983	0.00398	0.01002
796.6	3.983	0.08983	0.00398	0.01002
796.7	3.9835	0.08984	0.00398	0.01002
796.8	3.984	0.08984	0.00398	0.01002
796.9	3.9845	0.08985	0.00399	0.01002
797.0	3.985	0.08985	0.00399	0.01002
797.1	3.9855	0.08986	0.00399	0.01002
797.2	3.986	0.08986	0.00399	0.01002
797.3	3.9865	0.08987	0.00399	0.01002
797.4	3.987	0.08987	0.00399	0.01002
797.5	3.9875	0.08988	0.00399	0.01002
797.6	3.988	0.08988	0.00399	0.01002
797.7	3.9885	0.08989	0.00399	0.01002
797.8	3.989	0.08989	0.00399	0.01002
797.9	3.9895	0.0899	0.00399	0.01002
798.0	3.99	0.0899	0.00399	0.01002
798.1	3.9905	0.08991	0.00399	0.01002
798.2	3.991	0.08991	0.00399	0.01002
798.3	3.9915	0.08992	0.00399	0.01002
798.4	3.992	0.08992	0.00399	0.01002
798.5	3.9925	0.08993	0.00399	0.01002
798.6	3.993	0.08993	0.00399	0.01002
798.7	3.9935	0.08994	0.00399	0.01002
798.8	3.994	0.08994	0.00399	0.01002
798.9	3.9945	0.08995	0.004	0.01002
799.0	3.995	0.08995	0.004	0.01002
799.1	3.9955	0.08996	0.004	0.01002
799.2	3.996	0.08996	0.004	0.01002
799.3	3.9965	0.08997	0.004	0.01002
799.4	3.997	0.08997	0.004	0.01002
799.5	3.9975	0.08998	0.004	0.01002
799.6	3.998	0.08998	0.004	0.01002
799.7	3.9985	0.08999	0.004	0.01002
799.8	3.999	0.08999	0.004	0.01002
799.9	3.9995	0.09	0.004	0.01002
800.0	4.0	0.09	0.004	0.01002
800.1	4.0005	0.09001	0.004	0.01002
800.2	4.001	0.09001	0.004	0.01002
800.3	4.0015	0.09002	0.004	0.01002
800.4	4.002	0.09002	0.004	0.01002
800.5	4.0025	0.09003	0.004	0.01002
800.6	4.003	0.09003	0.004	0.01002
800.7	4.0035	0.09004	0.004	0.01002
800.8	4.004	0.09004	0.004	0.01002
800.9	4.0045	0.09005	0.00401	0.01002
801.0	4.005	0.09005	0.00401	0.01002
801.1	4.0055	0.09006	0.00401	0.01002
801.2	4.006	0.09006	0.00401	0.01002
801.3	4.0065	0.09007	0.00401	0.01002
801.4	4.007	0.09007	0.00401	0.01002
801.5	4.0075	0.09008	0.00401	0.01002
801.6	4.008	0.09008	0.00401	0.01002
801.7	4.0085	0.09009	0.00401	0.01002
801.8	4.009	0.09009	0.00401	0.01002
801.9	4.0095	0.0901	0.00401	0.01002
802.0	4.01	0.0901	0.00401	0.01002
802.1	4.0105	0.09011	0.00401	0.01002
802.2	4.011	0.09011	0.00401	0.01002
802.3	4.0115	0.09012	0.00401	0.01002
802.4	4.012	0.09012	0.00401	0.01002
802.5	4.0125	0.09013	0.00401	0.01002
802.6	4.013	0.09013	0.00401	0.01001
802.7	4.0135	0.09014	0.00401	0.01001
802.8	4.014	0.09014	0.00401	0.01001
802.9	4.0145	0.09015	0.00402	0.01001
803.0	4.015	0.09015	0.00402	0.01001
803.1	4.0155	0.09016	0.00402	0.01001
803.2	4.016	0.09016	0.00402	0.01001
803.3	4.0165	0.09017	0.00402	0.01001
803.4	4.017	0.09017	0.00402	0.01001
803.5	4.0175	0.09018	0.00402	0.01001
803.6	4.018	0.09018	0.00402	0.01001
803.7	4.0185	0.09019	0.00402	0.01001
803.8	4.019	0.09019	0.00402	0.01001
803.9	4.0195	0.0902	0.00402	0.01001
804.0	4.02	0.0902	0.00402	0.01001
804.1	4.0205	0.09021	0.00402	0.01001
804.2	4.021	0.09021	0.00402	0.01001
804.3	4.0215	0.09022	0.00402	0.01001
804.4	4.022	0.09022	0.00402	0.01001
804.5	4.0225	0.09023	0.00402	0.01001
804.6	4.023	0.09023	0.00402	0.01001
804.7	4.0235	0.09024	0.00402	0.01001
804.8	4.024	0.09024	0.00402	0.01001
804.9	4.0245	0.09025	0.00403	0.01001
805.0	4.025	0.09025	0.00403	0.01001
805.1	4.0255	0.09026	0.00403	0.01001
805.2	4.026	0.09026	0.00403	0.01001
805.3	4.0265	0.09027	0.00403	0.01001
805.4	4.027	0.09027	0.00403	0.01001
805.5	4.0275	0.09028	0.00403	0.01001
805.6	4.028	0.09028	0.00403	0.01001
805.7	4.0285	0.09029	0.00403	0.01001
805.8	4.029	0.09029	0.00403	0.01001
805.9	4.0295	0.0903	0.00403	0.01001
806.0	4.03	0.0903	0.00403	0.01001
806.1	4.0305	0.09031	0.00403	0.01001
806.2	4.031	0.09031	0.00403	0.01001
806.3	4.0315	0.09032	0.00403	0.01001
806.4	4.032	0.09032	0.00403	0.01001
806.5	4.0325	0.09033	0.00403	0.01001
806.6	4.033	0.09033	0.00403	0.01001
806.7	4.0335	0.09034	0.00403	0.01001
806.8	4.034	0.09034	0.00403	0.01001
806.9	4.0345	0.09035	0.00404	0.01001
807.0	4.035	0.09035	0.00404	0.01001
807.1	4.0355	0.09036	0.00404	0.01001
807.2	4.036	0.09036	0.00404	0.01001
807.3	4.0365	0.09037	0.00404	0.01001
807.4	4.037	0.09037	0.00404	0.01001
807.5	4.0375	0.09038	0.00404	0.01001
807.6	4.038	0.09038	0.00404	0.01001
807.7	4.0385	0.09039	0.00404	0.01001
807.8	4.039	0.09039	0.00404	0.01001
807.9	4.0395	0.0904	0.00404	0.01001
808.0	4.04	0.0904	0.00404	0.01001
808.1	4.0405	0.09041	0.00404	0.01001
808.2	4.041	0.09041	0.00404	0.01001
808.3	4.0415	0.09042	0.00404	0.01001
808.4	4.042	0.09042	0.00404	0.01001
808.5	4.0425	0.09043	0.00404	0.01001
808.6	4.043	0.09043	0.00404	0.01001
808.7	4.0435	0.09044	0.00404	0.01001
808.8	4.044	0.09044	0.00404	0.01001
808.9	4.0445	0.09045	0.00405	0.01001
809.0	4.045	0.09045	0.00405	0.01001
809.1	4.0455	0.09046	0.00405	0.01001
809.2	4.046	0.09046	0.00405	0.01001
809.3	4.0465	0.09047	0.00405	0.01001
809.4	4.047	0.09047	0.00405	0.01001
809.5	4.0475	0.09048	0.00405	0.01001
809.6	4.048	0.09048	0.00405	0.01001
809.7	4.0485	0.09049	0.00405	0.01001
809.8	4.049	0.09049	0.00405	0.01001
809.9	4.0495	0.0905	0.00405	0.01001
810.0	4.05	0.0905	0.00405	0.01001
810.1	4.0505	0.09051	0.00405	0.01001
810.2	4.051	0.09051	0.00405	0.01001
810.3	4.0515	0.09052	0.00405	0.01001
810.4	4.052	0.09052	0.00405	0.01001
810.5	4.0525	0.09053	0.00405	0.01001
810.6	4.053	0.09053	0.00405	0.01001
810.7	4.0535	0.09054	0.00405	0.01001
810.8	4.054	0.09054	0.00405	0.01001
810.9	4.0545	0.09055	0.00406	0.01001
811.0	4.055	0.09055	0.00406	0.01001
811.1	4.0555	0.09056	0.00406	0.01001
811.2	4.056	0.09056	0.00406	0.01001
811.3	4.0565	0.09057	0.00406	0.01001
811.4	4.057	0.09057	0.00406	0.01001
811.5	4.0575	0.09058	0.00406	0.01001
811.6	4.058	0.09058	0.00406	0.01001
811.7	4.0585	0.09059	0.00406	0.01001
811.8	4.059	0.09059	0.00406	0.01001
811.9	4.0595	0.0906	0.00406	0.01001
812.0	4.06	0.0906	0.00406	0.01001
812.1	4.0605	0.09061	0.00406	0.01001
812.2	4.061	0.09061	0.00406	0.01001
812.3	4.0615	0.09062	0.00406	0.01001
812.4	4.062	0.09062	0.00406	0.01001
812.5	4.0625	0.09063	0.00406	0.01001
812.6	4.063	0.09063	0.00406	0.01001
812.7	4.0635	0.09064	0.00406	0.01001
812.8	4.064	0.09064	0.00406	0.01001
812.9	4.0645	0.09065	0.00407	0.01001
813.0	4.065	0.09065	0.00407	0.01001
813.1	4.0655	0.09066	0.00407	0.01001
813.2	4.066	0.09066	0.00407	0.01001
813.3	4.0665	0.09067	0.00407	0.01001
813.4	4.067	0.09067	0.00407	0.01001
813.5	4.0675	0.09068	0.00407	0.01001
813.6	4.068	0.09068	0.00407	0.01001
813.7	4.0685	0.09069	0.00407	0.01001
813.8	4.069	0.09069	0.00407	0.01001
813.9	4.0695	0.0907	0.00407	0.01001
814.0	4.07	0.0907	0.00407	0.01001
814.1	4.0705	0.09071	0.00407	0.01001
814.2	4.071	0.09071	0.00407	0.01001
814.3	4.0715	0.09072	0.00407	0.01001
814.4	4.072	0.09072	0.00407	0.01001
814.5	4.0725	0.09073	0.00407	0.01001
814.6	4.073	0.09073	0.00407	0.01001
814.7	4.0735	0.09074	0.00407	0.01001
814.8	4.074	0.09074	0.00407	0.01001
814.9	4.0745	0.09075	0.00408	0.01001
815.0	4.075	0.09075	0.00408	0.01001
815.1	4.0755	0.09076	0.00408	0.01001
815.2	4.076	0.09076	0.00408	0.01001
815.3	4.0765	0.09077	0.00408	0.01001
815.4	4.077	0.09077	0.00408	0.01001
815.5	4.0775	0.09078	0.00408	0.01001
815.6	4.078	0.09078	0.00408	0.01001
815.7	4.0785	0.09079	0.00408	0.01001
815.8	4.079	0.09079	0.00408	0.01001
815.9	4.0795	0.0908	0.00408	0.01001
816.0	4.08	0.0908	0.00408	0.01001
816.1	4.0805	0.09081	0.00408	0.01001
816.2	4.081	0.09081	0.00408	0.01001
816.3	4.0815	0.09082	0.00408	0.01001
816.4	4.082	0.09082	0.00408	0.01001
816.5	4.0825	0.09083	0.00408	0.01001
816.6	4.083	0.09083	0.00408	0.01001
816.7	4.0835	0.09084	0.00408	0.01001
816.8	4.084	0.09084	0.00408	0.01001
816.9	4.0845	0.09085	0.00409	0.01001
817.0	4.085	0.09085	0.00409	0.01001
817.1	4.0855	0.09086	0.00409	0.01001
817.2	4.086	0.09086	0.00409	0.01001
817.3	4.0865	0.09087	0.00409	0.01001
817.4	4.087	0.09087	0.00409	0.01001
817.5	4.0875	0.09088	0.00409	0.01001
817.6	4.088	0.09088	0.00409	0.01001
817.7	4.0885	0.09089	0.00409	0.01001
817.8	4.089	0.09089	0.00409	0.01001
817.9	4.0895	0.0909	0.00409	0.01001
818.0	4.09	0.0909	0.00409	0.01001
818.1	4.0905	0.09091	0.00409	0.01001
818.2	4.091	0.09091	0.00409	0.01001
818.3	4.0915	0.09092	0.00409	0.01001
818.4	4.092	0.09092	0.00409	0.01001
818.5	4.0925	0.09093	0.00409	0.01001
818.6	4.093	0.09093	0.00409	0.01001
818.7	4.0935	0.09094	0.00409	0.01001
818.8	4.094	0.09094	0.00409	0.01001
818.9	4.0945	0.09095	0.0041	0.01001
819.0	4.095	0.09095	0.0041	0.01001
819.1	4.0955	0.09096	0.0041	0.01001
819.2	4.096	0.09096	0.0041	0.01001
819.3	4.0965	0.09097	0.0041	0.01001
819.4	4.097	0.09097	0.0041	0.01001
819.5	4.0975	0.09098	0.0041	0.01001
819.6	4.098	0.09098	0.0041	0.01001
819.7	4.0985	0.09099	0.0041	0.01001
819.8	4.099	0.09099	0.0041	0.01001
819.9	4.0995	0.091	0.0041	0.01001
820.0	4.1	0.091	0.0041	0.01001
820.1	4.1005	0.09101	0.0041	0.01001
820.2	4.101	0.09101	0.0041	0.01001
820.3	4.1015	0.09102	0.0041	0.01001
820.4	4.102	0.09102	0.0041	0.01001
820.5	4.1025	0.09103	0.0041	0.01001
820.6	4.103	0.09103	0.0041	0.01001
820.7	4.1035	0.09104	0.0041	0.01001
820.8	4.104	0.09104	0.0041	0.01001
820.9	4.1045	0.09105	0.00411	0.01001
821.0	4.105	0.09105	0.00411	0.01001
821.1	4.1055	0.09106	0.00411	0.01001
821.2	4.106	0.09106	0.00411	0.01001
821.3	4.1065	0.09107	0.00411	0.01001
821.4	4.107	0.09107	0.00411	0.01001
821.5	4.1075	0.09108	0.00411	0.01001
821.6	4.108	0.09108	0.00411	0.01001
821.7	4.1085	0.09109	0.00411	0.01001
821.8	4.109	0.09109	0.00411	0.01001
821.9	4.1095	0.0911	0.00411	0.01001
822.0	4.11	0.0911	0.00411	0.01001
822.1	4.1105	0.09111	0.00411	0.01001
822.2	4.111	0.09111	0.00411	0.01001
822.3	4.1115	0.09112	0.00411	0.01001
822.4	4.112	0.09112	0.00411	0.01001
822.5	4.1125	0.09113	0.00411	0.01001
822.6	4.113	0.09113	0.00411	0.01001
822.7	4.1135	0.09114	0.00411	0.01001
822.8	4.114	0.09114	0.00411	0.01001
822.9	4.1145	0.09115	0.00412	0.01001
823.0	4.115	0.09115	0.00412	0.01001
823.1	4.1155	0.09116	0.00412	0.01001
823.2	4.116	0.09116	0.00412	0.01001
823.3	4.1165	0.09117	0.00412	0.01001
823.4	4.117	0.09117	0.00412	0.01001
823.5	4.1175	0.09118	0.00412	0.01001
823.6	4.118	0.09118	0.00412	0.01001
823.7	4.1185	0.09119	0.00412	0.01001
823.8	4.119	0.09119	0.00412	0.01001
823.9	4.1195	0.0912	0.00412	0.01001
824.0	4.12	0.0912	0.00412	0.01001
824.1	4.1205	0.09121	0.00412	0.01001
824.2	4.121	0.09121	0.00412	0.01001
824.3	4.1215	0.09122	0.00412	0.01001
824.4	4.122	0.09122	0.00412	0.01001
824.5	4.1225	0.09123	0.00412	0.01001
824.6	4.123	0.09123	0.00412	0.01001
824.7	4.1235	0.09124	0.00412	0.01001
824.8	4.124	0.09124	0.00412	0.01001
824.9	4.1245	0.09125	0.00413	0.01001
825.0	4.125	0.09125	0.00413	0.01001
825.1	4.1255	0.09126	0.00413	0.01001
825.2	4.126	0.09126	0.00413	0.01001
825.3	4.1265	0.09127	0.00413	0.01001
825.4	4.127	0.09127	0.00413	0.01001
825.5	4.1275	0.09128	0.00413	0.01001
825.6	4.128	0.09128	0.00413	0.01001
825.7	4.1285	0.09129	0.00413	0.01001
825.8	4.129	0.09129	0.00413	0.01001
825.9	4.1295	0.0913	0.00413	0.01001
826.0	4.13	0.0913	0.00413	0.01001
826.1	4.1305	0.09131	0.00413	0.01001
826.2	4.131	0.09131	0.00413	0.01001
826.3	4.1315	0.09132	0.00413	0.01001
826.4	4.132	0.09132	0.00413	0.01001
826.5	4.1325	0.09133	0.00413	0.01001
826.6	4.133	0.09133	0.00413	0.01001
826.7	4.1335	0.09134	0.00413	0.01001
826.8	4.134	0.09134	0.00413	0.01001
826.9	4.1345	0.09135	0.00414	0.01001
827.0	4.135	0.09135	0.00414	0.01001
827.1	4.1355	0.09136	0.00414	0.01001
827.2	4.136	0.09136	0.00414	0.01001
827.3	4.1365	0.09137	0.00414	0.01001
827.4	4.137	0.09137	0.00414	0.01001
827.5	4.1375	0.09138	0.00414	0.01001
827.6	4.138	0.09138	0.00414	0.01001
827.7	4.1385	0.09139	0.00414	0.01001
827.8	4.139	0.09139	0.00414	0.01001
827.9	4.1395	0.0914	0.00414	0.01001
828.0	4.14	0.0914	0.00414	0.01001
828.1	4.1405	0.09141	0.00414	0.01001
828.2	4.141	0.09141	0.00414	0.01001
828.3	4.1415	0.09142	0.00414	0.01001
828.4	4.142	0.09142	0.00414	0.01001
828.5	4.1425	0.09143	0.00414	0.01001
828.6	4.143	0.09143	0.00414	0.01001
828.7	4.1435	0.09144	0.00414	0.01001
828.8	4.144	0.09144	0.00414	0.01001
828.9	4.1445	0.09145	0.00415	0.01001
829.0	4.145	0.09145	0.00415	0.01001
829.1	4.1455	0.09146	0.00415	0.01001
829.2	4.146	0.09146	0.00415	0.01001
829.3	4.1465	0.09147	0.00415	0.01001
829.4	4.147	0.09147	0.00415	0.01001
829.5	4.1475	0.09148	0.00415	0.01001
829.6	4.148	0.09148	0.00415	0.01001
829.7	4.1485	0.09149	0.00415	0.01001
829.8	4.149	0.09149	0.00415	0.01001
829.9	4.1495	0.0915	0.00415	0.01001
830.0	4.15	0.0915	0.00415	0.01001
830.1	4.1505	0.09151	0.00415	0.01001
830.2	4.151	0.09151	0.00415	0.01001
830.3	4.1515	0.09152	0.00415	0.01001
830.4	4.152	0.09152	0.00415	0.01001
830.5	4.1525	0.09153	0.00415	0.01001
830.6	4.153	0.09153	0.00415	0.01001
830.7	4.1535	0.09154	0.00415	0.01001
830.8	4.154	0.09154	0.00415	0.01001
830.9	4.1545	0.09155	0.00416	0.01001
831.0	4.155	0.09155	0.00416	0.01001
831.1	4.1555	0.09156	0.00416	0.01001
831.2	4.156	0.09156	0.00416	0.01001
831.3	4.1565	0.09157	0.00416	0.01001
831.4	4.157	0.09157	0.00416	0.01001
831.5	4.1575	0.09158	0.00416	0.01001
831.6	4.158	0.09158	0.00416	0.01001
831.7	4.1585	0.09159	0.00416	0.01001
831.8	4.159	0.09159	0.00416	0.01001
831.9	4.1595	0.0916	0.00416	0.01001
832.0	4.16	0.0916	0.00416	0.01001
832.1	4.1605	0.09161	0.00416	0.01001
832.2	4.161	0.09161	0.00416	0.01001
832.3	4.1615	0.09162	0.00416	0.01001
832.4	4.162	0.09162	0.00416	0.01001
832.5	4.1625	0.09163	0.00416	0.01001
832.6	4.163	0.09163	0.00416	0.01001
832.7	4.1635	0.09164	0.00416	0.01001
832.8	4.164	0.09164	0.00416	0.01001
832.9	4.1645	0.09165	0.00417	0.01001
833.0	4.165	0.09165	0.00417	0.01001
833.1	4.1655	0.09166	0.00417	0.01001
833.2	4.166	0.09166	0.00417	0.01001
833.3	4.1665	0.09167	0.00417	0.01001
833.4	4.167	0.09167	0.00417	0.01001
833.5	4.1675	0.09168	0.00417	0.01001
833.6	4.168	0.09168	0.00417	0.01001
833.7	4.1685	0.09169	0.00417	0.01001
833.8	4.169	0.09169	0.00417	0.01001
833.9	4.1695	0.0917	0.00417	0.01001
834.0	4.17	0.0917	0.00417	0.01001
834.1	4.1705	0.09171	0.00417	0.01001
834.2	4.171	0.09171	0.00417	0.01001
834.3	4.1715	0.09172	0.00417	0.01001
834.4	4.172	0.09172	0.00417	0.01001
834.5	4.1725	0.09173	0.00417	0.01001
834.6	4.173	0.09173	0.00417	0.01001
834.7	4.1735	0.09174	0.00417	0.01001
834.8	4.174	0.09174	0.00417	0.01001
834.9	4.1745	0.09175	0.00418	0.01001
835.0	4.175	0.09175	0.00418	0.01001
835.1	4.1755	0.09176	0.00418	0.01001
835.2	4.176	0.09176	0.00418	0.01001
835.3	4.1765	0.09177	0.00418	0.01001
835.4	4.177	0.09177	0.00418	0.01001
835.5	4.1775	0.09178	0.00418	0.01001
835.6	4.178	0.09178	0.00418	0.01001
835.7	4.1785	0.09179	0.00418	0.01001
835.8	4.179	0.09179	0.00418	0.01001
835.9	4.1795	0.0918	0.00418	0.01001
836.0	4.18	0.0918	0.00418	0.01001
836.1	4.1805	0.09181	0.00418	0.01001
836.2	4.181	0.09181	0.00418	0.01001
836.3	4.1815	0.09182	0.00418	0.01001
836.4	4.182	0.09182	0.00418	0.01001
836.5	4.1825	0.09183	0.00418	0.01001
836.6	4.183	0.09183	0.00418	0.01001
836.7	4.1835	0.09184	0.00418	0.01001
836.8	4.184	0.09184	0.00418	0.01001
836.9	4.1845	0.09185	0.00419	0.01001
837.0	4.185	0.09185	0.00419	0.01001
837.1	4.1855	0.09186	0.00419	0.01001
837.2	4.186	0.09186	0.00419	0.01001
837.3	4.1865	0.09187	0.00419	0.01001
837.4	4.187	0.09187	0.00419	0.01001
837.5	4.1875	0.09188	0.00419	0.01001
837.6	4.188	0.09188	0.00419	0.01001
837.7	4.1885	0.09189	0.00419	0.01001
837.8	4.189	0.09189	0.00419	0.01001
837.9	4.1895	0.0919	0.00419	0.01001
838.0	4.19	0.0919	0.00419	0.01001
838.1	4.1905	0.09191	0.00419	0.01001
838.2	4.191	0.09191	0.00419	0.01001
838.3	4.1915	0.09192	0.00419	0.01001
838.4	4.192	0.09192	0.00419	0.01001
838.5	4.1925	0.09193	0.00419	0.01001
838.6	4.193	0.09193	0.00419	0.01001
838.7	4.1935	0.09194	0.00419	0.01001
838.8	4.194	0.09194	0.00419	0.01001
838.9	4.1945	0.09195	0.0042	0.01001
839.0	4.195	0.09195	0.0042	0.01001
839.1	4.1955	0.09196	0.0042	0.01001
839.2	4.196	0.09196	0.0042	0.01001
839.3	4.1965	0.09197	0.0042	0.01001
839.4	4.197	0.09197	0.0042	0.01001
839.5	4.1975	0.09198	0.0042	0.01001
839.6	4.198	0.09198	0.0042	0.01001
839.7	4.1985	0.09199	0.0042	0.01001
839.8	4.199	0.09199	0.0042	0.01001
839.9	4.1995	0.092	0.0042	0.01001
840.0	4.2	0.092	0.0042	0.01001
840.1	4.2005	0.09201	0.0042	0.01001
840.2	4.201	0.09201	0.0042	0.01001
840.3	4.2015	0.09202	0.0042	0.01001
840.4	4.202	0.09202	0.0042	0.01001
840.5	4.2025	0.09203	0.0042	0.01001
840.6	4.203	0.09203	0.0042	0.01001
840.7	4.2035	0.09204	0.0042	0.01001
840.8	4.204	0.09204	0.0042	0.01001
840.9	4.2045	0.09205	0.00421	0.01001
841.0	4.205	0.09205	0.00421	0.01001
841.1	4.2055	0.09206	0.00421	0.01001
841.2	4.206	0.09206	0.00421	0.01001
841.3	4.2065	0.09207	0.00421	0.01001
841.4	4.207	0.09207	0.00421	0.01001
841.5	4.2075	0.09208	0.00421	0.01001
841.6	4.208	0.09208	0.00421	0.01001
841.7	4.2085	0.09209	0.00421	0.01001
841.8	4.209	0.09209	0.00421	0.01001
841.9	4.2095	0.0921	0.00421	0.01001
842.0	4.21	0.0921	0.00421	0.01001
842.1	4.2105	0.09211	0.00421	0.01001
842.2	4.211	0.09211	0.00421	0.01001
842.3	4.2115	0.09212	0.00421	0.01001
842.4	4.212	0.09212	0.00421	0.01001
842.5	4.2125	0.09213	0.00421	0.01001
842.6	4.213	0.09213	0.00421	0.01001
842.7	4.2135	0.09214	0.00421	0.01001
842.8	4.214	0.09214	0.00421	0.01001
842.9	4.2145	0.09215	0.00422	0.01001
843.0	4.215	0.09215	0.00422	0.01001
843.1	4.2155	0.09216	0.00422	0.01001
843.2	4.216	0.09216	0.00422	0.01001
843.3	4.2165	0.09217	0.00422	0.01001
843.4	4.217	0.09217	0.00422	0.01001
843.5	4.2175	0.09218	0.00422	0.01001
843.6	4.218	0.09218	0.00422	0.01001
843.7	4.2185	0.09219	0.00422	0.01001
843.8	4.219	0.09219	0.00422	0.01001
843.9	4.2195	0.0922	0.00422	0.01001
844.0	4.22	0.0922	0.00422	0.01001
844.1	4.2205	0.09221	0.00422	0.01001
844.2	4.221	0.09221	0.00422	0.01001
844.3	4.2215	0.09222	0.00422	0.01001
844.4	4.222	0.09222	0.00422	0.01001
844.5	4.2225	0.09223	0.00422	0.01001
844.6	4.223	0.09223	0.00422	0.01001
844.7	4.2235	0.09224	0.00422	0.01001
844.8	4.224	0.09224	0.00422	0.01001
844.9	4.2245	0.09225	0.00423	0.01001
845.0	4.225	0.09225	0.00423	0.01001
845.1	4.2255	0.09226	0.00423	0.01001
845.2	4.226	0.09226	0.00423	0.01001
845.3	4.2265	0.09227	0.00423	0.01001
845.4	4.227	0.09227	0.00423	0.01001
845.5	4.2275	0.09228	0.00423	0.01001
845.6	4.228	0.09228	0.00423	0.01001
845.7	4.2285	0.09229	0.00423	0.01001
845.8	4.229	0.09229	0.00423	0.01001
845.9	4.2295	0.0923	0.00423	0.01001
846.0	4.23	0.0923	0.00423	0.01001
846.1	4.2305	0.09231	0.00423	0.01001
846.2	4.231	0.09231	0.00423	0.01001
846.3	4.2315	0.09232	0.00423	0.01001
846.4	4.232	0.09232	0.00423	0.01001
846.5	4.2325	0.09233	0.00423	0.01001
846.6	4.233	0.09233	0.00423	0.01001
846.7	4.2335	0.09234	0.00423	0.01001
846.8	4.234	0.09234	0.00423	0.01001
846.9	4.2345	0.09235	0.00424	0.01001
847.0	4.235	0.09235	0.00424	0.01001
847.1	4.2355	0.09236	0.00424	0.01001
847.2	4.236	0.09236	0.00424	0.01001
847.3	4.2365	0.09237	0.00424	0.01001
847.4	4.237	0.09237	0.00424	0.01001
847.5	4.2375	0.09238	0.00424	0.01001
847.6	4.238	0.09238	0.00424	0.01001
847.7	4.2385	0.09239	0.00424	0.01001
847.8	4.239	0.09239	0.00424	0.01001
847.9	4.2395	0.0924	0.00424	0.01001
848.0	4.24	0.0924	0.00424	0.01001
848.1	4.2405	0.09241	0.00424	0.01001
848.2	4.241	0.09241	0.00424	0.01001
848.3	4.2415	0.09242	0.00424	0.01001
848.4	4.242	0.09242	0.00424	0.01001
848.5	4.2425	0.09243	0.00424	0.01001
848.6	4.243	0.09243	0.00424	0.01001
848.7	4.2435	0.09244	0.00424	0.01001
848.8	4.244	0.09244	0.00424	0.01001
848.9	4.2445	0.09245	0.00425	0.01001
849.0	4.245	0.09245	0.00425	0.01001
849.1	4.2455	0.09246	0.00425	0.01001
849.2	4.246	0.09246	0.00425	0.01001
849.3	4.2465	0.09247	0.00425	0.01001
849.4	4.247	0.09247	0.00425	0.01001
849.5	4.2475	0.09248	0.00425	0.01001
849.6	4.248	0.09248	0.00425	0.01001
849.7	4.2485	0.09249	0.00425	0.01001
849.8	4.249	0.09249	0.00425	0.01001
849.9	4.2495	0.0925	0.00425	0.01001
850.0	4.25	0.0925	0.00425	0.01001
850.1	4.2505	0.09251	0.00425	0.01001
850.2	4.251	0.09251	0.00425	0.01001
850.3	4.2515	0.09252	0.00425	0.01001
850.4	4.252	0.09252	0.00425	0.01001
850.5	4.2525	0.09253	0.00425	0.01001
850.6	4.253	0.09253	0.00425	0.01001
850.7	4.2535	0.09254	0.00425	0.01001
850.8	4.254	0.09254	0.00425	0.01001
850.9	4.2545	0.09255	0.00426	0.01001
851.0	4.255	0.09255	0.00426	0.01001
851.1	4.2555	0.09256	0.00426	0.01001
851.2	4.256	0.09256	0.00426	0.01001
851.3	4.2565	0.09257	0.00426	0.01001
851.4	4.257	0.09257	0.00426	0.01001
851.5	4.2575	0.09258	0.00426	0.01001
851.6	4.258	0.09258	0.00426	0.01001
851.7	4.2585	0.09259	0.00426	0.01001
851.8	4.259	0.09259	0.00426	0.01001
851.9	4.2595	0.0926	0.00426	0.01001
852.0	4.26	0.0926	0.00426	0.01001
852.1	4.2605	0.09261	0.00426	0.01001
852.2	4.261	0.09261	0.00426	0.01001
852.3	4.2615	0.09262	0.00426	0.01001
852.4	4.262	0.09262	0.00426	0.01001
852.5	4.2625	0.09263	0.00426	0.01001
852.6	4.263	0.09263	0.00426	0.01001
852.7	4.2635	0.09264	0.00426	0.01001
852.8	4.264	0.09264	0.00426	0.01001
852.9	4.2645	0.09265	0.00427	0.01001
853.0	4.265	0.09265	0.00427	0.01001
853.1	4.2655	0.09266	0.00427	0.01001
853.2	4.266	0.09266	0.00427	0.01001
853.3	4.2665	0.09267	0.00427	0.01001
853.4	4.267	0.09267	0.00427	0.01001
853.5	4.2675	0.09268	0.00427	0.01001
853.6	4.268	0.09268	0.00427	0.01001
853.7	4.2685	0.09269	0.00427	0.01001
853.8	4.269	0.09269	0.00427	0.01001
853.9	4.2695	0.0927	0.00427	0.01001
854.0	4.27	0.0927	0.00427	0.01001
854.1	4.2705	0.09271	0.00427	0.01001
854.2	4.271	0.09271	0.00427	0.01001
854.3	4.2715	0.09272	0.00427	0.01001
854.4	4.272	0.09272	0.00427	0.01001
854.5	4.2725	0.09273	0.00427	0.01001
854.6	4.273	0.09273	0.00427	0.01001
854.7	4.2735	0.09274	0.00427	0.01001
854.8	4.274	0.09274	0.00427	0.01001
854.9	4.2745	0.09275	0.00428	0.01001
855.0	4.275	0.09275	0.00428	0.01001
855.1	4.2755	0.09276	0.00428	0.01001
855.2	4.276	0.09276	0.00428	0.01001
855.3	4.2765	0.09277	0.00428	0.01001
855.4	4.277	0.09277	0.00428	0.01001
855.5	4.2775	0.09278	0.00428	0.01001
855.6	4.278	0.09278	0.00428	0.01001
855.7	4.2785	0.09279	0.00428	0.01001
855.8	4.279	0.09279	0.00428	0.01001
855.9	4.2795	0.0928	0.00428	0.01001
856.0	4.28	0.0928	0.00428	0.01001
856.1	4.2805	0.09281	0.00428	0.01001
856.2	4.281	0.09281	0.00428	0.01001
856.3	4.2815	0.09282	0.00428	0.01001
856.4	4.282	0.09282	0.00428	0.01001
856.5	4.2825	0.09283	0.00428	0.01001
856.6	4.283	0.09283	0.00428	0.01001
856.7	4.2835	0.09284	0.00428	0.01001
856.8	4.284	0.09284	0.00428	0.01001
856.9	4.2845	0.09285	0.00429	0.01001
857.0	4.285	0.09285	0.00429	0.01001
857.1	4.2855	0.09286	0.00429	0.01001
857.2	4.286	0.09286	0.00429	0.01001
857.3	4.2865	0.09287	0.00429	0.01001
857.4	4.287	0.09287	0.00429	0.01001
857.5	4.2875	0.09288	0.00429	0.01001
857.6	4.288	0.09288	0.00429	0.01001
857.7	4.2885	0.09289	0.00429	0.01001
857.8	4.289	0.09289	0.00429	0.01001
857.9	4.2895	0.0929	0.00429	0.01001
858.0	4.29	0.0929	0.00429	0.01001
858.1	4.2905	0.09291	0.00429	0.01001
858.2	4.291	0.09291	0.00429	0.01001
858.3	4.2915	0.09292	0.00429	0.01001
858.4	4.292	0.09292	0.00429	0.01001
858.5	4.2925	0.09293	0.00429	0.01001
858.6	4.293	0.09293	0.00429	0.01001
858.7	4.2935	0.09294	0.00429	0.01001
858.8	4.294	0.09294	0.00429	0.01001
858.9	4.2945	0.09295	0.0043	0.01001
859.0	4.295	0.09295	0.0043	0.01001
859.1	4.2955	0.09296	0.0043	0.01001
859.2	4.296	0.09296	0.0043	0.01001
859.3	4.2965	0.09297	0.0043	0.01001
859.4	4.297	0.09297	0.0043	0.01001
859.5	4.2975	0.09298	0.0043	0.01001
859.6	4.298	0.09298	0.0043	0.01001
859.7	4.2985	0.09299	0.0043	0.01001
859.8	4.299	0.09299	0.0043	0.01001
859.9	4.2995	0.093	0.0043	0.01001
860.0	4.3	0.093	0.0043	0.01001
860.1	4.3005	0.09301	0.0043	0.01001
860.2	4.301	0.09301	0.0043	0.01001
860.3	4.3015	0.09302	0.0043	0.01001
860.4	4.302	0.09302	0.0043	0.01001
860.5	4.3025	0.09303	0.0043	0.01001
860.6	4.303	0.09303	0.0043	0.01001
860.7	4.3035	0.09304	0.0043	0.01001
860.8	4.304	0.09304	0.0043	0.01001
860.9	4.3045	0.09305	0.00431	0.01001
861.0	4.305	0.09305	0.00431	0.01001
861.1	4.3055	0.09306	0.00431	0.01001
861.2	4.306	0.09306	0.00431	0.01001
861.3	4.3065	0.09307	0.00431	0.01001
861.4	4.307	0.09307	0.00431	0.01001
861.5	4.3075	0.09308	0.00431	0.01001
861.6	4.308	0.09308	0.00431	0.01001
861.7	4.3085	0.09309	0.00431	0.01001
861.8	4.309	0.09309	0.00431	0.01001
861.9	4.3095	0.0931	0.00431	0.01001
862.0	4.31	0.0931	0.00431	0.01001
862.1	4.3105	0.09311	0.00431	0.01001
862.2	4.311	0.09311	0.00431	0.01001
862.3	4.3115	0.09312	0.00431	0.01001
862.4	4.312	0.09312	0.00431	0.01001
862.5	4.3125	0.09313	0.00431	0.01001
862.6	4.313	0.09313	0.00431	0.01001
862.7	4.3135	0.09314	0.00431	0.01001
862.8	4.314	0.09314	0.00431	0.01001
862.9	4.3145	0.09315	0.00432	0.01001
863.0	4.315	0.09315	0.00432	0.01
863.1	4.3155	0.09316	0.00432	0.01
863.2	4.316	0.09316	0.00432	0.01
863.3	4.3165	0.09317	0.00432	0.01
863.4	4.317	0.09317	0.00432	0.01
863.5	4.3175	0.09318	0.00432	0.01
863.6	4.318	0.09318	0.00432	0.01
863.7	4.3185	0.09319	0.00432	0.01
863.8	4.319	0.09319	0.00432	0.01
863.9	4.3195	0.0932	0.00432	0.01
864.0	4.32	0.0932	0.00432	0.01
864.1	4.3205	0.09321	0.00432	0.01
864.2	4.321	0.09321	0.00432	0.01
864.3	4.3215	0.09322	0.00432	0.01
864.4	4.322	0.09322	0.00432	0.01
864.5	4.3225	0.09323	0.00432	0.01
864.6	4.323	0.09323	0.00432	0.01
864.7	4.3235	0.09324	0.00432	0.01
864.8	4.324	0.09324	0.00432	0.01
864.9	4.3245	0.09325	0.00433	0.01
865.0	4.325	0.09325	0.00433	0.01
865.1	4.3255	0.09326	0.00433	0.01
865.2	4.326	0.09326	0.00433	0.01
865.3	4.3265	0.09327	0.00433	0.01
865.4	4.327	0.09327	0.00433	0.01
865.5	4.3275	0.09328	0.00433	0.01
865.6	4.328	0.09328	0.00433	0.01
865.7	4.3285	0.09329	0.00433	0.01
865.8	4.329	0.09329	0.00433	0.01
865.9	4.3295	0.0933	0.00433	0.01
866.0	4.33	0.0933	0.00433	0.01
866.1	4.3305	0.09331	0.00433	0.01
866.2	4.331	0.09331	0.00433	0.01
866.3	4.3315	0.09332	0.00433	0.01
866.4	4.332	0.09332	0.00433	0.01
866.5	4.3325	0.09333	0.00433	0.01
866.6	4.333	0.09333	0.00433	0.01
866.7	4.3335	0.09334	0.00433	0.01
866.8	4.334	0.09334	0.00433	0.01
866.9	4.3345	0.09335	0.00434	0.01
867.0	4.335	0.09335	0.00434	0.01
867.1	4.3355	0.09336	0.00434	0.01
867.2	4.336	0.09336	0.00434	0.01
867.3	4.3365	0.09337	0.00434	0.01
867.4	4.337	0.09337	0.00434	0.01
867.5	4.3375	0.09338	0.00434	0.01
867.6	4.338	0.09338	0.00434	0.01
867.7	4.3385	0.09339	0.00434	0.01
867.8	4.339	0.09339	0.00434	0.01
867.9	4.3395	0.0934	0.00434	0.01
868.0	4.34	0.0934	0.00434	0.01
868.1	4.3405	0.09341	0.00434	0.01
868.2	4.341	0.09341	0.00434	0.01
868.3	4.3415	0.09342	0.00434	0.01
868.4	4.342	0.09342	0.00434	0.01
868.5	4.3425	0.09343	0.00434	0.01
868.6	4.343	0.09343	0.00434	0.01
868.7	4.3435	0.09344	0.00434	0.01
868.8	4.344	0.09344	0.00434	0.01
868.9	4.3445	0.09345	0.00435	0.01
869.0	4.345	0.09345	0.00435	0.01
869.1	4.3455	0.09346	0.00435	0.01
869.2	4.346	0.09346	0.00435	0.01
869.3	4.3465	0.09347	0.00435	0.01
869.4	4.347	0.09347	0.00435	0.01
869.5	4.3475	0.09348	0.00435	0.01
869.6	4.348	0.09348	0.00435	0.01
869.7	4.3485	0.09349	0.00435	0.01
869.8	4.349	0.09349	0.00435	0.01
869.9	4.3495	0.0935	0.00435	0.01
870.0	4.35	0.0935	0.00435	0.01
870.1	4.3505	0.09351	0.00435	0.01
870.2	4.351	0.09351	0.00435	0.01
870.3	4.3515	0.09352	0.00435	0.01
870.4	4.352	0.09352	0.00435	0.01
870.5	4.3525	0.09353	0.00435	0.01
870.6	4.353	0.09353	0.00435	0.01
870.7	4.3535	0.09354	0.00435	0.01
870.8	4.354	0.09354	0.00435	0.01
870.9	4.3545	0.09355	0.00436	0.01
871.0	4.355	0.09355	0.00436	0.01
871.1	4.3555	0.09356	0.00436	0.01
871.2	4.356	0.09356	0.00436	0.01
871.3	4.3565	0.09357	0.00436	0.01
871.4	4.357	0.09357	0.00436	0.01
871.5	4.3575	0.09358	0.00436	0.01
871.6	4.358	0.09358	0.00436	0.01
871.7	4.3585	0.09359	0.00436	0.01
871.8	4.359	0.09359	0.00436	0.01
871.9	4.3595	0.0936	0.00436	0.01
872.0	4.36	0.0936	0.00436	0.01
872.1	4.3605	0.09361	0.00436	0.01
872.2	4.361	0.09361	0.00436	0.01
872.3	4.3615	0.09362	0.00436	0.01
872.4	4.362	0.09362	0.00436	0.01
872.5	4.3625	0.09363	0.00436	0.01
872.6	4.363	0.09363	0.00436	0.01
872.7	4.3635	0.09364	0.00436	0.01
872.8	4.364	0.09364	0.00436	0.01
872.9	4.3645	0.09365	0.00437	0.01
873.0	4.365	0.09365	0.00437	0.01
873.1	4.3655	0.09366	0.00437	0.01
873.2	4.366	0.09366	0.00437	0.01
873.3	4.3665	0.09367	0.00437	0.01
873.4	4.367	0.09367	0.00437	0.01
873.5	4.3675	0.09368	0.00437	0.01
873.6	4.368	0.09368	0.00437	0.01
873.7	4.3685	0.09369	0.00437	0.01
873.8	4.369	0.09369	0.00437	0.01
873.9	4.3695	0.0937	0.00437	0.01
874.0	4.37	0.0937	0.00437	0.01
874.1	4.3705	0.09371	0.00437	0.01
874.2	4.371	0.09371	0.00437	0.01
874.3	4.3715	0.09372	0.00437	0.01
874.4	4.372	0.09372	0.00437	0.01
874.5	4.3725	0.09373	0.00437	0.01
874.6	4.373	0.09373	0.00437	0.01
874.7	4.3735	0.09374	0.00437	0.01
874.8	4.374	0.09374	0.00437	0.01
874.9	4.3745	0.09375	0.00438	0.01
875.0	4.375	0.09375	0.00438	0.01
875.1	4.3755	0.09376	0.00438	0.01
875.2	4.376	0.09376	0.00438	0.01
875.3	4.3765	0.09377	0.00438	0.01
875.4	4.377	0.09377	0.00438	0.01
875.5	4.3775	0.09378	0.00438	0.01
875.6	4.378	0.09378	0.00438	0.01
875.7	4.3785	0.09379	0.00438	0.01
875.8	4.379	0.09379	0.00438	0.01
875.9	4.3795	0.0938	0.00438	0.01
876.0	4.38	0.0938	0.00438	0.01
876.1	4.3805	0.09381	0.00438	0.01
876.2	4.381	0.09381	0.00438	0.01
876.3	4.3815	0.09382	0.00438	0.01
876.4	4.382	0.09382	0.00438	0.01
876.5	4.3825	0.09383	0.00438	0.01
876.6	4.383	0.09383	0.00438	0.01
876.7	4.3835	0.09384	0.00438	0.01
876.8	4.384	0.09384	0.00438	0.01
876.9	4.3845	0.09385	0.00439	0.01
877.0	4.385	0.09385	0.00439	0.01
877.1	4.3855	0.09386	0.00439	0.01
877.2	4.386	0.09386	0.00439	0.01
877.3	4.3865	0.09387	0.00439	0.01
877.4	4.387	0.09387	0.00439	0.01
877.5	4.3875	0.09388	0.00439	0.01
877.6	4.388	0.09388	0.00439	0.01
877.7	4.3885	0.09389	0.00439	0.01
877.8	4.389	0.09389	0.00439	0.01
877.9	4.3895	0.0939	0.00439	0.01
878.0	4.39	0.0939	0.00439	0.01
878.1	4.3905	0.09391	0.00439	0.01
878.2	4.391	0.09391	0.00439	0.01
878.3	4.3915	0.09392	0.00439	0.01
878.4	4.392	0.09392	0.00439	0.01
878.5	4.3925	0.09393	0.00439	0.01
878.6	4.393	0.09393	0.00439	0.01
878.7	4.3935	0.09394	0.00439	0.01
878.8	4.394	0.09394	0.00439	0.01
878.9	4.3945	0.09395	0.00439	0.01
879.0	4.395	0.09395	0.0044	0.01
879.1	4.3955	0.09396	0.0044	0.01
879.2	4.396	0.09396	0.0044	0.01
879.3	4.3965	0.09397	0.0044	0.01
879.4	4.397	0.09397	0.0044	0.01
879.5	4.3975	0.09398	0.0044	0.01
879.6	4.398	0.09398	0.0044	0.01
879.7	4.3985	0.09399	0.0044	0.01
879.8	4.399	0.09399	0.0044	0.01
879.9	4.3995	0.094	0.0044	0.01
880.0	4.4	0.094	0.0044	0.01
880.1	4.4005	0.09401	0.0044	0.01
880.2	4.401	0.09401	0.0044	0.01
880.3	4.4015	0.09402	0.0044	0.01
880.4	4.402	0.09402	0.0044	0.01
880.5	4.4025	0.09403	0.0044	0.01
880.6	4.403	0.09403	0.0044	0.01
880.7	4.4035	0.09404	0.0044	0.01
880.8	4.404	0.09404	0.0044	0.01
880.9	4.4045	0.09405	0.0044	0.01
881.0	4.405	0.09405	0.00441	0.01
881.1	4.4055	0.09406	0.00441	0.01
881.2	4.406	0.09406	0.00441	0.01
881.3	4.4065	0.09407	0.00441	0.01
881.4	4.407	0.09407	0.00441	0.01
881.5	4.4075	0.09408	0.00441	0.01
881.6	4.408	0.09408	0.00441	0.01
881.7	4.4085	0.09409	0.00441	0.01
881.8	4.409	0.09409	0.00441	0.01
881.9	4.4095	0.0941	0.00441	0.01
882.0	4.41	0.0941	0.00441	0.01
882.1	4.4105	0.09411	0.00441	0.01
882.2	4.411	0.09411	0.00441	0.01
882.3	4.4115	0.09412	0.00441	0.01
882.4	4.412	0.09412	0.00441	0.01
882.5	4.4125	0.09413	0.00441	0.01
882.6	4.413	0.09413	0.00441	0.01
882.7	4.4135	0.09414	0.00441	0.01
882.8	4.414	0.09414	0.00441	0.01
882.9	4.4145	0.09415	0.00441	0.01
883.0	4.415	0.09415	0.00442	0.01
883.1	4.4155	0.09416	0.00442	0.01
883.2	4.416	0.09416	0.00442	0.01
883.3	4.4165	0.09417	0.00442	0.01
883.4	4.417	0.09417	0.00442	0.01
883.5	4.4175	0.09418	0.00442	0.01
883.6	4.418	0.09418	0.00442	0.01
883.7	4.4185	0.09419	0.00442	0.01
883.8	4.419	0.09419	0.00442	0.01
883.9	4.4195	0.0942	0.00442	0.01
884.0	4.42	0.0942	0.00442	0.01
884.1	4.4205	0.09421	0.00442	0.01
884.2	4.421	0.09421	0.00442	0.01
884.3	4.4215	0.09422	0.00442	0.01
884.4	4.422	0.09422	0.00442	0.01
884.5	4.4225	0.09423	0.00442	0.01
884.6	4.423	0.09423	0.00442	0.01
884.7	4.4235	0.09424	0.00442	0.01
884.8	4.424	0.09424	0.00442	0.01
884.9	4.4245	0.09425	0.00442	0.01
885.0	4.425	0.09425	0.00443	0.01
885.1	4.4255	0.09426	0.00443	0.01
885.2	4.426	0.09426	0.00443	0.01
885.3	4.4265	0.09427	0.00443	0.01
885.4	4.427	0.09427	0.00443	0.01
885.5	4.4275	0.09428	0.00443	0.01
885.6	4.428	0.09428	0.00443	0.01
885.7	4.4285	0.09429	0.00443	0.01
885.8	4.429	0.09429	0.00443	0.01
885.9	4.4295	0.0943	0.00443	0.01
886.0	4.43	0.0943	0.00443	0.01
886.1	4.4305	0.09431	0.00443	0.01
886.2	4.431	0.09431	0.00443	0.01
886.3	4.4315	0.09432	0.00443	0.01
886.4	4.432	0.09432	0.00443	0.01
886.5	4.4325	0.09433	0.00443	0.01
886.6	4.433	0.09433	0.00443	0.01
886.7	4.4335	0.09434	0.00443	0.01
886.8	4.434	0.09434	0.00443	0.01
886.9	4.4345	0.09435	0.00443	0.01
887.0	4.435	0.09435	0.00444	0.01
887.1	4.4355	0.09436	0.00444	0.01
887.2	4.436	0.09436	0.00444	0.01
887.3	4.4365	0.09437	0.00444	0.01
887.4	4.437	0.09437	0.00444	0.01
887.5	4.4375	0.09438	0.00444	0.01
887.6	4.438	0.09438	0.00444	0.01
887.7	4.4385	0.09439	0.00444	0.01
887.8	4.439	0.09439	0.00444	0.01
887.9	4.4395	0.0944	0.00444	0.01
888.0	4.44	0.0944	0.00444	0.01
888.1	4.4405	0.09441	0.00444	0.01
888.2	4.441	0.09441	0.00444	0.01
888.3	4.4415	0.09442	0.00444	0.01
888.4	4.442	0.09442	0.00444	0.01
888.5	4.4425	0.09443	0.00444	0.01
888.6	4.443	0.09443	0.00444	0.01
888.7	4.4435	0.09444	0.00444	0.01
888.8	4.444	0.09444	0.00444	0.01
888.9	4.4445	0.09445	0.00444	0.01
889.0	4.445	0.09445	0.00445	0.01
889.1	4.4455	0.09446	0.00445	0.01
889.2	4.446	0.09446	0.00445	0.01
889.3	4.4465	0.09447	0.00445	0.01
889.4	4.447	0.09447	0.00445	0.01
889.5	4.4475	0.09448	0.00445	0.01
889.6	4.448	0.09448	0.00445	0.01
889.7	4.4485	0.09449	0.00445	0.01
889.8	4.449	0.09449	0.00445	0.01
889.9	4.4495	0.0945	0.00445	0.01
890.0	4.45	0.0945	0.00445	0.01
890.1	4.4505	0.09451	0.00445	0.01
890.2	4.451	0.09451	0.00445	0.01
890.3	4.4515	0.09452	0.00445	0.01
890.4	4.452	0.09452	0.00445	0.01
890.5	4.4525	0.09453	0.00445	0.01
890.6	4.453	0.09453	0.00445	0.01
890.7	4.4535	0.09454	0.00445	0.01
890.8	4.454	0.09454	0.00445	0.01
890.9	4.4545	0.09455	0.00445	0.01
891.0	4.455	0.09455	0.00446	0.01
891.1	4.4555	0.09456	0.00446	0.01
891.2	4.456	0.09456	0.00446	0.01
891.3	4.4565	0.09457	0.00446	0.01
891.4	4.457	0.09457	0.00446	0.01
891.5	4.4575	0.09458	0.00446	0.01
891.6	4.458	0.09458	0.00446	0.01
891.7	4.4585	0.09459	0.00446	0.01
891.8	4.459	0.09459	0.00446	0.01
891.9	4.4595	0.0946	0.00446	0.01
892.0	4.46	0.0946	0.00446	0.01
892.1	4.4605	0.09461	0.00446	0.01
892.2	4.461	0.09461	0.00446	0.01
892.3	4.4615	0.09462	0.00446	0.01
892.4	4.462	0.09462	0.00446	0.01
892.5	4.4625	0.09463	0.00446	0.01
892.6	4.463	0.09463	0.00446	0.01
892.7	4.4635	0.09464	0.00446	0.01
892.8	4.464	0.09464	0.00446	0.01
892.9	4.4645	0.09465	0.00446	0.01
893.0	4.465	0.09465	0.00447	0.01
893.1	4.4655	0.09466	0.00447	0.01
893.2	4.466	0.09466	0.00447	0.01
893.3	4.4665	0.09467	0.00447	0.01
893.4	4.467	0.09467	0.00447	0.01
893.5	4.4675	0.09468	0.00447	0.01
893.6	4.468	0.09468	0.00447	0.01
893.7	4.4685	0.09469	0.00447	0.01
893.8	4.469	0.09469	0.00447	0.01
893.9	4.4695	0.0947	0.00447	0.01
894.0	4.47	0.0947	0.00447	0.01
894.1	4.4705	0.09471	0.00447	0.01
894.2	4.471	0.09471	0.00447	0.01
894.3	4.4715	0.09472	0.00447	0.01
894.4	4.472	0.09472	0.00447	0.01
894.5	4.4725	0.09473	0.00447	0.01
894.6	4.473	0.09473	0.00447	0.01
894.7	4.4735	0.09474	0.00447	0.01
894.8	4.474	0.09474	0.00447	0.01
894.9	4.4745	0.09475	0.00447	0.01
895.0	4.475	0.09475	0.00448	0.01
895.1	4.4755	0.09476	0.00448	0.01
895.2	4.476	0.09476	0.00448	0.01
895.3	4.4765	0.09477	0.00448	0.01
895.4	4.477	0.09477	0.00448	0.01
895.5	4.4775	0.09478	0.00448	0.01
895.6	4.478	0.09478	0.00448	0.01
895.7	4.4785	0.09479	0.00448	0.01
895.8	4.479	0.09479	0.00448	0.01
895.9	4.4795	0.0948	0.00448	0.01
896.0	4.48	0.0948	0.00448	0.01
896.1	4.4805	0.09481	0.00448	0.01
896.2	4.481	0.09481	0.00448	0.01
896.3	4.4815	0.09482	0.00448	0.01
896.4	4.482	0.09482	0.00448	0.01
896.5	4.4825	0.09483	0.00448	0.01
896.6	4.483	0.09483	0.00448	0.01
896.7	4.4835	0.09484	0.00448	0.01
896.8	4.484	0.09484	0.00448	0.01
896.9	4.4845	0.09485	0.00448	0.01
897.0	4.485	0.09485	0.00449	0.01
897.1	4.4855	0.09486	0.00449	0.01
897.2	4.486	0.09486	0.00449	0.01
897.3	4.4865	0.09487	0.00449	0.01
897.4	4.487	0.09487	0.00449	0.01
897.5	4.4875	0.09488	0.00449	0.01
897.6	4.488	0.09488	0.00449	0.01
897.7	4.4885	0.09489	0.00449	0.01
897.8	4.489	0.09489	0.00449	0.01
897.9	4.4895	0.0949	0.00449	0.01
898.0	4.49	0.0949	0.00449	0.01
898.1	4.4905	0.09491	0.00449	0.01
898.2	4.491	0.09491	0.00449	0.01
898.3	4.4915	0.09492	0.00449	0.01
898.4	4.492	0.09492	0.00449	0.01
898.5	4.4925	0.09493	0.00449	0.01
898.6	4.493	0.09493	0.00449	0.01
898.7	4.4935	0.09494	0.00449	0.01
898.8	4.494	0.09494	0.00449	0.01
898.9	4.4945	0.09495	0.00449	0.01
899.0	4.495	0.09495	0.0045	0.01
899.1	4.4955	0.09496	0.0045	0.01
899.2	4.496	0.09496	0.0045	0.01
899.3	4.4965	0.09497	0.0045	0.01
899.4	4.497	0.09497	0.0045	0.01
899.5	4.4975	0.09498	0.0045	0.01
899.6	4.498	0.09498	0.0045	0.01
899.7	4.4985	0.09499	0.0045	0.01
899.8	4.499	0.09499	0.0045	0.01
899.9	4.4995	0.095	0.0045	0.01
900.0	4.5	0.095	0.0045	0.01
900.1	4.5005	0.09501	0.0045	0.01
900.2	4.501	0.09501	0.0045	0.01
900.3	4.5015	0.09502	0.0045	0.01
900.4	4.502	0.09502	0.0045	0.01
900.5	4.5025	0.09503	0.0045	0.01
900.6	4.503	0.09503	0.0045	0.01
900.7	4.5035	0.09504	0.0045	0.01
900.8	4.504	0.09504	0.0045	0.01
900.9	4.5045	0.09505	0.0045	0.01
901.0	4.505	0.09505	0.00451	0.01
901.1	4.5055	0.09506	0.00451	0.01
901.2	4.506	0.09506	0.00451	0.01
901.3	4.5065	0.09507	0.00451	0.01
901.4	4.507	0.09507	0.00451	0.01
901.5	4.5075	0.09508	0.00451	0.01
901.6	4.508	0.09508	0.00451	0.01
901.7	4.5085	0.09509	0.00451	0.01
901.8	4.509	0.09509	0.00451	0.01
901.9	4.5095	0.0951	0.00451	0.01
902.0	4.51	0.0951	0.00451	0.01
902.1	4.5105	0.09511	0.00451	0.01
902.2	4.511	0.09511	0.00451	0.01
902.3	4.5115	0.09512	0.00451	0.01
902.4	4.512	0.09512	0.00451	0.01
902.5	4.5125	0.09513	0.00451	0.01
902.6	4.513	0.09513	0.00451	0.01
902.7	4.5135	0.09514	0.00451	0.01
902.8	4.514	0.09514	0.00451	0.01
902.9	4.5145	0.09515	0.00451	0.01
903.0	4.515	0.09515	0.00452	0.01
903.1	4.5155	0.09516	0.00452	0.01
903.2	4.516	0.09516	0.00452	0.01
903.3	4.5165	0.09517	0.00452	0.01
903.4	4.517	0.09517	0.00452	0.01
903.5	4.5175	0.09518	0.00452	0.01
903.6	4.518	0.09518	0.00452	0.01
903.7	4.5185	0.09519	0.00452	0.01
903.8	4.519	0.09519	0.00452	0.01
903.9	4.5195	0.0952	0.00452	0.01
904.0	4.52	0.0952	0.00452	0.01
904.1	4.5205	0.09521	0.00452	0.01
904.2	4.521	0.09521	0.00452	0.01
904.3	4.5215	0.09522	0.00452	0.01
904.4	4.522	0.09522	0.00452	0.01
904.5	4.5225	0.09523	0.00452	0.01
904.6	4.523	0.09523	0.00452	0.01
904.7	4.5235	0.09524	0.00452	0.01
904.8	4.524	0.09524	0.00452	0.01
904.9	4.5245	0.09525	0.00452	0.01
905.0	4.525	0.09525	0.00453	0.01
905.1	4.5255	0.09526	0.00453	0.01
905.2	4.526	0.09526	0.00453	0.01
905.3	4.5265	0.09527	0.00453	0.01
905.4	4.527	0.09527	0.00453	0.01
905.5	4.5275	0.09528	0.00453	0.01
905.6	4.528	0.09528	0.00453	0.01
905.7	4.5285	0.09529	0.00453	0.01
905.8	4.529	0.09529	0.00453	0.01
905.9	4.5295	0.0953	0.00453	0.01
906.0	4.53	0.0953	0.00453	0.01
906.1	4.5305	0.09531	0.00453	0.01
906.2	4.531	0.09531	0.00453	0.01
906.3	4.5315	0.09532	0.00453	0.01
906.4	4.532	0.09532	0.00453	0.01
906.5	4.5325	0.09533	0.00453	0.01
906.6	4.533	0.09533	0.00453	0.01
906.7	4.5335	0.09534	0.00453	0.01
906.8	4.534	0.09534	0.00453	0.01
906.9	4.5345	0.09535	0.00453	0.01
907.0	4.535	0.09535	0.00454	0.01
907.1	4.5355	0.09536	0.00454	0.01
907.2	4.536	0.09536	0.00454	0.01
907.3	4.5365	0.09537	0.00454	0.01
907.4	4.537	0.09537	0.00454	0.01
907.5	4.5375	0.09538	0.00454	0.01
907.6	4.538	0.09538	0.00454	0.01
907.7	4.5385	0.09539	0.00454	0.01
907.8	4.539	0.09539	0.00454	0.01
907.9	4.5395	0.0954	0.00454	0.01
908.0	4.54	0.0954	0.00454	0.01
908.1	4.5405	0.09541	0.00454	0.01
908.2	4.541	0.09541	0.00454	0.01
908.3	4.5415	0.09542	0.00454	0.01
908.4	4.542	0.09542	0.00454	0.01
908.5	4.5425	0.09543	0.00454	0.01
908.6	4.543	0.09543	0.00454	0.01
908.7	4.5435	0.09544	0.00454	0.01
908.8	4.544	0.09544	0.00454	0.01
908.9	4.5445	0.09545	0.00454	0.01
909.0	4.545	0.09545	0.00455	0.01
909.1	4.5455	0.09546	0.00455	0.01
909.2	4.546	0.09546	0.00455	0.01
909.3	4.5465	0.09547	0.00455	0.01
909.4	4.547	0.09547	0.00455	0.01
909.5	4.5475	0.09548	0.00455	0.01
909.6	4.548	0.09548	0.00455	0.01
909.7	4.5485	0.09549	0.00455	0.01
909.8	4.549	0.09549	0.00455	0.01
909.9	4.5495	0.0955	0.00455	0.01
910.0	4.55	0.0955	0.00455	0.01
910.1	4.5505	0.09551	0.00455	0.01
910.2	4.551	0.09551	0.00455	0.01
910.3	4.5515	0.09552	0.00455	0.01
910.4	4.552	0.09552	0.00455	0.01
910.5	4.5525	0.09553	0.00455	0.01
910.6	4.553	0.09553	0.00455	0.01
910.7	4.5535	0.09554	0.00455	0.01
910.8	4.554	0.09554	0.00455	0.01
910.9	4.5545	0.09555	0.00455	0.01
911.0	4.555	0.09555	0.00456	0.01
911.1	4.5555	0.09556	0.00456	0.01
911.2	4.556	0.09556	0.00456	0.01
911.3	4.5565	0.09557	0.00456	0.01
911.4	4.557	0.09557	0.00456	0.01
911.5	4.5575	0.09558	0.00456	0.01
911.6	4.558	0.09558	0.00456	0.01
911.7	4.5585	0.09559	0.00456	0.01
911.8	4.559	0.09559	0.00456	0.01
911.9	4.5595	0.0956	0.00456	0.01
912.0	4.56	0.0956	0.00456	0.01
912.1	4.5605	0.09561	0.00456	0.01
912.2	4.561	0.09561	0.00456	0.01
912.3	4.5615	0.09562	0.00456	0.01
912.4	4.562	0.09562	0.00456	0.01
912.5	4.5625	0.09563	0.00456	0.01
912.6	4.563	0.09563	0.00456	0.01
912.7	4.5635	0.09564	0.00456	0.01
912.8	4.564	0.09564	0.00456	0.01
912.9	4.5645	0.09565	0.00456	0.01
913.0	4.565	0.09565	0.00457	0.01
913.1	4.5655	0.09566	0.00457	0.01
913.2	4.566	0.09566	0.00457	0.01
913.3	4.5665	0.09567	0.00457	0.01
913.4	4.567	0.09567	0.00457	0.01
913.5	4.5675	0.09568	0.00457	0.01
913.6	4.568	0.09568	0.00457	0.01
913.7	4.5685	0.09569	0.00457	0.01
913.8	4.569	0.09569	0.00457	0.01
913.9	4.5695	0.0957	0.00457	0.01
914.0	4.57	0.0957	0.00457	0.01
914.1	4.5705	0.09571	0.00457	0.01
914.2	4.571	0.09571	0.00457	0.01
914.3	4.5715	0.09572	0.00457	0.01
914.4	4.572	0.09572	0.00457	0.01
914.5	4.5725	0.09573	0.00457	0.01
914.6	4.573	0.09573	0.00457	0.01
914.7	4.5735	0.09574	0.00457	0.01
914.8	4.574	0.09574	0.00457	0.01
914.9	4.5745	0.09575	0.00457	0.01
915.0	4.575	0.09575	0.00458	0.01
915.1	4.5755	0.09576	0.00458	0.01
915.2	4.576	0.09576	0.00458	0.01
915.3	4.5765	0.09577	0.00458	0.01
915.4	4.577	0.09577	0.00458	0.01
915.5	4.5775	0.09578	0.00458	0.01
915.6	4.578	0.09578	0.00458	0.01
915.7	4.5785	0.09579	0.00458	0.01
915.8	4.579	0.09579	0.00458	0.01
915.9	4.5795	0.0958	0.00458	0.01
916.0	4.58	0.0958	0.00458	0.01
916.1	4.5805	0.09581	0.00458	0.01
916.2	4.581	0.09581	0.00458	0.01
916.3	4.5815	0.09582	0.00458	0.01
916.4	4.582	0.09582	0.00458	0.01
916.5	4.5825	0.09583	0.00458	0.01
916.6	4.583	0.09583	0.00458	0.01
916.7	4.5835	0.09584	0.00458	0.01
916.8	4.584	0.09584	0.00458	0.01
916.9	4.5845	0.09585	0.00458	0.01
917.0	4.585	0.09585	0.00459	0.01
917.1	4.5855	0.09586	0.00459	0.01
917.2	4.586	0.09586	0.00459	0.01
917.3	4.5865	0.09587	0.00459	0.01
917.4	4.587	0.09587	0.00459	0.01
917.5	4.5875	0.09588	0.00459	0.01
917.6	4.588	0.09588	0.00459	0.01
917.7	4.5885	0.09589	0.00459	0.01
917.8	4.589	0.09589	0.00459	0.01
917.9	4.5895	0.0959	0.00459	0.01
918.0	4.59	0.0959	0.00459	0.01
918.1	4.5905	0.09591	0.00459	0.01
918.2	4.591	0.09591	0.00459	0.01
918.3	4.5915	0.09592	0.00459	0.01
918.4	4.592	0.09592	0.00459	0.01
918.5	4.5925	0.09593	0.00459	0.01
918.6	4.593	0.09593	0.00459	0.01
918.7	4.5935	0.09594	0.00459	0.01
918.8	4.594	0.09594	0.00459	0.01
918.9	4.5945	0.09595	0.00459	0.01
919.0	4.595	0.09595	0.0046	0.01
919.1	4.5955	0.09596	0.0046	0.01
919.2	4.596	0.09596	0.0046	0.01
919.3	4.5965	0.09597	0.0046	0.01
919.4	4.597	0.09597	0.0046	0.01
919.5	4.5975	0.09598	0.0046	0.01
919.6	4.598	0.09598	0.0046	0.01
919.7	4.5985	0.09599	0.0046	0.01
919.8	4.599	0.09599	0.0046	0.01
919.9	4.5995	0.096	0.0046	0.01
920.0	4.6	0.096	0.0046	0.01
920.1	4.6005	0.09601	0.0046	0.01
920.2	4.601	0.09601	0.0046	0.01
920.3	4.6015	0.09602	0.0046	0.01
920.4	4.602	0.09602	0.0046	0.01
920.5	4.6025	0.09603	0.0046	0.01
920.6	4.603	0.09603	0.0046	0.01
920.7	4.6035	0.09604	0.0046	0.01
920.8	4.604	0.09604	0.0046	0.01
920.9	4.6045	0.09605	0.0046	0.01
921.0	4.605	0.09605	0.00461	0.01
921.1	4.6055	0.09606	0.00461	0.01
921.2	4.606	0.09606	0.00461	0.01
921.3	4.6065	0.09607	0.00461	0.01
921.4	4.607	0.09607	0.00461	0.01
921.5	4.6075	0.09608	0.00461	0.01
921.6	4.608	0.09608	0.00461	0.01
921.7	4.6085	0.09609	0.00461	0.01
921.8	4.609	0.09609	0.00461	0.01
921.9	4.6095	0.0961	0.00461	0.01
922.0	4.61	0.0961	0.00461	0.01
922.1	4.6105	0.09611	0.00461	0.01
922.2	4.611	0.09611	0.00461	0.01
922.3	4.6115	0.09612	0.00461	0.01
922.4	4.612	0.09612	0.00461	0.01
922.5	4.6125	0.09613	0.00461	0.01
922.6	4.613	0.09613	0.00461	0.01
922.7	4.6135	0.09614	0.00461	0.01
922.8	4.614	0.09614	0.00461	0.01
922.9	4.6145	0.09615	0.00461	0.01
923.0	4.615	0.09615	0.00462	0.01
923.1	4.6155	0.09616	0.00462	0.01
923.2	4.616	0.09616	0.00462	0.01
923.3	4.6165	0.09617	0.00462	0.01
923.4	4.617	0.09617	0.00462	0.01
923.5	4.6175	0.09618	0.00462	0.01
923.6	4.618	0.09618	0.00462	0.01
923.7	4.6185	0.09619	0.00462	0.01
923.8	4.619	0.09619	0.00462	0.01
923.9	4.6195	0.0962	0.00462	0.01
924.0	4.62	0.0962	0.00462	0.01
924.1	4.6205	0.09621	0.00462	0.01
924.2	4.621	0.09621	0.00462	0.01
924.3	4.6215	0.09622	0.00462	0.01
924.4	4.622	0.09622	0.00462	0.01
924.5	4.6225	0.09623	0.00462	0.01
924.6	4.623	0.09623	0.00462	0.01
924.7	4.6235	0.09624	0.00462	0.01
924.8	4.624	0.09624	0.00462	0.01
924.9	4.6245	0.09625	0.00462	0.01
925.0	4.625	0.09625	0.00463	0.01
925.1	4.6255	0.09626	0.00463	0.01
925.2	4.626	0.09626	0.00463	0.01
925.3	4.6265	0.09627	0.00463	0.01
925.4	4.627	0.09627	0.00463	0.01
925.5	4.6275	0.09628	0.00463	0.01
925.6	4.628	0.09628	0.00463	0.01
925.7	4.6285	0.09629	0.00463	0.01
925.8	4.629	0.09629	0.00463	0.01
925.9	4.6295	0.0963	0.00463	0.01
926.0	4.63	0.0963	0.00463	0.01
926.1	4.6305	0.09631	0.00463	0.01
926.2	4.631	0.09631	0.00463	0.01
926.3	4.6315	0.09632	0.00463	0.01
926.4	4.632	0.09632	0.00463	0.01
926.5	4.6325	0.09633	0.00463	0.01
926.6	4.633	0.09633	0.00463	0.01
926.7	4.6335	0.09634	0.00463	0.01
926.8	4.634	0.09634	0.00463	0.01
926.9	4.6345	0.09635	0.00463	0.01
927.0	4.635	0.09635	0.00464	0.01
927.1	4.6355	0.09636	0.00464	0.01
927.2	4.636	0.09636	0.00464	0.01
927.3	4.6365	0.09637	0.00464	0.01
927.4	4.637	0.09637	0.00464	0.01
927.5	4.6375	0.09638	0.00464	0.01
927.6	4.638	0.09638	0.00464	0.01
927.7	4.6385	0.09639	0.00464	0.01
927.8	4.639	0.09639	0.00464	0.01
927.9	4.6395	0.0964	0.00464	0.01
928.0	4.64	0.0964	0.00464	0.01
928.1	4.6405	0.09641	0.00464	0.01
928.2	4.641	0.09641	0.00464	0.01
928.3	4.6415	0.09642	0.00464	0.01
928.4	4.642	0.09642	0.00464	0.01
928.5	4.6425	0.09643	0.00464	0.01
928.6	4.643	0.09643	0.00464	0.01
928.7	4.6435	0.09644	0.00464	0.01
928.8	4.644	0.09644	0.00464	0.01
928.9	4.6445	0.09645	0.00464	0.01
929.0	4.645	0.09645	0.00465	0.01
929.1	4.6455	0.09646	0.00465	0.01
929.2	4.646	0.09646	0.00465	0.01
929.3	4.6465	0.09647	0.00465	0.01
929.4	4.647	0.09647	0.00465	0.01
929.5	4.6475	0.09648	0.00465	0.01
929.6	4.648	0.09648	0.00465	0.01
929.7	4.6485	0.09649	0.00465	0.01
929.8	4.649	0.09649	0.00465	0.01
929.9	4.6495	0.0965	0.00465	0.01
930.0	4.65	0.0965	0.00465	0.01
930.1	4.6505	0.09651	0.00465	0.01
930.2	4.651	0.09651	0.00465	0.01
930.3	4.6515	0.09652	0.00465	0.01
930.4	4.652	0.09652	0.00465	0.01
930.5	4.6525	0.09653	0.00465	0.01
930.6	4.653	0.09653	0.00465	0.01
930.7	4.6535	0.09654	0.00465	0.01
930.8	4.654	0.09654	0.00465	0.01
930.9	4.6545	0.09655	0.00465	0.01
931.0	4.655	0.09655	0.00466	0.01
931.1	4.6555	0.09656	0.00466	0.01
931.2	4.656	0.09656	0.00466	0.01
931.3	4.6565	0.09657	0.00466	0.01
931.4	4.657	0.09657	0.00466	0.01
931.5	4.6575	0.09658	0.00466	0.01
931.6	4.658	0.09658	0.00466	0.01
931.7	4.6585	0.09659	0.00466	0.01
931.8	4.659	0.09659	0.00466	0.01
931.9	4.6595	0.0966	0.00466	0.01
932.0	4.66	0.0966	0.00466	0.01
932.1	4.6605	0.09661	0.00466	0.01
932.2	4.661	0.09661	0.00466	0.01
932.3	4.6615	0.09662	0.00466	0.01
932.4	4.662	0.09662	0.00466	0.01
932.5	4.6625	0.09663	0.00466	0.01
932.6	4.663	0.09663	0.00466	0.01
932.7	4.6635	0.09664	0.00466	0.01
932.8	4.664	0.09664	0.00466	0.01
932.9	4.6645	0.09665	0.00466	0.01
933.0	4.665	0.09665	0.00467	0.01
933.1	4.6655	0.09666	0.00467	0.01
933.2	4.666	0.09666	0.00467	0.01
933.3	4.6665	0.09667	0.00467	0.01
933.4	4.667	0.09667	0.00467	0.01
933.5	4.6675	0.09668	0.00467	0.01
933.6	4.668	0.09668	0.00467	0.01
933.7	4.6685	0.09669	0.00467	0.01
933.8	4.669	0.09669	0.00467	0.01
933.9	4.6695	0.0967	0.00467	0.01
934.0	4.67	0.0967	0.00467	0.01
934.1	4.6705	0.09671	0.00467	0.01
934.2	4.671	0.09671	0.00467	0.01
934.3	4.6715	0.09672	0.00467	0.01
934.4	4.672	0.09672	0.00467	0.01
934.5	4.6725	0.09673	0.00467	0.01
934.6	4.673	0.09673	0.00467	0.01
934.7	4.6735	0.09674	0.00467	0.01
934.8	4.674	0.09674	0.00467	0.01
934.9	4.6745	0.09675	0.00467	0.01
935.0	4.675	0.09675	0.00468	0.01
935.1	4.6755	0.09676	0.00468	0.01
935.2	4.676	0.09676	0.00468	0.01
935.3	4.6765	0.09677	0.00468	0.01
935.4	4.677	0.09677	0.00468	0.01
935.5	4.6775	0.09678	0.00468	0.01
935.6	4.678	0.09678	0.00468	0.01
935.7	4.6785	0.09679	0.00468	0.01
935.8	4.679	0.09679	0.00468	0.01
935.9	4.6795	0.0968	0.00468	0.01
936.0	4.68	0.0968	0.00468	0.01
936.1	4.6805	0.09681	0.00468	0.01
936.2	4.681	0.09681	0.00468	0.01
936.3	4.6815	0.09682	0.00468	0.01
936.4	4.682	0.09682	0.00468	0.01
936.5	4.6825	0.09683	0.00468	0.01
936.6	4.683	0.09683	0.00468	0.01
936.7	4.6835	0.09684	0.00468	0.01
936.8	4.684	0.09684	0.00468	0.01
936.9	4.6845	0.09685	0.00468	0.01
937.0	4.685	0.09685	0.00469	0.01
937.1	4.6855	0.09686	0.00469	0.01
937.2	4.686	0.09686	0.00469	0.01
937.3	4.6865	0.09687	0.00469	0.01
937.4	4.687	0.09687	0.00469	0.01
937.5	4.6875	0.09688	0.00469	0.01
937.6	4.688	0.09688	0.00469	0.01
937.7	4.6885	0.09689	0.00469	0.01
937.8	4.689	0.09689	0.00469	0.01
937.9	4.6895	0.0969	0.00469	0.01
938.0	4.69	0.0969	0.00469	0.01
938.1	4.6905	0.09691	0.00469	0.01
938.2	4.691	0.09691	0.00469	0.01
938.3	4.6915	0.09692	0.00469	0.01
938.4	4.692	0.09692	0.00469	0.01
938.5	4.6925	0.09693	0.00469	0.01
938.6	4.693	0.09693	0.00469	0.01
938.7	4.6935	0.09694	0.00469	0.01
938.8	4.694	0.09694	0.00469	0.01
938.9	4.6945	0.09695	0.00469	0.01
939.0	4.695	0.09695	0.0047	0.01
939.1	4.6955	0.09696	0.0047	0.01
939.2	4.696	0.09696	0.0047	0.01
939.3	4.6965	0.09697	0.0047	0.01
939.4	4.697	0.09697	0.0047	0.01
939.5	4.6975	0.09698	0.0047	0.01
939.6	4.698	0.09698	0.0047	0.01
939.7	4.6985	0.09699	0.0047	0.01
939.8	4.699	0.09699	0.0047	0.01
939.9	4.6995	0.097	0.0047	0.01
940.0	4.7	0.097	0.0047	0.01
940.1	4.7005	0.09701	0.0047	0.01
940.2	4.701	0.09701	0.0047	0.01
940.3	4.7015	0.09702	0.0047	0.01
940.4	4.702	0.09702	0.0047	0.01
940.5	4.7025	0.09703	0.0047	0.01
940.6	4.703	0.09703	0.0047	0.01
940.7	4.7035	0.09704	0.0047	0.01
940.8	4.704	0.09704	0.0047	0.01
940.9	4.7045	0.09705	0.0047	0.01
941.0	4.705	0.09705	0.00471	0.01
941.1	4.7055	0.09706	0.00471	0.01
941.2	4.706	0.09706	0.00471	0.01
941.3	4.7065	0.09707	0.00471	0.01
941.4	4.707	0.09707	0.00471	0.01
941.5	4.7075	0.09708	0.00471	0.01
941.6	4.708	0.09708	0.00471	0.01
941.7	4.7085	0.09709	0.00471	0.01
941.8	4.709	0.09709	0.00471	0.01
941.9	4.7095	0.0971	0.00471	0.01
942.0	4.71	0.0971	0.00471	0.01
942.1	4.7105	0.09711	0.00471	0.01
942.2	4.711	0.09711	0.00471	0.01
942.3	4.7115	0.09712	0.00471	0.01
942.4	4.712	0.09712	0.00471	0.01
942.5	4.7125	0.09713	0.00471	0.01
942.6	4.713	0.09713	0.00471	0.01
942.7	4.7135	0.09714	0.00471	0.01
942.8	4.714	0.09714	0.00471	0.01
942.9	4.7145	0.09715	0.00471	0.01
943.0	4.715	0.09715	0.00472	0.01
943.1	4.7155	0.09716	0.00472	0.01
943.2	4.716	0.09716	0.00472	0.01
943.3	4.7165	0.09717	0.00472	0.01
943.4	4.717	0.09717	0.00472	0.01
943.5	4.7175	0.09718	0.00472	0.01
943.6	4.718	0.09718	0.00472	0.01
943.7	4.7185	0.09719	0.00472	0.01
943.8	4.719	0.09719	0.00472	0.01
943.9	4.7195	0.0972	0.00472	0.01
944.0	4.72	0.0972	0.00472	0.01
944.1	4.7205	0.09721	0.00472	0.01
944.2	4.721	0.09721	0.00472	0.01
944.3	4.7215	0.09722	0.00472	0.01
944.4	4.722	0.09722	0.00472	0.01
944.5	4.7225	0.09723	0.00472	0.01
944.6	4.723	0.09723	0.00472	0.01
944.7	4.7235	0.09724	0.00472	0.01
944.8	4.724	0.09724	0.00472	0.01
944.9	4.7245	0.09725	0.00472	0.01
945.0	4.725	0.09725	0.00473	0.01
945.1	4.7255	0.09726	0.00473	0.01
945.2	4.726	0.09726	0.00473	0.01
945.3	4.7265	0.09727	0.00473	0.01
945.4	4.727	0.09727	0.00473	0.01
945.5	4.7275	0.09728	0.00473	0.01
945.6	4.728	0.09728	0.00473	0.01
945.7	4.7285	0.09729	0.00473	0.01
945.8	4.729	0.09729	0.00473	0.01
945.9	4.7295	0.0973	0.00473	0.01
946.0	4.73	0.0973	0.00473	0.01
946.1	4.7305	0.09731	0.00473	0.01
946.2	4.731	0.09731	0.00473	0.01
946.3	4.7315	0.09732	0.00473	0.01
946.4	4.732	0.09732	0.00473	0.01
946.5	4.7325	0.09733	0.00473	0.01
946.6	4.733	0.09733	0.00473	0.01
946.7	4.7335	0.09734	0.00473	0.01
946.8	4.734	0.09734	0.00473	0.01
946.9	4.7345	0.09735	0.00473	0.01
947.0	4.735	0.09735	0.00474	0.01
947.1	4.7355	0.09736	0.00474	0.01
947.2	4.736	0.09736	0.00474	0.01
947.3	4.7365	0.09737	0.00474	0.01
947.4	4.737	0.09737	0.00474	0.01
947.5	4.7375	0.09738	0.00474	0.01
947.6	4.738	0.09738	0.00474	0.01
947.7	4.7385	0.09739	0.00474	0.01
947.8	4.739	0.09739	0.00474	0.01
947.9	4.7395	0.0974	0.00474	0.01
948.0	4.74	0.0974	0.00474	0.01
948.1	4.7405	0.09741	0.00474	0.01
948.2	4.741	0.09741	0.00474	0.01
948.3	4.7415	0.09742	0.00474	0.01
948.4	4.742	0.09742	0.00474	0.01
948.5	4.7425	0.09743	0.00474	0.01
948.6	4.743	0.09743	0.00474	0.01
948.7	4.7435	0.09744	0.00474	0.01
948.8	4.744	0.09744	0.00474	0.01
948.9	4.7445	0.09745	0.00474	0.01
949.0	4.745	0.09745	0.00475	0.01
949.1	4.7455	0.09746	0.00475	0.01
949.2	4.746	0.09746	0.00475	0.01
949.3	4.7465	0.09747	0.00475	0.01
949.4	4.747	0.09747	0.00475	0.01
949.5	4.7475	0.09748	0.00475	0.01
949.6	4.748	0.09748	0.00475	0.01
949.7	4.7485	0.09749	0.00475	0.01
949.8	4.749	0.09749	0.00475	0.01
949.9	4.7495	0.0975	0.00475	0.01
950.0	4.75	0.0975	0.00475	0.01
950.1	4.7505	0.09751	0.00475	0.01
950.2	4.751	0.09751	0.00475	0.01
950.3	4.7515	0.09752	0.00475	0.01
950.4	4.752	0.09752	0.00475	0.01
950.5	4.7525	0.09753	0.00475	0.01
950.6	4.753	0.09753	0.00475	0.01
950.7	4.7535	0.09754	0.00475	0.01
950.8	4.754	0.09754	0.00475	0.01
950.9	4.7545	0.09755	0.00475	0.01
951.0	4.755	0.09755	0.00476	0.01
951.1	4.7555	0.09756	0.00476	0.01
951.2	4.756	0.09756	0.00476	0.01
951.3	4.7565	0.09757	0.00476	0.01
951.4	4.757	0.09757	0.00476	0.01
951.5	4.7575	0.09758	0.00476	0.01
951.6	4.758	0.09758	0.00476	0.01
951.7	4.7585	0.09759	0.00476	0.01
951.8	4.759	0.09759	0.00476	0.01
951.9	4.7595	0.0976	0.00476	0.01
952.0	4.76	0.0976	0.00476	0.01
952.1	4.7605	0.09761	0.00476	0.01
952.2	4.761	0.09761	0.00476	0.01
952.3	4.7615	0.09762	0.00476	0.01
952.4	4.762	0.09762	0.00476	0.01
952.5	4.7625	0.09763	0.00476	0.01
952.6	4.763	0.09763	0.00476	0.01
952.7	4.7635	0.09764	0.00476	0.01
952.8	4.764	0.09764	0.00476	0.01
952.9	4.7645	0.09765	0.00476	0.01
953.0	4.765	0.09765	0.00477	0.01
953.1	4.7655	0.09766	0.00477	0.01
953.2	4.766	0.09766	0.00477	0.01
953.3	4.7665	0.09767	0.00477	0.01
953.4	4.767	0.09767	0.00477	0.01
953.5	4.7675	0.09768	0.00477	0.01
953.6	4.768	0.09768	0.00477	0.01
953.7	4.7685	0.09769	0.00477	0.01
953.8	4.769	0.09769	0.00477	0.01
953.9	4.7695	0.0977	0.00477	0.01
954.0	4.77	0.0977	0.00477	0.01
954.1	4.7705	0.09771	0.00477	0.01
954.2	4.771	0.09771	0.00477	0.01
954.3	4.7715	0.09772	0.00477	0.01
954.4	4.772	0.09772	0.00477	0.01
954.5	4.7725	0.09773	0.00477	0.01
954.6	4.773	0.09773	0.00477	0.01
954.7	4.7735	0.09774	0.00477	0.01
954.8	4.774	0.09774	0.00477	0.01
954.9	4.7745	0.09775	0.00477	0.01
955.0	4.775	0.09775	0.00478	0.01
955.1	4.7755	0.09776	0.00478	0.01
955.2	4.776	0.09776	0.00478	0.01
955.3	4.7765	0.09777	0.00478	0.01
955.4	4.777	0.09777	0.00478	0.01
955.5	4.7775	0.09778	0.00478	0.01
955.6	4.778	0.09778	0.00478	0.01
955.7	4.7785	0.09779	0.00478	0.01
955.8	4.779	0.09779	0.00478	0.01
955.9	4.7795	0.0978	0.00478	0.01
956.0	4.78	0.0978	0.00478	0.01
956.1	4.7805	0.09781	0.00478	0.01
956.2	4.781	0.09781	0.00478	0.01
956.3	4.7815	0.09782	0.00478	0.01
956.4	4.782	0.09782	0.00478	0.01
956.5	4.7825	0.09783	0.00478	0.01
956.6	4.783	0.09783	0.00478	0.01
956.7	4.7835	0.09784	0.00478	0.01
956.8	4.784	0.09784	0.00478	0.01
956.9	4.7845	0.09785	0.00478	0.01
957.0	4.785	0.09785	0.00479	0.01
957.1	4.7855	0.09786	0.00479	0.01
957.2	4.786	0.09786	0.00479	0.01
957.3	4.7865	0.09787	0.00479	0.01
957.4	4.787	0.09787	0.00479	0.01
957.5	4.7875	0.09788	0.00479	0.01
957.6	4.788	0.09788	0.00479	0.01
957.7	4.7885	0.09789	0.00479	0.01
957.8	4.789	0.09789	0.00479	0.01
957.9	4.7895	0.0979	0.00479	0.01
958.0	4.79	0.0979	0.00479	0.01
958.1	4.7905	0.09791	0.00479	0.01
958.2	4.791	0.09791	0.00479	0.01
958.3	4.7915	0.09792	0.00479	0.01
958.4	4.792	0.09792	0.00479	0.01
958.5	4.7925	0.09793	0.00479	0.01
958.6	4.793	0.09793	0.00479	0.01
958.7	4.7935	0.09794	0.00479	0.01
958.8	4.794	0.09794	0.00479	0.01
958.9	4.7945	0.09795	0.00479	0.01
959.0	4.795	0.09795	0.0048	0.01
959.1	4.7955	0.09796	0.0048	0.01
959.2	4.796	0.09796	0.0048	0.01
959.3	4.7965	0.09797	0.0048	0.01
959.4	4.797	0.09797	0.0048	0.01
959.5	4.7975	0.09798	0.0048	0.01
959.6	4.798	0.09798	0.0048	0.01
959.7	4.7985	0.09799	0.0048	0.01
959.8	4.799	0.09799	0.0048	0.01
959.9	4.7995	0.098	0.0048	0.01
960.0	4.8	0.098	0.0048	0.01
960.1	4.8005	0.09801	0.0048	0.01
960.2	4.801	0.09801	0.0048	0.01
960.3	4.8015	0.09802	0.0048	0.01
960.4	4.802	0.09802	0.0048	0.01
960.5	4.8025	0.09803	0.0048	0.01
960.6	4.803	0.09803	0.0048	0.01
960.7	4.8035	0.09804	0.0048	0.01
960.8	4.804	0.09804	0.0048	0.01
960.9	4.8045	0.09805	0.0048	0.01
961.0	4.805	0.09805	0.00481	0.01
961.1	4.8055	0.09806	0.00481	0.01
961.2	4.806	0.09806	0.00481	0.01
961.3	4.8065	0.09807	0.00481	0.01
961.4	4.807	0.09807	0.00481	0.01
961.5	4.8075	0.09808	0.00481	0.01
961.6	4.808	0.09808	0.00481	0.01
961.7	4.8085	0.09809	0.00481	0.01
961.8	4.809	0.09809	0.00481	0.01
961.9	4.8095	0.0981	0.00481	0.01
962.0	4.81	0.0981	0.00481	0.01
962.1	4.8105	0.09811	0.00481	0.01
962.2	4.811	0.09811	0.00481	0.01
962.3	4.8115	0.09812	0.00481	0.01
962.4	4.812	0.09812	0.00481	0.01
962.5	4.8125	0.09813	0.00481	0.01
962.6	4.813	0.09813	0.00481	0.01
962.7	4.8135	0.09814	0.00481	0.01
962.8	4.814	0.09814	0.00481	0.01
962.9	4.8145	0.09815	0.00481	0.01
963.0	4.815	0.09815	0.00482	0.01
963.1	4.8155	0.09816	0.00482	0.01
963.2	4.816	0.09816	0.00482	0.01
963.3	4.8165	0.09817	0.00482	0.01
963.4	4.817	0.09817	0.00482	0.01
963.5	4.8175	0.09818	0.00482	0.01
963.6	4.818	0.09818	0.00482	0.01
963.7	4.8185	0.09819	0.00482	0.01
963.8	4.819	0.09819	0.00482	0.01
963.9	4.8195	0.0982	0.00482	0.01
964.0	4.82	0.0982	0.00482	0.01
964.1	4.8205	0.09821	0.00482	0.01
964.2	4.821	0.09821	0.00482	0.01
964.3	4.8215	0.09822	0.00482	0.01
964.4	4.822	0.09822	0.00482	0.01
964.5	4.8225	0.09823	0.00482	0.01
964.6	4.823	0.09823	0.00482	0.01
964.7	4.8235	0.09824	0.00482	0.01
964.8	4.824	0.09824	0.00482	0.01
964.9	4.8245	0.09825	0.00482	0.01
965.0	4.825	0.09825	0.00483	0.01
965.1	4.8255	0.09826	0.00483	0.01
965.2	4.826	0.09826	0.00483	0.01
965.3	4.8265	0.09827	0.00483	0.01
965.4	4.827	0.09827	0.00483	0.01
965.5	4.8275	0.09828	0.00483	0.01
965.6	4.828	0.09828	0.00483	0.01
965.7	4.8285	0.09829	0.00483	0.01
965.8	4.829	0.09829	0.00483	0.01
965.9	4.8295	0.0983	0.00483	0.01
966.0	4.83	0.0983	0.00483	0.01
966.1	4.8305	0.09831	0.00483	0.01
966.2	4.831	0.09831	0.00483	0.01
966.3	4.8315	0.09832	0.00483	0.01
966.4	4.832	0.09832	0.00483	0.01
966.5	4.8325	0.09833	0.00483	0.01
966.6	4.833	0.09833	0.00483	0.01
966.7	4.8335	0.09834	0.00483	0.01
966.8	4.834	0.09834	0.00483	0.01
966.9	4.8345	0.09835	0.00483	0.01
967.0	4.835	0.09835	0.00484	0.01
967.1	4.8355	0.09836	0.00484	0.01
967.2	4.836	0.09836	0.00484	0.01
967.3	4.8365	0.09837	0.00484	0.01
967.4	4.837	0.09837	0.00484	0.01
967.5	4.8375	0.09838	0.00484	0.01
967.6	4.838	0.09838	0.00484	0.01
967.7	4.8385	0.09839	0.00484	0.01
967.8	4.839	0.09839	0.00484	0.01
967.9	4.8395	0.0984	0.00484	0.01
968.0	4.84	0.0984	0.00484	0.01
968.1	4.8405	0.09841	0.00484	0.01
968.2	4.841	0.09841	0.00484	0.01
968.3	4.8415	0.09842	0.00484	0.01
968.4	4.842	0.09842	0.00484	0.01
968.5	4.8425	0.09843	0.00484	0.01
968.6	4.843	0.09843	0.00484	0.01
968.7	4.8435	0.09844	0.00484	0.01
968.8	4.844	0.09844	0.00484	0.01
968.9	4.8445	0.09845	0.00484	0.01
969.0	4.845	0.09845	0.00485	0.01
969.1	4.8455	0.09846	0.00485	0.01
969.2	4.846	0.09846	0.00485	0.01
969.3	4.8465	0.09847	0.00485	0.01
969.4	4.847	0.09847	0.00485	0.01
969.5	4.8475	0.09848	0.00485	0.01
969.6	4.848	0.09848	0.00485	0.01
969.7	4.8485	0.09849	0.00485	0.01
969.8	4.849	0.09849	0.00485	0.01
969.9	4.8495	0.0985	0.00485	0.01
970.0	4.85	0.0985	0.00485	0.01
970.1	4.8505	0.09851	0.00485	0.01
970.2	4.851	0.09851	0.00485	0.01
970.3	4.8515	0.09852	0.00485	0.01
970.4	4.852	0.09852	0.00485	0.01
970.5	4.8525	0.09853	0.00485	0.01
970.6	4.853	0.09853	0.00485	0.01
970.7	4.8535	0.09854	0.00485	0.01
970.8	4.854	0.09854	0.00485	0.01
970.9	4.8545	0.09855	0.00485	0.01
971.0	4.855	0.09855	0.00486	0.01
971.1	4.8555	0.09856	0.00486	0.01
971.2	4.856	0.09856	0.00486	0.01
971.3	4.8565	0.09857	0.00486	0.01
971.4	4.857	0.09857	0.00486	0.01
971.5	4.8575	0.09858	0.00486	0.01
971.6	4.858	0.09858	0.00486	0.01
971.7	4.8585	0.09859	0.00486	0.01
971.8	4.859	0.09859	0.00486	0.01
971.9	4.8595	0.0986	0.00486	0.01
972.0	4.86	0.0986	0.00486	0.01
972.1	4.8605	0.09861	0.00486	0.01
972.2	4.861	0.09861	0.00486	0.01
972.3	4.8615	0.09862	0.00486	0.01
972.4	4.862	0.09862	0.00486	0.01
972.5	4.8625	0.09863	0.00486	0.01
972.6	4.863	0.09863	0.00486	0.01
972.7	4.8635	0.09864	0.00486	0.01
972.8	4.864	0.09864	0.00486	0.01
972.9	4.8645	0.09865	0.00486	0.01
973.0	4.865	0.09865	0.00487	0.01
973.1	4.8655	0.09866	0.00487	0.01
973.2	4.866	0.09866	0.00487	0.01
973.3	4.8665	0.09867	0.00487	0.01
973.4	4.867	0.09867	0.00487	0.01
973.5	4.8675	0.09868	0.00487	0.01
973.6	4.868	0.09868	0.00487	0.01
973.7	4.8685	0.09869	0.00487	0.01
973.8	4.869	0.09869	0.00487	0.01
973.9	4.8695	0.0987	0.00487	0.01
974.0	4.87	0.0987	0.00487	0.01
974.1	4.8705	0.09871	0.00487	0.01
974.2	4.871	0.09871	0.00487	0.01
974.3	4.8715	0.09872	0.00487	0.01
974.4	4.872	0.09872	0.00487	0.01
974.5	4.8725	0.09873	0.00487	0.01
974.6	4.873	0.09873	0.00487	0.01
974.7	4.8735	0.09874	0.00487	0.01
974.8	4.874	0.09874	0.00487	0.01
974.9	4.8745	0.09875	0.00487	0.01
975.0	4.875	0.09875	0.00488	0.01
975.1	4.8755	0.09876	0.00488	0.01
975.2	4.876	0.09876	0.00488	0.01
975.3	4.8765	0.09877	0.00488	0.01
975.4	4.877	0.09877	0.00488	0.01
975.5	4.8775	0.09878	0.00488	0.01
975.6	4.878	0.09878	0.00488	0.01
975.7	4.8785	0.09879	0.00488	0.01
975.8	4.879	0.09879	0.00488	0.01
975.9	4.8795	0.0988	0.00488	0.01
976.0	4.88	0.0988	0.00488	0.01
976.1	4.8805	0.09881	0.00488	0.01
976.2	4.881	0.09881	0.00488	0.01
976.3	4.8815	0.09882	0.00488	0.01
976.4	4.882	0.09882	0.00488	0.01
976.5	4.8825	0.09883	0.00488	0.01
976.6	4.883	0.09883	0.00488	0.01
976.7	4.8835	0.09884	0.00488	0.01
976.8	4.884	0.09884	0.00488	0.01
976.9	4.8845	0.09885	0.00488	0.01
977.0	4.885	0.09885	0.00489	0.01
977.1	4.8855	0.09886	0.00489	0.01
977.2	4.886	0.09886	0.00489	0.01
977.3	4.8865	0.09887	0.00489	0.01
977.4	4.887	0.09887	0.00489	0.01
977.5	4.8875	0.09888	0.00489	0.01
977.6	4.888	0.09888	0.00489	0.01
977.7	4.8885	0.09889	0.00489	0.01
977.8	4.889	0.09889	0.00489	0.01
977.9	4.8895	0.0989	0.00489	0.01
978.0	4.89	0.0989	0.00489	0.01
978.1	4.8905	0.09891	0.00489	0.01
978.2	4.891	0.09891	0.00489	0.01
978.3	4.8915	0.09892	0.00489	0.01
978.4	4.892	0.09892	0.00489	0.01
978.5	4.8925	0.09893	0.00489	0.01
978.6	4.893	0.09893	0.00489	0.01
978.7	4.8935	0.09894	0.00489	0.01
978.8	4.894	0.09894	0.00489	0.01
978.9	4.8945	0.09895	0.00489	0.01
979.0	4.895	0.09895	0.0049	0.01
979.1	4.8955	0.09896	0.0049	0.01
979.2	4.896	0.09896	0.0049	0.01
979.3	4.8965	0.09897	0.0049	0.01
979.4	4.897	0.09897	0.0049	0.01
979.5	4.8975	0.09898	0.0049	0.01
979.6	4.898	0.09898	0.0049	0.01
979.7	4.8985	0.09899	0.0049	0.01
979.8	4.899	0.09899	0.0049	0.01
979.9	4.8995	0.099	0.0049	0.01
980.0	4.9	0.099	0.0049	0.01
980.1	4.9005	0.09901	0.0049	0.01
980.2	4.901	0.09901	0.0049	0.01
980.3	4.9015	0.09902	0.0049	0.01
980.4	4.902	0.09902	0.0049	0.01
980.5	4.9025	0.09903	0.0049	0.01
980.6	4.903	0.09903	0.0049	0.01
980.7	4.9035	0.09904	0.0049	0.01
980.8	4.904	0.09904	0.0049	0.01
980.9	4.9045	0.09905	0.0049	0.01
981.0	4.905	0.09905	0.00491	0.01
981.1	4.9055	0.09906	0.00491	0.01
981.2	4.906	0.09906	0.00491	0.01
981.3	4.9065	0.09907	0.00491	0.01
981.4	4.907	0.09907	0.00491	0.01
981.5	4.9075	0.09908	0.00491	0.01
981.6	4.908	0.09908	0.00491	0.01
981.7	4.9085	0.09909	0.00491	0.01
981.8	4.909	0.09909	0.00491	0.01
981.9	4.9095	0.0991	0.00491	0.01
982.0	4.91	0.0991	0.00491	0.01
982.1	4.9105	0.09911	0.00491	0.01
982.2	4.911	0.09911	0.00491	0.01
982.3	4.9115	0.09912	0.00491	0.01
982.4	4.912	0.09912	0.00491	0.01
982.5	4.9125	0.09913	0.00491	0.01
982.6	4.913	0.09913	0.00491	0.01
982.7	4.9135	0.09914	0.00491	0.01
982.8	4.914	0.09914	0.00491	0.01
982.9	4.9145	0.09915	0.00491	0.01
983.0	4.915	0.09915	0.00492	0.01
983.1	4.9155	0.09916	0.00492	0.01
983.2	4.916	0.09916	0.00492	0.01
983.3	4.9165	0.09917	0.00492	0.01
983.4	4.917	0.09917	0.00492	0.01
983.5	4.9175	0.09918	0.00492	0.01
983.6	4.918	0.09918	0.00492	0.01
983.7	4.9185	0.09919	0.00492	0.01
983.8	4.919	0.09919	0.00492	0.01
983.9	4.9195	0.0992	0.00492	0.01
984.0	4.92	0.0992	0.00492	0.01
984.1	4.9205	0.09921	0.00492	0.01
984.2	4.921	0.09921	0.00492	0.01
984.3	4.9215	0.09922	0.00492	0.01
984.4	4.922	0.09922	0.00492	0.01
984.5	4.9225	0.09923	0.00492	0.01
984.6	4.923	0.09923	0.00492	0.01
984.7	4.9235	0.09924	0.00492	0.01
984.8	4.924	0.09924	0.00492	0.01
984.9	4.9245	0.09925	0.00492	0.01
985.0	4.925	0.09925	0.00493	0.01
985.1	4.9255	0.09926	0.00493	0.01
985.2	4.926	0.09926	0.00493	0.01
985.3	4.9265	0.09927	0.00493	0.01
985.4	4.927	0.09927	0.00493	0.01
985.5	4.9275	0.09928	0.00493	0.01
985.6	4.928	0.09928	0.00493	0.01
985.7	4.9285	0.09929	0.00493	0.01
985.8	4.929	0.09929	0.00493	0.01
985.9	4.9295	0.0993	0.00493	0.01
986.0	4.93	0.0993	0.00493	0.01
986.1	4.9305	0.09931	0.00493	0.01
986.2	4.931	0.09931	0.00493	0.01
986.3	4.9315	0.09932	0.00493	0.01
986.4	4.932	0.09932	0.00493	0.01
986.5	4.9325	0.09933	0.00493	0.01
986.6	4.933	0.09933	0.00493	0.01
986.7	4.9335	0.09934	0.00493	0.01
986.8	4.934	0.09934	0.00493	0.01
986.9	4.9345	0.09935	0.00493	0.01
987.0	4.935	0.09935	0.00494	0.01
987.1	4.9355	0.09936	0.00494	0.01
987.2	4.936	0.09936	0.00494	0.01
987.3	4.9365	0.09937	0.00494	0.01
987.4	4.937	0.09937	0.00494	0.01
987.5	4.9375	0.09938	0.00494	0.01
987.6	4.938	0.09938	0.00494	0.01
987.7	4.9385	0.09939	0.00494	0.01
987.8	4.939	0.09939	0.00494	0.01
987.9	4.9395	0.0994	0.00494	0.01
988.0	4.94	0.0994	0.00494	0.01
988.1	4.9405	0.09941	0.00494	0.01
988.2	4.941	0.09941	0.00494	0.01
988.3	4.9415	0.09942	0.00494	0.01
988.4	4.942	0.09942	0.00494	0.01
988.5	4.9425	0.09943	0.00494	0.01
988.6	4.943	0.09943	0.00494	0.01
988.7	4.9435	0.09944	0.00494	0.01
988.8	4.944	0.09944	0.00494	0.01
988.9	4.9445	0.09945	0.00494	0.01
989.0	4.945	0.09945	0.00495	0.01
989.1	4.9455	0.09946	0.00495	0.01
989.2	4.946	0.09946	0.00495	0.01
989.3	4.9465	0.09947	0.00495	0.01
989.4	4.947	0.09947	0.00495	0.01
989.5	4.9475	0.09948	0.00495	0.01
989.6	4.948	0.09948	0.00495	0.01
989.7	4.9485	0.09949	0.00495	0.01
989.8	4.949	0.09949	0.00495	0.01
989.9	4.9495	0.0995	0.00495	0.01
990.0	4.95	0.0995	0.00495	0.01
990.1	4.9505	0.09951	0.00495	0.01
990.2	4.951	0.09951	0.00495	0.01
990.3	4.9515	0.09952	0.00495	0.01
990.4	4.952	0.09952	0.00495	0.01
990.5	4.9525	0.09953	0.00495	0.01
990.6	4.953	0.09953	0.00495	0.01
990.7	4.9535	0.09954	0.00495	0.01
990.8	4.954	0.09954	0.00495	0.01
990.9	4.9545	0.09955	0.00495	0.01
991.0	4.955	0.09955	0.00496	0.01
991.1	4.9555	0.09956	0.00496	0.01
991.2	4.956	0.09956	0.00496	0.01
991.3	4.9565	0.09957	0.00496	0.01
991.4	4.957	0.09957	0.00496	0.01
991.5	4.9575	0.09958	0.00496	0.01
991.6	4.958	0.09958	0.00496	0.01
991.7	4.9585	0.09959	0.00496	0.01
991.8	4.959	0.09959	0.00496	0.01
991.9	4.9595	0.0996	0.00496	0.01
992.0	4.96	0.0996	0.00496	0.01
992.1	4.9605	0.09961	0.00496	0.01
992.2	4.961	0.09961	0.00496	0.01
992.3	4.9615	0.09962	0.00496	0.01
992.4	4.962	0.09962	0.00496	0.01
992.5	4.9625	0.09963	0.00496	0.01
992.6	4.963	0.09963	0.00496	0.01
992.7	4.9635	0.09964	0.00496	0.01
992.8	4.964	0.09964	0.00496	0.01
992.9	4.9645	0.09965	0.00496	0.01
993.0	4.965	0.09965	0.00497	0.01
993.1	4.9655	0.09966	0.00497	0.01
993.2	4.966	0.09966	0.00497	0.01
993.3	4.9665	0.09967	0.00497	0.01
993.4	4.967	0.09967	0.00497	0.01
993.5	4.9675	0.09968	0.00497	0.01
993.6	4.968	0.09968	0.00497	0.01
993.7	4.9685	0.09969	0.00497	0.01
993.8	4.969	0.09969	0.00497	0.01
993.9	4.9695	0.0997	0.00497	0.01
994.0	4.97	0.0997	0.00497	0.01
994.1	4.9705	0.09971	0.00497	0.01
994.2	4.971	0.09971	0.00497	0.01
994.3	4.9715	0.09972	0.00497	0.01
994.4	4.972	0.09972	0.00497	0.01
994.5	4.9725	0.09973	0.00497	0.01
994.6	4.973	0.09973	0.00497	0.01
994.7	4.9735	0.09974	0.00497	0.01
994.8	4.974	0.09974	0.00497	0.01
994.9	4.9745	0.09975	0.00497	0.01
995.0	4.975	0.09975	0.00498	0.01
995.1	4.9755	0.09976	0.00498	0.01
995.2	4.976	0.09976	0.00498	0.01
995.3	4.9765	0.09977	0.00498	0.01
995.4	4.977	0.09977	0.00498	0.01
995.5	4.9775	0.09978	0.00498	0.01
995.6	4.978	0.09978	0.00498	0.01
995.7	4.9785	0.09979	0.00498	0.01
995.8	4.979	0.09979	0.00498	0.01
995.9	4.9795	0.0998	0.00498	0.01
996.0	4.98	0.0998	0.00498	0.01
996.1	4.9805	0.09981	0.00498	0.01
996.2	4.981	0.09981	0.00498	0.01
996.3	4.9815	0.09982	0.00498	0.01
996.4	4.982	0.09982	0.00498	0.01
996.5	4.9825	0.09983	0.00498	0.01
996.6	4.983	0.09983	0.00498	0.01
996.7	4.9835	0.09984	0.00498	0.01
996.8	4.984	0.09984	0.00498	0.01
996.9	4.9845	0.09985	0.00498	0.01
997.0	4.985	0.09985	0.00499	0.01
997.1	4.9855	0.09986	0.00499	0.01
997.2	4.986	0.09986	0.00499	0.01
997.3	4.9865	0.09987	0.00499	0.01
997.4	4.987	0.09987	0.00499	0.01
997.5	4.9875	0.09988	0.00499	0.01
997.6	4.988	0.09988	0.00499	0.01
997.7	4.9885	0.09989	0.00499	0.01
997.8	4.989	0.09989	0.00499	0.01
997.9	4.9895	0.0999	0.00499	0.01
998.0	4.99	0.0999	0.00499	0.01
998.1	4.9905	0.09991	0.00499	0.01
998.2	4.991	0.09991	0.00499	0.01
998.3	4.9915	0.09992	0.00499	0.01
998.4	4.992	0.09992	0.00499	0.01
998.5	4.9925	0.09993	0.00499	0.01
998.6	4.993	0.09993	0.00499	0.01
998.7	4.9935	0.09994	0.00499	0.01
998.8	4.994	0.09994	0.00499	0.01
998.9	4.9945	0.09995	0.00499	0.01
999.0	4.995	0.09995	0.005	0.01
999.1	4.9955	0.09996	0.005	0.01
999.2	4.996	0.09996	0.005	0.01
999.3	4.9965	0.09997	0.005	0.01
999.4	4.997	0.09997	0.005	0.01
999.5	4.9975	0.09998	0.005	0.01
999.6	4.998	0.09998	0.005	0.01
999.7	4.9985	0.09999	0.005	0.01
999.8	4.999	0.09999	0.005	0.01
999.9	4.9995	0.1	0.005	0.01
1000.0	5.0	0.1	0.005	0.01
1000.1	5.0005	0.10001	0.005	0.01
1000.2	5.001	0.10001	0.005	0.01
1000.3	5.0015	0.10002	0.005	0.01
1000.4	5.002	0.10002	0.005	0.01
1000.5	5.0025	0.10003	0.005	0.01
1000.6	5.003	0.10003	0.005	0.01
1000.7	5.0035	0.10004	0.005	0.01
1000.8	5.004	0.10004	0.005	0.01
1000.9	5.0045	0.10005	0.005	0.01
1001.0	5.005	0.10005	0.00501	0.01
1001.1	5.0055	0.10006	0.00501	0.01
1001.2	5.006	0.10006	0.00501	0.01
1001.3	5.0065	0.10007	0.00501	0.01
1001.4	5.007	0.10007	0.00501	0.01
1001.5	5.0075	0.10008	0.00501	0.01
1001.6	5.008	0.10008	0.00501	0.01
1001.7	5.0085	0.10009	0.00501	0.01
1001.8	5.009	0.10009	0.00501	0.01
1001.9	5.0095	0.1001	0.00501	0.01
1002.0	5.01	0.1001	0.00501	0.01
1002.1	5.0105	0.10011	0.00501	0.01
1002.2	5.011	0.10011	0.00501	0.01
1002.3	5.0115	0.10012	0.00501	0.01
1002.4	5.012	0.10012	0.00501	0.01
1002.5	5.0125	0.10013	0.00501	0.01
1002.6	5.013	0.10013	0.00501	0.01
1002.7	5.0135	0.10014	0.00501	0.01
1002.8	5.014	0.10014	0.00501	0.01
1002.9	5.0145	0.10015	0.00501	0.01
1003.0	5.015	0.10015	0.00502	0.01
1003.1	5.0155	0.10016	0.00502	0.01
1003.2	5.016	0.10016	0.00502	0.01
1003.3	5.0165	0.10017	0.00502	0.01
1003.4	5.017	0.10017	0.00502	0.01
1003.5	5.0175	0.10018	0.00502	0.01
1003.6	5.018	0.10018	0.00502	0.01
1003.7	5.0185	0.10019	0.00502	0.01
1003.8	5.019	0.10019	0.00502	0.01
1003.9	5.0195	0.1002	0.00502	0.01
1004.0	5.02	0.1002	0.00502	0.01
1004.1	5.0205	0.10021	0.00502	0.01
1004.2	5.021	0.10021	0.00502	0.01
1004.3	5.0215	0.10022	0.00502	0.01
1004.4	5.022	0.10022	0.00502	0.01
1004.5	5.0225	0.10023	0.00502	0.01
1004.6	5.023	0.10023	0.00502	0.01
1004.7	5.0235	0.10024	0.00502	0.01
1004.8	5.024	0.10024	0.00502	0.01
1004.9	5.0245	0.10025	0.00502	0.01
1005.0	5.025	0.10025	0.00503	0.01
1005.1	5.0255	0.10026	0.00503	0.01
1005.2	5.026	0.10026	0.00503	0.01
1005.3	5.0265	0.10027	0.00503	0.01
1005.4	5.027	0.10027	0.00503	0.01
1005.5	5.0275	0.10028	0.00503	0.01
1005.6	5.028	0.10028	0.00503	0.01
1005.7	5.0285	0.10029	0.00503	0.01
1005.8	5.029	0.10029	0.00503	0.01
1005.9	5.0295	0.1003	0.00503	0.01
1006.0	5.03	0.1003	0.00503	0.01
1006.1	5.0305	0.10031	0.00503	0.01
1006.2	5.031	0.10031	0.00503	0.01
1006.3	5.0315	0.10032	0.00503	0.01
1006.4	5.032	0.10032	0.00503	0.01
1006.5	5.0325	0.10033	0.00503	0.01
1006.6	5.033	0.10033	0.00503	0.01
1006.7	5.0335	0.10034	0.00503	0.01
1006.8	5.034	0.10034	0.00503	0.01
1006.9	5.0345	0.10035	0.00503	0.01
1007.0	5.035	0.10035	0.00504	0.01
1007.1	5.0355	0.10036	0.00504	0.01
1007.2	5.036	0.10036	0.00504	0.01
1007.3	5.0365	0.10037	0.00504	0.01
1007.4	5.037	0.10037	0.00504	0.01
1007.5	5.0375	0.10038	0.00504	0.01
1007.6	5.038	0.10038	0.00504	0.01
1007.7	5.0385	0.10039	0.00504	0.01
1007.8	5.039	0.10039	0.00504	0.01
1007.9	5.0395	0.1004	0.00504	0.01
1008.0	5.04	0.1004	0.00504	0.01
1008.1	5.0405	0.10041	0.00504	0.01
1008.2	5.041	0.10041	0.00504	0.01
1008.3	5.0415	0.10042	0.00504	0.01
1008.4	5.042	0.10042	0.00504	0.01
1008.5	5.0425	0.10043	0.00504	0.01
1008.6	5.043	0.10043	0.00504	0.01
1008.7	5.0435	0.10044	0.00504	0.01
1008.8	5.044	0.10044	0.00504	0.01
1008.9	5.0445	0.10045	0.00504	0.01
1009.0	5.045	0.10045	0.00505	0.01
1009.1	5.0455	0.10046	0.00505	0.01
1009.2	5.046	0.10046	0.00505	0.01
1009.3	5.0465	0.10047	0.00505	0.01
1009.4	5.047	0.10047	0.00505	0.01
1009.5	5.0475	0.10048	0.00505	0.01
1009.6	5.048	0.10048	0.00505	0.01
1009.7	5.0485	0.10049	0.00505	0.01
1009.8	5.049	0.10049	0.00505	0.01
1009.9	5.0495	0.1005	0.00505	0.01
1010.0	5.05	0.1005	0.00505	0.01
1010.1	5.0505	0.10051	0.00505	0.01
1010.2	5.051	0.10051	0.00505	0.01
1010.3	5.0515	0.10052	0.00505	0.01
1010.4	5.052	0.10052	0.00505	0.01
1010.5	5.0525	0.10053	0.00505	0.01
1010.6	5.053	0.10053	0.00505	0.01
1010.7	5.0535	0.10054	0.00505	0.01
1010.8	5.054	0.10054	0.00505	0.01
1010.9	5.0545	0.10055	0.00505	0.01
1011.0	5.055	0.10055	0.00506	0.01
1011.1	5.0555	0.10056	0.00506	0.01
1011.2	5.056	0.10056	0.00506	0.01
1011.3	5.0565	0.10057	0.00506	0.01
1011.4	5.057	0.10057	0.00506	0.01
1011.5	5.0575	0.10058	0.00506	0.01
1011.6	5.058	0.10058	0.00506	0.01
1011.7	5.0585	0.10059	0.00506	0.01
1011.8	5.059	0.10059	0.00506	0.01
1011.9	5.0595	0.1006	0.00506	0.01
1012.0	5.06	0.1006	0.00506	0.01
1012.1	5.0605	0.10061	0.00506	0.01
1012.2	5.061	0.10061	0.00506	0.01
1012.3	5.0615	0.10062	0.00506	0.01
1012.4	5.062	0.10062	0.00506	0.01
1012.5	5.0625	0.10063	0.00506	0.01
1012.6	5.063	0.10063	0.00506	0.01
1012.7	5.0635	0.10064	0.00506	0.01
1012.8	5.064	0.10064	0.00506	0.01
1012.9	5.0645	0.10065	0.00506	0.01
1013.0	5.065	0.10065	0.00507	0.01
1013.1	5.0655	0.10066	0.00507	0.01
1013.2	5.066	0.10066	0.00507	0.01
1013.3	5.0665	0.10067	0.00507	0.01
1013.4	5.067	0.10067	0.00507	0.01
1013.5	5.0675	0.10068	0.00507	0.01
1013.6	5.068	0.10068	0.00507	0.01
1013.7	5.0685	0.10069	0.00507	0.01
1013.8	5.069	0.10069	0.00507	0.01
1013.9	5.0695	0.1007	0.00507	0.01
1014.0	5.07	0.1007	0.00507	0.01
1014.1	5.0705	0.10071	0.00507	0.01
1014.2	5.071	0.10071	0.00507	0.01
1014.3	5.0715	0.10072	0.00507	0.01
1014.4	5.072	0.10072	0.00507	0.01
1014.5	5.0725	0.10073	0.00507	0.01
1014.6	5.073	0.10073	0.00507	0.01
1014.7	5.0735	0.10074	0.00507	0.01
1014.8	5.074	0.10074	0.00507	0.01
1014.9	5.0745	0.10075	0.00507	0.01
1015.0	5.075	0.10075	0.00508	0.01
1015.1	5.0755	0.10076	0.00508	0.01
1015.2	5.076	0.10076	0.00508	0.01
1015.3	5.0765	0.10077	0.00508	0.01
1015.4	5.077	0.10077	0.00508	0.01
1015.5	5.0775	0.10078	0.00508	0.01
1015.6	5.078	0.10078	0.00508	0.01
1015.7	5.0785	0.10079	0.00508	0.01
1015.8	5.079	0.10079	0.00508	0.01
1015.9	5.0795	0.1008	0.00508	0.01
1016.0	5.08	0.1008	0.00508	0.01
1016.1	5.0805	0.10081	0.00508	0.01
1016.2	5.081	0.10081	0.00508	0.01
1016.3	5.0815	0.10082	0.00508	0.01
1016.4	5.082	0.10082	0.00508	0.01
1016.5	5.0825	0.10083	0.00508	0.01
1016.6	5.083	0.10083	0.00508	0.01
1016.7	5.0835	0.10084	0.00508	0.01
1016.8	5.084	0.10084	0.00508	0.01
1016.9	5.0845	0.10085	0.00508	0.01
1017.0	5.085	0.10085	0.00509	0.01
1017.1	5.0855	0.10086	0.00509	0.01
1017.2	5.086	0.10086	0.00509	0.01
1017.3	5.0865	0.10087	0.00509	0.01
1017.4	5.087	0.10087	0.00509	0.01
1017.5	5.0875	0.10088	0.00509	0.01
1017.6	5.088	0.10088	0.00509	0.01
1017.7	5.0885	0.10089	0.00509	0.01
1017.8	5.089	0.10089	0.00509	0.01
1017.9	5.0895	0.1009	0.00509	0.01
1018.0	5.09	0.1009	0.00509	0.01
1018.1	5.0905	0.10091	0.00509	0.01
1018.2	5.091	0.10091	0.00509	0.01
1018.3	5.0915	0.10092	0.00509	0.01
1018.4	5.092	0.10092	0.00509	0.01
1018.5	5.0925	0.10093	0.00509	0.01
1018.6	5.093	0.10093	0.00509	0.01
1018.7	5.0935	0.10094	0.00509	0.01
1018.8	5.094	0.10094	0.00509	0.01
1018.9	5.0945	0.10095	0.00509	0.01
1019.0	5.095	0.10095	0.0051	0.01
1019.1	5.0955	0.10096	0.0051	0.01
1019.2	5.096	0.10096	0.0051	0.01
1019.3	5.0965	0.10097	0.0051	0.01
1019.4	5.097	0.10097	0.0051	0.01
1019.5	5.0975	0.10098	0.0051	0.01
1019.6	5.098	0.10098	0.0051	0.01
1019.7	5.0985	0.10099	0.0051	0.01
1019.8	5.099	0.10099	0.0051	0.01
1019.9	5.0995	0.101	0.0051	0.01
1020.0	5.1	0.101	0.0051	0.01
1020.1	5.1005	0.10101	0.0051	0.01
1020.2	5.101	0.10101	0.0051	0.01
1020.3	5.1015	0.10102	0.0051	0.01
1020.4	5.102	0.10102	0.0051	0.01
1020.5	5.1025	0.10103	0.0051	0.01
1020.6	5.103	0.10103	0.0051	0.01
1020.7	5.1035	0.10104	0.0051	0.01
1020.8	5.104	0.10104	0.0051	0.01
1020.9	5.1045	0.10105	0.0051	0.01
1021.0	5.105	0.10105	0.00511	0.01
1021.1	5.1055	0.10106	0.00511	0.01
1021.2	5.106	0.10106	0.00511	0.01
1021.3	5.1065	0.10107	0.00511	0.01
1021.4	5.107	0.10107	0.00511	0.01
1021.5	5.1075	0.10108	0.00511	0.01
1021.6	5.108	0.10108	0.00511	0.01
1021.7	5.1085	0.10109	0.00511	0.01
1021.8	5.109	0.10109	0.00511	0.01
1021.9	5.1095	0.1011	0.00511	0.01
1022.0	5.11	0.1011	0.00511	0.01
1022.1	5.1105	0.10111	0.00511	0.01
1022.2	5.111	0.10111	0.00511	0.01
1022.3	5.1115	0.10112	0.00511	0.01
1022.4	5.112	0.10112	0.00511	0.01
1022.5	5.1125	0.10113	0.00511	0.01
1022.6	5.113	0.10113	0.00511	0.01
1022.7	5.1135	0.10114	0.00511	0.01
1022.8	5.114	0.10114	0.00511	0.01
1022.9	5.1145	0.10115	0.00511	0.01
1023.0	5.115	0.10115	0.00512	0.01
1023.1	5.1155	0.10116	0.00512	0.01
1023.2	5.116	0.10116	0.00512	0.01
1023.3	5.1165	0.10117	0.00512	0.01
1023.4	5.117	0.10117	0.00512	0.01
1023.5	5.1175	0.10118	0.00512	0.01
1023.6	5.118	0.10118	0.00512	0.01
1023.7	5.1185	0.10119	0.00512	0.01
1023.8	5.119	0.10119	0.00512	0.01
1023.9	5.1195	0.1012	0.00512	0.01
1024.0	5.12	0.1012	0.00512	0.01
1024.1	5.1205	0.10121	0.00512	0.01
1024.2	5.121	0.10121	0.00512	0.01
1024.3	5.1215	0.10122	0.00512	0.01
1024.4	5.122	0.10122	0.00512	0.01
1024.5	5.1225	0.10123	0.00512	0.01
1024.6	5.123	0.10123	0.00512	0.01
1024.7	5.1235	0.10124	0.00512	0.01
1024.8	5.124	0.10124	0.00512	0.01
1024.9	5.1245	0.10125	0.00512	0.01
1025.0	5.125	0.10125	0.00513	0.01
1025.1	5.1255	0.10126	0.00513	0.01
1025.2	5.126	0.10126	0.00513	0.01
1025.3	5.1265	0.10127	0.00513	0.01
1025.4	5.127	0.10127	0.00513	0.01
1025.5	5.1275	0.10128	0.00513	0.01
1025.6	5.128	0.10128	0.00513	0.01
1025.7	5.1285	0.10129	0.00513	0.01
1025.8	5.129	0.10129	0.00513	0.01
1025.9	5.1295	0.1013	0.00513	0.01
1026.0	5.13	0.1013	0.00513	0.01
1026.1	5.1305	0.10131	0.00513	0.01
1026.2	5.131	0.10131	0.00513	0.01
1026.3	5.1315	0.10132	0.00513	0.01
1026.4	5.132	0.10132	0.00513	0.01
1026.5	5.1325	0.10133	0.00513	0.01
1026.6	5.133	0.10133	0.00513	0.01
1026.7	5.1335	0.10134	0.00513	0.01
1026.8	5.134	0.10134	0.00513	0.01
1026.9	5.1345	0.10135	0.00513	0.01
1027.0	5.135	0.10135	0.00514	0.01
1027.1	5.1355	0.10136	0.00514	0.01
1027.2	5.136	0.10136	0.00514	0.01
1027.3	5.1365	0.10137	0.00514	0.01
1027.4	5.137	0.10137	0.00514	0.01
1027.5	5.1375	0.10138	0.00514	0.01
1027.6	5.138	0.10138	0.00514	0.01
1027.7	5.1385	0.10139	0.00514	0.01
1027.8	5.139	0.10139	0.00514	0.01
1027.9	5.1395	0.1014	0.00514	0.01
1028.0	5.14	0.1014	0.00514	0.01
1028.1	5.1405	0.10141	0.00514	0.01
1028.2	5.141	0.10141	0.00514	0.01
1028.3	5.1415	0.10142	0.00514	0.01
1028.4	5.142	0.10142	0.00514	0.01
1028.5	5.1425	0.10143	0.00514	0.01
1028.6	5.143	0.10143	0.00514	0.01
1028.7	5.1435	0.10144	0.00514	0.01
1028.8	5.144	0.10144	0.00514	0.01
1028.9	5.1445	0.10145	0.00514	0.01
1029.0	5.145	0.10145	0.00515	0.01
1029.1	5.1455	0.10146	0.00515	0.01
1029.2	5.146	0.10146	0.00515	0.01
1029.3	5.1465	0.10147	0.00515	0.01
1029.4	5.147	0.10147	0.00515	0.01
1029.5	5.1475	0.10148	0.00515	0.01
1029.6	5.148	0.10148	0.00515	0.01
1029.7	5.1485	0.10149	0.00515	0.01
1029.8	5.149	0.10149	0.00515	0.01
1029.9	5.1495	0.1015	0.00515	0.01
1030.0	5.15	0.1015	0.00515	0.01
1030.1	5.1505	0.10151	0.00515	0.01
1030.2	5.151	0.10151	0.00515	0.01
1030.3	5.1515	0.10152	0.00515	0.01
1030.4	5.152	0.10152	0.00515	0.01
1030.5	5.1525	0.10153	0.00515	0.01
1030.6	5.153	0.10153	0.00515	0.01
1030.7	5.1535	0.10154	0.00515	0.01
1030.8	5.154	0.10154	0.00515	0.01
1030.9	5.1545	0.10155	0.00515	0.01
1031.0	5.155	0.10155	0.00516	0.01
1031.1	5.1555	0.10156	0.00516	0.01
1031.2	5.156	0.10156	0.00516	0.01
1031.3	5.1565	0.10157	0.00516	0.01
1031.4	5.157	0.10157	0.00516	0.01
1031.5	5.1575	0.10158	0.00516	0.01
1031.6	5.158	0.10158	0.00516	0.01
1031.7	5.1585	0.10159	0.00516	0.01
1031.8	5.159	0.10159	0.00516	0.01
1031.9	5.1595	0.1016	0.00516	0.01
1032.0	5.16	0.1016	0.00516	0.01
1032.1	5.1605	0.10161	0.00516	0.01
1032.2	5.161	0.10161	0.00516	0.01
1032.3	5.1615	0.10162	0.00516	0.01
1032.4	5.162	0.10162	0.00516	0.01
1032.5	5.1625	0.10163	0.00516	0.01
1032.6	5.163	0.10163	0.00516	0.01
1032.7	5.1635	0.10164	0.00516	0.01
1032.8	5.164	0.10164	0.00516	0.01
1032.9	5.1645	0.10165	0.00516	0.01
1033.0	5.165	0.10165	0.00517	0.01
1033.1	5.1655	0.10166	0.00517	0.01
1033.2	5.166	0.10166	0.00517	0.01
1033.3	5.1665	0.10167	0.00517	0.01
1033.4	5.167	0.10167	0.00517	0.01
1033.5	5.1675	0.10168	0.00517	0.01
1033.6	5.168	0.10168	0.00517	0.01
1033.7	5.1685	0.10169	0.00517	0.01
1033.8	5.169	0.10169	0.00517	0.01
1033.9	5.1695	0.1017	0.00517	0.01
1034.0	5.17	0.1017	0.00517	0.01
1034.1	5.1705	0.10171	0.00517	0.01
1034.2	5.171	0.10171	0.00517	0.01
1034.3	5.1715	0.10172	0.00517	0.01
1034.4	5.172	0.10172	0.00517	0.01
1034.5	5.1725	0.10173	0.00517	0.01
1034.6	5.173	0.10173	0.00517	0.01
1034.7	5.1735	0.10174	0.00517	0.01
1034.8	5.174	0.10174	0.00517	0.01
1034.9	5.1745	0.10175	0.00517	0.01
1035.0	5.175	0.10175	0.00518	0.01
1035.1	5.1755	0.10176	0.00518	0.01
1035.2	5.176	0.10176	0.00518	0.01
1035.3	5.1765	0.10177	0.00518	0.01
1035.4	5.177	0.10177	0.00518	0.01
1035.5	5.1775	0.10178	0.00518	0.01
1035.6	5.178	0.10178	0.00518	0.01
1035.7	5.1785	0.10179	0.00518	0.01
1035.8	5.179	0.10179	0.00518	0.01
1035.9	5.1795	0.1018	0.00518	0.01
1036.0	5.18	0.1018	0.00518	0.01
1036.1	5.1805	0.10181	0.00518	0.01
1036.2	5.181	0.10181	0.00518	0.01
1036.3	5.1815	0.10182	0.00518	0.01
1036.4	5.182	0.10182	0.00518	0.01
1036.5	5.1825	0.10183	0.00518	0.01
1036.6	5.183	0.10183	0.00518	0.01
1036.7	5.1835	0.10184	0.00518	0.01
1036.8	5.184	0.10184	0.00518	0.01
1036.9	5.1845	0.10185	0.00518	0.01
1037.0	5.185	0.10185	0.00519	0.01
1037.1	5.1855	0.10186	0.00519	0.01
1037.2	5.186	0.10186	0.00519	0.01
1037.3	5.1865	0.10187	0.00519	0.01
1037.4	5.187	0.10187	0.00519	0.01
1037.5	5.1875	0.10188	0.00519	0.01
1037.6	5.188	0.10188	0.00519	0.01
1037.7	5.1885	0.10189	0.00519	0.01
1037.8	5.189	0.10189	0.00519	0.01
1037.9	5.1895	0.1019	0.00519	0.01
1038.0	5.19	0.1019	0.00519	0.01
1038.1	5.1905	0.10191	0.00519	0.01
1038.2	5.191	0.10191	0.00519	0.01
1038.3	5.1915	0.10192	0.00519	0.01
1038.4	5.192	0.10192	0.00519	0.01
1038.5	5.1925	0.10193	0.00519	0.01
1038.6	5.193	0.10193	0.00519	0.01
1038.7	5.1935	0.10194	0.00519	0.01
1038.8	5.194	0.10194	0.00519	0.01
1038.9	5.1945	0.10195	0.00519	0.01
1039.0	5.195	0.10195	0.0052	0.01
1039.1	5.1955	0.10196	0.0052	0.01
1039.2	5.196	0.10196	0.0052	0.01
1039.3	5.1965	0.10197	0.0052	0.01
1039.4	5.197	0.10197	0.0052	0.01
1039.5	5.1975	0.10198	0.0052	0.01
1039.6	5.198	0.10198	0.0052	0.01
1039.7	5.1985	0.10199	0.0052	0.01
1039.8	5.199	0.10199	0.0052	0.01
1039.9	5.1995	0.102	0.0052	0.01
1040.0	5.2	0.102	0.0052	0.01
1040.1	5.2005	0.10201	0.0052	0.01
1040.2	5.201	0.10201	0.0052	0.01
1040.3	5.2015	0.10202	0.0052	0.01
1040.4	5.202	0.10202	0.0052	0.01
1040.5	5.2025	0.10203	0.0052	0.01
1040.6	5.203	0.10203	0.0052	0.01
1040.7	5.2035	0.10204	0.0052	0.01
1040.8	5.204	0.10204	0.0052	0.01
1040.9	5.2045	0.10205	0.0052	0.01
1041.0	5.205	0.10205	0.00521	0.01
1041.1	5.2055	0.10206	0.00521	0.01
1041.2	5.206	0.10206	0.00521	0.01
1041.3	5.2065	0.10207	0.00521	0.01
1041.4	5.207	0.10207	0.00521	0.01
1041.5	5.2075	0.10208	0.00521	0.01
1041.6	5.208	0.10208	0.00521	0.01
1041.7	5.2085	0.10209	0.00521	0.01
1041.8	5.209	0.10209	0.00521	0.01
1041.9	5.2095	0.1021	0.00521	0.01
1042.0	5.21	0.1021	0.00521	0.01
1042.1	5.2105	0.10211	0.00521	0.01
1042.2	5.211	0.10211	0.00521	0.01
1042.3	5.2115	0.10212	0.00521	0.01
1042.4	5.212	0.10212	0.00521	0.01
1042.5	5.2125	0.10213	0.00521	0.01
1042.6	5.213	0.10213	0.00521	0.01
1042.7	5.2135	0.10214	0.00521	0.01
1042.8	5.214	0.10214	0.00521	0.01
1042.9	5.2145	0.10215	0.00521	0.01
1043.0	5.215	0.10215	0.00522	0.01
1043.1	5.2155	0.10216	0.00522	0.01
1043.2	5.216	0.10216	0.00522	0.01
1043.3	5.2165	0.10217	0.00522	0.01
1043.4	5.217	0.10217	0.00522	0.01
1043.5	5.2175	0.10218	0.00522	0.01
1043.6	5.218	0.10218	0.00522	0.01
1043.7	5.2185	0.10219	0.00522	0.01
1043.8	5.219	0.10219	0.00522	0.01
1043.9	5.2195	0.1022	0.00522	0.01
1044.0	5.22	0.1022	0.00522	0.01
1044.1	5.2205	0.10221	0.00522	0.01
1044.2	5.221	0.10221	0.00522	0.01
1044.3	5.2215	0.10222	0.00522	0.01
1044.4	5.222	0.10222	0.00522	0.01
1044.5	5.2225	0.10223	0.00522	0.01
1044.6	5.223	0.10223	0.00522	0.01
1044.7	5.2235	0.10224	0.00522	0.01
1044.8	5.224	0.10224	0.00522	0.01
1044.9	5.2245	0.10225	0.00522	0.01
1045.0	5.225	0.10225	0.00523	0.01
1045.1	5.2255	0.10226	0.00523	0.01
1045.2	5.226	0.10226	0.00523	0.01
1045.3	5.2265	0.10227	0.00523	0.01
1045.4	5.227	0.10227	0.00523	0.01
1045.5	5.2275	0.10228	0.00523	0.01
1045.6	5.228	0.10228	0.00523	0.01
1045.7	5.2285	0.10229	0.00523	0.01
1045.8	5.229	0.10229	0.00523	0.01
1045.9	5.2295	0.1023	0.00523	0.01
1046.0	5.23	0.1023	0.00523	0.01
1046.1	5.2305	0.10231	0.00523	0.01
1046.2	5.231	0.10231	0.00523	0.01
1046.3	5.2315	0.10232	0.00523	0.01
1046.4	5.232	0.10232	0.00523	0.01
1046.5	5.2325	0.10233	0.00523	0.01
1046.6	5.233	0.10233	0.00523	0.01
1046.7	5.2335	0.10234	0.00523	0.01
1046.8	5.234	0.10234	0.00523	0.01
1046.9	5.2345	0.10235	0.00523	0.01
1047.0	5.235	0.10235	0.00524	0.01
1047.1	5.2355	0.10236	0.00524	0.01
1047.2	5.236	0.10236	0.00524	0.01
1047.3	5.2365	0.10237	0.00524	0.01
1047.4	5.237	0.10237	0.00524	0.01
1047.5	5.2375	0.10238	0.00524	0.01
1047.6	5.238	0.10238	0.00524	0.01
1047.7	5.2385	0.10239	0.00524	0.01
1047.8	5.239	0.10239	0.00524	0.01
1047.9	5.2395	0.1024	0.00524	0.01
1048.0	5.24	0.1024	0.00524	0.01
1048.1	5.2405	0.10241	0.00524	0.01
1048.2	5.241	0.10241	0.00524	0.01
1048.3	5.2415	0.10242	0.00524	0.01
1048.4	5.242	0.10242	0.00524	0.01
1048.5	5.2425	0.10243	0.00524	0.01
1048.6	5.243	0.10243	0.00524	0.01
1048.7	5.2435	0.10244	0.00524	0.01
1048.8	5.244	0.10244	0.00524	0.01
1048.9	5.2445	0.10245	0.00524	0.01
1049.0	5.245	0.10245	0.00525	0.01
1049.1	5.2455	0.10246	0.00525	0.01
1049.2	5.246	0.10246	0.00525	0.01
1049.3	5.2465	0.10247	0.00525	0.01
1049.4	5.247	0.10247	0.00525	0.01
1049.5	5.2475	0.10248	0.00525	0.01
1049.6	5.248	0.10248	0.00525	0.01
1049.7	5.2485	0.10249	0.00525	0.01
1049.8	5.249	0.10249	0.00525	0.01
1049.9	5.2495	0.1025	0.00525	0.01
1050.0	5.25	0.1025	0.00525	0.01
1050.1	5.2505	0.10251	0.00525	0.01
1050.2	5.251	0.10251	0.00525	0.01
1050.3	5.2515	0.10252	0.00525	0.01
1050.4	5.252	0.10252	0.00525	0.01
1050.5	5.2525	0.10253	0.00525	0.01
1050.6	5.253	0.10253	0.00525	0.01
1050.7	5.2535	0.10254	0.00525	0.01
1050.8	5.254	0.10254	0.00525	0.01
1050.9	5.2545	0.10255	0.00525	0.01
1051.0	5.255	0.10255	0.00526	0.01
1051.1	5.2555	0.10256	0.00526	0.01
1051.2	5.256	0.10256	0.00526	0.01
1051.3	5.2565	0.10257	0.00526	0.01
1051.4	5.257	0.10257	0.00526	0.01
1051.5	5.2575	0.10258	0.00526	0.01
1051.6	5.258	0.10258	0.00526	0.01
1051.7	5.2585	0.10259	0.00526	0.01
1051.8	5.259	0.10259	0.00526	0.01
1051.9	5.2595	0.1026	0.00526	0.01
1052.0	5.26	0.1026	0.00526	0.01
1052.1	5.2605	0.10261	0.00526	0.01
1052.2	5.261	0.10261	0.00526	0.01
1052.3	5.2615	0.10262	0.00526	0.01
1052.4	5.262	0.10262	0.00526	0.01
1052.5	5.2625	0.10263	0.00526	0.01
1052.6	5.263	0.10263	0.00526	0.01
1052.7	5.2635	0.10264	0.00526	0.01
1052.8	5.264	0.10264	0.00526	0.01
1052.9	5.2645	0.10265	0.00526	0.01
1053.0	5.265	0.10265	0.00527	0.01
1053.1	5.2655	0.10266	0.00527	0.01
1053.2	5.266	0.10266	0.00527	0.01
1053.3	5.2665	0.10267	0.00527	0.01
1053.4	5.267	0.10267	0.00527	0.01
1053.5	5.2675	0.10268	0.00527	0.01
1053.6	5.268	0.10268	0.00527	0.01
1053.7	5.2685	0.10269	0.00527	0.01
1053.8	5.269	0.10269	0.00527	0.01
1053.9	5.2695	0.1027	0.00527	0.01
1054.0	5.27	0.1027	0.00527	0.01
1054.1	5.2705	0.10271	0.00527	0.01
1054.2	5.271	0.10271	0.00527	0.01
1054.3	5.2715	0.10272	0.00527	0.01
1054.4	5.272	0.10272	0.00527	0.01
1054.5	5.2725	0.10273	0.00527	0.01
1054.6	5.273	0.10273	0.00527	0.01
1054.7	5.2735	0.10274	0.00527	0.01
1054.8	5.274	0.10274	0.00527	0.01
1054.9	5.2745	0.10275	0.00527	0.01
1055.0	5.275	0.10275	0.00528	0.01
1055.1	5.2755	0.10276	0.00528	0.01
1055.2	5.276	0.10276	0.00528	0.01
1055.3	5.2765	0.10277	0.00528	0.01
1055.4	5.277	0.10277	0.00528	0.01
1055.5	5.2775	0.10278	0.00528	0.01
1055.6	5.278	0.10278	0.00528	0.01
1055.7	5.2785	0.10279	0.00528	0.01
1055.8	5.279	0.10279	0.00528	0.01
1055.9	5.2795	0.1028	0.00528	0.01
1056.0	5.28	0.1028	0.00528	0.01
1056.1	5.2805	0.10281	0.00528	0.01
1056.2	5.281	0.10281	0.00528	0.01
1056.3	5.2815	0.10282	0.00528	0.01
1056.4	5.282	0.10282	0.00528	0.01
1056.5	5.2825	0.10283	0.00528	0.01
1056.6	5.283	0.10283	0.00528	0.01
1056.7	5.2835	0.10284	0.00528	0.01
1056.8	5.284	0.10284	0.00528	0.01
1056.9	5.2845	0.10285	0.00528	0.01
1057.0	5.285	0.10285	0.00529	0.01
1057.1	5.2855	0.10286	0.00529	0.01
1057.2	5.286	0.10286	0.00529	0.01
1057.3	5.2865	0.10287	0.00529	0.01
1057.4	5.287	0.10287	0.00529	0.01
1057.5	5.2875	0.10288	0.00529	0.01
1057.6	5.288	0.10288	0.00529	0.01
1057.7	5.2885	0.10289	0.00529	0.01
1057.8	5.289	0.10289	0.00529	0.01
1057.9	5.2895	0.1029	0.00529	0.01
1058.0	5.29	0.1029	0.00529	0.01
1058.1	5.2905	0.10291	0.00529	0.01
1058.2	5.291	0.10291	0.00529	0.01
1058.3	5.2915	0.10292	0.00529	0.01
1058.4	5.292	0.10292	0.00529	0.01
1058.5	5.2925	0.10293	0.00529	0.01
1058.6	5.293	0.10293	0.00529	0.01
1058.7	5.2935	0.10294	0.00529	0.01
1058.8	5.294	0.10294	0.00529	0.01
1058.9	5.2945	0.10295	0.00529	0.01
1059.0	5.295	0.10295	0.0053	0.01
1059.1	5.2955	0.10296	0.0053	0.01
1059.2	5.296	0.10296	0.0053	0.01
1059.3	5.2965	0.10297	0.0053	0.01
1059.4	5.297	0.10297	0.0053	0.01
1059.5	5.2975	0.10298	0.0053	0.01
1059.6	5.298	0.10298	0.0053	0.01
1059.7	5.2985	0.10299	0.0053	0.01
1059.8	5.299	0.10299	0.0053	0.01
1059.9	5.2995	0.103	0.0053	0.01
1060.0	5.3	0.103	0.0053	0.01
1060.1	5.3005	0.10301	0.0053	0.01
1060.2	5.301	0.10301	0.0053	0.01
1060.3	5.3015	0.10302	0.0053	0.01
1060.4	5.302	0.10302	0.0053	0.01
1060.5	5.3025	0.10303	0.0053	0.01
1060.6	5.303	0.10303	0.0053	0.01
1060.7	5.3035	0.10304	0.0053	0.01
1060.8	5.304	0.10304	0.0053	0.01
1060.9	5.3045	0.10305	0.0053	0.01
1061.0	5.305	0.10305	0.00531	0.01
1061.1	5.3055	0.10306	0.00531	0.01
1061.2	5.306	0.10306	0.00531	0.01
1061.3	5.3065	0.10307	0.00531	0.01
1061.4	5.307	0.10307	0.00531	0.01
1061.5	5.3075	0.10308	0.00531	0.01
1061.6	5.308	0.10308	0.00531	0.01
1061.7	5.3085	0.10309	0.00531	0.01
1061.8	5.309	0.10309	0.00531	0.01
1061.9	5.3095	0.1031	0.00531	0.01
1062.0	5.31	0.1031	0.00531	0.01
1062.1	5.3105	0.10311	0.00531	0.01
1062.2	5.311	0.10311	0.00531	0.01
1062.3	5.3115	0.10312	0.00531	0.01
1062.4	5.312	0.10312	0.00531	0.01
1062.5	5.3125	0.10313	0.00531	0.01
1062.6	5.313	0.10313	0.00531	0.01
1062.7	5.3135	0.10314	0.00531	0.01
1062.8	5.314	0.10314	0.00531	0.01
1062.9	5.3145	0.10315	0.00531	0.01
1063.0	5.315	0.10315	0.00532	0.01
1063.1	5.3155	0.10316	0.00532	0.01
1063.2	5.316	0.10316	0.00532	0.01
1063.3	5.3165	0.10317	0.00532	0.01
1063.4	5.317	0.10317	0.00532	0.01
1063.5	5.3175	0.10318	0.00532	0.01
1063.6	5.318	0.10318	0.00532	0.01
1063.7	5.3185	0.10319	0.00532	0.01
1063.8	5.319	0.10319	0.00532	0.01
1063.9	5.3195	0.1032	0.00532	0.01
1064.0	5.32	0.1032	0.00532	0.01
1064.1	5.3205	0.10321	0.00532	0.01
1064.2	5.321	0.10321	0.00532	0.01
1064.3	5.3215	0.10322	0.00532	0.01
1064.4	5.322	0.10322	0.00532	0.01
1064.5	5.3225	0.10323	0.00532	0.01
1064.6	5.323	0.10323	0.00532	0.01
1064.7	5.3235	0.10324	0.00532	0.01
1064.8	5.324	0.10324	0.00532	0.01
1064.9	5.3245	0.10325	0.00532	0.01
1065.0	5.325	0.10325	0.00533	0.01
1065.1	5.3255	0.10326	0.00533	0.01
1065.2	5.326	0.10326	0.00533	0.01
1065.3	5.3265	0.10327	0.00533	0.01
1065.4	5.327	0.10327	0.00533	0.01
1065.5	5.3275	0.10328	0.00533	0.01
1065.6	5.328	0.10328	0.00533	0.01
1065.7	5.3285	0.10329	0.00533	0.01
1065.8	5.329	0.10329	0.00533	0.01
1065.9	5.3295	0.1033	0.00533	0.01
1066.0	5.33	0.1033	0.00533	0.01
1066.1	5.3305	0.10331	0.00533	0.01
1066.2	5.331	0.10331	0.00533	0.01
1066.3	5.3315	0.10332	0.00533	0.01
1066.4	5.332	0.10332	0.00533	0.01
1066.5	5.3325	0.10333	0.00533	0.01
1066.6	5.333	0.10333	0.00533	0.01
1066.7	5.3335	0.10334	0.00533	0.01
1066.8	5.334	0.10334	0.00533	0.01
1066.9	5.3345	0.10335	0.00533	0.01
1067.0	5.335	0.10335	0.00534	0.01
1067.1	5.3355	0.10336	0.00534	0.01
1067.2	5.336	0.10336	0.00534	0.01
1067.3	5.3365	0.10337	0.00534	0.01
1067.4	5.337	0.10337	0.00534	0.01
1067.5	5.3375	0.10338	0.00534	0.01
1067.6	5.338	0.10338	0.00534	0.01
1067.7	5.3385	0.10339	0.00534	0.01
1067.8	5.339	0.10339	0.00534	0.01
1067.9	5.3395	0.1034	0.00534	0.01
1068.0	5.34	0.1034	0.00534	0.01
1068.1	5.3405	0.10341	0.00534	0.01
1068.2	5.341	0.10341	0.00534	0.01
1068.3	5.3415	0.10342	0.00534	0.01
1068.4	5.342	0.10342	0.00534	0.01
1068.5	5.3425	0.10343	0.00534	0.01
1068.6	5.343	0.10343	0.00534	0.01
1068.7	5.3435	0.10344	0.00534	0.01
1068.8	5.344	0.10344	0.00534	0.01
1068.9	5.3445	0.10345	0.00534	0.01
1069.0	5.345	0.10345	0.00535	0.01
1069.1	5.3455	0.10346	0.00535	0.01
1069.2	5.346	0.10346	0.00535	0.01
1069.3	5.3465	0.10347	0.00535	0.01
1069.4	5.347	0.10347	0.00535	0.01
1069.5	5.3475	0.10348	0.00535	0.01
1069.6	5.348	0.10348	0.00535	0.01
1069.7	5.3485	0.10349	0.00535	0.01
1069.8	5.349	0.10349	0.00535	0.01
1069.9	5.3495	0.1035	0.00535	0.01
1070.0	5.35	0.1035	0.00535	0.01
1070.1	5.3505	0.10351	0.00535	0.01
1070.2	5.351	0.10351	0.00535	0.01
1070.3	5.3515	0.10352	0.00535	0.01
1070.4	5.352	0.10352	0.00535	0.01
1070.5	5.3525	0.10353	0.00535	0.01
1070.6	5.353	0.10353	0.00535	0.01
1070.7	5.3535	0.10354	0.00535	0.01
1070.8	5.354	0.10354	0.00535	0.01
1070.9	5.3545	0.10355	0.00535	0.01
1071.0	5.355	0.10355	0.00536	0.01
1071.1	5.3555	0.10356	0.00536	0.01
1071.2	5.356	0.10356	0.00536	0.01
1071.3	5.3565	0.10357	0.00536	0.01
1071.4	5.357	0.10357	0.00536	0.01
1071.5	5.3575	0.10358	0.00536	0.01
1071.6	5.358	0.10358	0.00536	0.01
1071.7	5.3585	0.10359	0.00536	0.01
1071.8	5.359	0.10359	0.00536	0.01
1071.9	5.3595	0.1036	0.00536	0.01
1072.0	5.36	0.1036	0.00536	0.01
1072.1	5.3605	0.10361	0.00536	0.01
1072.2	5.361	0.10361	0.00536	0.01
1072.3	5.3615	0.10362	0.00536	0.01
1072.4	5.362	0.10362	0.00536	0.01
1072.5	5.3625	0.10363	0.00536	0.01
1072.6	5.363	0.10363	0.00536	0.01
1072.7	5.3635	0.10364	0.00536	0.01
1072.8	5.364	0.10364	0.00536	0.01
1072.9	5.3645	0.10365	0.00536	0.01
1073.0	5.365	0.10365	0.00537	0.01
1073.1	5.3655	0.10366	0.00537	0.01
1073.2	5.366	0.10366	0.00537	0.01
1073.3	5.3665	0.10367	0.00537	0.01
1073.4	5.367	0.10367	0.00537	0.01
1073.5	5.3675	0.10368	0.00537	0.01
1073.6	5.368	0.10368	0.00537	0.01
1073.7	5.3685	0.10369	0.00537	0.01
1073.8	5.369	0.10369	0.00537	0.01
1073.9	5.3695	0.1037	0.00537	0.01
1074.0	5.37	0.1037	0.00537	0.01
1074.1	5.3705	0.10371	0.00537	0.01
1074.2	5.371	0.10371	0.00537	0.01
1074.3	5.3715	0.10372	0.00537	0.01
1074.4	5.372	0.10372	0.00537	0.01
1074.5	5.3725	0.10373	0.00537	0.01
1074.6	5.373	0.10373	0.00537	0.01
1074.7	5.3735	0.10374	0.00537	0.01
1074.8	5.374	0.10374	0.00537	0.01
1074.9	5.3745	0.10375	0.00537	0.01
1075.0	5.375	0.10375	0.00538	0.01
1075.1	5.3755	0.10376	0.00538	0.01
1075.2	5.376	0.10376	0.00538	0.01
1075.3	5.3765	0.10377	0.00538	0.01
1075.4	5.377	0.10377	0.00538	0.01
1075.5	5.3775	0.10378	0.00538	0.01
1075.6	5.378	0.10378	0.00538	0.01
1075.7	5.3785	0.10379	0.00538	0.01
1075.8	5.379	0.10379	0.00538	0.01
1075.9	5.3795	0.1038	0.00538	0.01
1076.0	5.38	0.1038	0.00538	0.01
1076.1	5.3805	0.10381	0.00538	0.01
1076.2	5.381	0.10381	0.00538	0.01
1076.3	5.3815	0.10382	0.00538	0.01
1076.4	5.382	0.10382	0.00538	0.01
1076.5	5.3825	0.10383	0.00538	0.01
1076.6	5.383	0.10383	0.00538	0.01
1076.7	5.3835	0.10384	0.00538	0.01
1076.8	5.384	0.10384	0.00538	0.01
1076.9	5.3845	0.10385	0.00538	0.01
1077.0	5.385	0.10385	0.00539	0.01
1077.1	5.3855	0.10386	0.00539	0.01
1077.2	5.386	0.10386	0.00539	0.01
1077.3	5.3865	0.10387	0.00539	0.01
1077.4	5.387	0.10387	0.00539	0.01
1077.5	5.3875	0.10388	0.00539	0.01
1077.6	5.388	0.10388	0.00539	0.01
1077.7	5.3885	0.10389	0.00539	0.01
1077.8	5.389	0.10389	0.00539	0.01
1077.9	5.3895	0.1039	0.00539	0.01
1078.0	5.39	0.1039	0.00539	0.01
1078.1	5.3905	0.10391	0.00539	0.01
1078.2	5.391	0.10391	0.00539	0.01
1078.3	5.3915	0.10392	0.00539	0.01
1078.4	5.392	0.10392	0.00539	0.01
1078.5	5.3925	0.10393	0.00539	0.01
1078.6	5.393	0.10393	0.00539	0.01
1078.7	5.3935	0.10394	0.00539	0.01
1078.8	5.394	0.10394	0.00539	0.01
1078.9	5.3945	0.10395	0.00539	0.01
1079.0	5.395	0.10395	0.0054	0.01
1079.1	5.3955	0.10396	0.0054	0.01
1079.2	5.396	0.10396	0.0054	0.01
1079.3	5.3965	0.10397	0.0054	0.01
1079.4	5.397	0.10397	0.0054	0.01
1079.5	5.3975	0.10398	0.0054	0.01
1079.6	5.398	0.10398	0.0054	0.01
1079.7	5.3985	0.10399	0.0054	0.01
1079.8	5.399	0.10399	0.0054	0.01
1079.9	5.3995	0.104	0.0054	0.01
1080.0	5.4	0.104	0.0054	0.01
1080.1	5.4005	0.10401	0.0054	0.01
1080.2	5.401	0.10401	0.0054	0.01
1080.3	5.4015	0.10402	0.0054	0.01
1080.4	5.402	0.10402	0.0054	0.01
1080.5	5.4025	0.10403	0.0054	0.01
1080.6	5.403	0.10403	0.0054	0.01
1080.7	5.4035	0.10404	0.0054	0.01
1080.8	5.404	0.10404	0.0054	0.01
1080.9	5.4045	0.10405	0.0054	0.01
1081.0	5.405	0.10405	0.00541	0.01
1081.1	5.4055	0.10406	0.00541	0.01
1081.2	5.406	0.10406	0.00541	0.01
1081.3	5.4065	0.10407	0.00541	0.01
1081.4	5.407	0.10407	0.00541	0.01
1081.5	5.4075	0.10408	0.00541	0.01
1081.6	5.408	0.10408	0.00541	0.01
1081.7	5.4085	0.10409	0.00541	0.01
1081.8	5.409	0.10409	0.00541	0.01
1081.9	5.4095	0.1041	0.00541	0.01
1082.0	5.41	0.1041	0.00541	0.01
1082.1	5.4105	0.10411	0.00541	0.01
1082.2	5.411	0.10411	0.00541	0.01
1082.3	5.4115	0.10412	0.00541	0.01
1082.4	5.412	0.10412	0.00541	0.01
1082.5	5.4125	0.10413	0.00541	0.01
1082.6	5.413	0.10413	0.00541	0.01
1082.7	5.4135	0.10414	0.00541	0.01
1082.8	5.414	0.10414	0.00541	0.01
1082.9	5.4145	0.10415	0.00541	0.01
1083.0	5.415	0.10415	0.00542	0.01
1083.1	5.4155	0.10416	0.00542	0.01
1083.2	5.416	0.10416	0.00542	0.01
1083.3	5.4165	0.10417	0.00542	0.01
1083.4	5.417	0.10417	0.00542	0.01
1083.5	5.4175	0.10418	0.00542	0.01
1083.6	5.418	0.10418	0.00542	0.01
1083.7	5.4185	0.10419	0.00542	0.01
1083.8	5.419	0.10419	0.00542	0.01
1083.9	5.4195	0.1042	0.00542	0.01
1084.0	5.42	0.1042	0.00542	0.01
1084.1	5.4205	0.10421	0.00542	0.01
1084.2	5.421	0.10421	0.00542	0.01
1084.3	5.4215	0.10422	0.00542	0.01
1084.4	5.422	0.10422	0.00542	0.01
1084.5	5.4225	0.10423	0.00542	0.01
1084.6	5.423	0.10423	0.00542	0.01
1084.7	5.4235	0.10424	0.00542	0.01
1084.8	5.424	0.10424	0.00542	0.01
1084.9	5.4245	0.10425	0.00542	0.01
1085.0	5.425	0.10425	0.00543	0.01
1085.1	5.4255	0.10426	0.00543	0.01
1085.2	5.426	0.10426	0.00543	0.01
1085.3	5.4265	0.10427	0.00543	0.01
1085.4	5.427	0.10427	0.00543	0.01
1085.5	5.4275	0.10428	0.00543	0.01
1085.6	5.428	0.10428	0.00543	0.01
1085.7	5.4285	0.10429	0.00543	0.01
1085.8	5.429	0.10429	0.00543	0.01
1085.9	5.4295	0.1043	0.00543	0.01
1086.0	5.43	0.1043	0.00543	0.01
1086.1	5.4305	0.10431	0.00543	0.01
1086.2	5.431	0.10431	0.00543	0.01
1086.3	5.4315	0.10432	0.00543	0.01
1086.4	5.432	0.10432	0.00543	0.01
1086.5	5.4325	0.10433	0.00543	0.01
1086.6	5.433	0.10433	0.00543	0.01
1086.7	5.4335	0.10434	0.00543	0.01
1086.8	5.434	0.10434	0.00543	0.01
1086.9	5.4345	0.10435	0.00543	0.01
1087.0	5.435	0.10435	0.00544	0.01
1087.1	5.4355	0.10436	0.00544	0.01
1087.2	5.436	0.10436	0.00544	0.01
1087.3	5.4365	0.10437	0.00544	0.01
1087.4	5.437	0.10437	0.00544	0.01
1087.5	5.4375	0.10438	0.00544	0.01
1087.6	5.438	0.10438	0.00544	0.01
1087.7	5.4385	0.10439	0.00544	0.01
1087.8	5.439	0.10439	0.00544	0.01
1087.9	5.4395	0.1044	0.00544	0.01
1088.0	5.44	0.1044	0.00544	0.01
1088.1	5.4405	0.10441	0.00544	0.01
1088.2	5.441	0.10441	0.00544	0.01
1088.3	5.4415	0.10442	0.00544	0.01
1088.4	5.442	0.10442	0.00544	0.01
1088.5	5.4425	0.10443	0.00544	0.01
1088.6	5.443	0.10443	0.00544	0.01
1088.7	5.4435	0.10444	0.00544	0.01
1088.8	5.444	0.10444	0.00544	0.01
1088.9	5.4445	0.10445	0.00544	0.01
1089.0	5.445	0.10445	0.00545	0.01
1089.1	5.4455	0.10446	0.00545	0.01
1089.2	5.446	0.10446	0.00545	0.01
1089.3	5.4465	0.10447	0.00545	0.01
1089.4	5.447	0.10447	0.00545	0.01
1089.5	5.4475	0.10448	0.00545	0.01
1089.6	5.448	0.10448	0.00545	0.01
1089.7	5.4485	0.10449	0.00545	0.01
1089.8	5.449	0.10449	0.00545	0.01
1089.9	5.4495	0.1045	0.00545	0.01
1090.0	5.45	0.1045	0.00545	0.01
1090.1	5.4505	0.10451	0.00545	0.01
1090.2	5.451	0.10451	0.00545	0.01
1090.3	5.4515	0.10452	0.00545	0.01
1090.4	5.452	0.10452	0.00545	0.01
1090.5	5.4525	0.10453	0.00545	0.01
1090.6	5.453	0.10453	0.00545	0.01
1090.7	5.4535	0.10454	0.00545	0.01
1090.8	5.454	0.10454	0.00545	0.01
1090.9	5.4545	0.10455	0.00545	0.01
1091.0	5.455	0.10455	0.00546	0.01
1091.1	5.4555	0.10456	0.00546	0.01
1091.2	5.456	0.10456	0.00546	0.01
1091.3	5.4565	0.10457	0.00546	0.01
1091.4	5.457	0.10457	0.00546	0.01
1091.5	5.4575	0.10458	0.00546	0.01
1091.6	5.458	0.10458	0.00546	0.01
1091.7	5.4585	0.10459	0.00546	0.01
1091.8	5.459	0.10459	0.00546	0.01
1091.9	5.4595	0.1046	0.00546	0.01
1092.0	5.46	0.1046	0.00546	0.01
1092.1	5.4605	0.10461	0.00546	0.01
1092.2	5.461	0.10461	0.00546	0.01
1092.3	5.4615	0.10462	0.00546	0.01
1092.4	5.462	0.10462	0.00546	0.01
1092.5	5.4625	0.10463	0.00546	0.01
1092.6	5.463	0.10463	0.00546	0.01
1092.7	5.4635	0.10464	0.00546	0.01
1092.8	5.464	0.10464	0.00546	0.01
1092.9	5.4645	0.10465	0.00546	0.01
1093.0	5.465	0.10465	0.00547	0.01
1093.1	5.4655	0.10466	0.00547	0.01
1093.2	5.466	0.10466	0.00547	0.01
1093.3	5.4665	0.10467	0.00547	0.01
1093.4	5.467	0.10467	0.00547	0.01
1093.5	5.4675	0.10468	0.00547	0.01
1093.6	5.468	0.10468	0.00547	0.01
1093.7	5.4685	0.10469	0.00547	0.01
1093.8	5.469	0.10469	0.00547	0.01
1093.9	5.4695	0.1047	0.00547	0.01
1094.0	5.47	0.1047	0.00547	0.01
1094.1	5.4705	0.10471	0.00547	0.01
1094.2	5.471	0.10471	0.00547	0.01
1094.3	5.4715	0.10472	0.00547	0.01
1094.4	5.472	0.10472	0.00547	0.01
1094.5	5.4725	0.10473	0.00547	0.01
1094.6	5.473	0.10473	0.00547	0.01
1094.7	5.4735	0.10474	0.00547	0.01
1094.8	5.474	0.10474	0.00547	0.01
1094.9	5.4745	0.10475	0.00547	0.01
1095.0	5.475	0.10475	0.00548	0.01
1095.1	5.4755	0.10476	0.00548	0.01
1095.2	5.476	0.10476	0.00548	0.01
1095.3	5.4765	0.10477	0.00548	0.01
1095.4	5.477	0.10477	0.00548	0.01
1095.5	5.4775	0.10478	0.00548	0.01
1095.6	5.478	0.10478	0.00548	0.01
1095.7	5.4785	0.10479	0.00548	0.01
1095.8	5.479	0.10479	0.00548	0.01
1095.9	5.4795	0.1048	0.00548	0.01
1096.0	5.48	0.1048	0.00548	0.01
1096.1	5.4805	0.10481	0.00548	0.01
1096.2	5.481	0.10481	0.00548	0.01
1096.3	5.4815	0.10482	0.00548	0.01
1096.4	5.482	0.10482	0.00548	0.01
1096.5	5.4825	0.10483	0.00548	0.01
1096.6	5.483	0.10483	0.00548	0.01
1096.7	5.4835	0.10484	0.00548	0.01
1096.8	5.484	0.10484	0.00548	0.01
1096.9	5.4845	0.10485	0.00548	0.01
1097.0	5.485	0.10485	0.00549	0.01
1097.1	5.4855	0.10486	0.00549	0.01
1097.2	5.486	0.10486	0.00549	0.01
1097.3	5.4865	0.10487	0.00549	0.01
1097.4	5.487	0.10487	0.00549	0.01
1097.5	5.4875	0.10488	0.00549	0.01
1097.6	5.488	0.10488	0.00549	0.01
1097.7	5.4885	0.10489	0.00549	0.01
1097.8	5.489	0.10489	0.00549	0.01
1097.9	5.4895	0.1049	0.00549	0.01
1098.0	5.49	0.1049	0.00549	0.01
1098.1	5.4905	0.10491	0.00549	0.01
1098.2	5.491	0.10491	0.00549	0.01
1098.3	5.4915	0.10492	0.00549	0.01
1098.4	5.492	0.10492	0.00549	0.01
1098.5	5.4925	0.10493	0.00549	0.01
1098.6	5.493	0.10493	0.00549	0.01
1098.7	5.4935	0.10494	0.00549	0.01
1098.8	5.494	0.10494	0.00549	0.01
1098.9	5.4945	0.10495	0.00549	0.01
1099.0	5.495	0.10495	0.0055	0.01
1099.1	5.4955	0.10496	0.0055	0.01
1099.2	5.496	0.10496	0.0055	0.01
1099.3	5.4965	0.10497	0.0055	0.01
1099.4	5.497	0.10497	0.0055	0.01
1099.5	5.4975	0.10498	0.0055	0.01
1099.6	5.498	0.10498	0.0055	0.01
1099.7	5.4985	0.10499	0.0055	0.01
1099.8	5.499	0.10499	0.0055	0.01
1099.9	5.4995	0.105	0.0055	0.01
1100.0	5.5	0.105	0.0055	0.01
1100.1	5.5005	0.10501	0.0055	0.01
1100.2	5.501	0.10501	0.0055	0.01
1100.3	5.5015	0.10502	0.0055	0.01
1100.4	5.502	0.10502	0.0055	0.01
1100.5	5.5025	0.10503	0.0055	0.01
1100.6	5.503	0.10503	0.0055	0.01
1100.7	5.5035	0.10504	0.0055	0.01
1100.8	5.504	0.10504	0.0055	0.01
1100.9	5.5045	0.10505	0.0055	0.01
1101.0	5.505	0.10505	0.00551	0.01
1101.1	5.5055	0.10506	0.00551	0.01
1101.2	5.506	0.10506	0.00551	0.01
1101.3	5.5065	0.10507	0.00551	0.01
1101.4	5.507	0.10507	0.00551	0.01
1101.5	5.5075	0.10508	0.00551	0.01
1101.6	5.508	0.10508	0.00551	0.01
1101.7	5.5085	0.10509	0.00551	0.01
1101.8	5.509	0.10509	0.00551	0.01
1101.9	5.5095	0.1051	0.00551	0.01
1102.0	5.51	0.1051	0.00551	0.01
1102.1	5.5105	0.10511	0.00551	0.01
1102.2	5.511	0.10511	0.00551	0.01
1102.3	5.5115	0.10512	0.00551	0.01
1102.4	5.512	0.10512	0.00551	0.01
1102.5	5.5125	0.10513	0.00551	0.01
1102.6	5.513	0.10513	0.00551	0.01
1102.7	5.5135	0.10514	0.00551	0.01
1102.8	5.514	0.10514	0.00551	0.01
1102.9	5.5145	0.10515	0.00551	0.01
1103.0	5.515	0.10515	0.00552	0.01
1103.1	5.5155	0.10516	0.00552	0.01
1103.2	5.516	0.10516	0.00552	0.01
1103.3	5.5165	0.10517	0.00552	0.01
1103.4	5.517	0.10517	0.00552	0.01
1103.5	5.5175	0.10518	0.00552	0.01
1103.6	5.518	0.10518	0.00552	0.01
1103.7	5.5185	0.10519	0.00552	0.01
1103.8	5.519	0.10519	0.00552	0.01
1103.9	5.5195	0.1052	0.00552	0.01
1104.0	5.52	0.1052	0.00552	0.01
1104.1	5.5205	0.10521	0.00552	0.01
1104.2	5.521	0.10521	0.00552	0.01
1104.3	5.5215	0.10522	0.00552	0.01
1104.4	5.522	0.10522	0.00552	0.01
1104.5	5.5225	0.10523	0.00552	0.01
1104.6	5.523	0.10523	0.00552	0.01
1104.7	5.5235	0.10524	0.00552	0.01
1104.8	5.524	0.10524	0.00552	0.01
1104.9	5.5245	0.10525	0.00552	0.01
1105.0	5.525	0.10525	0.00553	0.01
1105.1	5.5255	0.10526	0.00553	0.01
1105.2	5.526	0.10526	0.00553	0.01
1105.3	5.5265	0.10527	0.00553	0.01
1105.4	5.527	0.10527	0.00553	0.01
1105.5	5.5275	0.10528	0.00553	0.01
1105.6	5.528	0.10528	0.00553	0.01
1105.7	5.5285	0.10529	0.00553	0.01
1105.8	5.529	0.10529	0.00553	0.01
1105.9	5.5295	0.1053	0.00553	0.01
1106.0	5.53	0.1053	0.00553	0.01
1106.1	5.5305	0.10531	0.00553	0.01
1106.2	5.531	0.10531	0.00553	0.01
1106.3	5.5315	0.10532	0.00553	0.01
1106.4	5.532	0.10532	0.00553	0.01
1106.5	5.5325	0.10533	0.00553	0.01
1106.6	5.533	0.10533	0.00553	0.01
1106.7	5.5335	0.10534	0.00553	0.01
1106.8	5.534	0.10534	0.00553	0.01
1106.9	5.5345	0.10535	0.00553	0.01
1107.0	5.535	0.10535	0.00554	0.01
1107.1	5.5355	0.10536	0.00554	0.01
1107.2	5.536	0.10536	0.00554	0.01
1107.3	5.5365	0.10537	0.00554	0.01
1107.4	5.537	0.10537	0.00554	0.01
1107.5	5.5375	0.10538	0.00554	0.01
1107.6	5.538	0.10538	0.00554	0.01
1107.7	5.5385	0.10539	0.00554	0.01
1107.8	5.539	0.10539	0.00554	0.01
1107.9	5.5395	0.1054	0.00554	0.01
1108.0	5.54	0.1054	0.00554	0.01
1108.1	5.5405	0.10541	0.00554	0.01
1108.2	5.541	0.10541	0.00554	0.01
1108.3	5.5415	0.10542	0.00554	0.01
1108.4	5.542	0.10542	0.00554	0.01
1108.5	5.5425	0.10543	0.00554	0.01
1108.6	5.543	0.10543	0.00554	0.01
1108.7	5.5435	0.10544	0.00554	0.01
1108.8	5.544	0.10544	0.00554	0.01
1108.9	5.5445	0.10545	0.00554	0.01
1109.0	5.545	0.10545	0.00555	0.01
1109.1	5.5455	0.10546	0.00555	0.01
1109.2	5.546	0.10546	0.00555	0.01
1109.3	5.5465	0.10547	0.00555	0.01
1109.4	5.547	0.10547	0.00555	0.01
1109.5	5.5475	0.10548	0.00555	0.01
1109.6	5.548	0.10548	0.00555	0.01
1109.7	5.5485	0.10549	0.00555	0.01
1109.8	5.549	0.10549	0.00555	0.01
1109.9	5.5495	0.1055	0.00555	0.01
1110.0	5.55	0.1055	0.00555	0.01
1110.1	5.5505	0.10551	0.00555	0.01
1110.2	5.551	0.10551	0.00555	0.01
1110.3	5.5515	0.10552	0.00555	0.01
1110.4	5.552	0.10552	0.00555	0.01
1110.5	5.5525	0.10553	0.00555	0.01
1110.6	5.553	0.10553	0.00555	0.01
1110.7	5.5535	0.10554	0.00555	0.01
1110.8	5.554	0.10554	0.00555	0.01
1110.9	5.5545	0.10555	0.00555	0.01
1111.0	5.555	0.10555	0.00556	0.01
1111.1	5.5555	0.10556	0.00556	0.01
1111.2	5.556	0.10556	0.00556	0.01
1111.3	5.5565	0.10557	0.00556	0.01
1111.4	5.557	0.10557	0.00556	0.01
1111.5	5.5575	0.10558	0.00556	0.01
1111.6	5.558	0.10558	0.00556	0.01
1111.7	5.5585	0.10559	0.00556	0.01
1111.8	5.559	0.10559	0.00556	0.01
1111.9	5.5595	0.1056	0.00556	0.01
1112.0	5.56	0.1056	0.00556	0.01
1112.1	5.5605	0.10561	0.00556	0.01
1112.2	5.561	0.10561	0.00556	0.01
1112.3	5.5615	0.10562	0.00556	0.01
1112.4	5.562	0.10562	0.00556	0.01
1112.5	5.5625	0.10563	0.00556	0.01
1112.6	5.563	0.10563	0.00556	0.01
1112.7	5.5635	0.10564	0.00556	0.01
1112.8	5.564	0.10564	0.00556	0.01
1112.9	5.5645	0.10565	0.00556	0.01
1113.0	5.565	0.10565	0.00557	0.01
1113.1	5.5655	0.10566	0.00557	0.01
1113.2	5.566	0.10566	0.00557	0.01
1113.3	5.5665	0.10567	0.00557	0.01
1113.4	5.567	0.10567	0.00557	0.01
1113.5	5.5675	0.10568	0.00557	0.01
1113.6	5.568	0.10568	0.00557	0.01
1113.7	5.5685	0.10569	0.00557	0.01
1113.8	5.569	0.10569	0.00557	0.01
1113.9	5.5695	0.1057	0.00557	0.01
1114.0	5.57	0.1057	0.00557	0.01
1114.1	5.5705	0.10571	0.00557	0.01
1114.2	5.571	0.10571	0.00557	0.01
1114.3	5.5715	0.10572	0.00557	0.01
1114.4	5.572	0.10572	0.00557	0.01
1114.5	5.5725	0.10573	0.00557	0.01
1114.6	5.573	0.10573	0.00557	0.01
1114.7	5.5735	0.10574	0.00557	0.01
1114.8	5.574	0.10574	0.00557	0.01
1114.9	5.5745	0.10575	0.00557	0.01
1115.0	5.575	0.10575	0.00558	0.01
1115.1	5.5755	0.10576	0.00558	0.01
1115.2	5.576	0.10576	0.00558	0.01
1115.3	5.5765	0.10577	0.00558	0.01
1115.4	5.577	0.10577	0.00558	0.01
1115.5	5.5775	0.10578	0.00558	0.01
1115.6	5.578	0.10578	0.00558	0.01
1115.7	5.5785	0.10579	0.00558	0.01
1115.8	5.579	0.10579	0.00558	0.01
1115.9	5.5795	0.1058	0.00558	0.01
1116.0	5.58	0.1058	0.00558	0.01
1116.1	5.5805	0.10581	0.00558	0.01
1116.2	5.581	0.10581	0.00558	0.01
1116.3	5.5815	0.10582	0.00558	0.01
1116.4	5.582	0.10582	0.00558	0.01
1116.5	5.5825	0.10583	0.00558	0.01
1116.6	5.583	0.10583	0.00558	0.01
1116.7	5.5835	0.10584	0.00558	0.01
1116.8	5.584	0.10584	0.00558	0.01
1116.9	5.5845	0.10585	0.00558	0.01
1117.0	5.585	0.10585	0.00559	0.01
1117.1	5.5855	0.10586	0.00559	0.01
1117.2	5.586	0.10586	0.00559	0.01
1117.3	5.5865	0.10587	0.00559	0.01
1117.4	5.587	0.10587	0.00559	0.01
1117.5	5.5875	0.10588	0.00559	0.01
1117.6	5.588	0.10588	0.00559	0.01
1117.7	5.5885	0.10589	0.00559	0.01
1117.8	5.589	0.10589	0.00559	0.01
1117.9	5.5895	0.1059	0.00559	0.01
1118.0	5.59	0.1059	0.00559	0.01
1118.1	5.5905	0.10591	0.00559	0.01
1118.2	5.591	0.10591	0.00559	0.01
1118.3	5.5915	0.10592	0.00559	0.01
1118.4	5.592	0.10592	0.00559	0.01
1118.5	5.5925	0.10593	0.00559	0.01
1118.6	5.593	0.10593	0.00559	0.01
1118.7	5.5935	0.10594	0.00559	0.01
1118.8	5.594	0.10594	0.00559	0.01
1118.9	5.5945	0.10595	0.00559	0.01
1119.0	5.595	0.10595	0.0056	0.01
1119.1	5.5955	0.10596	0.0056	0.01
1119.2	5.596	0.10596	0.0056	0.01
1119.3	5.5965	0.10597	0.0056	0.01
1119.4	5.597	0.10597	0.0056	0.01
1119.5	5.5975	0.10598	0.0056	0.01
1119.6	5.598	0.10598	0.0056	0.01
1119.7	5.5985	0.10599	0.0056	0.01
1119.8	5.599	0.10599	0.0056	0.01
1119.9	5.5995	0.106	0.0056	0.01
1120.0	5.6	0.106	0.0056	0.01
1120.1	5.6005	0.10601	0.0056	0.01
1120.2	5.601	0.10601	0.0056	0.01
1120.3	5.6015	0.10602	0.0056	0.01
1120.4	5.602	0.10602	0.0056	0.01
1120.5	5.6025	0.10603	0.0056	0.01
1120.6	5.603	0.10603	0.0056	0.01
1120.7	5.6035	0.10604	0.0056	0.01
1120.8	5.604	0.10604	0.0056	0.01
1120.9	5.6045	0.10605	0.0056	0.01
1121.0	5.605	0.10605	0.00561	0.01
1121.1	5.6055	0.10606	0.00561	0.01
1121.2	5.606	0.10606	0.00561	0.01
1121.3	5.6065	0.10607	0.00561	0.01
1121.4	5.607	0.10607	0.00561	0.01
1121.5	5.6075	0.10608	0.00561	0.01
1121.6	5.608	0.10608	0.00561	0.01
1121.7	5.6085	0.10609	0.00561	0.01
1121.8	5.609	0.10609	0.00561	0.01
1121.9	5.6095	0.1061	0.00561	0.01
1122.0	5.61	0.1061	0.00561	0.01
1122.1	5.6105	0.10611	0.00561	0.01
1122.2	5.611	0.10611	0.00561	0.01
1122.3	5.6115	0.10612	0.00561	0.01
1122.4	5.612	0.10612	0.00561	0.01
1122.5	5.6125	0.10613	0.00561	0.01
1122.6	5.613	0.10613	0.00561	0.01
1122.7	5.6135	0.10614	0.00561	0.01
1122.8	5.614	0.10614	0.00561	0.01
1122.9	5.6145	0.10615	0.00561	0.01
1123.0	5.615	0.10615	0.00562	0.01
1123.1	5.6155	0.10616	0.00562	0.01
1123.2	5.616	0.10616	0.00562	0.01
1123.3	5.6165	0.10617	0.00562	0.01
1123.4	5.617	0.10617	0.00562	0.01
1123.5	5.6175	0.10618	0.00562	0.01
1123.6	5.618	0.10618	0.00562	0.01
1123.7	5.6185	0.10619	0.00562	0.01
1123.8	5.619	0.10619	0.00562	0.01
1123.9	5.6195	0.1062	0.00562	0.01
1124.0	5.62	0.1062	0.00562	0.01
1124.1	5.6205	0.10621	0.00562	0.01
1124.2	5.621	0.10621	0.00562	0.01
1124.3	5.6215	0.10622	0.00562	0.01
1124.4	5.622	0.10622	0.00562	0.01
1124.5	5.6225	0.10623	0.00562	0.01
1124.6	5.623	0.10623	0.00562	0.01
1124.7	5.6235	0.10624	0.00562	0.01
1124.8	5.624	0.10624	0.00562	0.01
1124.9	5.6245	0.10625	0.00562	0.01
1125.0	5.625	0.10625	0.00563	0.01
1125.1	5.6255	0.10626	0.00563	0.01
1125.2	5.626	0.10626	0.00563	0.01
1125.3	5.6265	0.10627	0.00563	0.01
1125.4	5.627	0.10627	0.00563	0.01
1125.5	5.6275	0.10628	0.00563	0.01
1125.6	5.628	0.10628	0.00563	0.01
1125.7	5.6285	0.10629	0.00563	0.01
1125.8	5.629	0.10629	0.00563	0.01
1125.9	5.6295	0.1063	0.00563	0.01
1126.0	5.63	0.1063	0.00563	0.01
1126.1	5.6305	0.10631	0.00563	0.01
1126.2	5.631	0.10631	0.00563	0.01
1126.3	5.6315	0.10632	0.00563	0.01
1126.4	5.632	0.10632	0.00563	0.01
1126.5	5.6325	0.10633	0.00563	0.01
1126.6	5.633	0.10633	0.00563	0.01
1126.7	5.6335	0.10634	0.00563	0.01
1126.8	5.634	0.10634	0.00563	0.01
1126.9	5.6345	0.10635	0.00563	0.01
1127.0	5.635	0.10635	0.00564	0.01
1127.1	5.6355	0.10636	0.00564	0.01
1127.2	5.636	0.10636	0.00564	0.01
1127.3	5.6365	0.10637	0.00564	0.01
1127.4	5.637	0.10637	0.00564	0.01
1127.5	5.6375	0.10638	0.00564	0.01
1127.6	5.638	0.10638	0.00564	0.01
1127.7	5.6385	0.10639	0.00564	0.01
1127.8	5.639	0.10639	0.00564	0.01
1127.9	5.6395	0.1064	0.00564	0.01
1128.0	5.64	0.1064	0.00564	0.01
1128.1	5.6405	0.10641	0.00564	0.01
1128.2	5.641	0.10641	0.00564	0.01
1128.3	5.6415	0.10642	0.00564	0.01
1128.4	5.642	0.10642	0.00564	0.01
1128.5	5.6425	0.10643	0.00564	0.01
1128.6	5.643	0.10643	0.00564	0.01
1128.7	5.6435	0.10644	0.00564	0.01
1128.8	5.644	0.10644	0.00564	0.01
1128.9	5.6445	0.10645	0.00564	0.01
1129.0	5.645	0.10645	0.00565	0.01
1129.1	5.6455	0.10646	0.00565	0.01
1129.2	5.646	0.10646	0.00565	0.01
1129.3	5.6465	0.10647	0.00565	0.01
1129.4	5.647	0.10647	0.00565	0.01
1129.5	5.6475	0.10648	0.00565	0.01
1129.6	5.648	0.10648	0.00565	0.01
1129.7	5.6485	0.10649	0.00565	0.01
1129.8	5.649	0.10649	0.00565	0.01
1129.9	5.6495	0.1065	0.00565	0.01
1130.0	5.65	0.1065	0.00565	0.01
1130.1	5.6505	0.10651	0.00565	0.01
1130.2	5.651	0.10651	0.00565	0.01
1130.3	5.6515	0.10652	0.00565	0.01
1130.4	5.652	0.10652	0.00565	0.01
1130.5	5.6525	0.10653	0.00565	0.01
1130.6	5.653	0.10653	0.00565	0.01
1130.7	5.6535	0.10654	0.00565	0.01
1130.8	5.654	0.10654	0.00565	0.01
1130.9	5.6545	0.10655	0.00565	0.01
1131.0	5.655	0.10655	0.00566	0.01
1131.1	5.6555	0.10656	0.00566	0.01
1131.2	5.656	0.10656	0.00566	0.01
1131.3	5.6565	0.10657	0.00566	0.01
1131.4	5.657	0.10657	0.00566	0.01
1131.5	5.6575	0.10658	0.00566	0.01
1131.6	5.658	0.10658	0.00566	0.01
1131.7	5.6585	0.10659	0.00566	0.01
1131.8	5.659	0.10659	0.00566	0.01
1131.9	5.6595	0.1066	0.00566	0.01
1132.0	5.66	0.1066	0.00566	0.01
1132.1	5.6605	0.10661	0.00566	0.01
1132.2	5.661	0.10661	0.00566	0.01
1132.3	5.6615	0.10662	0.00566	0.01
1132.4	5.662	0.10662	0.00566	0.01
1132.5	5.6625	0.10663	0.00566	0.01
1132.6	5.663	0.10663	0.00566	0.01
1132.7	5.6635	0.10664	0.00566	0.01
1132.8	5.664	0.10664	0.00566	0.01
1132.9	5.6645	0.10665	0.00566	0.01
1133.0	5.665	0.10665	0.00567	0.01
1133.1	5.6655	0.10666	0.00567	0.01
1133.2	5.666	0.10666	0.00567	0.01
1133.3	5.6665	0.10667	0.00567	0.01
1133.4	5.667	0.10667	0.00567	0.01
1133.5	5.6675	0.10668	0.00567	0.01
1133.6	5.668	0.10668	0.00567	0.01
1133.7	5.6685	0.10669	0.00567	0.01
1133.8	5.669	0.10669	0.00567	0.01
1133.9	5.6695	0.1067	0.00567	0.01
1134.0	5.67	0.1067	0.00567	0.01
1134.1	5.6705	0.10671	0.00567	0.01
1134.2	5.671	0.10671	0.00567	0.01
1134.3	5.6715	0.10672	0.00567	0.01
1134.4	5.672	0.10672	0.00567	0.01
1134.5	5.6725	0.10673	0.00567	0.01
1134.6	5.673	0.10673	0.00567	0.01
1134.7	5.6735	0.10674	0.00567	0.01
1134.8	5.674	0.10674	0.00567	0.01
1134.9	5.6745	0.10675	0.00567	0.01
1135.0	5.675	0.10675	0.00568	0.01
1135.1	5.6755	0.10676	0.00568	0.01
1135.2	5.676	0.10676	0.00568	0.01
1135.3	5.6765	0.10677	0.00568	0.01
1135.4	5.677	0.10677	0.00568	0.01
1135.5	5.6775	0.10678	0.00568	0.01
1135.6	5.678	0.10678	0.00568	0.01
1135.7	5.6785	0.10679	0.00568	0.01
1135.8	5.679	0.10679	0.00568	0.01
1135.9	5.6795	0.1068	0.00568	0.01
1136.0	5.68	0.1068	0.00568	0.01
1136.1	5.6805	0.10681	0.00568	0.01
1136.2	5.681	0.10681	0.00568	0.01
1136.3	5.6815	0.10682	0.00568	0.01
1136.4	5.682	0.10682	0.00568	0.01
1136.5	5.6825	0.10683	0.00568	0.01
1136.6	5.683	0.10683	0.00568	0.01
1136.7	5.6835	0.10684	0.00568	0.01
1136.8	5.684	0.10684	0.00568	0.01
1136.9	5.6845	0.10685	0.00568	0.01
1137.0	5.685	0.10685	0.00569	0.01
1137.1	5.6855	0.10686	0.00569	0.01
1137.2	5.686	0.10686	0.00569	0.01
1137.3	5.6865	0.10687	0.00569	0.01
1137.4	5.687	0.10687	0.00569	0.01
1137.5	5.6875	0.10688	0.00569	0.01
1137.6	5.688	0.10688	0.00569	0.01
1137.7	5.6885	0.10689	0.00569	0.01
1137.8	5.689	0.10689	0.00569	0.01
1137.9	5.6895	0.1069	0.00569	0.01
1138.0	5.69	0.1069	0.00569	0.01
1138.1	5.6905	0.10691	0.00569	0.01
1138.2	5.691	0.10691	0.00569	0.01
1138.3	5.6915	0.10692	0.00569	0.01
1138.4	5.692	0.10692	0.00569	0.01
1138.5	5.6925	0.10693	0.00569	0.01
1138.6	5.693	0.10693	0.00569	0.01
1138.7	5.6935	0.10694	0.00569	0.01
1138.8	5.694	0.10694	0.00569	0.01
1138.9	5.6945	0.10695	0.00569	0.01
1139.0	5.695	0.10695	0.0057	0.01
1139.1	5.6955	0.10696	0.0057	0.01
1139.2	5.696	0.10696	0.0057	0.01
1139.3	5.6965	0.10697	0.0057	0.01
1139.4	5.697	0.10697	0.0057	0.01
1139.5	5.6975	0.10698	0.0057	0.01
1139.6	5.698	0.10698	0.0057	0.01
1139.7	5.6985	0.10699	0.0057	0.01
1139.8	5.699	0.10699	0.0057	0.01
1139.9	5.6995	0.107	0.0057	0.01
1140.0	5.7	0.107	0.0057	0.01
1140.1	5.7005	0.10701	0.0057	0.01
1140.2	5.701	0.10701	0.0057	0.01
1140.3	5.7015	0.10702	0.0057	0.01
1140.4	5.702	0.10702	0.0057	0.01
1140.5	5.7025	0.10703	0.0057	0.01
1140.6	5.703	0.10703	0.0057	0.01
1140.7	5.7035	0.10704	0.0057	0.01
1140.8	5.704	0.10704	0.0057	0.01
1140.9	5.7045	0.10705	0.0057	0.01
1141.0	5.705	0.10705	0.00571	0.01
1141.1	5.7055	0.10706	0.00571	0.01
1141.2	5.706	0.10706	0.00571	0.01
1141.3	5.7065	0.10707	0.00571	0.01
1141.4	5.707	0.10707	0.00571	0.01
1141.5	5.7075	0.10708	0.00571	0.01
1141.6	5.708	0.10708	0.00571	0.01
1141.7	5.7085	0.10709	0.00571	0.01
1141.8	5.709	0.10709	0.00571	0.01
1141.9	5.7095	0.1071	0.00571	0.01
1142.0	5.71	0.1071	0.00571	0.01
1142.1	5.7105	0.10711	0.00571	0.01
1142.2	5.711	0.10711	0.00571	0.01
1142.3	5.7115	0.10712	0.00571	0.01
1142.4	5.712	0.10712	0.00571	0.01
1142.5	5.7125	0.10713	0.00571	0.01
1142.6	5.713	0.10713	0.00571	0.01
1142.7	5.7135	0.10714	0.00571	0.01
1142.8	5.714	0.10714	0.00571	0.01
1142.9	5.7145	0.10715	0.00571	0.01
1143.0	5.715	0.10715	0.00572	0.01
1143.1	5.7155	0.10716	0.00572	0.01
1143.2	5.716	0.10716	0.00572	0.01
1143.3	5.7165	0.10717	0.00572	0.01
1143.4	5.717	0.10717	0.00572	0.01
1143.5	5.7175	0.10718	0.00572	0.01
1143.6	5.718	0.10718	0.00572	0.01
1143.7	5.7185	0.10719	0.00572	0.01
1143.8	5.719	0.10719	0.00572	0.01
1143.9	5.7195	0.1072	0.00572	0.01
1144.0	5.72	0.1072	0.00572	0.01
1144.1	5.7205	0.10721	0.00572	0.01
1144.2	5.721	0.10721	0.00572	0.01
1144.3	5.7215	0.10722	0.00572	0.01
1144.4	5.722	0.10722	0.00572	0.01
1144.5	5.7225	0.10723	0.00572	0.01
1144.6	5.723	0.10723	0.00572	0.01
1144.7	5.7235	0.10724	0.00572	0.01
1144.8	5.724	0.10724	0.00572	0.01
1144.9	5.7245	0.10725	0.00572	0.01
1145.0	5.725	0.10725	0.00573	0.01
1145.1	5.7255	0.10726	0.00573	0.01
1145.2	5.726	0.10726	0.00573	0.01
1145.3	5.7265	0.10727	0.00573	0.01
1145.4	5.727	0.10727	0.00573	0.01
1145.5	5.7275	0.10728	0.00573	0.01
1145.6	5.728	0.10728	0.00573	0.01
1145.7	5.7285	0.10729	0.00573	0.01
1145.8	5.729	0.10729	0.00573	0.01
1145.9	5.7295	0.1073	0.00573	0.01
1146.0	5.73	0.1073	0.00573	0.01
1146.1	5.7305	0.10731	0.00573	0.01
1146.2	5.731	0.10731	0.00573	0.01
1146.3	5.7315	0.10732	0.00573	0.01
1146.4	5.732	0.10732	0.00573	0.01
1146.5	5.7325	0.10733	0.00573	0.01
1146.6	5.733	0.10733	0.00573	0.01
1146.7	5.7335	0.10734	0.00573	0.01
1146.8	5.734	0.10734	0.00573	0.01
1146.9	5.7345	0.10735	0.00573	0.01
1147.0	5.735	0.10735	0.00574	0.01
1147.1	5.7355	0.10736	0.00574	0.01
1147.2	5.736	0.10736	0.00574	0.01
1147.3	5.7365	0.10737	0.00574	0.01
1147.4	5.737	0.10737	0.00574	0.01
1147.5	5.7375	0.10738	0.00574	0.01
1147.6	5.738	0.10738	0.00574	0.01
1147.7	5.7385	0.10739	0.00574	0.01
1147.8	5.739	0.10739	0.00574	0.01
1147.9	5.7395	0.1074	0.00574	0.01
1148.0	5.74	0.1074	0.00574	0.01
1148.1	5.7405	0.10741	0.00574	0.01
1148.2	5.741	0.10741	0.00574	0.01
1148.3	5.7415	0.10742	0.00574	0.01
1148.4	5.742	0.10742	0.00574	0.01
1148.5	5.7425	0.10743	0.00574	0.01
1148.6	5.743	0.10743	0.00574	0.01
1148.7	5.7435	0.10744	0.00574	0.01
1148.8	5.744	0.10744	0.00574	0.01
1148.9	5.7445	0.10745	0.00574	0.01
1149.0	5.745	0.10745	0.00575	0.01
1149.1	5.7455	0.10746	0.00575	0.01
1149.2	5.746	0.10746	0.00575	0.01
1149.3	5.7465	0.10747	0.00575	0.01
1149.4	5.747	0.10747	0.00575	0.01
1149.5	5.7475	0.10748	0.00575	0.01
1149.6	5.748	0.10748	0.00575	0.01
1149.7	5.7485	0.10749	0.00575	0.01
1149.8	5.749	0.10749	0.00575	0.01
1149.9	5.7495	0.1075	0.00575	0.01
1150.0	5.75	0.1075	0.00575	0.01
1150.1	5.7505	0.10751	0.00575	0.01
1150.2	5.751	0.10751	0.00575	0.01
1150.3	5.7515	0.10752	0.00575	0.01
1150.4	5.752	0.10752	0.00575	0.01
1150.5	5.7525	0.10753	0.00575	0.01
1150.6	5.753	0.10753	0.00575	0.01
1150.7	5.7535	0.10754	0.00575	0.01
1150.8	5.754	0.10754	0.00575	0.01
1150.9	5.7545	0.10755	0.00575	0.01
1151.0	5.755	0.10755	0.00576	0.01
1151.1	5.7555	0.10756	0.00576	0.01
1151.2	5.756	0.10756	0.00576	0.01
1151.3	5.7565	0.10757	0.00576	0.01
1151.4	5.757	0.10757	0.00576	0.01
1151.5	5.7575	0.10758	0.00576	0.01
1151.6	5.758	0.10758	0.00576	0.01
1151.7	5.7585	0.10759	0.00576	0.01
1151.8	5.759	0.10759	0.00576	0.01
1151.9	5.7595	0.1076	0.00576	0.01
1152.0	5.76	0.1076	0.00576	0.01
1152.1	5.7605	0.10761	0.00576	0.01
1152.2	5.761	0.10761	0.00576	0.01
1152.3	5.7615	0.10762	0.00576	0.01
1152.4	5.762	0.10762	0.00576	0.01
1152.5	5.7625	0.10763	0.00576	0.01
1152.6	5.763	0.10763	0.00576	0.01
1152.7	5.7635	0.10764	0.00576	0.01
1152.8	5.764	0.10764	0.00576	0.01
1152.9	5.7645	0.10765	0.00576	0.01
1153.0	5.765	0.10765	0.00577	0.01
1153.1	5.7655	0.10766	0.00577	0.01
1153.2	5.766	0.10766	0.00577	0.01
1153.3	5.7665	0.10767	0.00577	0.01
1153.4	5.767	0.10767	0.00577	0.01
1153.5	5.7675	0.10768	0.00577	0.01
1153.6	5.768	0.10768	0.00577	0.01
1153.7	5.7685	0.10769	0.00577	0.01
1153.8	5.769	0.10769	0.00577	0.01
1153.9	5.7695	0.1077	0.00577	0.01
1154.0	5.77	0.1077	0.00577	0.01
1154.1	5.7705	0.10771	0.00577	0.01
1154.2	5.771	0.10771	0.00577	0.01
1154.3	5.7715	0.10772	0.00577	0.01
1154.4	5.772	0.10772	0.00577	0.01
1154.5	5.7725	0.10773	0.00577	0.01
1154.6	5.773	0.10773	0.00577	0.01
1154.7	5.7735	0.10774	0.00577	0.01
1154.8	5.774	0.10774	0.00577	0.01
1154.9	5.7745	0.10775	0.00577	0.01
1155.0	5.775	0.10775	0.00578	0.01
1155.1	5.7755	0.10776	0.00578	0.01
1155.2	5.776	0.10776	0.00578	0.01
1155.3	5.7765	0.10777	0.00578	0.01
1155.4	5.777	0.10777	0.00578	0.01
1155.5	5.7775	0.10778	0.00578	0.01
1155.6	5.778	0.10778	0.00578	0.01
1155.7	5.7785	0.10779	0.00578	0.01
1155.8	5.779	0.10779	0.00578	0.01
1155.9	5.7795	0.1078	0.00578	0.01
1156.0	5.78	0.1078	0.00578	0.01
1156.1	5.7805	0.10781	0.00578	0.01
1156.2	5.781	0.10781	0.00578	0.01
1156.3	5.7815	0.10782	0.00578	0.01
1156.4	5.782	0.10782	0.00578	0.01
1156.5	5.7825	0.10783	0.00578	0.01
1156.6	5.783	0.10783	0.00578	0.01
1156.7	5.7835	0.10784	0.00578	0.01
1156.8	5.784	0.10784	0.00578	0.01
1156.9	5.7845	0.10785	0.00578	0.01
1157.0	5.785	0.10785	0.00579	0.01
1157.1	5.7855	0.10786	0.00579	0.01
1157.2	5.786	0.10786	0.00579	0.01
1157.3	5.7865	0.10787	0.00579	0.01
1157.4	5.787	0.10787	0.00579	0.01
1157.5	5.7875	0.10788	0.00579	0.01
1157.6	5.788	0.10788	0.00579	0.01
1157.7	5.7885	0.10789	0.00579	0.01
1157.8	5.789	0.10789	0.00579	0.01
1157.9	5.7895	0.1079	0.00579	0.01
1158.0	5.79	0.1079	0.00579	0.01
1158.1	5.7905	0.10791	0.00579	0.01
1158.2	5.791	0.10791	0.00579	0.01
1158.3	5.7915	0.10792	0.00579	0.01
1158.4	5.792	0.10792	0.00579	0.01
1158.5	5.7925	0.10793	0.00579	0.01
1158.6	5.793	0.10793	0.00579	0.01
1158.7	5.7935	0.10794	0.00579	0.01
1158.8	5.794	0.10794	0.00579	0.01
1158.9	5.7945	0.10795	0.00579	0.01
1159.0	5.795	0.10795	0.0058	0.01
1159.1	5.7955	0.10796	0.0058	0.01
1159.2	5.796	0.10796	0.0058	0.01
1159.3	5.7965	0.10797	0.0058	0.01
1159.4	5.797	0.10797	0.0058	0.01
1159.5	5.7975	0.10798	0.0058	0.01
1159.6	5.798	0.10798	0.0058	0.01
1159.7	5.7985	0.10799	0.0058	0.01
1159.8	5.799	0.10799	0.0058	0.01
1159.9	5.7995	0.108	0.0058	0.01
1160.0	5.8	0.108	0.0058	0.01
1160.1	5.8005	0.10801	0.0058	0.01
1160.2	5.801	0.10801	0.0058	0.01
1160.3	5.8015	0.10802	0.0058	0.01
1160.4	5.802	0.10802	0.0058	0.01
1160.5	5.8025	0.10803	0.0058	0.01
1160.6	5.803	0.10803	0.0058	0.01
1160.7	5.8035	0.10804	0.0058	0.01
1160.8	5.804	0.10804	0.0058	0.01
1160.9	5.8045	0.10805	0.0058	0.01
1161.0	5.805	0.10805	0.00581	0.01
1161.1	5.8055	0.10806	0.00581	0.01
1161.2	5.806	0.10806	0.00581	0.01
1161.3	5.8065	0.10807	0.00581	0.01
1161.4	5.807	0.10807	0.00581	0.01
1161.5	5.8075	0.10808	0.00581	0.01
1161.6	5.808	0.10808	0.00581	0.01
1161.7	5.8085	0.10809	0.00581	0.01
1161.8	5.809	0.10809	0.00581	0.01
1161.9	5.8095	0.1081	0.00581	0.01
1162.0	5.81	0.1081	0.00581	0.01
1162.1	5.8105	0.10811	0.00581	0.01
1162.2	5.811	0.10811	0.00581	0.01
1162.3	5.8115	0.10812	0.00581	0.01
1162.4	5.812	0.10812	0.00581	0.01
1162.5	5.8125	0.10813	0.00581	0.01
1162.6	5.813	0.10813	0.00581	0.01
1162.7	5.8135	0.10814	0.00581	0.01
1162.8	5.814	0.10814	0.00581	0.01
1162.9	5.8145	0.10815	0.00581	0.01
1163.0	5.815	0.10815	0.00582	0.01
1163.1	5.8155	0.10816	0.00582	0.01
1163.2	5.816	0.10816	0.00582	0.01
1163.3	5.8165	0.10817	0.00582	0.01
1163.4	5.817	0.10817	0.00582	0.01
1163.5	5.8175	0.10818	0.00582	0.01
1163.6	5.818	0.10818	0.00582	0.01
1163.7	5.8185	0.10819	0.00582	0.01
1163.8	5.819	0.10819	0.00582	0.01
1163.9	5.8195	0.1082	0.00582	0.01
1164.0	5.82	0.1082	0.00582	0.01
1164.1	5.8205	0.10821	0.00582	0.01
1164.2	5.821	0.10821	0.00582	0.01
1164.3	5.8215	0.10822	0.00582	0.01
1164.4	5.822	0.10822	0.00582	0.01
1164.5	5.8225	0.10823	0.00582	0.01
1164.6	5.823	0.10823	0.00582	0.01
1164.7	5.8235	0.10824	0.00582	0.01
1164.8	5.824	0.10824	0.00582	0.01
1164.9	5.8245	0.10825	0.00582	0.01
1165.0	5.825	0.10825	0.00583	0.01
1165.1	5.8255	0.10826	0.00583	0.01
1165.2	5.826	0.10826	0.00583	0.01
1165.3	5.8265	0.10827	0.00583	0.01
1165.4	5.827	0.10827	0.00583	0.01
1165.5	5.8275	0.10828	0.00583	0.01
1165.6	5.828	0.10828	0.00583	0.01
1165.7	5.8285	0.10829	0.00583	0.01
1165.8	5.829	0.10829	0.00583	0.01
1165.9	5.8295	0.1083	0.00583	0.01
1166.0	5.83	0.1083	0.00583	0.01
1166.1	5.8305	0.10831	0.00583	0.01
1166.2	5.831	0.10831	0.00583	0.01
1166.3	5.8315	0.10832	0.00583	0.01
1166.4	5.832	0.10832	0.00583	0.01
1166.5	5.8325	0.10833	0.00583	0.01
1166.6	5.833	0.10833	0.00583	0.01
1166.7	5.8335	0.10834	0.00583	0.01
1166.8	5.834	0.10834	0.00583	0.01
1166.9	5.8345	0.10835	0.00583	0.01
1167.0	5.835	0.10835	0.00584	0.01
1167.1	5.8355	0.10836	0.00584	0.01
1167.2	5.836	0.10836	0.00584	0.01
1167.3	5.8365	0.10837	0.00584	0.01
1167.4	5.837	0.10837	0.00584	0.01
1167.5	5.8375	0.10838	0.00584	0.01
1167.6	5.838	0.10838	0.00584	0.01
1167.7	5.8385	0.10839	0.00584	0.01
1167.8	5.839	0.10839	0.00584	0.01
1167.9	5.8395	0.1084	0.00584	0.01
1168.0	5.84	0.1084	0.00584	0.01
1168.1	5.8405	0.10841	0.00584	0.01
1168.2	5.841	0.10841	0.00584	0.01
1168.3	5.8415	0.10842	0.00584	0.01
1168.4	5.842	0.10842	0.00584	0.01
1168.5	5.8425	0.10843	0.00584	0.01
1168.6	5.843	0.10843	0.00584	0.01
1168.7	5.8435	0.10844	0.00584	0.01
1168.8	5.844	0.10844	0.00584	0.01
1168.9	5.8445	0.10845	0.00584	0.01
1169.0	5.845	0.10845	0.00585	0.01
1169.1	5.8455	0.10846	0.00585	0.01
1169.2	5.846	0.10846	0.00585	0.01
1169.3	5.8465	0.10847	0.00585	0.01
1169.4	5.847	0.10847	0.00585	0.01
1169.5	5.8475	0.10848	0.00585	0.01
1169.6	5.848	0.10848	0.00585	0.01
1169.7	5.8485	0.10849	0.00585	0.01
1169.8	5.849	0.10849	0.00585	0.01
1169.9	5.8495	0.1085	0.00585	0.01
1170.0	5.85	0.1085	0.00585	0.01
1170.1	5.8505	0.10851	0.00585	0.01
1170.2	5.851	0.10851	0.00585	0.01
1170.3	5.8515	0.10852	0.00585	0.01
1170.4	5.852	0.10852	0.00585	0.01
1170.5	5.8525	0.10853	0.00585	0.01
1170.6	5.853	0.10853	0.00585	0.01
1170.7	5.8535	0.10854	0.00585	0.01
1170.8	5.854	0.10854	0.00585	0.01
1170.9	5.8545	0.10855	0.00585	0.01
1171.0	5.855	0.10855	0.00586	0.01
1171.1	5.8555	0.10856	0.00586	0.01
1171.2	5.856	0.10856	0.00586	0.01
1171.3	5.8565	0.10857	0.00586	0.01
1171.4	5.857	0.10857	0.00586	0.01
1171.5	5.8575	0.10858	0.00586	0.01
1171.6	5.858	0.10858	0.00586	0.01
1171.7	5.8585	0.10859	0.00586	0.01
1171.8	5.859	0.10859	0.00586	0.01
1171.9	5.8595	0.1086	0.00586	0.01
1172.0	5.86	0.1086	0.00586	0.01
1172.1	5.8605	0.10861	0.00586	0.01
1172.2	5.861	0.10861	0.00586	0.01
1172.3	5.8615	0.10862	0.00586	0.01
1172.4	5.862	0.10862	0.00586	0.01
1172.5	5.8625	0.10863	0.00586	0.01
1172.6	5.863	0.10863	0.00586	0.01
1172.7	5.8635	0.10864	0.00586	0.01
1172.8	5.864	0.10864	0.00586	0.01
1172.9	5.8645	0.10865	0.00586	0.01
1173.0	5.865	0.10865	0.00587	0.01
1173.1	5.8655	0.10866	0.00587	0.01
1173.2	5.866	0.10866	0.00587	0.01
1173.3	5.8665	0.10867	0.00587	0.01
1173.4	5.867	0.10867	0.00587	0.01
1173.5	5.8675	0.10868	0.00587	0.01
1173.6	5.868	0.10868	0.00587	0.01
1173.7	5.8685	0.10869	0.00587	0.01
1173.8	5.869	0.10869	0.00587	0.01
1173.9	5.8695	0.1087	0.00587	0.01
1174.0	5.87	0.1087	0.00587	0.01
1174.1	5.8705	0.10871	0.00587	0.01
1174.2	5.871	0.10871	0.00587	0.01
1174.3	5.8715	0.10872	0.00587	0.01
1174.4	5.872	0.10872	0.00587	0.01
1174.5	5.8725	0.10873	0.00587	0.01
1174.6	5.873	0.10873	0.00587	0.01
1174.7	5.8735	0.10874	0.00587	0.01
1174.8	5.874	0.10874	0.00587	0.01
1174.9	5.8745	0.10875	0.00587	0.01
1175.0	5.875	0.10875	0.00588	0.01
1175.1	5.8755	0.10876	0.00588	0.01
1175.2	5.876	0.10876	0.00588	0.01
1175.3	5.8765	0.10877	0.00588	0.01
1175.4	5.877	0.10877	0.00588	0.01
1175.5	5.8775	0.10878	0.00588	0.01
1175.6	5.878	0.10878	0.00588	0.01
1175.7	5.8785	0.10879	0.00588	0.01
1175.8	5.879	0.10879	0.00588	0.01
1175.9	5.8795	0.1088	0.00588	0.01
1176.0	5.88	0.1088	0.00588	0.01
1176.1	5.8805	0.10881	0.00588	0.01
1176.2	5.881	0.10881	0.00588	0.01
1176.3	5.8815	0.10882	0.00588	0.01
1176.4	5.882	0.10882	0.00588	0.01
1176.5	5.8825	0.10883	0.00588	0.01
1176.6	5.883	0.10883	0.00588	0.01
1176.7	5.8835	0.10884	0.00588	0.01
1176.8	5.884	0.10884	0.00588	0.01
1176.9	5.8845	0.10885	0.00588	0.01
1177.0	5.885	0.10885	0.00589	0.01
1177.1	5.8855	0.10886	0.00589	0.01
1177.2	5.886	0.10886	0.00589	0.01
1177.3	5.8865	0.10887	0.00589	0.01
1177.4	5.887	0.10887	0.00589	0.01
1177.5	5.8875	0.10888	0.00589	0.01
1177.6	5.888	0.10888	0.00589	0.01
1177.7	5.8885	0.10889	0.00589	0.01
1177.8	5.889	0.10889	0.00589	0.01
1177.9	5.8895	0.1089	0.00589	0.01
1178.0	5.89	0.1089	0.00589	0.01
1178.1	5.8905	0.10891	0.00589	0.01
1178.2	5.891	0.10891	0.00589	0.01
1178.3	5.8915	0.10892	0.00589	0.01
1178.4	5.892	0.10892	0.00589	0.01
1178.5	5.8925	0.10893	0.00589	0.01
1178.6	5.893	0.10893	0.00589	0.01
1178.7	5.8935	0.10894	0.00589	0.01
1178.8	5.894	0.10894	0.00589	0.01
1178.9	5.8945	0.10895	0.00589	0.01
1179.0	5.895	0.10895	0.0059	0.01
1179.1	5.8955	0.10896	0.0059	0.01
1179.2	5.896	0.10896	0.0059	0.01
1179.3	5.8965	0.10897	0.0059	0.01
1179.4	5.897	0.10897	0.0059	0.01
1179.5	5.8975	0.10898	0.0059	0.01
1179.6	5.898	0.10898	0.0059	0.01
1179.7	5.8985	0.10899	0.0059	0.01
1179.8	5.899	0.10899	0.0059	0.01
1179.9	5.8995	0.109	0.0059	0.01
1180.0	5.9	0.109	0.0059	0.01
1180.1	5.9005	0.10901	0.0059	0.01
1180.2	5.901	0.10901	0.0059	0.01
1180.3	5.9015	0.10902	0.0059	0.01
1180.4	5.902	0.10902	0.0059	0.01
1180.5	5.9025	0.10903	0.0059	0.01
1180.6	5.903	0.10903	0.0059	0.01
1180.7	5.9035	0.10904	0.0059	0.01
1180.8	5.904	0.10904	0.0059	0.01
1180.9	5.9045	0.10905	0.0059	0.01
1181.0	5.905	0.10905	0.00591	0.01
1181.1	5.9055	0.10906	0.00591	0.01
1181.2	5.906	0.10906	0.00591	0.01
1181.3	5.9065	0.10907	0.00591	0.01
1181.4	5.907	0.10907	0.00591	0.01
1181.5	5.9075	0.10908	0.00591	0.01
1181.6	5.908	0.10908	0.00591	0.01
1181.7	5.9085	0.10909	0.00591	0.01
1181.8	5.909	0.10909	0.00591	0.01
1181.9	5.9095	0.1091	0.00591	0.01
1182.0	5.91	0.1091	0.00591	0.01
1182.1	5.9105	0.10911	0.00591	0.01
1182.2	5.911	0.10911	0.00591	0.01
1182.3	5.9115	0.10912	0.00591	0.01
1182.4	5.912	0.10912	0.00591	0.01
1182.5	5.9125	0.10913	0.00591	0.01
1182.6	5.913	0.10913	0.00591	0.01
1182.7	5.9135	0.10914	0.00591	0.01
1182.8	5.914	0.10914	0.00591	0.01
1182.9	5.9145	0.10915	0.00591	0.01
1183.0	5.915	0.10915	0.00592	0.01
1183.1	5.9155	0.10916	0.00592	0.01
1183.2	5.916	0.10916	0.00592	0.01
1183.3	5.9165	0.10917	0.00592	0.01
1183.4	5.917	0.10917	0.00592	0.01
1183.5	5.9175	0.10918	0.00592	0.01
1183.6	5.918	0.10918	0.00592	0.01
1183.7	5.9185	0.10919	0.00592	0.01
1183.8	5.919	0.10919	0.00592	0.01
1183.9	5.9195	0.1092	0.00592	0.01
1184.0	5.92	0.1092	0.00592	0.01
1184.1	5.9205	0.10921	0.00592	0.01
1184.2	5.921	0.10921	0.00592	0.01
1184.3	5.9215	0.10922	0.00592	0.01
1184.4	5.922	0.10922	0.00592	0.01
1184.5	5.9225	0.10923	0.00592	0.01
1184.6	5.923	0.10923	0.00592	0.01
1184.7	5.9235	0.10924	0.00592	0.01
1184.8	5.924	0.10924	0.00592	0.01
1184.9	5.9245	0.10925	0.00592	0.01
1185.0	5.925	0.10925	0.00593	0.01
1185.1	5.9255	0.10926	0.00593	0.01
1185.2	5.926	0.10926	0.00593	0.01
1185.3	5.9265	0.10927	0.00593	0.01
1185.4	5.927	0.10927	0.00593	0.01
1185.5	5.9275	0.10928	0.00593	0.01
1185.6	5.928	0.10928	0.00593	0.01
1185.7	5.9285	0.10929	0.00593	0.01
1185.8	5.929	0.10929	0.00593	0.01
1185.9	5.9295	0.1093	0.00593	0.01
1186.0	5.93	0.1093	0.00593	0.01
1186.1	5.9305	0.10931	0.00593	0.01
1186.2	5.931	0.10931	0.00593	0.01
1186.3	5.9315	0.10932	0.00593	0.01
1186.4	5.932	0.10932	0.00593	0.01
1186.5	5.9325	0.10933	0.00593	0.01
1186.6	5.933	0.10933	0.00593	0.01
1186.7	5.9335	0.10934	0.00593	0.01
1186.8	5.934	0.10934	0.00593	0.01
1186.9	5.9345	0.10935	0.00593	0.01
1187.0	5.935	0.10935	0.00594	0.01
1187.1	5.9355	0.10936	0.00594	0.01
1187.2	5.936	0.10936	0.00594	0.01
1187.3	5.9365	0.10937	0.00594	0.01
1187.4	5.937	0.10937	0.00594	0.01
1187.5	5.9375	0.10938	0.00594	0.01
1187.6	5.938	0.10938	0.00594	0.01
1187.7	5.9385	0.10939	0.00594	0.01
1187.8	5.939	0.10939	0.00594	0.01
1187.9	5.9395	0.1094	0.00594	0.01
1188.0	5.94	0.1094	0.00594	0.01
1188.1	5.9405	0.10941	0.00594	0.01
1188.2	5.941	0.10941	0.00594	0.01
1188.3	5.9415	0.10942	0.00594	0.01
1188.4	5.942	0.10942	0.00594	0.01
1188.5	5.9425	0.10943	0.00594	0.01
1188.6	5.943	0.10943	0.00594	0.01
1188.7	5.9435	0.10944	0.00594	0.01
1188.8	5.944	0.10944	0.00594	0.01
1188.9	5.9445	0.10945	0.00594	0.01
1189.0	5.945	0.10945	0.00595	0.01
1189.1	5.9455	0.10946	0.00595	0.01
1189.2	5.946	0.10946	0.00595	0.01
1189.3	5.9465	0.10947	0.00595	0.01
1189.4	5.947	0.10947	0.00595	0.01
1189.5	5.9475	0.10948	0.00595	0.01
1189.6	5.948	0.10948	0.00595	0.01
1189.7	5.9485	0.10949	0.00595	0.01
1189.8	5.949	0.10949	0.00595	0.01
1189.9	5.9495	0.1095	0.00595	0.01
1190.0	5.95	0.1095	0.00595	0.01
1190.1	5.9505	0.10951	0.00595	0.01
1190.2	5.951	0.10951	0.00595	0.01
1190.3	5.9515	0.10952	0.00595	0.01
1190.4	5.952	0.10952	0.00595	0.01
1190.5	5.9525	0.10953	0.00595	0.01
1190.6	5.953	0.10953	0.00595	0.01
1190.7	5.9535	0.10954	0.00595	0.01
1190.8	5.954	0.10954	0.00595	0.01
1190.9	5.9545	0.10955	0.00595	0.01
1191.0	5.955	0.10955	0.00596	0.01
1191.1	5.9555	0.10956	0.00596	0.01
1191.2	5.956	0.10956	0.00596	0.01
1191.3	5.9565	0.10957	0.00596	0.01
1191.4	5.957	0.10957	0.00596	0.01
1191.5	5.9575	0.10958	0.00596	0.01
1191.6	5.958	0.10958	0.00596	0.01
1191.7	5.9585	0.10959	0.00596	0.01
1191.8	5.959	0.10959	0.00596	0.01
1191.9	5.9595	0.1096	0.00596	0.01
1192.0	5.96	0.1096	0.00596	0.01
1192.1	5.9605	0.10961	0.00596	0.01
1192.2	5.961	0.10961	0.00596	0.01
1192.3	5.9615	0.10962	0.00596	0.01
1192.4	5.962	0.10962	0.00596	0.01
1192.5	5.9625	0.10963	0.00596	0.01
1192.6	5.963	0.10963	0.00596	0.01
1192.7	5.9635	0.10964	0.00596	0.01
1192.8	5.964	0.10964	0.00596	0.01
1192.9	5.9645	0.10965	0.00596	0.01
1193.0	5.965	0.10965	0.00597	0.01
1193.1	5.9655	0.10966	0.00597	0.01
1193.2	5.966	0.10966	0.00597	0.01
1193.3	5.9665	0.10967	0.00597	0.01
1193.4	5.967	0.10967	0.00597	0.01
1193.5	5.9675	0.10968	0.00597	0.01
1193.6	5.968	0.10968	0.00597	0.01
1193.7	5.9685	0.10969	0.00597	0.01
1193.8	5.969	0.10969	0.00597	0.01
1193.9	5.9695	0.1097	0.00597	0.01
1194.0	5.97	0.1097	0.00597	0.01
1194.1	5.9705	0.10971	0.00597	0.01
1194.2	5.971	0.10971	0.00597	0.01
1194.3	5.9715	0.10972	0.00597	0.01
1194.4	5.972	0.10972	0.00597	0.01
1194.5	5.9725	0.10973	0.00597	0.01
1194.6	5.973	0.10973	0.00597	0.01
1194.7	5.9735	0.10974	0.00597	0.01
1194.8	5.974	0.10974	0.00597	0.01
1194.9	5.9745	0.10975	0.00597	0.01
1195.0	5.975	0.10975	0.00598	0.01
1195.1	5.9755	0.10976	0.00598	0.01
1195.2	5.976	0.10976	0.00598	0.01
1195.3	5.9765	0.10977	0.00598	0.01
1195.4	5.977	0.10977	0.00598	0.01
1195.5	5.9775	0.10978	0.00598	0.01
1195.6	5.978	0.10978	0.00598	0.01
1195.7	5.9785	0.10979	0.00598	0.01
1195.8	5.979	0.10979	0.00598	0.01
1195.9	5.9795	0.1098	0.00598	0.01
1196.0	5.98	0.1098	0.00598	0.01
1196.1	5.9805	0.10981	0.00598	0.01
1196.2	5.981	0.10981	0.00598	0.01
1196.3	5.9815	0.10982	0.00598	0.01
1196.4	5.982	0.10982	0.00598	0.01
1196.5	5.9825	0.10983	0.00598	0.01
1196.6	5.983	0.10983	0.00598	0.01
1196.7	5.9835	0.10984	0.00598	0.01
1196.8	5.984	0.10984	0.00598	0.01
1196.9	5.9845	0.10985	0.00598	0.01
1197.0	5.985	0.10985	0.00599	0.01
1197.1	5.9855	0.10986	0.00599	0.01
1197.2	5.986	0.10986	0.00599	0.01
1197.3	5.9865	0.10987	0.00599	0.01
1197.4	5.987	0.10987	0.00599	0.01
1197.5	5.9875	0.10988	0.00599	0.01
1197.6	5.988	0.10988	0.00599	0.01
1197.7	5.9885	0.10989	0.00599	0.01
1197.8	5.989	0.10989	0.00599	0.01
1197.9	5.9895	0.1099	0.00599	0.01
1198.0	5.99	0.1099	0.00599	0.01
1198.1	5.9905	0.10991	0.00599	0.01
1198.2	5.991	0.10991	0.00599	0.01
1198.3	5.9915	0.10992	0.00599	0.01
1198.4	5.992	0.10992	0.00599	0.01
1198.5	5.9925	0.10993	0.00599	0.01
1198.6	5.993	0.10993	0.00599	0.01
1198.7	5.9935	0.10994	0.00599	0.01
1198.8	5.994	0.10994	0.00599	0.01
1198.9	5.9945	0.10995	0.00599	0.01
1199.0	5.995	0.10995	0.006	0.01
1199.1	5.9955	0.10996	0.006	0.01
1199.2	5.996	0.10996	0.006	0.01
1199.3	5.9965	0.10997	0.006	0.01
1199.4	5.997	0.10997	0.006	0.01
1199.5	5.9975	0.10998	0.006	0.01
1199.6	5.998	0.10998	0.006	0.01
1199.7	5.9985	0.10999	0.006	0.01
1199.8	5.999	0.10999	0.006	0.01
1199.9	5.9995	0.11	0.006	0.01
1200.0	6.0	0.11	0.006	0.01
1200.1	6.0005	0.11001	0.006	0.01
1200.2	6.001	0.11001	0.006	0.01
1200.3	6.0015	0.11002	0.006	0.01
1200.4	6.002	0.11002	0.006	0.01
1200.5	6.0025	0.11003	0.006	0.01
1200.6	6.003	0.11003	0.006	0.01
1200.7	6.0035	0.11004	0.006	0.01
1200.8	6.004	0.11004	0.006	0.01
1200.9	6.0045	0.11005	0.006	0.01
1201.0	6.005	0.11005	0.00601	0.01
1201.1	6.0055	0.11006	0.00601	0.01
1201.2	6.006	0.11006	0.00601	0.01
1201.3	6.0065	0.11007	0.00601	0.01
1201.4	6.007	0.11007	0.00601	0.01
1201.5	6.0075	0.11008	0.00601	0.01
1201.6	6.008	0.11008	0.00601	0.01
1201.7	6.0085	0.11009	0.00601	0.01
1201.8	6.009	0.11009	0.00601	0.01
1201.9	6.0095	0.1101	0.00601	0.01
1202.0	6.01	0.1101	0.00601	0.01
1202.1	6.0105	0.11011	0.00601	0.01
1202.2	6.011	0.11011	0.00601	0.01
1202.3	6.0115	0.11012	0.00601	0.01
1202.4	6.012	0.11012	0.00601	0.01
1202.5	6.0125	0.11013	0.00601	0.01
1202.6	6.013	0.11013	0.00601	0.01
1202.7	6.0135	0.11014	0.00601	0.01
1202.8	6.014	0.11014	0.00601	0.01
1202.9	6.0145	0.11015	0.00601	0.01
1203.0	6.015	0.11015	0.00602	0.01
1203.1	6.0155	0.11016	0.00602	0.01
1203.2	6.016	0.11016	0.00602	0.01
1203.3	6.0165	0.11017	0.00602	0.01
1203.4	6.017	0.11017	0.00602	0.01
1203.5	6.0175	0.11018	0.00602	0.01
1203.6	6.018	0.11018	0.00602	0.01
1203.7	6.0185	0.11019	0.00602	0.01
1203.8	6.019	0.11019	0.00602	0.01
1203.9	6.0195	0.1102	0.00602	0.01
1204.0	6.02	0.1102	0.00602	0.01
1204.1	6.0205	0.11021	0.00602	0.01
1204.2	6.021	0.11021	0.00602	0.01
1204.3	6.0215	0.11022	0.00602	0.01
1204.4	6.022	0.11022	0.00602	0.01
1204.5	6.0225	0.11023	0.00602	0.01
1204.6	6.023	0.11023	0.00602	0.01
1204.7	6.0235	0.11024	0.00602	0.01
1204.8	6.024	0.11024	0.00602	0.01
1204.9	6.0245	0.11025	0.00602	0.01
1205.0	6.025	0.11025	0.00603	0.01
1205.1	6.0255	0.11026	0.00603	0.01
1205.2	6.026	0.11026	0.00603	0.01
1205.3	6.0265	0.11027	0.00603	0.01
1205.4	6.027	0.11027	0.00603	0.01
1205.5	6.0275	0.11028	0.00603	0.01
1205.6	6.028	0.11028	0.00603	0.01
1205.7	6.0285	0.11029	0.00603	0.01
1205.8	6.029	0.11029	0.00603	0.01
1205.9	6.0295	0.1103	0.00603	0.01
1206.0	6.03	0.1103	0.00603	0.01
1206.1	6.0305	0.11031	0.00603	0.01
1206.2	6.031	0.11031	0.00603	0.01
1206.3	6.0315	0.11032	0.00603	0.01
1206.4	6.032	0.11032	0.00603	0.01
1206.5	6.0325	0.11033	0.00603	0.01
1206.6	6.033	0.11033	0.00603	0.01
1206.7	6.0335	0.11034	0.00603	0.01
1206.8	6.034	0.11034	0.00603	0.01
1206.9	6.0345	0.11035	0.00603	0.01
1207.0	6.035	0.11035	0.00604	0.01
1207.1	6.0355	0.11036	0.00604	0.01
1207.2	6.036	0.11036	0.00604	0.01
1207.3	6.0365	0.11037	0.00604	0.01
1207.4	6.037	0.11037	0.00604	0.01
1207.5	6.0375	0.11038	0.00604	0.01
1207.6	6.038	0.11038	0.00604	0.01
1207.7	6.0385	0.11039	0.00604	0.01
1207.8	6.039	0.11039	0.00604	0.01
1207.9	6.0395	0.1104	0.00604	0.01
1208.0	6.04	0.1104	0.00604	0.01
1208.1	6.0405	0.11041	0.00604	0.01
1208.2	6.041	0.11041	0.00604	0.01
1208.3	6.0415	0.11042	0.00604	0.01
1208.4	6.042	0.11042	0.00604	0.01
1208.5	6.0425	0.11043	0.00604	0.01
1208.6	6.043	0.11043	0.00604	0.01
1208.7	6.0435	0.11044	0.00604	0.01
1208.8	6.044	0.11044	0.00604	0.01
1208.9	6.0445	0.11045	0.00604	0.01
1209.0	6.045	0.11045	0.00605	0.01
1209.1	6.0455	0.11046	0.00605	0.01
1209.2	6.046	0.11046	0.00605	0.01
1209.3	6.0465	0.11047	0.00605	0.01
1209.4	6.047	0.11047	0.00605	0.01
1209.5	6.0475	0.11048	0.00605	0.01
1209.6	6.048	0.11048	0.00605	0.01
1209.7	6.0485	0.11049	0.00605	0.01
1209.8	6.049	0.11049	0.00605	0.01
1209.9	6.0495	0.1105	0.00605	0.01
1210.0	6.05	0.1105	0.00605	0.01
1210.1	6.0505	0.11051	0.00605	0.01
1210.2	6.051	0.11051	0.00605	0.01
1210.3	6.0515	0.11052	0.00605	0.01
1210.4	6.052	0.11052	0.00605	0.01
1210.5	6.0525	0.11053	0.00605	0.01
1210.6	6.053	0.11053	0.00605	0.01
1210.7	6.0535	0.11054	0.00605	0.01
1210.8	6.054	0.11054	0.00605	0.01
1210.9	6.0545	0.11055	0.00605	0.01
1211.0	6.055	0.11055	0.00606	0.01
1211.1	6.0555	0.11056	0.00606	0.01
1211.2	6.056	0.11056	0.00606	0.01
1211.3	6.0565	0.11057	0.00606	0.01
1211.4	6.057	0.11057	0.00606	0.01
1211.5	6.0575	0.11058	0.00606	0.01
1211.6	6.058	0.11058	0.00606	0.01
1211.7	6.0585	0.11059	0.00606	0.01
1211.8	6.059	0.11059	0.00606	0.01
1211.9	6.0595	0.1106	0.00606	0.01
1212.0	6.06	0.1106	0.00606	0.01
1212.1	6.0605	0.11061	0.00606	0.01
1212.2	6.061	0.11061	0.00606	0.01
1212.3	6.0615	0.11062	0.00606	0.01
1212.4	6.062	0.11062	0.00606	0.01
1212.5	6.0625	0.11063	0.00606	0.01
1212.6	6.063	0.11063	0.00606	0.01
1212.7	6.0635	0.11064	0.00606	0.01
1212.8	6.064	0.11064	0.00606	0.01
1212.9	6.0645	0.11065	0.00606	0.01
1213.0	6.065	0.11065	0.00607	0.01
1213.1	6.0655	0.11066	0.00607	0.01
1213.2	6.066	0.11066	0.00607	0.01
1213.3	6.0665	0.11067	0.00607	0.01
1213.4	6.067	0.11067	0.00607	0.01
1213.5	6.0675	0.11068	0.00607	0.01
1213.6	6.068	0.11068	0.00607	0.01
1213.7	6.0685	0.11069	0.00607	0.01
1213.8	6.069	0.11069	0.00607	0.01
1213.9	6.0695	0.1107	0.00607	0.01
1214.0	6.07	0.1107	0.00607	0.01
1214.1	6.0705	0.11071	0.00607	0.01
1214.2	6.071	0.11071	0.00607	0.01
1214.3	6.0715	0.11072	0.00607	0.01
1214.4	6.072	0.11072	0.00607	0.01
1214.5	6.0725	0.11073	0.00607	0.01
1214.6	6.073	0.11073	0.00607	0.01
1214.7	6.0735	0.11074	0.00607	0.01
1214.8	6.074	0.11074	0.00607	0.01
1214.9	6.0745	0.11075	0.00607	0.01
1215.0	6.075	0.11075	0.00608	0.01
1215.1	6.0755	0.11076	0.00608	0.01
1215.2	6.076	0.11076	0.00608	0.01
1215.3	6.0765	0.11077	0.00608	0.01
1215.4	6.077	0.11077	0.00608	0.01
1215.5	6.0775	0.11078	0.00608	0.01
1215.6	6.078	0.11078	0.00608	0.01
1215.7	6.0785	0.11079	0.00608	0.01
1215.8	6.079	0.11079	0.00608	0.01
1215.9	6.0795	0.1108	0.00608	0.01
1216.0	6.08	0.1108	0.00608	0.01
1216.1	6.0805	0.11081	0.00608	0.01
1216.2	6.081	0.11081	0.00608	0.01
1216.3	6.0815	0.11082	0.00608	0.01
1216.4	6.082	0.11082	0.00608	0.01
1216.5	6.0825	0.11083	0.00608	0.01
1216.6	6.083	0.11083	0.00608	0.01
1216.7	6.0835	0.11084	0.00608	0.01
1216.8	6.084	0.11084	0.00608	0.01
1216.9	6.0845	0.11085	0.00608	0.01
1217.0	6.085	0.11085	0.00609	0.01
1217.1	6.0855	0.11086	0.00609	0.01
1217.2	6.086	0.11086	0.00609	0.01
1217.3	6.0865	0.11087	0.00609	0.01
1217.4	6.087	0.11087	0.00609	0.01
1217.5	6.0875	0.11088	0.00609	0.01
1217.6	6.088	0.11088	0.00609	0.01
1217.7	6.0885	0.11089	0.00609	0.01
1217.8	6.089	0.11089	0.00609	0.01
1217.9	6.0895	0.1109	0.00609	0.01
1218.0	6.09	0.1109	0.00609	0.01
1218.1	6.0905	0.11091	0.00609	0.01
1218.2	6.091	0.11091	0.00609	0.01
1218.3	6.0915	0.11092	0.00609	0.01
1218.4	6.092	0.11092	0.00609	0.01
1218.5	6.0925	0.11093	0.00609	0.01
1218.6	6.093	0.11093	0.00609	0.01
1218.7	6.0935	0.11094	0.00609	0.01
1218.8	6.094	0.11094	0.00609	0.01
1218.9	6.0945	0.11095	0.00609	0.01
1219.0	6.095	0.11095	0.0061	0.01
1219.1	6.0955	0.11096	0.0061	0.01
1219.2	6.096	0.11096	0.0061	0.01
1219.3	6.0965	0.11097	0.0061	0.01
1219.4	6.097	0.11097	0.0061	0.01
1219.5	6.0975	0.11098	0.0061	0.01
1219.6	6.098	0.11098	0.0061	0.01
1219.7	6.0985	0.11099	0.0061	0.01
1219.8	6.099	0.11099	0.0061	0.01
1219.9	6.0995	0.111	0.0061	0.01
1220.0	6.1	0.111	0.0061	0.01
1220.1	6.1005	0.11101	0.0061	0.01
1220.2	6.101	0.11101	0.0061	0.01
1220.3	6.1015	0.11102	0.0061	0.01
1220.4	6.102	0.11102	0.0061	0.01
1220.5	6.1025	0.11103	0.0061	0.01
1220.6	6.103	0.11103	0.0061	0.01
1220.7	6.1035	0.11104	0.0061	0.01
1220.8	6.104	0.11104	0.0061	0.01
1220.9	6.1045	0.11105	0.0061	0.01
1221.0	6.105	0.11105	0.00611	0.01
1221.1	6.1055	0.11106	0.00611	0.01
1221.2	6.106	0.11106	0.00611	0.01
1221.3	6.1065	0.11107	0.00611	0.01
1221.4	6.107	0.11107	0.00611	0.01
1221.5	6.1075	0.11108	0.00611	0.01
1221.6	6.108	0.11108	0.00611	0.01
1221.7	6.1085	0.11109	0.00611	0.01
1221.8	6.109	0.11109	0.00611	0.01
1221.9	6.1095	0.1111	0.00611	0.01
1222.0	6.11	0.1111	0.00611	0.01
1222.1	6.1105	0.11111	0.00611	0.01
1222.2	6.111	0.11111	0.00611	0.01
1222.3	6.1115	0.11112	0.00611	0.01
1222.4	6.112	0.11112	0.00611	0.01
1222.5	6.1125	0.11113	0.00611	0.01
1222.6	6.113	0.11113	0.00611	0.01
1222.7	6.1135	0.11114	0.00611	0.01
1222.8	6.114	0.11114	0.00611	0.01
1222.9	6.1145	0.11115	0.00611	0.01
1223.0	6.115	0.11115	0.00612	0.01
1223.1	6.1155	0.11116	0.00612	0.01
1223.2	6.116	0.11116	0.00612	0.01
1223.3	6.1165	0.11117	0.00612	0.01
1223.4	6.117	0.11117	0.00612	0.01
1223.5	6.1175	0.11118	0.00612	0.01
1223.6	6.118	0.11118	0.00612	0.01
1223.7	6.1185	0.11119	0.00612	0.01
1223.8	6.119	0.11119	0.00612	0.01
1223.9	6.1195	0.1112	0.00612	0.01
1224.0	6.12	0.1112	0.00612	0.01
1224.1	6.1205	0.11121	0.00612	0.01
1224.2	6.121	0.11121	0.00612	0.01
1224.3	6.1215	0.11122	0.00612	0.01
1224.4	6.122	0.11122	0.00612	0.01
1224.5	6.1225	0.11123	0.00612	0.01
1224.6	6.123	0.11123	0.00612	0.01
1224.7	6.1235	0.11124	0.00612	0.01
1224.8	6.124	0.11124	0.00612	0.01
1224.9	6.1245	0.11125	0.00612	0.01
1225.0	6.125	0.11125	0.00613	0.01
1225.1	6.1255	0.11126	0.00613	0.01
1225.2	6.126	0.11126	0.00613	0.01
1225.3	6.1265	0.11127	0.00613	0.01
1225.4	6.127	0.11127	0.00613	0.01
1225.5	6.1275	0.11128	0.00613	0.01
1225.6	6.128	0.11128	0.00613	0.01
1225.7	6.1285	0.11129	0.00613	0.01
1225.8	6.129	0.11129	0.00613	0.01
1225.9	6.1295	0.1113	0.00613	0.01
1226.0	6.13	0.1113	0.00613	0.01
1226.1	6.1305	0.11131	0.00613	0.01
1226.2	6.131	0.11131	0.00613	0.01
1226.3	6.1315	0.11132	0.00613	0.01
1226.4	6.132	0.11132	0.00613	0.01
1226.5	6.1325	0.11133	0.00613	0.01
1226.6	6.133	0.11133	0.00613	0.01
1226.7	6.1335	0.11134	0.00613	0.01
1226.8	6.134	0.11134	0.00613	0.01
1226.9	6.1345	0.11135	0.00613	0.01
1227.0	6.135	0.11135	0.00614	0.01
1227.1	6.1355	0.11136	0.00614	0.01
1227.2	6.136	0.11136	0.00614	0.01
1227.3	6.1365	0.11137	0.00614	0.01
1227.4	6.137	0.11137	0.00614	0.01
1227.5	6.1375	0.11138	0.00614	0.01
1227.6	6.138	0.11138	0.00614	0.01
1227.7	6.1385	0.11139	0.00614	0.01
1227.8	6.139	0.11139	0.00614	0.01
1227.9	6.1395	0.1114	0.00614	0.01
1228.0	6.14	0.1114	0.00614	0.01
1228.1	6.1405	0.11141	0.00614	0.01
1228.2	6.141	0.11141	0.00614	0.01
1228.3	6.1415	0.11142	0.00614	0.01
1228.4	6.142	0.11142	0.00614	0.01
1228.5	6.1425	0.11143	0.00614	0.01
1228.6	6.143	0.11143	0.00614	0.01
1228.7	6.1435	0.11144	0.00614	0.01
1228.8	6.144	0.11144	0.00614	0.01
1228.9	6.1445	0.11145	0.00614	0.01
1229.0	6.145	0.11145	0.00615	0.01
1229.1	6.1455	0.11146	0.00615	0.01
1229.2	6.146	0.11146	0.00615	0.01
1229.3	6.1465	0.11147	0.00615	0.01
1229.4	6.147	0.11147	0.00615	0.01
1229.5	6.1475	0.11148	0.00615	0.01
1229.6	6.148	0.11148	0.00615	0.01
1229.7	6.1485	0.11149	0.00615	0.01
1229.8	6.149	0.11149	0.00615	0.01
1229.9	6.1495	0.1115	0.00615	0.01
1230.0	6.15	0.1115	0.00615	0.01
1230.1	6.1505	0.11151	0.00615	0.01
1230.2	6.151	0.11151	0.00615	0.01
1230.3	6.1515	0.11152	0.00615	0.01
1230.4	6.152	0.11152	0.00615	0.01
1230.5	6.1525	0.11153	0.00615	0.01
1230.6	6.153	0.11153	0.00615	0.01
1230.7	6.1535	0.11154	0.00615	0.01
1230.8	6.154	0.11154	0.00615	0.01
1230.9	6.1545	0.11155	0.00615	0.01
1231.0	6.155	0.11155	0.00616	0.01
1231.1	6.1555	0.11156	0.00616	0.01
1231.2	6.156	0.11156	0.00616	0.01
1231.3	6.1565	0.11157	0.00616	0.01
1231.4	6.157	0.11157	0.00616	0.01
1231.5	6.1575	0.11158	0.00616	0.01
1231.6	6.158	0.11158	0.00616	0.01
1231.7	6.1585	0.11159	0.00616	0.01
1231.8	6.159	0.11159	0.00616	0.01
1231.9	6.1595	0.1116	0.00616	0.01
1232.0	6.16	0.1116	0.00616	0.01
1232.1	6.1605	0.11161	0.00616	0.01
1232.2	6.161	0.11161	0.00616	0.01
1232.3	6.1615	0.11162	0.00616	0.01
1232.4	6.162	0.11162	0.00616	0.01
1232.5	6.1625	0.11163	0.00616	0.01
1232.6	6.163	0.11163	0.00616	0.01
1232.7	6.1635	0.11164	0.00616	0.01
1232.8	6.164	0.11164	0.00616	0.01
1232.9	6.1645	0.11165	0.00616	0.01
1233.0	6.165	0.11165	0.00617	0.01
1233.1	6.1655	0.11166	0.00617	0.01
1233.2	6.166	0.11166	0.00617	0.01
1233.3	6.1665	0.11167	0.00617	0.01
1233.4	6.167	0.11167	0.00617	0.01
1233.5	6.1675	0.11168	0.00617	0.01
1233.6	6.168	0.11168	0.00617	0.01
1233.7	6.1685	0.11169	0.00617	0.01
1233.8	6.169	0.11169	0.00617	0.01
1233.9	6.1695	0.1117	0.00617	0.01
1234.0	6.17	0.1117	0.00617	0.01
1234.1	6.1705	0.11171	0.00617	0.01
1234.2	6.171	0.11171	0.00617	0.01
1234.3	6.1715	0.11172	0.00617	0.01
1234.4	6.172	0.11172	0.00617	0.01
1234.5	6.1725	0.11173	0.00617	0.01
1234.6	6.173	0.11173	0.00617	0.01
1234.7	6.1735	0.11174	0.00617	0.01
1234.8	6.174	0.11174	0.00617	0.01
1234.9	6.1745	0.11175	0.00617	0.01
1235.0	6.175	0.11175	0.00618	0.01
1235.1	6.1755	0.11176	0.00618	0.01
1235.2	6.176	0.11176	0.00618	0.01
1235.3	6.1765	0.11177	0.00618	0.01
1235.4	6.177	0.11177	0.00618	0.01
1235.5	6.1775	0.11178	0.00618	0.01
1235.6	6.178	0.11178	0.00618	0.01
1235.7	6.1785	0.11179	0.00618	0.01
1235.8	6.179	0.11179	0.00618	0.01
1235.9	6.1795	0.1118	0.00618	0.01
1236.0	6.18	0.1118	0.00618	0.01
1236.1	6.1805	0.11181	0.00618	0.01
1236.2	6.181	0.11181	0.00618	0.01
1236.3	6.1815	0.11182	0.00618	0.01
1236.4	6.182	0.11182	0.00618	0.01
1236.5	6.1825	0.11183	0.00618	0.01
1236.6	6.183	0.11183	0.00618	0.01
1236.7	6.1835	0.11184	0.00618	0.01
1236.8	6.184	0.11184	0.00618	0.01
1236.9	6.1845	0.11185	0.00618	0.01
1237.0	6.185	0.11185	0.00619	0.01
1237.1	6.1855	0.11186	0.00619	0.01
1237.2	6.186	0.11186	0.00619	0.01
1237.3	6.1865	0.11187	0.00619	0.01
1237.4	6.187	0.11187	0.00619	0.01
1237.5	6.1875	0.11188	0.00619	0.01
1237.6	6.188	0.11188	0.00619	0.01
1237.7	6.1885	0.11189	0.00619	0.01
1237.8	6.189	0.11189	0.00619	0.01
1237.9	6.1895	0.1119	0.00619	0.01
1238.0	6.19	0.1119	0.00619	0.01
1238.1	6.1905	0.11191	0.00619	0.01
1238.2	6.191	0.11191	0.00619	0.01
1238.3	6.1915	0.11192	0.00619	0.01
1238.4	6.192	0.11192	0.00619	0.01
1238.5	6.1925	0.11193	0.00619	0.01
1238.6	6.193	0.11193	0.00619	0.01
1238.7	6.1935	0.11194	0.00619	0.01
1238.8	6.194	0.11194	0.00619	0.01
1238.9	6.1945	0.11195	0.00619	0.01
1239.0	6.195	0.11195	0.0062	0.01
1239.1	6.1955	0.11196	0.0062	0.01
1239.2	6.196	0.11196	0.0062	0.01
1239.3	6.1965	0.11197	0.0062	0.01
1239.4	6.197	0.11197	0.0062	0.01
1239.5	6.1975	0.11198	0.0062	0.01
1239.6	6.198	0.11198	0.0062	0.01
1239.7	6.1985	0.11199	0.0062	0.01
1239.8	6.199	0.11199	0.0062	0.01
1239.9	6.1995	0.112	0.0062	0.01
1240.0	6.2	0.112	0.0062	0.01
1240.1	6.2005	0.11201	0.0062	0.01
1240.2	6.201	0.11201	0.0062	0.01
1240.3	6.2015	0.11202	0.0062	0.01
1240.4	6.202	0.11202	0.0062	0.01
1240.5	6.2025	0.11203	0.0062	0.01
1240.6	6.203	0.11203	0.0062	0.01
1240.7	6.2035	0.11204	0.0062	0.01
1240.8	6.204	0.11204	0.0062	0.01
1240.9	6.2045	0.11205	0.0062	0.01
1241.0	6.205	0.11205	0.00621	0.01
1241.1	6.2055	0.11206	0.00621	0.01
1241.2	6.206	0.11206	0.00621	0.01
1241.3	6.2065	0.11207	0.00621	0.01
1241.4	6.207	0.11207	0.00621	0.01
1241.5	6.2075	0.11208	0.00621	0.01
1241.6	6.208	0.11208	0.00621	0.01
1241.7	6.2085	0.11209	0.00621	0.01
1241.8	6.209	0.11209	0.00621	0.01
1241.9	6.2095	0.1121	0.00621	0.01
1242.0	6.21	0.1121	0.00621	0.01
1242.1	6.2105	0.11211	0.00621	0.01
1242.2	6.211	0.11211	0.00621	0.01
1242.3	6.2115	0.11212	0.00621	0.01
1242.4	6.212	0.11212	0.00621	0.01
1242.5	6.2125	0.11213	0.00621	0.01
1242.6	6.213	0.11213	0.00621	0.01
1242.7	6.2135	0.11214	0.00621	0.01
1242.8	6.214	0.11214	0.00621	0.01
1242.9	6.2145	0.11215	0.00621	0.01
1243.0	6.215	0.11215	0.00622	0.01
1243.1	6.2155	0.11216	0.00622	0.01
1243.2	6.216	0.11216	0.00622	0.01
1243.3	6.2165	0.11217	0.00622	0.01
1243.4	6.217	0.11217	0.00622	0.01
1243.5	6.2175	0.11218	0.00622	0.01
1243.6	6.218	0.11218	0.00622	0.01
1243.7	6.2185	0.11219	0.00622	0.01
1243.8	6.219	0.11219	0.00622	0.01
1243.9	6.2195	0.1122	0.00622	0.01
1244.0	6.22	0.1122	0.00622	0.01
1244.1	6.2205	0.11221	0.00622	0.01
1244.2	6.221	0.11221	0.00622	0.01
1244.3	6.2215	0.11222	0.00622	0.01
1244.4	6.222	0.11222	0.00622	0.01
1244.5	6.2225	0.11223	0.00622	0.01
1244.6	6.223	0.11223	0.00622	0.01
1244.7	6.2235	0.11224	0.00622	0.01
1244.8	6.224	0.11224	0.00622	0.01
1244.9	6.2245	0.11225	0.00622	0.01
1245.0	6.225	0.11225	0.00623	0.01
1245.1	6.2255	0.11226	0.00623	0.01
1245.2	6.226	0.11226	0.00623	0.01
1245.3	6.2265	0.11227	0.00623	0.01
1245.4	6.227	0.11227	0.00623	0.01
1245.5	6.2275	0.11228	0.00623	0.01
1245.6	6.228	0.11228	0.00623	0.01
1245.7	6.2285	0.11229	0.00623	0.01
1245.8	6.229	0.11229	0.00623	0.01
1245.9	6.2295	0.1123	0.00623	0.01
1246.0	6.23	0.1123	0.00623	0.01
1246.1	6.2305	0.11231	0.00623	0.01
1246.2	6.231	0.11231	0.00623	0.01
1246.3	6.2315	0.11232	0.00623	0.01
1246.4	6.232	0.11232	0.00623	0.01
1246.5	6.2325	0.11233	0.00623	0.01
1246.6	6.233	0.11233	0.00623	0.01
1246.7	6.2335	0.11234	0.00623	0.01
1246.8	6.234	0.11234	0.00623	0.01
1246.9	6.2345	0.11235	0.00623	0.01
1247.0	6.235	0.11235	0.00624	0.01
1247.1	6.2355	0.11236	0.00624	0.01
1247.2	6.236	0.11236	0.00624	0.01
1247.3	6.2365	0.11237	0.00624	0.01
1247.4	6.237	0.11237	0.00624	0.01
1247.5	6.2375	0.11238	0.00624	0.01
1247.6	6.238	0.11238	0.00624	0.01
1247.7	6.2385	0.11239	0.00624	0.01
1247.8	6.239	0.11239	0.00624	0.01
1247.9	6.2395	0.1124	0.00624	0.01
1248.0	6.24	0.1124	0.00624	0.01
1248.1	6.2405	0.11241	0.00624	0.01
1248.2	6.241	0.11241	0.00624	0.01
1248.3	6.2415	0.11242	0.00624	0.01
1248.4	6.242	0.11242	0.00624	0.01
1248.5	6.2425	0.11243	0.00624	0.01
1248.6	6.243	0.11243	0.00624	0.01
1248.7	6.2435	0.11244	0.00624	0.01
1248.8	6.244	0.11244	0.00624	0.01
1248.9	6.2445	0.11245	0.00624	0.01
1249.0	6.245	0.11245	0.00625	0.01
1249.1	6.2455	0.11246	0.00625	0.01
1249.2	6.246	0.11246	0.00625	0.01
1249.3	6.2465	0.11247	0.00625	0.01
1249.4	6.247	0.11247	0.00625	0.01
1249.5	6.2475	0.11248	0.00625	0.01
1249.6	6.248	0.11248	0.00625	0.01
1249.7	6.2485	0.11249	0.00625	0.01
1249.8	6.249	0.11249	0.00625	0.01
1249.9	6.2495	0.1125	0.00625	0.01
1250.0	6.25	0.1125	0.00625	0.01
1250.1	6.2505	0.11251	0.00625	0.01
1250.2	6.251	0.11251	0.00625	0.01
1250.3	6.2515	0.11252	0.00625	0.01
1250.4	6.252	0.11252	0.00625	0.01
1250.5	6.2525	0.11253	0.00625	0.01
1250.6	6.253	0.11253	0.00625	0.01
1250.7	6.2535	0.11254	0.00625	0.01
1250.8	6.254	0.11254	0.00625	0.01
1250.9	6.2545	0.11255	0.00625	0.01
1251.0	6.255	0.11255	0.00626	0.01
1251.1	6.2555	0.11256	0.00626	0.01
1251.2	6.256	0.11256	0.00626	0.01
1251.3	6.2565	0.11257	0.00626	0.01
1251.4	6.257	0.11257	0.00626	0.01
1251.5	6.2575	0.11258	0.00626	0.01
1251.6	6.258	0.11258	0.00626	0.01
1251.7	6.2585	0.11259	0.00626	0.01
1251.8	6.259	0.11259	0.00626	0.01
1251.9	6.2595	0.1126	0.00626	0.01
1252.0	6.26	0.1126	0.00626	0.01
1252.1	6.2605	0.11261	0.00626	0.01
1252.2	6.261	0.11261	0.00626	0.01
1252.3	6.2615	0.11262	0.00626	0.01
1252.4	6.262	0.11262	0.00626	0.01
1252.5	6.2625	0.11263	0.00626	0.01
1252.6	6.263	0.11263	0.00626	0.01
1252.7	6.2635	0.11264	0.00626	0.01
1252.8	6.264	0.11264	0.00626	0.01
1252.9	6.2645	0.11265	0.00626	0.01
1253.0	6.265	0.11265	0.00627	0.01
1253.1	6.2655	0.11266	0.00627	0.01
1253.2	6.266	0.11266	0.00627	0.01
1253.3	6.2665	0.11267	0.00627	0.01
1253.4	6.267	0.11267	0.00627	0.01
1253.5	6.2675	0.11268	0.00627	0.01
1253.6	6.268	0.11268	0.00627	0.01
1253.7	6.2685	0.11269	0.00627	0.01
1253.8	6.269	0.11269	0.00627	0.01
1253.9	6.2695	0.1127	0.00627	0.01
1254.0	6.27	0.1127	0.00627	0.01
1254.1	6.2705	0.11271	0.00627	0.01
1254.2	6.271	0.11271	0.00627	0.01
1254.3	6.2715	0.11272	0.00627	0.01
1254.4	6.272	0.11272	0.00627	0.01
1254.5	6.2725	0.11273	0.00627	0.01
1254.6	6.273	0.11273	0.00627	0.01
1254.7	6.2735	0.11274	0.00627	0.01
1254.8	6.274	0.11274	0.00627	0.01
1254.9	6.2745	0.11275	0.00627	0.01
1255.0	6.275	0.11275	0.00628	0.01
1255.1	6.2755	0.11276	0.00628	0.01
1255.2	6.276	0.11276	0.00628	0.01
1255.3	6.2765	0.11277	0.00628	0.01
1255.4	6.277	0.11277	0.00628	0.01
1255.5	6.2775	0.11278	0.00628	0.01
1255.6	6.278	0.11278	0.00628	0.01
1255.7	6.2785	0.11279	0.00628	0.01
1255.8	6.279	0.11279	0.00628	0.01
1255.9	6.2795	0.1128	0.00628	0.01
1256.0	6.28	0.1128	0.00628	0.01
1256.1	6.2805	0.11281	0.00628	0.01
1256.2	6.281	0.11281	0.00628	0.01
1256.3	6.2815	0.11282	0.00628	0.01
1256.4	6.282	0.11282	0.00628	0.01
1256.5	6.2825	0.11283	0.00628	0.01
1256.6	6.283	0.11283	0.00628	0.01
1256.7	6.2835	0.11284	0.00628	0.01
1256.8	6.284	0.11284	0.00628	0.01
1256.9	6.2845	0.11285	0.00628	0.01
1257.0	6.285	0.11285	0.00629	0.01
1257.1	6.2855	0.11286	0.00629	0.01
1257.2	6.286	0.11286	0.00629	0.01
1257.3	6.2865	0.11287	0.00629	0.01
1257.4	6.287	0.11287	0.00629	0.01
1257.5	6.2875	0.11288	0.00629	0.01
1257.6	6.288	0.11288	0.00629	0.01
1257.7	6.2885	0.11289	0.00629	0.01
1257.8	6.289	0.11289	0.00629	0.01
1257.9	6.2895	0.1129	0.00629	0.01
1258.0	6.29	0.1129	0.00629	0.01
1258.1	6.2905	0.11291	0.00629	0.01
1258.2	6.291	0.11291	0.00629	0.01
1258.3	6.2915	0.11292	0.00629	0.01
1258.4	6.292	0.11292	0.00629	0.01
1258.5	6.2925	0.11293	0.00629	0.01
1258.6	6.293	0.11293	0.00629	0.01
1258.7	6.2935	0.11294	0.00629	0.01
1258.8	6.294	0.11294	0.00629	0.01
1258.9	6.2945	0.11295	0.00629	0.01
1259.0	6.295	0.11295	0.0063	0.01
1259.1	6.2955	0.11296	0.0063	0.01
1259.2	6.296	0.11296	0.0063	0.01
1259.3	6.2965	0.11297	0.0063	0.01
1259.4	6.297	0.11297	0.0063	0.01
1259.5	6.2975	0.11298	0.0063	0.01
1259.6	6.298	0.11298	0.0063	0.01
1259.7	6.2985	0.11299	0.0063	0.01
1259.8	6.299	0.11299	0.0063	0.01
1259.9	6.2995	0.113	0.0063	0.01
1260.0	6.3	0.113	0.0063	0.01
1260.1	6.3005	0.11301	0.0063	0.01
1260.2	6.301	0.11301	0.0063	0.01
1260.3	6.3015	0.11302	0.0063	0.01
1260.4	6.302	0.11302	0.0063	0.01
1260.5	6.3025	0.11303	0.0063	0.01
1260.6	6.303	0.11303	0.0063	0.01
1260.7	6.3035	0.11304	0.0063	0.01
1260.8	6.304	0.11304	0.0063	0.01
1260.9	6.3045	0.11305	0.0063	0.01
1261.0	6.305	0.11305	0.00631	0.01
1261.1	6.3055	0.11306	0.00631	0.01
1261.2	6.306	0.11306	0.00631	0.01
1261.3	6.3065	0.11307	0.00631	0.01
1261.4	6.307	0.11307	0.00631	0.01
1261.5	6.3075	0.11308	0.00631	0.01
1261.6	6.308	0.11308	0.00631	0.01
1261.7	6.3085	0.11309	0.00631	0.01
1261.8	6.309	0.11309	0.00631	0.01
1261.9	6.3095	0.1131	0.00631	0.01
1262.0	6.31	0.1131	0.00631	0.01
1262.1	6.3105	0.11311	0.00631	0.01
1262.2	6.311	0.11311	0.00631	0.01
1262.3	6.3115	0.11312	0.00631	0.01
1262.4	6.312	0.11312	0.00631	0.01
1262.5	6.3125	0.11313	0.00631	0.01
1262.6	6.313	0.11313	0.00631	0.01
1262.7	6.3135	0.11314	0.00631	0.01
1262.8	6.314	0.11314	0.00631	0.01
1262.9	6.3145	0.11315	0.00631	0.01
1263.0	6.315	0.11315	0.00632	0.01
1263.1	6.3155	0.11316	0.00632	0.01
1263.2	6.316	0.11316	0.00632	0.01
1263.3	6.3165	0.11317	0.00632	0.01
1263.4	6.317	0.11317	0.00632	0.01
1263.5	6.3175	0.11318	0.00632	0.01
1263.6	6.318	0.11318	0.00632	0.01
1263.7	6.3185	0.11319	0.00632	0.01
1263.8	6.319	0.11319	0.00632	0.01
1263.9	6.3195	0.1132	0.00632	0.01
1264.0	6.32	0.1132	0.00632	0.01
1264.1	6.3205	0.11321	0.00632	0.01
1264.2	6.321	0.11321	0.00632	0.01
1264.3	6.3215	0.11322	0.00632	0.01
1264.4	6.322	0.11322	0.00632	0.01
1264.5	6.3225	0.11323	0.00632	0.01
1264.6	6.323	0.11323	0.00632	0.01
1264.7	6.3235	0.11324	0.00632	0.01
1264.8	6.324	0.11324	0.00632	0.01
1264.9	6.3245	0.11325	0.00632	0.01
1265.0	6.325	0.11325	0.00633	0.01
1265.1	6.3255	0.11326	0.00633	0.01
1265.2	6.326	0.11326	0.00633	0.01
1265.3	6.3265	0.11327	0.00633	0.01
1265.4	6.327	0.11327	0.00633	0.01
1265.5	6.3275	0.11328	0.00633	0.01
1265.6	6.328	0.11328	0.00633	0.01
1265.7	6.3285	0.11329	0.00633	0.01
1265.8	6.329	0.11329	0.00633	0.01
1265.9	6.3295	0.1133	0.00633	0.01
1266.0	6.33	0.1133	0.00633	0.01
1266.1	6.3305	0.11331	0.00633	0.01
1266.2	6.331	0.11331	0.00633	0.01
1266.3	6.3315	0.11332	0.00633	0.01
1266.4	6.332	0.11332	0.00633	0.01
1266.5	6.3325	0.11333	0.00633	0.01
1266.6	6.333	0.11333	0.00633	0.01
1266.7	6.3335	0.11334	0.00633	0.01
1266.8	6.334	0.11334	0.00633	0.01
1266.9	6.3345	0.11335	0.00633	0.01
1267.0	6.335	0.11335	0.00634	0.01
1267.1	6.3355	0.11336	0.00634	0.01
1267.2	6.336	0.11336	0.00634	0.01
1267.3	6.3365	0.11337	0.00634	0.01
1267.4	6.337	0.11337	0.00634	0.01
1267.5	6.3375	0.11338	0.00634	0.01
1267.6	6.338	0.11338	0.00634	0.01
1267.7	6.3385	0.11339	0.00634	0.01
1267.8	6.339	0.11339	0.00634	0.01
1267.9	6.3395	0.1134	0.00634	0.01
1268.0	6.34	0.1134	0.00634	0.01
1268.1	6.3405	0.11341	0.00634	0.01
1268.2	6.341	0.11341	0.00634	0.01
1268.3	6.3415	0.11342	0.00634	0.01
1268.4	6.342	0.11342	0.00634	0.01
1268.5	6.3425	0.11343	0.00634	0.01
1268.6	6.343	0.11343	0.00634	0.01
1268.7	6.3435	0.11344	0.00634	0.01
1268.8	6.344	0.11344	0.00634	0.01
1268.9	6.3445	0.11345	0.00634	0.01
1269.0	6.345	0.11345	0.00635	0.01
1269.1	6.3455	0.11346	0.00635	0.01
1269.2	6.346	0.11346	0.00635	0.01
1269.3	6.3465	0.11347	0.00635	0.01
1269.4	6.347	0.11347	0.00635	0.01
1269.5	6.3475	0.11348	0.00635	0.01
1269.6	6.348	0.11348	0.00635	0.01
1269.7	6.3485	0.11349	0.00635	0.01
1269.8	6.349	0.11349	0.00635	0.01
1269.9	6.3495	0.1135	0.00635	0.01
1270.0	6.35	0.1135	0.00635	0.01
1270.1	6.3505	0.11351	0.00635	0.01
1270.2	6.351	0.11351	0.00635	0.01
1270.3	6.3515	0.11352	0.00635	0.01
1270.4	6.352	0.11352	0.00635	0.01
1270.5	6.3525	0.11353	0.00635	0.01
1270.6	6.353	0.11353	0.00635	0.01
1270.7	6.3535	0.11354	0.00635	0.01
1270.8	6.354	0.11354	0.00635	0.01
1270.9	6.3545	0.11355	0.00635	0.01
1271.0	6.355	0.11355	0.00636	0.01
1271.1	6.3555	0.11356	0.00636	0.01
1271.2	6.356	0.11356	0.00636	0.01
1271.3	6.3565	0.11357	0.00636	0.01
1271.4	6.357	0.11357	0.00636	0.01
1271.5	6.3575	0.11358	0.00636	0.01
1271.6	6.358	0.11358	0.00636	0.01
1271.7	6.3585	0.11359	0.00636	0.01
1271.8	6.359	0.11359	0.00636	0.01
1271.9	6.3595	0.1136	0.00636	0.01
1272.0	6.36	0.1136	0.00636	0.01
1272.1	6.3605	0.11361	0.00636	0.01
1272.2	6.361	0.11361	0.00636	0.01
1272.3	6.3615	0.11362	0.00636	0.01
1272.4	6.362	0.11362	0.00636	0.01
1272.5	6.3625	0.11363	0.00636	0.01
1272.6	6.363	0.11363	0.00636	0.01
1272.7	6.3635	0.11364	0.00636	0.01
1272.8	6.364	0.11364	0.00636	0.01
1272.9	6.3645	0.11365	0.00636	0.01
1273.0	6.365	0.11365	0.00637	0.01
1273.1	6.3655	0.11366	0.00637	0.01
1273.2	6.366	0.11366	0.00637	0.01
1273.3	6.3665	0.11367	0.00637	0.01
1273.4	6.367	0.11367	0.00637	0.01
1273.5	6.3675	0.11368	0.00637	0.01
1273.6	6.368	0.11368	0.00637	0.01
1273.7	6.3685	0.11369	0.00637	0.01
1273.8	6.369	0.11369	0.00637	0.01
1273.9	6.3695	0.1137	0.00637	0.01
1274.0	6.37	0.1137	0.00637	0.01
1274.1	6.3705	0.11371	0.00637	0.01
1274.2	6.371	0.11371	0.00637	0.01
1274.3	6.3715	0.11372	0.00637	0.01
1274.4	6.372	0.11372	0.00637	0.01
1274.5	6.3725	0.11373	0.00637	0.01
1274.6	6.373	0.11373	0.00637	0.01
1274.7	6.3735	0.11374	0.00637	0.01
1274.8	6.374	0.11374	0.00637	0.01
1274.9	6.3745	0.11375	0.00637	0.01
1275.0	6.375	0.11375	0.00638	0.01
1275.1	6.3755	0.11376	0.00638	0.01
1275.2	6.376	0.11376	0.00638	0.01
1275.3	6.3765	0.11377	0.00638	0.01
1275.4	6.377	0.11377	0.00638	0.01
1275.5	6.3775	0.11378	0.00638	0.01
1275.6	6.378	0.11378	0.00638	0.01
1275.7	6.3785	0.11379	0.00638	0.01
1275.8	6.379	0.11379	0.00638	0.01
1275.9	6.3795	0.1138	0.00638	0.01
1276.0	6.38	0.1138	0.00638	0.01
1276.1	6.3805	0.11381	0.00638	0.01
1276.2	6.381	0.11381	0.00638	0.01
1276.3	6.3815	0.11382	0.00638	0.01
1276.4	6.382	0.11382	0.00638	0.01
1276.5	6.3825	0.11383	0.00638	0.01
1276.6	6.383	0.11383	0.00638	0.01
1276.7	6.3835	0.11384	0.00638	0.01
1276.8	6.384	0.11384	0.00638	0.01
1276.9	6.3845	0.11385	0.00638	0.01
1277.0	6.385	0.11385	0.00639	0.01
1277.1	6.3855	0.11386	0.00639	0.01
1277.2	6.386	0.11386	0.00639	0.01
1277.3	6.3865	0.11387	0.00639	0.01
1277.4	6.387	0.11387	0.00639	0.01
1277.5	6.3875	0.11388	0.00639	0.01
1277.6	6.388	0.11388	0.00639	0.01
1277.7	6.3885	0.11389	0.00639	0.01
1277.8	6.389	0.11389	0.00639	0.01
1277.9	6.3895	0.1139	0.00639	0.01
1278.0	6.39	0.1139	0.00639	0.01
1278.1	6.3905	0.11391	0.00639	0.01
1278.2	6.391	0.11391	0.00639	0.01
1278.3	6.3915	0.11392	0.00639	0.01
1278.4	6.392	0.11392	0.00639	0.01
1278.5	6.3925	0.11393	0.00639	0.01
1278.6	6.393	0.11393	0.00639	0.01
1278.7	6.3935	0.11394	0.00639	0.01
1278.8	6.394	0.11394	0.00639	0.01
1278.9	6.3945	0.11395	0.00639	0.01
1279.0	6.395	0.11395	0.0064	0.01
1279.1	6.3955	0.11396	0.0064	0.01
1279.2	6.396	0.11396	0.0064	0.01
1279.3	6.3965	0.11397	0.0064	0.01
1279.4	6.397	0.11397	0.0064	0.01
1279.5	6.3975	0.11398	0.0064	0.01
1279.6	6.398	0.11398	0.0064	0.01
1279.7	6.3985	0.11399	0.0064	0.01
1279.8	6.399	0.11399	0.0064	0.01
1279.9	6.3995	0.114	0.0064	0.01
1280.0	6.4	0.114	0.0064	0.01
1280.1	6.4005	0.11401	0.0064	0.01
1280.2	6.401	0.11401	0.0064	0.01
1280.3	6.4015	0.11402	0.0064	0.01
1280.4	6.402	0.11402	0.0064	0.01
1280.5	6.4025	0.11403	0.0064	0.01
1280.6	6.403	0.11403	0.0064	0.01
1280.7	6.4035	0.11404	0.0064	0.01
1280.8	6.404	0.11404	0.0064	0.01
1280.9	6.4045	0.11405	0.0064	0.01
1281.0	6.405	0.11405	0.00641	0.01
1281.1	6.4055	0.11406	0.00641	0.01
1281.2	6.406	0.11406	0.00641	0.01
1281.3	6.4065	0.11407	0.00641	0.01
1281.4	6.407	0.11407	0.00641	0.01
1281.5	6.4075	0.11408	0.00641	0.01
1281.6	6.408	0.11408	0.00641	0.01
1281.7	6.4085	0.11409	0.00641	0.01
1281.8	6.409	0.11409	0.00641	0.01
1281.9	6.4095	0.1141	0.00641	0.01
1282.0	6.41	0.1141	0.00641	0.01
1282.1	6.4105	0.11411	0.00641	0.01
1282.2	6.411	0.11411	0.00641	0.01
1282.3	6.4115	0.11412	0.00641	0.01
1282.4	6.412	0.11412	0.00641	0.01
1282.5	6.4125	0.11413	0.00641	0.01
1282.6	6.413	0.11413	0.00641	0.01
1282.7	6.4135	0.11414	0.00641	0.01
1282.8	6.414	0.11414	0.00641	0.01
1282.9	6.4145	0.11415	0.00641	0.01
1283.0	6.415	0.11415	0.00642	0.01
1283.1	6.4155	0.11416	0.00642	0.01
1283.2	6.416	0.11416	0.00642	0.01
1283.3	6.4165	0.11417	0.00642	0.01
1283.4	6.417	0.11417	0.00642	0.01
1283.5	6.4175	0.11418	0.00642	0.01
1283.6	6.418	0.11418	0.00642	0.01
1283.7	6.4185	0.11419	0.00642	0.01
1283.8	6.419	0.11419	0.00642	0.01
1283.9	6.4195	0.1142	0.00642	0.01
1284.0	6.42	0.1142	0.00642	0.01
1284.1	6.4205	0.11421	0.00642	0.01
1284.2	6.421	0.11421	0.00642	0.01
1284.3	6.4215	0.11422	0.00642	0.01
1284.4	6.422	0.11422	0.00642	0.01
1284.5	6.4225	0.11423	0.00642	0.01
1284.6	6.423	0.11423	0.00642	0.01
1284.7	6.4235	0.11424	0.00642	0.01
1284.8	6.424	0.11424	0.00642	0.01
1284.9	6.4245	0.11425	0.00642	0.01
1285.0	6.425	0.11425	0.00643	0.01
1285.1	6.4255	0.11426	0.00643	0.01
1285.2	6.426	0.11426	0.00643	0.01
1285.3	6.4265	0.11427	0.00643	0.01
1285.4	6.427	0.11427	0.00643	0.01
1285.5	6.4275	0.11428	0.00643	0.01
1285.6	6.428	0.11428	0.00643	0.01
1285.7	6.4285	0.11429	0.00643	0.01
1285.8	6.429	0.11429	0.00643	0.01
1285.9	6.4295	0.1143	0.00643	0.01
1286.0	6.43	0.1143	0.00643	0.01
1286.1	6.4305	0.11431	0.00643	0.01
1286.2	6.431	0.11431	0.00643	0.01
1286.3	6.4315	0.11432	0.00643	0.01
1286.4	6.432	0.11432	0.00643	0.01
1286.5	6.4325	0.11433	0.00643	0.01
1286.6	6.433	0.11433	0.00643	0.01
1286.7	6.4335	0.11434	0.00643	0.01
1286.8	6.434	0.11434	0.00643	0.01
1286.9	6.4345	0.11435	0.00643	0.01
1287.0	6.435	0.11435	0.00644	0.01
1287.1	6.4355	0.11436	0.00644	0.01
1287.2	6.436	0.11436	0.00644	0.01
1287.3	6.4365	0.11437	0.00644	0.01
1287.4	6.437	0.11437	0.00644	0.01
1287.5	6.4375	0.11438	0.00644	0.01
1287.6	6.438	0.11438	0.00644	0.01
1287.7	6.4385	0.11439	0.00644	0.01
1287.8	6.439	0.11439	0.00644	0.01
1287.9	6.4395	0.1144	0.00644	0.01
1288.0	6.44	0.1144	0.00644	0.01
1288.1	6.4405	0.11441	0.00644	0.01
1288.2	6.441	0.11441	0.00644	0.01
1288.3	6.4415	0.11442	0.00644	0.01
1288.4	6.442	0.11442	0.00644	0.01
1288.5	6.4425	0.11443	0.00644	0.01
1288.6	6.443	0.11443	0.00644	0.01
1288.7	6.4435	0.11444	0.00644	0.01
1288.8	6.444	0.11444	0.00644	0.01
1288.9	6.4445	0.11445	0.00644	0.01
1289.0	6.445	0.11445	0.00645	0.01
1289.1	6.4455	0.11446	0.00645	0.01
1289.2	6.446	0.11446	0.00645	0.01
1289.3	6.4465	0.11447	0.00645	0.01
1289.4	6.447	0.11447	0.00645	0.01
1289.5	6.4475	0.11448	0.00645	0.01
1289.6	6.448	0.11448	0.00645	0.01
1289.7	6.4485	0.11449	0.00645	0.01
1289.8	6.449	0.11449	0.00645	0.01
1289.9	6.4495	0.1145	0.00645	0.01
1290.0	6.45	0.1145	0.00645	0.01
1290.1	6.4505	0.11451	0.00645	0.01
1290.2	6.451	0.11451	0.00645	0.01
1290.3	6.4515	0.11452	0.00645	0.01
1290.4	6.452	0.11452	0.00645	0.01
1290.5	6.4525	0.11453	0.00645	0.01
1290.6	6.453	0.11453	0.00645	0.01
1290.7	6.4535	0.11454	0.00645	0.01
1290.8	6.454	0.11454	0.00645	0.01
1290.9	6.4545	0.11455	0.00645	0.01
1291.0	6.455	0.11455	0.00646	0.01
1291.1	6.4555	0.11456	0.00646	0.01
1291.2	6.456	0.11456	0.00646	0.01
1291.3	6.4565	0.11457	0.00646	0.01
1291.4	6.457	0.11457	0.00646	0.01
1291.5	6.4575	0.11458	0.00646	0.01
1291.6	6.458	0.11458	0.00646	0.01
1291.7	6.4585	0.11459	0.00646	0.01
1291.8	6.459	0.11459	0.00646	0.01
1291.9	6.4595	0.1146	0.00646	0.01
1292.0	6.46	0.1146	0.00646	0.01
1292.1	6.4605	0.11461	0.00646	0.01
1292.2	6.461	0.11461	0.00646	0.01
1292.3	6.4615	0.11462	0.00646	0.01
1292.4	6.462	0.11462	0.00646	0.01
1292.5	6.4625	0.11463	0.00646	0.01
1292.6	6.463	0.11463	0.00646	0.01
1292.7	6.4635	0.11464	0.00646	0.01
1292.8	6.464	0.11464	0.00646	0.01
1292.9	6.4645	0.11465	0.00646	0.01
1293.0	6.465	0.11465	0.00647	0.01
1293.1	6.4655	0.11466	0.00647	0.01
1293.2	6.466	0.11466	0.00647	0.01
1293.3	6.4665	0.11467	0.00647	0.01
1293.4	6.467	0.11467	0.00647	0.01
1293.5	6.4675	0.11468	0.00647	0.01
1293.6	6.468	0.11468	0.00647	0.01
1293.7	6.4685	0.11469	0.00647	0.01
1293.8	6.469	0.11469	0.00647	0.01
1293.9	6.4695	0.1147	0.00647	0.01
1294.0	6.47	0.1147	0.00647	0.01
1294.1	6.4705	0.11471	0.00647	0.01
1294.2	6.471	0.11471	0.00647	0.01
1294.3	6.4715	0.11472	0.00647	0.01
1294.4	6.472	0.11472	0.00647	0.01
1294.5	6.4725	0.11473	0.00647	0.01
1294.6	6.473	0.11473	0.00647	0.01
1294.7	6.4735	0.11474	0.00647	0.01
1294.8	6.474	0.11474	0.00647	0.01
1294.9	6.4745	0.11475	0.00647	0.01
1295.0	6.475	0.11475	0.00648	0.01
1295.1	6.4755	0.11476	0.00648	0.01
1295.2	6.476	0.11476	0.00648	0.01
1295.3	6.4765	0.11477	0.00648	0.01
1295.4	6.477	0.11477	0.00648	0.01
1295.5	6.4775	0.11478	0.00648	0.01
1295.6	6.478	0.11478	0.00648	0.01
1295.7	6.4785	0.11479	0.00648	0.01
1295.8	6.479	0.11479	0.00648	0.01
1295.9	6.4795	0.1148	0.00648	0.01
1296.0	6.48	0.1148	0.00648	0.01
1296.1	6.4805	0.11481	0.00648	0.01
1296.2	6.481	0.11481	0.00648	0.01
1296.3	6.4815	0.11482	0.00648	0.01
1296.4	6.482	0.11482	0.00648	0.01
1296.5	6.4825	0.11483	0.00648	0.01
1296.6	6.483	0.11483	0.00648	0.01
1296.7	6.4835	0.11484	0.00648	0.01
1296.8	6.484	0.11484	0.00648	0.01
1296.9	6.4845	0.11485	0.00648	0.01
1297.0	6.485	0.11485	0.00649	0.01
1297.1	6.4855	0.11486	0.00649	0.01
1297.2	6.486	0.11486	0.00649	0.01
1297.3	6.4865	0.11487	0.00649	0.01
1297.4	6.487	0.11487	0.00649	0.01
1297.5	6.4875	0.11488	0.00649	0.01
1297.6	6.488	0.11488	0.00649	0.01
1297.7	6.4885	0.11489	0.00649	0.01
1297.8	6.489	0.11489	0.00649	0.01
1297.9	6.4895	0.1149	0.00649	0.01
1298.0	6.49	0.1149	0.00649	0.01
1298.1	6.4905	0.11491	0.00649	0.01
1298.2	6.491	0.11491	0.00649	0.01
1298.3	6.4915	0.11492	0.00649	0.01
1298.4	6.492	0.11492	0.00649	0.01
1298.5	6.4925	0.11493	0.00649	0.01
1298.6	6.493	0.11493	0.00649	0.01
1298.7	6.4935	0.11494	0.00649	0.01
1298.8	6.494	0.11494	0.00649	0.01
1298.9	6.4945	0.11495	0.00649	0.01
1299.0	6.495	0.11495	0.0065	0.01
1299.1	6.4955	0.11496	0.0065	0.01
1299.2	6.496	0.11496	0.0065	0.01
1299.3	6.4965	0.11497	0.0065	0.01
1299.4	6.497	0.11497	0.0065	0.01
1299.5	6.4975	0.11498	0.0065	0.01
1299.6	6.498	0.11498	0.0065	0.01
1299.7	6.4985	0.11499	0.0065	0.01
1299.8	6.499	0.11499	0.0065	0.01
1299.9	6.4995	0.115	0.0065	0.01
1300.0	6.5	0.115	0.0065	0.01
1300.1	6.5005	0.11501	0.0065	0.01
1300.2	6.501	0.11501	0.0065	0.01
1300.3	6.5015	0.11502	0.0065	0.01
1300.4	6.502	0.11502	0.0065	0.01
1300.5	6.5025	0.11503	0.0065	0.01
1300.6	6.503	0.11503	0.0065	0.01
1300.7	6.5035	0.11504	0.0065	0.01
1300.8	6.504	0.11504	0.0065	0.01
1300.9	6.5045	0.11505	0.0065	0.01
1301.0	6.505	0.11505	0.00651	0.01
1301.1	6.5055	0.11506	0.00651	0.01
1301.2	6.506	0.11506	0.00651	0.01
1301.3	6.5065	0.11507	0.00651	0.01
1301.4	6.507	0.11507	0.00651	0.01
1301.5	6.5075	0.11508	0.00651	0.01
1301.6	6.508	0.11508	0.00651	0.01
1301.7	6.5085	0.11509	0.00651	0.01
1301.8	6.509	0.11509	0.00651	0.01
1301.9	6.5095	0.1151	0.00651	0.01
1302.0	6.51	0.1151	0.00651	0.01
1302.1	6.5105	0.11511	0.00651	0.01
1302.2	6.511	0.11511	0.00651	0.01
1302.3	6.5115	0.11512	0.00651	0.01
1302.4	6.512	0.11512	0.00651	0.01
1302.5	6.5125	0.11513	0.00651	0.01
1302.6	6.513	0.11513	0.00651	0.01
1302.7	6.5135	0.11514	0.00651	0.01
1302.8	6.514	0.11514	0.00651	0.01
1302.9	6.5145	0.11515	0.00651	0.01
1303.0	6.515	0.11515	0.00652	0.01
1303.1	6.5155	0.11516	0.00652	0.01
1303.2	6.516	0.11516	0.00652	0.01
1303.3	6.5165	0.11517	0.00652	0.01
1303.4	6.517	0.11517	0.00652	0.01
1303.5	6.5175	0.11518	0.00652	0.01
1303.6	6.518	0.11518	0.00652	0.01
1303.7	6.5185	0.11519	0.00652	0.01
1303.8	6.519	0.11519	0.00652	0.01
1303.9	6.5195	0.1152	0.00652	0.01
1304.0	6.52	0.1152	0.00652	0.01
1304.1	6.5205	0.11521	0.00652	0.01
1304.2	6.521	0.11521	0.00652	0.01
1304.3	6.5215	0.11522	0.00652	0.01
1304.4	6.522	0.11522	0.00652	0.01
1304.5	6.5225	0.11523	0.00652	0.01
1304.6	6.523	0.11523	0.00652	0.01
1304.7	6.5235	0.11524	0.00652	0.01
1304.8	6.524	0.11524	0.00652	0.01
1304.9	6.5245	0.11525	0.00652	0.01
1305.0	6.525	0.11525	0.00653	0.01
1305.1	6.5255	0.11526	0.00653	0.01
1305.2	6.526	0.11526	0.00653	0.01
1305.3	6.5265	0.11527	0.00653	0.01
1305.4	6.527	0.11527	0.00653	0.01
1305.5	6.5275	0.11528	0.00653	0.01
1305.6	6.528	0.11528	0.00653	0.01
1305.7	6.5285	0.11529	0.00653	0.01
1305.8	6.529	0.11529	0.00653	0.01
1305.9	6.5295	0.1153	0.00653	0.01
1306.0	6.53	0.1153	0.00653	0.01
1306.1	6.5305	0.11531	0.00653	0.01
1306.2	6.531	0.11531	0.00653	0.01
1306.3	6.5315	0.11532	0.00653	0.01
1306.4	6.532	0.11532	0.00653	0.01
1306.5	6.5325	0.11533	0.00653	0.01
1306.6	6.533	0.11533	0.00653	0.01
1306.7	6.5335	0.11534	0.00653	0.01
1306.8	6.534	0.11534	0.00653	0.01
1306.9	6.5345	0.11535	0.00653	0.01
1307.0	6.535	0.11535	0.00654	0.01
1307.1	6.5355	0.11536	0.00654	0.01
1307.2	6.536	0.11536	0.00654	0.01
1307.3	6.5365	0.11537	0.00654	0.01
1307.4	6.537	0.11537	0.00654	0.01
1307.5	6.5375	0.11538	0.00654	0.01
1307.6	6.538	0.11538	0.00654	0.01
1307.7	6.5385	0.11539	0.00654	0.01
1307.8	6.539	0.11539	0.00654	0.01
1307.9	6.5395	0.1154	0.00654	0.01
1308.0	6.54	0.1154	0.00654	0.01
1308.1	6.5405	0.11541	0.00654	0.01
1308.2	6.541	0.11541	0.00654	0.01
1308.3	6.5415	0.11542	0.00654	0.01
1308.4	6.542	0.11542	0.00654	0.01
1308.5	6.5425	0.11543	0.00654	0.01
1308.6	6.543	0.11543	0.00654	0.01
1308.7	6.5435	0.11544	0.00654	0.01
1308.8	6.544	0.11544	0.00654	0.01
1308.9	6.5445	0.11545	0.00654	0.01
1309.0	6.545	0.11545	0.00655	0.01
1309.1	6.5455	0.11546	0.00655	0.01
1309.2	6.546	0.11546	0.00655	0.01
1309.3	6.5465	0.11547	0.00655	0.01
1309.4	6.547	0.11547	0.00655	0.01
1309.5	6.5475	0.11548	0.00655	0.01
1309.6	6.548	0.11548	0.00655	0.01
1309.7	6.5485	0.11549	0.00655	0.01
1309.8	6.549	0.11549	0.00655	0.01
1309.9	6.5495	0.1155	0.00655	0.01
1310.0	6.55	0.1155	0.00655	0.01
1310.1	6.5505	0.11551	0.00655	0.01
1310.2	6.551	0.11551	0.00655	0.01
1310.3	6.5515	0.11552	0.00655	0.01
1310.4	6.552	0.11552	0.00655	0.01
1310.5	6.5525	0.11553	0.00655	0.01
1310.6	6.553	0.11553	0.00655	0.01
1310.7	6.5535	0.11554	0.00655	0.01
1310.8	6.554	0.11554	0.00655	0.01
1310.9	6.5545	0.11555	0.00655	0.01
1311.0	6.555	0.11555	0.00656	0.01
1311.1	6.5555	0.11556	0.00656	0.01
1311.2	6.556	0.11556	0.00656	0.01
1311.3	6.5565	0.11557	0.00656	0.01
1311.4	6.557	0.11557	0.00656	0.01
1311.5	6.5575	0.11558	0.00656	0.01
1311.6	6.558	0.11558	0.00656	0.01
1311.7	6.5585	0.11559	0.00656	0.01
1311.8	6.559	0.11559	0.00656	0.01
1311.9	6.5595	0.1156	0.00656	0.01
1312.0	6.56	0.1156	0.00656	0.01
1312.1	6.5605	0.11561	0.00656	0.01
1312.2	6.561	0.11561	0.00656	0.01
1312.3	6.5615	0.11562	0.00656	0.01
1312.4	6.562	0.11562	0.00656	0.01
1312.5	6.5625	0.11563	0.00656	0.01
1312.6	6.563	0.11563	0.00656	0.01
1312.7	6.5635	0.11564	0.00656	0.01
1312.8	6.564	0.11564	0.00656	0.01
1312.9	6.5645	0.11565	0.00656	0.01
1313.0	6.565	0.11565	0.00657	0.01
1313.1	6.5655	0.11566	0.00657	0.01
1313.2	6.566	0.11566	0.00657	0.01
1313.3	6.5665	0.11567	0.00657	0.01
1313.4	6.567	0.11567	0.00657	0.01
1313.5	6.5675	0.11568	0.00657	0.01
1313.6	6.568	0.11568	0.00657	0.01
1313.7	6.5685	0.11569	0.00657	0.01
1313.8	6.569	0.11569	0.00657	0.01
1313.9	6.5695	0.1157	0.00657	0.01
1314.0	6.57	0.1157	0.00657	0.01
1314.1	6.5705	0.11571	0.00657	0.01
1314.2	6.571	0.11571	0.00657	0.01
1314.3	6.5715	0.11572	0.00657	0.01
1314.4	6.572	0.11572	0.00657	0.01
1314.5	6.5725	0.11573	0.00657	0.01
1314.6	6.573	0.11573	0.00657	0.01
1314.7	6.5735	0.11574	0.00657	0.01
1314.8	6.574	0.11574	0.00657	0.01
1314.9	6.5745	0.11575	0.00657	0.01
1315.0	6.575	0.11575	0.00658	0.01
1315.1	6.5755	0.11576	0.00658	0.01
1315.2	6.576	0.11576	0.00658	0.01
1315.3	6.5765	0.11577	0.00658	0.01
1315.4	6.577	0.11577	0.00658	0.01
1315.5	6.5775	0.11578	0.00658	0.01
1315.6	6.578	0.11578	0.00658	0.01
1315.7	6.5785	0.11579	0.00658	0.01
1315.8	6.579	0.11579	0.00658	0.01
1315.9	6.5795	0.1158	0.00658	0.01
1316.0	6.58	0.1158	0.00658	0.01
1316.1	6.5805	0.11581	0.00658	0.01
1316.2	6.581	0.11581	0.00658	0.01
1316.3	6.5815	0.11582	0.00658	0.01
1316.4	6.582	0.11582	0.00658	0.01
1316.5	6.5825	0.11583	0.00658	0.01
1316.6	6.583	0.11583	0.00658	0.01
1316.7	6.5835	0.11584	0.00658	0.01
1316.8	6.584	0.11584	0.00658	0.01
1316.9	6.5845	0.11585	0.00658	0.01
1317.0	6.585	0.11585	0.00659	0.01
1317.1	6.5855	0.11586	0.00659	0.01
1317.2	6.586	0.11586	0.00659	0.01
1317.3	6.5865	0.11587	0.00659	0.01
1317.4	6.587	0.11587	0.00659	0.01
1317.5	6.5875	0.11588	0.00659	0.01
1317.6	6.588	0.11588	0.00659	0.01
1317.7	6.5885	0.11589	0.00659	0.01
1317.8	6.589	0.11589	0.00659	0.01
1317.9	6.5895	0.1159	0.00659	0.01
1318.0	6.59	0.1159	0.00659	0.01
1318.1	6.5905	0.11591	0.00659	0.01
1318.2	6.591	0.11591	0.00659	0.01
1318.3	6.5915	0.11592	0.00659	0.01
1318.4	6.592	0.11592	0.00659	0.01
1318.5	6.5925	0.11593	0.00659	0.01
1318.6	6.593	0.11593	0.00659	0.01
1318.7	6.5935	0.11594	0.00659	0.01
1318.8	6.594	0.11594	0.00659	0.01
1318.9	6.5945	0.11595	0.00659	0.01
1319.0	6.595	0.11595	0.0066	0.01
1319.1	6.5955	0.11596	0.0066	0.01
1319.2	6.596	0.11596	0.0066	0.01
1319.3	6.5965	0.11597	0.0066	0.01
1319.4	6.597	0.11597	0.0066	0.01
1319.5	6.5975	0.11598	0.0066	0.01
1319.6	6.598	0.11598	0.0066	0.01
1319.7	6.5985	0.11599	0.0066	0.01
1319.8	6.599	0.11599	0.0066	0.01
1319.9	6.5995	0.116	0.0066	0.01
1320.0	6.6	0.116	0.0066	0.01
1320.1	6.6005	0.11601	0.0066	0.01
1320.2	6.601	0.11601	0.0066	0.01
1320.3	6.6015	0.11602	0.0066	0.01
1320.4	6.602	0.11602	0.0066	0.01
1320.5	6.6025	0.11603	0.0066	0.01
1320.6	6.603	0.11603	0.0066	0.01
1320.7	6.6035	0.11604	0.0066	0.01
1320.8	6.604	0.11604	0.0066	0.01
1320.9	6.6045	0.11605	0.0066	0.01
1321.0	6.605	0.11605	0.00661	0.01
1321.1	6.6055	0.11606	0.00661	0.01
1321.2	6.606	0.11606	0.00661	0.01
1321.3	6.6065	0.11607	0.00661	0.01
1321.4	6.607	0.11607	0.00661	0.01
1321.5	6.6075	0.11608	0.00661	0.01
1321.6	6.608	0.11608	0.00661	0.01
1321.7	6.6085	0.11609	0.00661	0.01
1321.8	6.609	0.11609	0.00661	0.01
1321.9	6.6095	0.1161	0.00661	0.01
1322.0	6.61	0.1161	0.00661	0.01
1322.1	6.6105	0.11611	0.00661	0.01
1322.2	6.611	0.11611	0.00661	0.01
1322.3	6.6115	0.11612	0.00661	0.01
1322.4	6.612	0.11612	0.00661	0.01
1322.5	6.6125	0.11613	0.00661	0.01
1322.6	6.613	0.11613	0.00661	0.01
1322.7	6.6135	0.11614	0.00661	0.01
1322.8	6.614	0.11614	0.00661	0.01
1322.9	6.6145	0.11615	0.00661	0.01
1323.0	6.615	0.11615	0.00662	0.01
1323.1	6.6155	0.11616	0.00662	0.01
1323.2	6.616	0.11616	0.00662	0.01
1323.3	6.6165	0.11617	0.00662	0.01
1323.4	6.617	0.11617	0.00662	0.01
1323.5	6.6175	0.11618	0.00662	0.01
1323.6	6.618	0.11618	0.00662	0.01
1323.7	6.6185	0.11619	0.00662	0.01
1323.8	6.619	0.11619	0.00662	0.01
1323.9	6.6195	0.1162	0.00662	0.01
1324.0	6.62	0.1162	0.00662	0.01
1324.1	6.6205	0.11621	0.00662	0.01
1324.2	6.621	0.11621	0.00662	0.01
1324.3	6.6215	0.11622	0.00662	0.01
1324.4	6.622	0.11622	0.00662	0.01
1324.5	6.6225	0.11623	0.00662	0.01
1324.6	6.623	0.11623	0.00662	0.01
1324.7	6.6235	0.11624	0.00662	0.01
1324.8	6.624	0.11624	0.00662	0.01
1324.9	6.6245	0.11625	0.00662	0.01
1325.0	6.625	0.11625	0.00663	0.01
1325.1	6.6255	0.11626	0.00663	0.01
1325.2	6.626	0.11626	0.00663	0.01
1325.3	6.6265	0.11627	0.00663	0.01
1325.4	6.627	0.11627	0.00663	0.01
1325.5	6.6275	0.11628	0.00663	0.01
1325.6	6.628	0.11628	0.00663	0.01
1325.7	6.6285	0.11629	0.00663	0.01
1325.8	6.629	0.11629	0.00663	0.01
1325.9	6.6295	0.1163	0.00663	0.01
1326.0	6.63	0.1163	0.00663	0.01
1326.1	6.6305	0.11631	0.00663	0.01
1326.2	6.631	0.11631	0.00663	0.01
1326.3	6.6315	0.11632	0.00663	0.01
1326.4	6.632	0.11632	0.00663	0.01
1326.5	6.6325	0.11633	0.00663	0.01
1326.6	6.633	0.11633	0.00663	0.01
1326.7	6.6335	0.11634	0.00663	0.01
1326.8	6.634	0.11634	0.00663	0.01
1326.9	6.6345	0.11635	0.00663	0.01
1327.0	6.635	0.11635	0.00664	0.01
1327.1	6.6355	0.11636	0.00664	0.01
1327.2	6.636	0.11636	0.00664	0.01
1327.3	6.6365	0.11637	0.00664	0.01
1327.4	6.637	0.11637	0.00664	0.01
1327.5	6.6375	0.11638	0.00664	0.01
1327.6	6.638	0.11638	0.00664	0.01
1327.7	6.6385	0.11639	0.00664	0.01
1327.8	6.639	0.11639	0.00664	0.01
1327.9	6.6395	0.1164	0.00664	0.01
1328.0	6.64	0.1164	0.00664	0.01
1328.1	6.6405	0.11641	0.00664	0.01
1328.2	6.641	0.11641	0.00664	0.01
1328.3	6.6415	0.11642	0.00664	0.01
1328.4	6.642	0.11642	0.00664	0.01
1328.5	6.6425	0.11643	0.00664	0.01
1328.6	6.643	0.11643	0.00664	0.01
1328.7	6.6435	0.11644	0.00664	0.01
1328.8	6.644	0.11644	0.00664	0.01
1328.9	6.6445	0.11645	0.00664	0.01
1329.0	6.645	0.11645	0.00665	0.01
1329.1	6.6455	0.11646	0.00665	0.01
1329.2	6.646	0.11646	0.00665	0.01
1329.3	6.6465	0.11647	0.00665	0.01
1329.4	6.647	0.11647	0.00665	0.01
1329.5	6.6475	0.11648	0.00665	0.01
1329.6	6.648	0.11648	0.00665	0.01
1329.7	6.6485	0.11649	0.00665	0.01
1329.8	6.649	0.11649	0.00665	0.01
1329.9	6.6495	0.1165	0.00665	0.01
1330.0	6.65	0.1165	0.00665	0.01
1330.1	6.6505	0.11651	0.00665	0.01
1330.2	6.651	0.11651	0.00665	0.01
1330.3	6.6515	0.11652	0.00665	0.01
1330.4	6.652	0.11652	0.00665	0.01
1330.5	6.6525	0.11653	0.00665	0.01
1330.6	6.653	0.11653	0.00665	0.01
1330.7	6.6535	0.11654	0.00665	0.01
1330.8	6.654	0.11654	0.00665	0.01
1330.9	6.6545	0.11655	0.00665	0.01
1331.0	6.655	0.11655	0.00666	0.01
1331.1	6.6555	0.11656	0.00666	0.01
1331.2	6.656	0.11656	0.00666	0.01
1331.3	6.6565	0.11657	0.00666	0.01
1331.4	6.657	0.11657	0.00666	0.01
1331.5	6.6575	0.11658	0.00666	0.01
1331.6	6.658	0.11658	0.00666	0.01
1331.7	6.6585	0.11659	0.00666	0.01
1331.8	6.659	0.11659	0.00666	0.01
1331.9	6.6595	0.1166	0.00666	0.01
1332.0	6.66	0.1166	0.00666	0.01
1332.1	6.6605	0.11661	0.00666	0.01
1332.2	6.661	0.11661	0.00666	0.01
1332.3	6.6615	0.11662	0.00666	0.01
1332.4	6.662	0.11662	0.00666	0.01
1332.5	6.6625	0.11663	0.00666	0.01
1332.6	6.663	0.11663	0.00666	0.01
1332.7	6.6635	0.11664	0.00666	0.01
1332.8	6.664	0.11664	0.00666	0.01
1332.9	6.6645	0.11665	0.00666	0.01
1333.0	6.665	0.11665	0.00667	0.01
1333.1	6.6655	0.11666	0.00667	0.01
1333.2	6.666	0.11666	0.00667	0.01
1333.3	6.6665	0.11667	0.00667	0.01
1333.4	6.667	0.11667	0.00667	0.01
1333.5	6.6675	0.11668	0.00667	0.01
1333.6	6.668	0.11668	0.00667	0.01
1333.7	6.6685	0.11669	0.00667	0.01
1333.8	6.669	0.11669	0.00667	0.01
1333.9	6.6695	0.1167	0.00667	0.01
1334.0	6.67	0.1167	0.00667	0.01
1334.1	6.6705	0.11671	0.00667	0.01
1334.2	6.671	0.11671	0.00667	0.01
1334.3	6.6715	0.11672	0.00667	0.01
1334.4	6.672	0.11672	0.00667	0.01
1334.5	6.6725	0.11673	0.00667	0.01
1334.6	6.673	0.11673	0.00667	0.01
1334.7	6.6735	0.11674	0.00667	0.01
1334.8	6.674	0.11674	0.00667	0.01
1334.9	6.6745	0.11675	0.00667	0.01
1335.0	6.675	0.11675	0.00668	0.01
1335.1	6.6755	0.11676	0.00668	0.01
1335.2	6.676	0.11676	0.00668	0.01
1335.3	6.6765	0.11677	0.00668	0.01
1335.4	6.677	0.11677	0.00668	0.01
1335.5	6.6775	0.11678	0.00668	0.01
1335.6	6.678	0.11678	0.00668	0.01
1335.7	6.6785	0.11679	0.00668	0.01
1335.8	6.679	0.11679	0.00668	0.01
1335.9	6.6795	0.1168	0.00668	0.01
1336.0	6.68	0.1168	0.00668	0.01
1336.1	6.6805	0.11681	0.00668	0.01
1336.2	6.681	0.11681	0.00668	0.01
1336.3	6.6815	0.11682	0.00668	0.01
1336.4	6.682	0.11682	0.00668	0.01
1336.5	6.6825	0.11683	0.00668	0.01
1336.6	6.683	0.11683	0.00668	0.01
1336.7	6.6835	0.11684	0.00668	0.01
1336.8	6.684	0.11684	0.00668	0.01
1336.9	6.6845	0.11685	0.00668	0.01
1337.0	6.685	0.11685	0.00669	0.01
1337.1	6.6855	0.11686	0.00669	0.01
1337.2	6.686	0.11686	0.00669	0.01
1337.3	6.6865	0.11687	0.00669	0.01
1337.4	6.687	0.11687	0.00669	0.01
1337.5	6.6875	0.11688	0.00669	0.01
1337.6	6.688	0.11688	0.00669	0.01
1337.7	6.6885	0.11689	0.00669	0.01
1337.8	6.689	0.11689	0.00669	0.01
1337.9	6.6895	0.1169	0.00669	0.01
1338.0	6.69	0.1169	0.00669	0.01
1338.1	6.6905	0.11691	0.00669	0.01
1338.2	6.691	0.11691	0.00669	0.01
1338.3	6.6915	0.11692	0.00669	0.01
1338.4	6.692	0.11692	0.00669	0.01
1338.5	6.6925	0.11693	0.00669	0.01
1338.6	6.693	0.11693	0.00669	0.01
1338.7	6.6935	0.11694	0.00669	0.01
1338.8	6.694	0.11694	0.00669	0.01
1338.9	6.6945	0.11695	0.00669	0.01
1339.0	6.695	0.11695	0.0067	0.01
1339.1	6.6955	0.11696	0.0067	0.01
1339.2	6.696	0.11696	0.0067	0.01
1339.3	6.6965	0.11697	0.0067	0.01
1339.4	6.697	0.11697	0.0067	0.01
1339.5	6.6975	0.11698	0.0067	0.01
1339.6	6.698	0.11698	0.0067	0.01
1339.7	6.6985	0.11699	0.0067	0.01
1339.8	6.699	0.11699	0.0067	0.01
1339.9	6.6995	0.117	0.0067	0.01
1340.0	6.7	0.117	0.0067	0.01
1340.1	6.7005	0.11701	0.0067	0.01
1340.2	6.701	0.11701	0.0067	0.01
1340.3	6.7015	0.11702	0.0067	0.01
1340.4	6.702	0.11702	0.0067	0.01
1340.5	6.7025	0.11703	0.0067	0.01
1340.6	6.703	0.11703	0.0067	0.01
1340.7	6.7035	0.11704	0.0067	0.01
1340.8	6.704	0.11704	0.0067	0.01
1340.9	6.7045	0.11705	0.0067	0.01
1341.0	6.705	0.11705	0.00671	0.01
1341.1	6.7055	0.11706	0.00671	0.01
1341.2	6.706	0.11706	0.00671	0.01
1341.3	6.7065	0.11707	0.00671	0.01
1341.4	6.707	0.11707	0.00671	0.01
1341.5	6.7075	0.11708	0.00671	0.01
1341.6	6.708	0.11708	0.00671	0.01
1341.7	6.7085	0.11709	0.00671	0.01
1341.8	6.709	0.11709	0.00671	0.01
1341.9	6.7095	0.1171	0.00671	0.01
1342.0	6.71	0.1171	0.00671	0.01
1342.1	6.7105	0.11711	0.00671	0.01
1342.2	6.711	0.11711	0.00671	0.01
1342.3	6.7115	0.11712	0.00671	0.01
1342.4	6.712	0.11712	0.00671	0.01
1342.5	6.7125	0.11713	0.00671	0.01
1342.6	6.713	0.11713	0.00671	0.01
1342.7	6.7135	0.11714	0.00671	0.01
1342.8	6.714	0.11714	0.00671	0.01
1342.9	6.7145	0.11715	0.00671	0.01
1343.0	6.715	0.11715	0.00672	0.01
1343.1	6.7155	0.11716	0.00672	0.01
1343.2	6.716	0.11716	0.00672	0.01
1343.3	6.7165	0.11717	0.00672	0.01
1343.4	6.717	0.11717	0.00672	0.01
1343.5	6.7175	0.11718	0.00672	0.01
1343.6	6.718	0.11718	0.00672	0.01
1343.7	6.7185	0.11719	0.00672	0.01
1343.8	6.719	0.11719	0.00672	0.01
1343.9	6.7195	0.1172	0.00672	0.01
1344.0	6.72	0.1172	0.00672	0.01
1344.1	6.7205	0.11721	0.00672	0.01
1344.2	6.721	0.11721	0.00672	0.01
1344.3	6.7215	0.11722	0.00672	0.01
1344.4	6.722	0.11722	0.00672	0.01
1344.5	6.7225	0.11723	0.00672	0.01
1344.6	6.723	0.11723	0.00672	0.01
1344.7	6.7235	0.11724	0.00672	0.01
1344.8	6.724	0.11724	0.00672	0.01
1344.9	6.7245	0.11725	0.00672	0.01
1345.0	6.725	0.11725	0.00673	0.01
1345.1	6.7255	0.11726	0.00673	0.01
1345.2	6.726	0.11726	0.00673	0.01
1345.3	6.7265	0.11727	0.00673	0.01
1345.4	6.727	0.11727	0.00673	0.01
1345.5	6.7275	0.11728	0.00673	0.01
1345.6	6.728	0.11728	0.00673	0.01
1345.7	6.7285	0.11729	0.00673	0.01
1345.8	6.729	0.11729	0.00673	0.01
1345.9	6.7295	0.1173	0.00673	0.01
1346.0	6.73	0.1173	0.00673	0.01
1346.1	6.7305	0.11731	0.00673	0.01
1346.2	6.731	0.11731	0.00673	0.01
1346.3	6.7315	0.11732	0.00673	0.01
1346.4	6.732	0.11732	0.00673	0.01
1346.5	6.7325	0.11733	0.00673	0.01
1346.6	6.733	0.11733	0.00673	0.01
1346.7	6.7335	0.11734	0.00673	0.01
1346.8	6.734	0.11734	0.00673	0.01
1346.9	6.7345	0.11735	0.00673	0.01
1347.0	6.735	0.11735	0.00674	0.01
1347.1	6.7355	0.11736	0.00674	0.01
1347.2	6.736	0.11736	0.00674	0.01
1347.3	6.7365	0.11737	0.00674	0.01
1347.4	6.737	0.11737	0.00674	0.01
1347.5	6.7375	0.11738	0.00674	0.01
1347.6	6.738	0.11738	0.00674	0.01
1347.7	6.7385	0.11739	0.00674	0.01
1347.8	6.739	0.11739	0.00674	0.01
1347.9	6.7395	0.1174	0.00674	0.01
1348.0	6.74	0.1174	0.00674	0.01
1348.1	6.7405	0.11741	0.00674	0.01
1348.2	6.741	0.11741	0.00674	0.01
1348.3	6.7415	0.11742	0.00674	0.01
1348.4	6.742	0.11742	0.00674	0.01
1348.5	6.7425	0.11743	0.00674	0.01
1348.6	6.743	0.11743	0.00674	0.01
1348.7	6.7435	0.11744	0.00674	0.01
1348.8	6.744	0.11744	0.00674	0.01
1348.9	6.7445	0.11745	0.00674	0.01
1349.0	6.745	0.11745	0.00675	0.01
1349.1	6.7455	0.11746	0.00675	0.01
1349.2	6.746	0.11746	0.00675	0.01
1349.3	6.7465	0.11747	0.00675	0.01
1349.4	6.747	0.11747	0.00675	0.01
1349.5	6.7475	0.11748	0.00675	0.01
1349.6	6.748	0.11748	0.00675	0.01
1349.7	6.7485	0.11749	0.00675	0.01
1349.8	6.749	0.11749	0.00675	0.01
1349.9	6.7495	0.1175	0.00675	0.01
1350.0	6.75	0.1175	0.00675	0.01
1350.1	6.7505	0.11751	0.00675	0.01
1350.2	6.751	0.11751	0.00675	0.01
1350.3	6.7515	0.11752	0.00675	0.01
1350.4	6.752	0.11752	0.00675	0.01
1350.5	6.7525	0.11753	0.00675	0.01
1350.6	6.753	0.11753	0.00675	0.01
1350.7	6.7535	0.11754	0.00675	0.01
1350.8	6.754	0.11754	0.00675	0.01
1350.9	6.7545	0.11755	0.00675	0.01
1351.0	6.755	0.11755	0.00676	0.01
1351.1	6.7555	0.11756	0.00676	0.01
1351.2	6.756	0.11756	0.00676	0.01
1351.3	6.7565	0.11757	0.00676	0.01
1351.4	6.757	0.11757	0.00676	0.01
1351.5	6.7575	0.11758	0.00676	0.01
1351.6	6.758	0.11758	0.00676	0.01
1351.7	6.7585	0.11759	0.00676	0.01
1351.8	6.759	0.11759	0.00676	0.01
1351.9	6.7595	0.1176	0.00676	0.01
1352.0	6.76	0.1176	0.00676	0.01
1352.1	6.7605	0.11761	0.00676	0.01
1352.2	6.761	0.11761	0.00676	0.01
1352.3	6.7615	0.11762	0.00676	0.01
1352.4	6.762	0.11762	0.00676	0.01
1352.5	6.7625	0.11763	0.00676	0.01
1352.6	6.763	0.11763	0.00676	0.01
1352.7	6.7635	0.11764	0.00676	0.01
1352.8	6.764	0.11764	0.00676	0.01
1352.9	6.7645	0.11765	0.00676	0.01
1353.0	6.765	0.11765	0.00677	0.01
1353.1	6.7655	0.11766	0.00677	0.01
1353.2	6.766	0.11766	0.00677	0.01
1353.3	6.7665	0.11767	0.00677	0.01
1353.4	6.767	0.11767	0.00677	0.01
1353.5	6.7675	0.11768	0.00677	0.01
1353.6	6.768	0.11768	0.00677	0.01
1353.7	6.7685	0.11769	0.00677	0.01
1353.8	6.769	0.11769	0.00677	0.01
1353.9	6.7695	0.1177	0.00677	0.01
1354.0	6.77	0.1177	0.00677	0.01
1354.1	6.7705	0.11771	0.00677	0.01
1354.2	6.771	0.11771	0.00677	0.01
1354.3	6.7715	0.11772	0.00677	0.01
1354.4	6.772	0.11772	0.00677	0.01
1354.5	6.7725	0.11773	0.00677	0.01
1354.6	6.773	0.11773	0.00677	0.01
1354.7	6.7735	0.11774	0.00677	0.01
1354.8	6.774	0.11774	0.00677	0.01
1354.9	6.7745	0.11775	0.00677	0.01
1355.0	6.775	0.11775	0.00678	0.01
1355.1	6.7755	0.11776	0.00678	0.01
1355.2	6.776	0.11776	0.00678	0.01
1355.3	6.7765	0.11777	0.00678	0.01
1355.4	6.777	0.11777	0.00678	0.01
1355.5	6.7775	0.11778	0.00678	0.01
1355.6	6.778	0.11778	0.00678	0.01
1355.7	6.7785	0.11779	0.00678	0.01
1355.8	6.779	0.11779	0.00678	0.01
1355.9	6.7795	0.1178	0.00678	0.01
1356.0	6.78	0.1178	0.00678	0.01
1356.1	6.7805	0.11781	0.00678	0.01
1356.2	6.781	0.11781	0.00678	0.01
1356.3	6.7815	0.11782	0.00678	0.01
1356.4	6.782	0.11782	0.00678	0.01
1356.5	6.7825	0.11783	0.00678	0.01
1356.6	6.783	0.11783	0.00678	0.01
1356.7	6.7835	0.11784	0.00678	0.01
1356.8	6.784	0.11784	0.00678	0.01
1356.9	6.7845	0.11785	0.00678	0.01
1357.0	6.785	0.11785	0.00679	0.01
1357.1	6.7855	0.11786	0.00679	0.01
1357.2	6.786	0.11786	0.00679	0.01
1357.3	6.7865	0.11787	0.00679	0.01
1357.4	6.787	0.11787	0.00679	0.01
1357.5	6.7875	0.11788	0.00679	0.01
1357.6	6.788	0.11788	0.00679	0.01
1357.7	6.7885	0.11789	0.00679	0.01
1357.8	6.789	0.11789	0.00679	0.01
1357.9	6.7895	0.1179	0.00679	0.01
1358.0	6.79	0.1179	0.00679	0.01
1358.1	6.7905	0.11791	0.00679	0.01
1358.2	6.791	0.11791	0.00679	0.01
1358.3	6.7915	0.11792	0.00679	0.01
1358.4	6.792	0.11792	0.00679	0.01
1358.5	6.7925	0.11793	0.00679	0.01
1358.6	6.793	0.11793	0.00679	0.01
1358.7	6.7935	0.11794	0.00679	0.01
1358.8	6.794	0.11794	0.00679	0.01
1358.9	6.7945	0.11795	0.00679	0.01
1359.0	6.795	0.11795	0.0068	0.01
1359.1	6.7955	0.11796	0.0068	0.01
1359.2	6.796	0.11796	0.0068	0.01
1359.3	6.7965	0.11797	0.0068	0.01
1359.4	6.797	0.11797	0.0068	0.01
1359.5	6.7975	0.11798	0.0068	0.01
1359.6	6.798	0.11798	0.0068	0.01
1359.7	6.7985	0.11799	0.0068	0.01
1359.8	6.799	0.11799	0.0068	0.01
1359.9	6.7995	0.118	0.0068	0.01
1360.0	6.8	0.118	0.0068	0.01
1360.1	6.8005	0.11801	0.0068	0.01
1360.2	6.801	0.11801	0.0068	0.01
1360.3	6.8015	0.11802	0.0068	0.01
1360.4	6.802	0.11802	0.0068	0.01
1360.5	6.8025	0.11803	0.0068	0.01
1360.6	6.803	0.11803	0.0068	0.01
1360.7	6.8035	0.11804	0.0068	0.01
1360.8	6.804	0.11804	0.0068	0.01
1360.9	6.8045	0.11805	0.0068	0.01
1361.0	6.805	0.11805	0.00681	0.01
1361.1	6.8055	0.11806	0.00681	0.01
1361.2	6.806	0.11806	0.00681	0.01
1361.3	6.8065	0.11807	0.00681	0.01
1361.4	6.807	0.11807	0.00681	0.01
1361.5	6.8075	0.11808	0.00681	0.01
1361.6	6.808	0.11808	0.00681	0.01
1361.7	6.8085	0.11809	0.00681	0.01
1361.8	6.809	0.11809	0.00681	0.01
1361.9	6.8095	0.1181	0.00681	0.01
1362.0	6.81	0.1181	0.00681	0.01
1362.1	6.8105	0.11811	0.00681	0.01
1362.2	6.811	0.11811	0.00681	0.01
1362.3	6.8115	0.11812	0.00681	0.01
1362.4	6.812	0.11812	0.00681	0.01
1362.5	6.8125	0.11813	0.00681	0.01
1362.6	6.813	0.11813	0.00681	0.01
1362.7	6.8135	0.11814	0.00681	0.01
1362.8	6.814	0.11814	0.00681	0.01
1362.9	6.8145	0.11815	0.00681	0.01
1363.0	6.815	0.11815	0.00682	0.01
1363.1	6.8155	0.11816	0.00682	0.01
1363.2	6.816	0.11816	0.00682	0.01
1363.3	6.8165	0.11817	0.00682	0.01
1363.4	6.817	0.11817	0.00682	0.01
1363.5	6.8175	0.11818	0.00682	0.01
1363.6	6.818	0.11818	0.00682	0.01
1363.7	6.8185	0.11819	0.00682	0.01
1363.8	6.819	0.11819	0.00682	0.01
1363.9	6.8195	0.1182	0.00682	0.01
1364.0	6.82	0.1182	0.00682	0.01
1364.1	6.8205	0.11821	0.00682	0.01
1364.2	6.821	0.11821	0.00682	0.01
1364.3	6.8215	0.11822	0.00682	0.01
1364.4	6.822	0.11822	0.00682	0.01
1364.5	6.8225	0.11823	0.00682	0.01
1364.6	6.823	0.11823	0.00682	0.01
1364.7	6.8235	0.11824	0.00682	0.01
1364.8	6.824	0.11824	0.00682	0.01
1364.9	6.8245	0.11825	0.00682	0.01
1365.0	6.825	0.11825	0.00683	0.01
1365.1	6.8255	0.11826	0.00683	0.01
1365.2	6.826	0.11826	0.00683	0.01
1365.3	6.8265	0.11827	0.00683	0.01
1365.4	6.827	0.11827	0.00683	0.01
1365.5	6.8275	0.11828	0.00683	0.01
1365.6	6.828	0.11828	0.00683	0.01
1365.7	6.8285	0.11829	0.00683	0.01
1365.8	6.829	0.11829	0.00683	0.01
1365.9	6.8295	0.1183	0.00683	0.01
1366.0	6.83	0.1183	0.00683	0.01
1366.1	6.8305	0.11831	0.00683	0.01
1366.2	6.831	0.11831	0.00683	0.01
1366.3	6.8315	0.11832	0.00683	0.01
1366.4	6.832	0.11832	0.00683	0.01
1366.5	6.8325	0.11833	0.00683	0.01
1366.6	6.833	0.11833	0.00683	0.01
1366.7	6.8335	0.11834	0.00683	0.01
1366.8	6.834	0.11834	0.00683	0.01
1366.9	6.8345	0.11835	0.00683	0.01
1367.0	6.835	0.11835	0.00684	0.01
1367.1	6.8355	0.11836	0.00684	0.01
1367.2	6.836	0.11836	0.00684	0.01
1367.3	6.8365	0.11837	0.00684	0.01
1367.4	6.837	0.11837	0.00684	0.01
1367.5	6.8375	0.11838	0.00684	0.01
1367.6	6.838	0.11838	0.00684	0.01
1367.7	6.8385	0.11839	0.00684	0.01
1367.8	6.839	0.11839	0.00684	0.01
1367.9	6.8395	0.1184	0.00684	0.01
1368.0	6.84	0.1184	0.00684	0.01
1368.1	6.8405	0.11841	0.00684	0.01
1368.2	6.841	0.11841	0.00684	0.01
1368.3	6.8415	0.11842	0.00684	0.01
1368.4	6.842	0.11842	0.00684	0.01
1368.5	6.8425	0.11843	0.00684	0.01
1368.6	6.843	0.11843	0.00684	0.01
1368.7	6.8435	0.11844	0.00684	0.01
1368.8	6.844	0.11844	0.00684	0.01
1368.9	6.8445	0.11845	0.00684	0.01
1369.0	6.845	0.11845	0.00685	0.01
1369.1	6.8455	0.11846	0.00685	0.01
1369.2	6.846	0.11846	0.00685	0.01
1369.3	6.8465	0.11847	0.00685	0.01
1369.4	6.847	0.11847	0.00685	0.01
1369.5	6.8475	0.11848	0.00685	0.01
1369.6	6.848	0.11848	0.00685	0.01
1369.7	6.8485	0.11849	0.00685	0.01
1369.8	6.849	0.11849	0.00685	0.01
1369.9	6.8495	0.1185	0.00685	0.01
1370.0	6.85	0.1185	0.00685	0.01
1370.1	6.8505	0.11851	0.00685	0.01
1370.2	6.851	0.11851	0.00685	0.01
1370.3	6.8515	0.11852	0.00685	0.01
1370.4	6.852	0.11852	0.00685	0.01
1370.5	6.8525	0.11853	0.00685	0.01
1370.6	6.853	0.11853	0.00685	0.01
1370.7	6.8535	0.11854	0.00685	0.01
1370.8	6.854	0.11854	0.00685	0.01
1370.9	6.8545	0.11855	0.00685	0.01
1371.0	6.855	0.11855	0.00686	0.01
1371.1	6.8555	0.11856	0.00686	0.01
1371.2	6.856	0.11856	0.00686	0.01
1371.3	6.8565	0.11857	0.00686	0.01
1371.4	6.857	0.11857	0.00686	0.01
1371.5	6.8575	0.11858	0.00686	0.01
1371.6	6.858	0.11858	0.00686	0.01
1371.7	6.8585	0.11859	0.00686	0.01
1371.8	6.859	0.11859	0.00686	0.01
1371.9	6.8595	0.1186	0.00686	0.01
1372.0	6.86	0.1186	0.00686	0.01
1372.1	6.8605	0.11861	0.00686	0.01
1372.2	6.861	0.11861	0.00686	0.01
1372.3	6.8615	0.11862	0.00686	0.01
1372.4	6.862	0.11862	0.00686	0.01
1372.5	6.8625	0.11863	0.00686	0.01
1372.6	6.863	0.11863	0.00686	0.01
1372.7	6.8635	0.11864	0.00686	0.01
1372.8	6.864	0.11864	0.00686	0.01
1372.9	6.8645	0.11865	0.00686	0.01
1373.0	6.865	0.11865	0.00687	0.01
1373.1	6.8655	0.11866	0.00687	0.01
1373.2	6.866	0.11866	0.00687	0.01
1373.3	6.8665	0.11867	0.00687	0.01
1373.4	6.867	0.11867	0.00687	0.01
1373.5	6.8675	0.11868	0.00687	0.01
1373.6	6.868	0.11868	0.00687	0.01
1373.7	6.8685	0.11869	0.00687	0.01
1373.8	6.869	0.11869	0.00687	0.01
1373.9	6.8695	0.1187	0.00687	0.01
1374.0	6.87	0.1187	0.00687	0.01
1374.1	6.8705	0.11871	0.00687	0.01
1374.2	6.871	0.11871	0.00687	0.01
1374.3	6.8715	0.11872	0.00687	0.01
1374.4	6.872	0.11872	0.00687	0.01
1374.5	6.8725	0.11873	0.00687	0.01
1374.6	6.873	0.11873	0.00687	0.01
1374.7	6.8735	0.11874	0.00687	0.01
1374.8	6.874	0.11874	0.00687	0.01
1374.9	6.8745	0.11875	0.00687	0.01
1375.0	6.875	0.11875	0.00688	0.01
1375.1	6.8755	0.11876	0.00688	0.01
1375.2	6.876	0.11876	0.00688	0.01
1375.3	6.8765	0.11877	0.00688	0.01
1375.4	6.877	0.11877	0.00688	0.01
1375.5	6.8775	0.11878	0.00688	0.01
1375.6	6.878	0.11878	0.00688	0.01
1375.7	6.8785	0.11879	0.00688	0.01
1375.8	6.879	0.11879	0.00688	0.01
1375.9	6.8795	0.1188	0.00688	0.01
1376.0	6.88	0.1188	0.00688	0.01
1376.1	6.8805	0.11881	0.00688	0.01
1376.2	6.881	0.11881	0.00688	0.01
1376.3	6.8815	0.11882	0.00688	0.01
1376.4	6.882	0.11882	0.00688	0.01
1376.5	6.8825	0.11883	0.00688	0.01
1376.6	6.883	0.11883	0.00688	0.01
1376.7	6.8835	0.11884	0.00688	0.01
1376.8	6.884	0.11884	0.00688	0.01
1376.9	6.8845	0.11885	0.00688	0.01
1377.0	6.885	0.11885	0.00689	0.01
1377.1	6.8855	0.11886	0.00689	0.01
1377.2	6.886	0.11886	0.00689	0.01
1377.3	6.8865	0.11887	0.00689	0.01
1377.4	6.887	0.11887	0.00689	0.01
1377.5	6.8875	0.11888	0.00689	0.01
1377.6	6.888	0.11888	0.00689	0.01
1377.7	6.8885	0.11889	0.00689	0.01
1377.8	6.889	0.11889	0.00689	0.01
1377.9	6.8895	0.1189	0.00689	0.01
1378.0	6.89	0.1189	0.00689	0.01
1378.1	6.8905	0.11891	0.00689	0.01
1378.2	6.891	0.11891	0.00689	0.01
1378.3	6.8915	0.11892	0.00689	0.01
1378.4	6.892	0.11892	0.00689	0.01
1378.5	6.8925	0.11893	0.00689	0.01
1378.6	6.893	0.11893	0.00689	0.01
1378.7	6.8935	0.11894	0.00689	0.01
1378.8	6.894	0.11894	0.00689	0.01
1378.9	6.8945	0.11895	0.00689	0.01
1379.0	6.895	0.11895	0.0069	0.01
1379.1	6.8955	0.11896	0.0069	0.01
1379.2	6.896	0.11896	0.0069	0.01
1379.3	6.8965	0.11897	0.0069	0.01
1379.4	6.897	0.11897	0.0069	0.01
1379.5	6.8975	0.11898	0.0069	0.01
1379.6	6.898	0.11898	0.0069	0.01
1379.7	6.8985	0.11899	0.0069	0.01
1379.8	6.899	0.11899	0.0069	0.01
1379.9	6.8995	0.119	0.0069	0.01
1380.0	6.9	0.119	0.0069	0.01
1380.1	6.9005	0.11901	0.0069	0.01
1380.2	6.901	0.11901	0.0069	0.01
1380.3	6.9015	0.11902	0.0069	0.01
1380.4	6.902	0.11902	0.0069	0.01
1380.5	6.9025	0.11903	0.0069	0.01
1380.6	6.903	0.11903	0.0069	0.01
1380.7	6.9035	0.11904	0.0069	0.01
1380.8	6.904	0.11904	0.0069	0.01
1380.9	6.9045	0.11905	0.0069	0.01
1381.0	6.905	0.11905	0.00691	0.01
1381.1	6.9055	0.11906	0.00691	0.01
1381.2	6.906	0.11906	0.00691	0.01
1381.3	6.9065	0.11907	0.00691	0.01
1381.4	6.907	0.11907	0.00691	0.01
1381.5	6.9075	0.11908	0.00691	0.01
1381.6	6.908	0.11908	0.00691	0.01
1381.7	6.9085	0.11909	0.00691	0.01
1381.8	6.909	0.11909	0.00691	0.01
1381.9	6.9095	0.1191	0.00691	0.01
1382.0	6.91	0.1191	0.00691	0.01
1382.1	6.9105	0.11911	0.00691	0.01
1382.2	6.911	0.11911	0.00691	0.01
1382.3	6.9115	0.11912	0.00691	0.01
1382.4	6.912	0.11912	0.00691	0.01
1382.5	6.9125	0.11913	0.00691	0.01
1382.6	6.913	0.11913	0.00691	0.01
1382.7	6.9135	0.11914	0.00691	0.01
1382.8	6.914	0.11914	0.00691	0.01
1382.9	6.9145	0.11915	0.00691	0.01
1383.0	6.915	0.11915	0.00692	0.01
1383.1	6.9155	0.11916	0.00692	0.01
1383.2	6.916	0.11916	0.00692	0.01
1383.3	6.9165	0.11917	0.00692	0.01
1383.4	6.917	0.11917	0.00692	0.01
1383.5	6.9175	0.11918	0.00692	0.01
1383.6	6.918	0.11918	0.00692	0.01
1383.7	6.9185	0.11919	0.00692	0.01
1383.8	6.919	0.11919	0.00692	0.01
1383.9	6.9195	0.1192	0.00692	0.01
1384.0	6.92	0.1192	0.00692	0.01
1384.1	6.9205	0.11921	0.00692	0.01
1384.2	6.921	0.11921	0.00692	0.01
1384.3	6.9215	0.11922	0.00692	0.01
1384.4	6.922	0.11922	0.00692	0.01
1384.5	6.9225	0.11923	0.00692	0.01
1384.6	6.923	0.11923	0.00692	0.01
1384.7	6.9235	0.11924	0.00692	0.01
1384.8	6.924	0.11924	0.00692	0.01
1384.9	6.9245	0.11925	0.00692	0.01
1385.0	6.925	0.11925	0.00693	0.01
1385.1	6.9255	0.11926	0.00693	0.01
1385.2	6.926	0.11926	0.00693	0.01
1385.3	6.9265	0.11927	0.00693	0.01
1385.4	6.927	0.11927	0.00693	0.01
1385.5	6.9275	0.11928	0.00693	0.01
1385.6	6.928	0.11928	0.00693	0.01
1385.7	6.9285	0.11929	0.00693	0.01
1385.8	6.929	0.11929	0.00693	0.01
1385.9	6.9295	0.1193	0.00693	0.01
1386.0	6.93	0.1193	0.00693	0.01
1386.1	6.9305	0.11931	0.00693	0.01
1386.2	6.931	0.11931	0.00693	0.01
1386.3	6.9315	0.11932	0.00693	0.01
1386.4	6.932	0.11932	0.00693	0.01
1386.5	6.9325	0.11933	0.00693	0.01
1386.6	6.933	0.11933	0.00693	0.01
1386.7	6.9335	0.11934	0.00693	0.01
1386.8	6.934	0.11934	0.00693	0.01
1386.9	6.9345	0.11935	0.00693	0.01
1387.0	6.935	0.11935	0.00694	0.01
1387.1	6.9355	0.11936	0.00694	0.01
1387.2	6.936	0.11936	0.00694	0.01
1387.3	6.9365	0.11937	0.00694	0.01
1387.4	6.937	0.11937	0.00694	0.01
1387.5	6.9375	0.11938	0.00694	0.01
1387.6	6.938	0.11938	0.00694	0.01
1387.7	6.9385	0.11939	0.00694	0.01
1387.8	6.939	0.11939	0.00694	0.01
1387.9	6.9395	0.1194	0.00694	0.01
1388.0	6.94	0.1194	0.00694	0.01
1388.1	6.9405	0.11941	0.00694	0.01
1388.2	6.941	0.11941	0.00694	0.01
1388.3	6.9415	0.11942	0.00694	0.01
1388.4	6.942	0.11942	0.00694	0.01
1388.5	6.9425	0.11943	0.00694	0.01
1388.6	6.943	0.11943	0.00694	0.01
1388.7	6.9435	0.11944	0.00694	0.01
1388.8	6.944	0.11944	0.00694	0.01
1388.9	6.9445	0.11945	0.00694	0.01
1389.0	6.945	0.11945	0.00695	0.01
1389.1	6.9455	0.11946	0.00695	0.01
1389.2	6.946	0.11946	0.00695	0.01
1389.3	6.9465	0.11947	0.00695	0.01
1389.4	6.947	0.11947	0.00695	0.01
1389.5	6.9475	0.11948	0.00695	0.01
1389.6	6.948	0.11948	0.00695	0.01
1389.7	6.9485	0.11949	0.00695	0.01
1389.8	6.949	0.11949	0.00695	0.01
1389.9	6.9495	0.1195	0.00695	0.01
1390.0	6.95	0.1195	0.00695	0.01
1390.1	6.9505	0.11951	0.00695	0.01
1390.2	6.951	0.11951	0.00695	0.01
1390.3	6.9515	0.11952	0.00695	0.01
1390.4	6.952	0.11952	0.00695	0.01
1390.5	6.9525	0.11953	0.00695	0.01
1390.6	6.953	0.11953	0.00695	0.01
1390.7	6.9535	0.11954	0.00695	0.01
1390.8	6.954	0.11954	0.00695	0.01
1390.9	6.9545	0.11955	0.00695	0.01
1391.0	6.955	0.11955	0.00696	0.01
1391.1	6.9555	0.11956	0.00696	0.01
1391.2	6.956	0.11956	0.00696	0.01
1391.3	6.9565	0.11957	0.00696	0.01
1391.4	6.957	0.11957	0.00696	0.01
1391.5	6.9575	0.11958	0.00696	0.01
1391.6	6.958	0.11958	0.00696	0.01
1391.7	6.9585	0.11959	0.00696	0.01
1391.8	6.959	0.11959	0.00696	0.01
1391.9	6.9595	0.1196	0.00696	0.01
1392.0	6.96	0.1196	0.00696	0.01
1392.1	6.9605	0.11961	0.00696	0.01
1392.2	6.961	0.11961	0.00696	0.01
1392.3	6.9615	0.11962	0.00696	0.01
1392.4	6.962	0.11962	0.00696	0.01
1392.5	6.9625	0.11963	0.00696	0.01
1392.6	6.963	0.11963	0.00696	0.01
1392.7	6.9635	0.11964	0.00696	0.01
1392.8	6.964	0.11964	0.00696	0.01
1392.9	6.9645	0.11965	0.00696	0.01
1393.0	6.965	0.11965	0.00697	0.01
1393.1	6.9655	0.11966	0.00697	0.01
1393.2	6.966	0.11966	0.00697	0.01
1393.3	6.9665	0.11967	0.00697	0.01
1393.4	6.967	0.11967	0.00697	0.01
1393.5	6.9675	0.11968	0.00697	0.01
1393.6	6.968	0.11968	0.00697	0.01
1393.7	6.9685	0.11969	0.00697	0.01
1393.8	6.969	0.11969	0.00697	0.01
1393.9	6.9695	0.1197	0.00697	0.01
1394.0	6.97	0.1197	0.00697	0.01
1394.1	6.9705	0.11971	0.00697	0.01
1394.2	6.971	0.11971	0.00697	0.01
1394.3	6.9715	0.11972	0.00697	0.01
1394.4	6.972	0.11972	0.00697	0.01
1394.5	6.9725	0.11973	0.00697	0.01
1394.6	6.973	0.11973	0.00697	0.01
1394.7	6.9735	0.11974	0.00697	0.01
1394.8	6.974	0.11974	0.00697	0.01
1394.9	6.9745	0.11975	0.00697	0.01
1395.0	6.975	0.11975	0.00698	0.01
1395.1	6.9755	0.11976	0.00698	0.01
1395.2	6.976	0.11976	0.00698	0.01
1395.3	6.9765	0.11977	0.00698	0.01
1395.4	6.977	0.11977	0.00698	0.01
1395.5	6.9775	0.11978	0.00698	0.01
1395.6	6.978	0.11978	0.00698	0.01
1395.7	6.9785	0.11979	0.00698	0.01
1395.8	6.979	0.11979	0.00698	0.01
1395.9	6.9795	0.1198	0.00698	0.01
1396.0	6.98	0.1198	0.00698	0.01
1396.1	6.9805	0.11981	0.00698	0.01
1396.2	6.981	0.11981	0.00698	0.01
1396.3	6.9815	0.11982	0.00698	0.01
1396.4	6.982	0.11982	0.00698	0.01
1396.5	6.9825	0.11983	0.00698	0.01
1396.6	6.983	0.11983	0.00698	0.01
1396.7	6.9835	0.11984	0.00698	0.01
1396.8	6.984	0.11984	0.00698	0.01
1396.9	6.9845	0.11985	0.00698	0.01
1397.0	6.985	0.11985	0.00699	0.01
1397.1	6.9855	0.11986	0.00699	0.01
1397.2	6.986	0.11986	0.00699	0.01
1397.3	6.9865	0.11987	0.00699	0.01
1397.4	6.987	0.11987	0.00699	0.01
1397.5	6.9875	0.11988	0.00699	0.01
1397.6	6.988	0.11988	0.00699	0.01
1397.7	6.9885	0.11989	0.00699	0.01
1397.8	6.989	0.11989	0.00699	0.01
1397.9	6.9895	0.1199	0.00699	0.01
1398.0	6.99	0.1199	0.00699	0.01
1398.1	6.9905	0.11991	0.00699	0.01
1398.2	6.991	0.11991	0.00699	0.01
1398.3	6.9915	0.11992	0.00699	0.01
1398.4	6.992	0.11992	0.00699	0.01
1398.5	6.9925	0.11993	0.00699	0.01
1398.6	6.993	0.11993	0.00699	0.01
1398.7	6.9935	0.11994	0.00699	0.01
1398.8	6.994	0.11994	0.00699	0.01
1398.9	6.9945	0.11995	0.00699	0.01
1399.0	6.995	0.11995	0.007	0.01
1399.1	6.9955	0.11996	0.007	0.01
1399.2	6.996	0.11996	0.007	0.01
1399.3	6.9965	0.11997	0.007	0.01
1399.4	6.997	0.11997	0.007	0.01
1399.5	6.9975	0.11998	0.007	0.01
1399.6	6.998	0.11998	0.007	0.01
1399.7	6.9985	0.11999	0.007	0.01
1399.8	6.999	0.11999	0.007	0.01
1399.9	6.9995	0.12	0.007	0.01
1400.0	7.0	0.12	0.007	0.01
1400.1	7.0005	0.12001	0.007	0.01
1400.2	7.001	0.12001	0.007	0.01
1400.3	7.0015	0.12002	0.007	0.01
1400.4	7.002	0.12002	0.007	0.01
1400.5	7.0025	0.12003	0.007	0.01
1400.6	7.003	0.12003	0.007	0.01
1400.7	7.0035	0.12004	0.007	0.01
1400.8	7.004	0.12004	0.007	0.01
1400.9	7.0045	0.12005	0.007	0.01
1401.0	7.005	0.12005	0.00701	0.01
1401.1	7.0055	0.12006	0.00701	0.01
1401.2	7.006	0.12006	0.00701	0.01
1401.3	7.0065	0.12007	0.00701	0.01
1401.4	7.007	0.12007	0.00701	0.01
1401.5	7.0075	0.12008	0.00701	0.01
1401.6	7.008	0.12008	0.00701	0.01
1401.7	7.0085	0.12009	0.00701	0.01
1401.8	7.009	0.12009	0.00701	0.01
1401.9	7.0095	0.1201	0.00701	0.01
1402.0	7.01	0.1201	0.00701	0.01
1402.1	7.0105	0.12011	0.00701	0.01
1402.2	7.011	0.12011	0.00701	0.01
1402.3	7.0115	0.12012	0.00701	0.01
1402.4	7.012	0.12012	0.00701	0.01
1402.5	7.0125	0.12013	0.00701	0.01
1402.6	7.013	0.12013	0.00701	0.01
1402.7	7.0135	0.12014	0.00701	0.01
1402.8	7.014	0.12014	0.00701	0.01
1402.9	7.0145	0.12015	0.00701	0.01
1403.0	7.015	0.12015	0.00702	0.01
1403.1	7.0155	0.12016	0.00702	0.01
1403.2	7.016	0.12016	0.00702	0.01
1403.3	7.0165	0.12017	0.00702	0.01
1403.4	7.017	0.12017	0.00702	0.01
1403.5	7.0175	0.12018	0.00702	0.01
1403.6	7.018	0.12018	0.00702	0.01
1403.7	7.0185	0.12019	0.00702	0.01
1403.8	7.019	0.12019	0.00702	0.01
1403.9	7.0195	0.1202	0.00702	0.01
1404.0	7.02	0.1202	0.00702	0.01
1404.1	7.0205	0.12021	0.00702	0.01
1404.2	7.021	0.12021	0.00702	0.01
1404.3	7.0215	0.12022	0.00702	0.01
1404.4	7.022	0.12022	0.00702	0.01
1404.5	7.0225	0.12023	0.00702	0.01
1404.6	7.023	0.12023	0.00702	0.01
1404.7	7.0235	0.12024	0.00702	0.01
1404.8	7.024	0.12024	0.00702	0.01
1404.9	7.0245	0.12025	0.00702	0.01
1405.0	7.025	0.12025	0.00703	0.01
1405.1	7.0255	0.12026	0.00703	0.01
1405.2	7.026	0.12026	0.00703	0.01
1405.3	7.0265	0.12027	0.00703	0.01
1405.4	7.027	0.12027	0.00703	0.01
1405.5	7.0275	0.12028	0.00703	0.01
1405.6	7.028	0.12028	0.00703	0.01
1405.7	7.0285	0.12029	0.00703	0.01
1405.8	7.029	0.12029	0.00703	0.01
1405.9	7.0295	0.1203	0.00703	0.01
1406.0	7.03	0.1203	0.00703	0.01
1406.1	7.0305	0.12031	0.00703	0.01
1406.2	7.031	0.12031	0.00703	0.01
1406.3	7.0315	0.12032	0.00703	0.01
1406.4	7.032	0.12032	0.00703	0.01
1406.5	7.0325	0.12033	0.00703	0.01
1406.6	7.033	0.12033	0.00703	0.01
1406.7	7.0335	0.12034	0.00703	0.01
1406.8	7.034	0.12034	0.00703	0.01
1406.9	7.0345	0.12035	0.00703	0.01
1407.0	7.035	0.12035	0.00704	0.01
1407.1	7.0355	0.12036	0.00704	0.01
1407.2	7.036	0.12036	0.00704	0.01
1407.3	7.0365	0.12037	0.00704	0.01
1407.4	7.037	0.12037	0.00704	0.01
1407.5	7.0375	0.12038	0.00704	0.01
1407.6	7.038	0.12038	0.00704	0.01
1407.7	7.0385	0.12039	0.00704	0.01
1407.8	7.039	0.12039	0.00704	0.01
1407.9	7.0395	0.1204	0.00704	0.01
1408.0	7.04	0.1204	0.00704	0.01
1408.1	7.0405	0.12041	0.00704	0.01
1408.2	7.041	0.12041	0.00704	0.01
1408.3	7.0415	0.12042	0.00704	0.01
1408.4	7.042	0.12042	0.00704	0.01
1408.5	7.0425	0.12043	0.00704	0.01
1408.6	7.043	0.12043	0.00704	0.01
1408.7	7.0435	0.12044	0.00704	0.01
1408.8	7.044	0.12044	0.00704	0.01
1408.9	7.0445	0.12045	0.00704	0.01
1409.0	7.045	0.12045	0.00705	0.01
1409.1	7.0455	0.12046	0.00705	0.01
1409.2	7.046	0.12046	0.00705	0.01
1409.3	7.0465	0.12047	0.00705	0.01
1409.4	7.047	0.12047	0.00705	0.01
1409.5	7.0475	0.12048	0.00705	0.01
1409.6	7.048	0.12048	0.00705	0.01
1409.7	7.0485	0.12049	0.00705	0.01
1409.8	7.049	0.12049	0.00705	0.01
1409.9	7.0495	0.1205	0.00705	0.01
1410.0	7.05	0.1205	0.00705	0.01
1410.1	7.0505	0.12051	0.00705	0.01
1410.2	7.051	0.12051	0.00705	0.01
1410.3	7.0515	0.12052	0.00705	0.01
1410.4	7.052	0.12052	0.00705	0.01
1410.5	7.0525	0.12053	0.00705	0.01
1410.6	7.053	0.12053	0.00705	0.01
1410.7	7.0535	0.12054	0.00705	0.01
1410.8	7.054	0.12054	0.00705	0.01
1410.9	7.0545	0.12055	0.00705	0.01
1411.0	7.055	0.12055	0.00706	0.01
1411.1	7.0555	0.12056	0.00706	0.01
1411.2	7.056	0.12056	0.00706	0.01
1411.3	7.0565	0.12057	0.00706	0.01
1411.4	7.057	0.12057	0.00706	0.01
1411.5	7.0575	0.12058	0.00706	0.01
1411.6	7.058	0.12058	0.00706	0.01
1411.7	7.0585	0.12059	0.00706	0.01
1411.8	7.059	0.12059	0.00706	0.01
1411.9	7.0595	0.1206	0.00706	0.01
1412.0	7.06	0.1206	0.00706	0.01
1412.1	7.0605	0.12061	0.00706	0.01
1412.2	7.061	0.12061	0.00706	0.01
1412.3	7.0615	0.12062	0.00706	0.01
1412.4	7.062	0.12062	0.00706	0.01
1412.5	7.0625	0.12063	0.00706	0.01
1412.6	7.063	0.12063	0.00706	0.01
1412.7	7.0635	0.12064	0.00706	0.01
1412.8	7.064	0.12064	0.00706	0.01
1412.9	7.0645	0.12065	0.00706	0.01
1413.0	7.065	0.12065	0.00707	0.01
1413.1	7.0655	0.12066	0.00707	0.01
1413.2	7.066	0.12066	0.00707	0.01
1413.3	7.0665	0.12067	0.00707	0.01
1413.4	7.067	0.12067	0.00707	0.01
1413.5	7.0675	0.12068	0.00707	0.01
1413.6	7.068	0.12068	0.00707	0.01
1413.7	7.0685	0.12069	0.00707	0.01
1413.8	7.069	0.12069	0.00707	0.01
1413.9	7.0695	0.1207	0.00707	0.01
1414.0	7.07	0.1207	0.00707	0.01
1414.1	7.0705	0.12071	0.00707	0.01
1414.2	7.071	0.12071	0.00707	0.01
1414.3	7.0715	0.12072	0.00707	0.01
1414.4	7.072	0.12072	0.00707	0.01
1414.5	7.0725	0.12073	0.00707	0.01
1414.6	7.073	0.12073	0.00707	0.01
1414.7	7.0735	0.12074	0.00707	0.01
1414.8	7.074	0.12074	0.00707	0.01
1414.9	7.0745	0.12075	0.00707	0.01
1415.0	7.075	0.12075	0.00708	0.01
1415.1	7.0755	0.12076	0.00708	0.01
1415.2	7.076	0.12076	0.00708	0.01
1415.3	7.0765	0.12077	0.00708	0.01
1415.4	7.077	0.12077	0.00708	0.01
1415.5	7.0775	0.12078	0.00708	0.01
1415.6	7.078	0.12078	0.00708	0.01
1415.7	7.0785	0.12079	0.00708	0.01
1415.8	7.079	0.12079	0.00708	0.01
1415.9	7.0795	0.1208	0.00708	0.01
1416.0	7.08	0.1208	0.00708	0.01
1416.1	7.0805	0.12081	0.00708	0.01
1416.2	7.081	0.12081	0.00708	0.01
1416.3	7.0815	0.12082	0.00708	0.01
1416.4	7.082	0.12082	0.00708	0.01
1416.5	7.0825	0.12083	0.00708	0.01
1416.6	7.083	0.12083	0.00708	0.01
1416.7	7.0835	0.12084	0.00708	0.01
1416.8	7.084	0.12084	0.00708	0.01
1416.9	7.0845	0.12085	0.00708	0.01
1417.0	7.085	0.12085	0.00709	0.01
1417.1	7.0855	0.12086	0.00709	0.01
1417.2	7.086	0.12086	0.00709	0.01
1417.3	7.0865	0.12087	0.00709	0.01
1417.4	7.087	0.12087	0.00709	0.01
1417.5	7.0875	0.12088	0.00709	0.01
1417.6	7.088	0.12088	0.00709	0.01
1417.7	7.0885	0.12089	0.00709	0.01
1417.8	7.089	0.12089	0.00709	0.01
1417.9	7.0895	0.1209	0.00709	0.01
1418.0	7.09	0.1209	0.00709	0.01
1418.1	7.0905	0.12091	0.00709	0.01
1418.2	7.091	0.12091	0.00709	0.01
1418.3	7.0915	0.12092	0.00709	0.01
1418.4	7.092	0.12092	0.00709	0.01
1418.5	7.0925	0.12093	0.00709	0.01
1418.6	7.093	0.12093	0.00709	0.01
1418.7	7.0935	0.12094	0.00709	0.01
1418.8	7.094	0.12094	0.00709	0.01
1418.9	7.0945	0.12095	0.00709	0.01
1419.0	7.095	0.12095	0.0071	0.01
1419.1	7.0955	0.12096	0.0071	0.01
1419.2	7.096	0.12096	0.0071	0.01
1419.3	7.0965	0.12097	0.0071	0.01
1419.4	7.097	0.12097	0.0071	0.01
1419.5	7.0975	0.12098	0.0071	0.01
1419.6	7.098	0.12098	0.0071	0.01
1419.7	7.0985	0.12099	0.0071	0.01
1419.8	7.099	0.12099	0.0071	0.01
1419.9	7.0995	0.121	0.0071	0.01
1420.0	7.1	0.121	0.0071	0.01
1420.1	7.1005	0.12101	0.0071	0.01
1420.2	7.101	0.12101	0.0071	0.01
1420.3	7.1015	0.12102	0.0071	0.01
1420.4	7.102	0.12102	0.0071	0.01
1420.5	7.1025	0.12103	0.0071	0.01
1420.6	7.103	0.12103	0.0071	0.01
1420.7	7.1035	0.12104	0.0071	0.01
1420.8	7.104	0.12104	0.0071	0.01
1420.9	7.1045	0.12105	0.0071	0.01
1421.0	7.105	0.12105	0.00711	0.01
1421.1	7.1055	0.12106	0.00711	0.01
1421.2	7.106	0.12106	0.00711	0.01
1421.3	7.1065	0.12107	0.00711	0.01
1421.4	7.107	0.12107	0.00711	0.01
1421.5	7.1075	0.12108	0.00711	0.01
1421.6	7.108	0.12108	0.00711	0.01
1421.7	7.1085	0.12109	0.00711	0.01
1421.8	7.109	0.12109	0.00711	0.01
1421.9	7.1095	0.1211	0.00711	0.01
1422.0	7.11	0.1211	0.00711	0.01
1422.1	7.1105	0.12111	0.00711	0.01
1422.2	7.111	0.12111	0.00711	0.01
1422.3	7.1115	0.12112	0.00711	0.01
1422.4	7.112	0.12112	0.00711	0.01
1422.5	7.1125	0.12113	0.00711	0.01
1422.6	7.113	0.12113	0.00711	0.01
1422.7	7.1135	0.12114	0.00711	0.01
1422.8	7.114	0.12114	0.00711	0.01
1422.9	7.1145	0.12115	0.00711	0.01
1423.0	7.115	0.12115	0.00712	0.01
1423.1	7.1155	0.12116	0.00712	0.01
1423.2	7.116	0.12116	0.00712	0.01
1423.3	7.1165	0.12117	0.00712	0.01
1423.4	7.117	0.12117	0.00712	0.01
1423.5	7.1175	0.12118	0.00712	0.01
1423.6	7.118	0.12118	0.00712	0.01
1423.7	7.1185	0.12119	0.00712	0.01
1423.8	7.119	0.12119	0.00712	0.01
1423.9	7.1195	0.1212	0.00712	0.01
1424.0	7.12	0.1212	0.00712	0.01
1424.1	7.1205	0.12121	0.00712	0.01
1424.2	7.121	0.12121	0.00712	0.01
1424.3	7.1215	0.12122	0.00712	0.01
1424.4	7.122	0.12122	0.00712	0.01
1424.5	7.1225	0.12123	0.00712	0.01
1424.6	7.123	0.12123	0.00712	0.01
1424.7	7.1235	0.12124	0.00712	0.01
1424.8	7.124	0.12124	0.00712	0.01
1424.9	7.1245	0.12125	0.00712	0.01
1425.0	7.125	0.12125	0.00713	0.01
1425.1	7.1255	0.12126	0.00713	0.01
1425.2	7.126	0.12126	0.00713	0.01
1425.3	7.1265	0.12127	0.00713	0.01
1425.4	7.127	0.12127	0.00713	0.01
1425.5	7.1275	0.12128	0.00713	0.01
1425.6	7.128	0.12128	0.00713	0.01
1425.7	7.1285	0.12129	0.00713	0.01
1425.8	7.129	0.12129	0.00713	0.01
1425.9	7.1295	0.1213	0.00713	0.01
1426.0	7.13	0.1213	0.00713	0.01
1426.1	7.1305	0.12131	0.00713	0.01
1426.2	7.131	0.12131	0.00713	0.01
1426.3	7.1315	0.12132	0.00713	0.01
1426.4	7.132	0.12132	0.00713	0.01
1426.5	7.1325	0.12133	0.00713	0.01
1426.6	7.133	0.12133	0.00713	0.01
1426.7	7.1335	0.12134	0.00713	0.01
1426.8	7.134	0.12134	0.00713	0.01
1426.9	7.1345	0.12135	0.00713	0.01
1427.0	7.135	0.12135	0.00714	0.01
1427.1	7.1355	0.12136	0.00714	0.01
1427.2	7.136	0.12136	0.00714	0.01
1427.3	7.1365	0.12137	0.00714	0.01
1427.4	7.137	0.12137	0.00714	0.01
1427.5	7.1375	0.12138	0.00714	0.01
1427.6	7.138	0.12138	0.00714	0.01
1427.7	7.1385	0.12139	0.00714	0.01
1427.8	7.139	0.12139	0.00714	0.01
1427.9	7.1395	0.1214	0.00714	0.01
1428.0	7.14	0.1214	0.00714	0.01
1428.1	7.1405	0.12141	0.00714	0.01
1428.2	7.141	0.12141	0.00714	0.01
1428.3	7.1415	0.12142	0.00714	0.01
1428.4	7.142	0.12142	0.00714	0.01
1428.5	7.1425	0.12143	0.00714	0.01
1428.6	7.143	0.12143	0.00714	0.01
1428.7	7.1435	0.12144	0.00714	0.01
1428.8	7.144	0.12144	0.00714	0.01
1428.9	7.1445	0.12145	0.00714	0.01
1429.0	7.145	0.12145	0.00715	0.01
1429.1	7.1455	0.12146	0.00715	0.01
1429.2	7.146	0.12146	0.00715	0.01
1429.3	7.1465	0.12147	0.00715	0.01
1429.4	7.147	0.12147	0.00715	0.01
1429.5	7.1475	0.12148	0.00715	0.01
1429.6	7.148	0.12148	0.00715	0.01
1429.7	7.1485	0.12149	0.00715	0.01
1429.8	7.149	0.12149	0.00715	0.01
1429.9	7.1495	0.1215	0.00715	0.01
1430.0	7.15	0.1215	0.00715	0.01
1430.1	7.1505	0.12151	0.00715	0.01
1430.2	7.151	0.12151	0.00715	0.01
1430.3	7.1515	0.12152	0.00715	0.01
1430.4	7.152	0.12152	0.00715	0.01
1430.5	7.1525	0.12153	0.00715	0.01
1430.6	7.153	0.12153	0.00715	0.01
1430.7	7.1535	0.12154	0.00715	0.01
1430.8	7.154	0.12154	0.00715	0.01
1430.9	7.1545	0.12155	0.00715	0.01
1431.0	7.155	0.12155	0.00716	0.01
1431.1	7.1555	0.12156	0.00716	0.01
1431.2	7.156	0.12156	0.00716	0.01
1431.3	7.1565	0.12157	0.00716	0.01
1431.4	7.157	0.12157	0.00716	0.01
1431.5	7.1575	0.12158	0.00716	0.01
1431.6	7.158	0.12158	0.00716	0.01
1431.7	7.1585	0.12159	0.00716	0.01
1431.8	7.159	0.12159	0.00716	0.01
1431.9	7.1595	0.1216	0.00716	0.01
1432.0	7.16	0.1216	0.00716	0.01
1432.1	7.1605	0.12161	0.00716	0.01
1432.2	7.161	0.12161	0.00716	0.01
1432.3	7.1615	0.12162	0.00716	0.01
1432.4	7.162	0.12162	0.00716	0.01
1432.5	7.1625	0.12163	0.00716	0.01
1432.6	7.163	0.12163	0.00716	0.01
1432.7	7.1635	0.12164	0.00716	0.01
1432.8	7.164	0.12164	0.00716	0.01
1432.9	7.1645	0.12165	0.00716	0.01
1433.0	7.165	0.12165	0.00717	0.01
1433.1	7.1655	0.12166	0.00717	0.01
1433.2	7.166	0.12166	0.00717	0.01
1433.3	7.1665	0.12167	0.00717	0.01
1433.4	7.167	0.12167	0.00717	0.01
1433.5	7.1675	0.12168	0.00717	0.01
1433.6	7.168	0.12168	0.00717	0.01
1433.7	7.1685	0.12169	0.00717	0.01
1433.8	7.169	0.12169	0.00717	0.01
1433.9	7.1695	0.1217	0.00717	0.01
1434.0	7.17	0.1217	0.00717	0.01
1434.1	7.1705	0.12171	0.00717	0.01
1434.2	7.171	0.12171	0.00717	0.01
1434.3	7.1715	0.12172	0.00717	0.01
1434.4	7.172	0.12172	0.00717	0.01
1434.5	7.1725	0.12173	0.00717	0.01
1434.6	7.173	0.12173	0.00717	0.01
1434.7	7.1735	0.12174	0.00717	0.01
1434.8	7.174	0.12174	0.00717	0.01
1434.9	7.1745	0.12175	0.00717	0.01
1435.0	7.175	0.12175	0.00718	0.01
1435.1	7.1755	0.12176	0.00718	0.01
1435.2	7.176	0.12176	0.00718	0.01
1435.3	7.1765	0.12177	0.00718	0.01
1435.4	7.177	0.12177	0.00718	0.01
1435.5	7.1775	0.12178	0.00718	0.01
1435.6	7.178	0.12178	0.00718	0.01
1435.7	7.1785	0.12179	0.00718	0.01
1435.8	7.179	0.12179	0.00718	0.01
1435.9	7.1795	0.1218	0.00718	0.01
1436.0	7.18	0.1218	0.00718	0.01
1436.1	7.1805	0.12181	0.00718	0.01
1436.2	7.181	0.12181	0.00718	0.01
1436.3	7.1815	0.12182	0.00718	0.01
1436.4	7.182	0.12182	0.00718	0.01
1436.5	7.1825	0.12183	0.00718	0.01
1436.6	7.183	0.12183	0.00718	0.01
1436.7	7.1835	0.12184	0.00718	0.01
1436.8	7.184	0.12184	0.00718	0.01
1436.9	7.1845	0.12185	0.00718	0.01
1437.0	7.185	0.12185	0.00719	0.01
1437.1	7.1855	0.12186	0.00719	0.01
1437.2	7.186	0.12186	0.00719	0.01
1437.3	7.1865	0.12187	0.00719	0.01
1437.4	7.187	0.12187	0.00719	0.01
1437.5	7.1875	0.12188	0.00719	0.01
1437.6	7.188	0.12188	0.00719	0.01
1437.7	7.1885	0.12189	0.00719	0.01
1437.8	7.189	0.12189	0.00719	0.01
1437.9	7.1895	0.1219	0.00719	0.01
1438.0	7.19	0.1219	0.00719	0.01
1438.1	7.1905	0.12191	0.00719	0.01
1438.2	7.191	0.12191	0.00719	0.01
1438.3	7.1915	0.12192	0.00719	0.01
1438.4	7.192	0.12192	0.00719	0.01
1438.5	7.1925	0.12193	0.00719	0.01
1438.6	7.193	0.12193	0.00719	0.01
1438.7	7.1935	0.12194	0.00719	0.01
1438.8	7.194	0.12194	0.00719	0.01
1438.9	7.1945	0.12195	0.00719	0.01
1439.0	7.195	0.12195	0.0072	0.01
1439.1	7.1955	0.12196	0.0072	0.01
1439.2	7.196	0.12196	0.0072	0.01
1439.3	7.1965	0.12197	0.0072	0.01
1439.4	7.197	0.12197	0.0072	0.01
1439.5	7.1975	0.12198	0.0072	0.01
1439.6	7.198	0.12198	0.0072	0.01
1439.7	7.1985	0.12199	0.0072	0.01
1439.8	7.199	0.12199	0.0072	0.01
1439.9	7.1995	0.122	0.0072	0.01
1440.0	7.2	0.122	0.0072	0.01
1440.1	7.2005	0.12201	0.0072	0.01
1440.2	7.201	0.12201	0.0072	0.01
1440.3	7.2015	0.12202	0.0072	0.01
1440.4	7.202	0.12202	0.0072	0.01
1440.5	7.2025	0.12203	0.0072	0.01
1440.6	7.203	0.12203	0.0072	0.01
1440.7	7.2035	0.12204	0.0072	0.01
1440.8	7.204	0.12204	0.0072	0.01
1440.9	7.2045	0.12205	0.0072	0.01
1441.0	7.205	0.12205	0.00721	0.01
1441.1	7.2055	0.12206	0.00721	0.01
1441.2	7.206	0.12206	0.00721	0.01
1441.3	7.2065	0.12207	0.00721	0.01
1441.4	7.207	0.12207	0.00721	0.01
1441.5	7.2075	0.12208	0.00721	0.01
1441.6	7.208	0.12208	0.00721	0.01
1441.7	7.2085	0.12209	0.00721	0.01
1441.8	7.209	0.12209	0.00721	0.01
1441.9	7.2095	0.1221	0.00721	0.01
1442.0	7.21	0.1221	0.00721	0.01
1442.1	7.2105	0.12211	0.00721	0.01
1442.2	7.211	0.12211	0.00721	0.01
1442.3	7.2115	0.12212	0.00721	0.01
1442.4	7.212	0.12212	0.00721	0.01
1442.5	7.2125	0.12213	0.00721	0.01
1442.6	7.213	0.12213	0.00721	0.01
1442.7	7.2135	0.12214	0.00721	0.01
1442.8	7.214	0.12214	0.00721	0.01
1442.9	7.2145	0.12215	0.00721	0.01
1443.0	7.215	0.12215	0.00722	0.01
1443.1	7.2155	0.12216	0.00722	0.01
1443.2	7.216	0.12216	0.00722	0.01
1443.3	7.2165	0.12217	0.00722	0.01
1443.4	7.217	0.12217	0.00722	0.01
1443.5	7.2175	0.12218	0.00722	0.01
1443.6	7.218	0.12218	0.00722	0.01
1443.7	7.2185	0.12219	0.00722	0.01
1443.8	7.219	0.12219	0.00722	0.01
1443.9	7.2195	0.1222	0.00722	0.01
1444.0	7.22	0.1222	0.00722	0.01
1444.1	7.2205	0.12221	0.00722	0.01
1444.2	7.221	0.12221	0.00722	0.01
1444.3	7.2215	0.12222	0.00722	0.01
1444.4	7.222	0.12222	0.00722	0.01
1444.5	7.2225	0.12223	0.00722	0.01
1444.6	7.223	0.12223	0.00722	0.01
1444.7	7.2235	0.12224	0.00722	0.01
1444.8	7.224	0.12224	0.00722	0.01
1444.9	7.2245	0.12225	0.00722	0.01
1445.0	7.225	0.12225	0.00723	0.01
1445.1	7.2255	0.12226	0.00723	0.01
1445.2	7.226	0.12226	0.00723	0.01
1445.3	7.2265	0.12227	0.00723	0.01
1445.4	7.227	0.12227	0.00723	0.01
1445.5	7.2275	0.12228	0.00723	0.01
1445.6	7.228	0.12228	0.00723	0.01
1445.7	7.2285	0.12229	0.00723	0.01
1445.8	7.229	0.12229	0.00723	0.01
1445.9	7.2295	0.1223	0.00723	0.01
1446.0	7.23	0.1223	0.00723	0.01
1446.1	7.2305	0.12231	0.00723	0.01
1446.2	7.231	0.12231	0.00723	0.01
1446.3	7.2315	0.12232	0.00723	0.01
1446.4	7.232	0.12232	0.00723	0.01
1446.5	7.2325	0.12233	0.00723	0.01
1446.6	7.233	0.12233	0.00723	0.01
1446.7	7.2335	0.12234	0.00723	0.01
1446.8	7.234	0.12234	0.00723	0.01
1446.9	7.2345	0.12235	0.00723	0.01
1447.0	7.235	0.12235	0.00724	0.01
1447.1	7.2355	0.12236	0.00724	0.01
1447.2	7.236	0.12236	0.00724	0.01
1447.3	7.2365	0.12237	0.00724	0.01
1447.4	7.237	0.12237	0.00724	0.01
1447.5	7.2375	0.12238	0.00724	0.01
1447.6	7.238	0.12238	0.00724	0.01
1447.7	7.2385	0.12239	0.00724	0.01
1447.8	7.239	0.12239	0.00724	0.01
1447.9	7.2395	0.1224	0.00724	0.01
1448.0	7.24	0.1224	0.00724	0.01
1448.1	7.2405	0.12241	0.00724	0.01
1448.2	7.241	0.12241	0.00724	0.01
1448.3	7.2415	0.12242	0.00724	0.01
1448.4	7.242	0.12242	0.00724	0.01
1448.5	7.2425	0.12243	0.00724	0.01
1448.6	7.243	0.12243	0.00724	0.01
1448.7	7.2435	0.12244	0.00724	0.01
1448.8	7.244	0.12244	0.00724	0.01
1448.9	7.2445	0.12245	0.00724	0.01
1449.0	7.245	0.12245	0.00725	0.01
1449.1	7.2455	0.12246	0.00725	0.01
1449.2	7.246	0.12246	0.00725	0.01
1449.3	7.2465	0.12247	0.00725	0.01
1449.4	7.247	0.12247	0.00725	0.01
1449.5	7.2475	0.12248	0.00725	0.01
1449.6	7.248	0.12248	0.00725	0.01
1449.7	7.2485	0.12249	0.00725	0.01
1449.8	7.249	0.12249	0.00725	0.01
1449.9	7.2495	0.1225	0.00725	0.01
1450.0	7.25	0.1225	0.00725	0.01
1450.1	7.2505	0.12251	0.00725	0.01
1450.2	7.251	0.12251	0.00725	0.01
1450.3	7.2515	0.12252	0.00725	0.01
1450.4	7.252	0.12252	0.00725	0.01
1450.5	7.2525	0.12253	0.00725	0.01
1450.6	7.253	0.12253	0.00725	0.01
1450.7	7.2535	0.12254	0.00725	0.01
1450.8	7.254	0.12254	0.00725	0.01
1450.9	7.2545	0.12255	0.00725	0.01
1451.0	7.255	0.12255	0.00726	0.01
1451.1	7.2555	0.12256	0.00726	0.01
1451.2	7.256	0.12256	0.00726	0.01
1451.3	7.2565	0.12257	0.00726	0.01
1451.4	7.257	0.12257	0.00726	0.01
1451.5	7.2575	0.12258	0.00726	0.01
1451.6	7.258	0.12258	0.00726	0.01
1451.7	7.2585	0.12259	0.00726	0.01
1451.8	7.259	0.12259	0.00726	0.01
1451.9	7.2595	0.1226	0.00726	0.01
1452.0	7.26	0.1226	0.00726	0.01
1452.1	7.2605	0.12261	0.00726	0.01
1452.2	7.261	0.12261	0.00726	0.01
1452.3	7.2615	0.12262	0.00726	0.01
1452.4	7.262	0.12262	0.00726	0.01
1452.5	7.2625	0.12263	0.00726	0.01
1452.6	7.263	0.12263	0.00726	0.01
1452.7	7.2635	0.12264	0.00726	0.01
1452.8	7.264	0.12264	0.00726	0.01
1452.9	7.2645	0.12265	0.00726	0.01
1453.0	7.265	0.12265	0.00727	0.01
1453.1	7.2655	0.12266	0.00727	0.01
1453.2	7.266	0.12266	0.00727	0.01
1453.3	7.2665	0.12267	0.00727	0.01
1453.4	7.267	0.12267	0.00727	0.01
1453.5	7.2675	0.12268	0.00727	0.01
1453.6	7.268	0.12268	0.00727	0.01
1453.7	7.2685	0.12269	0.00727	0.01
1453.8	7.269	0.12269	0.00727	0.01
1453.9	7.2695	0.1227	0.00727	0.01
1454.0	7.27	0.1227	0.00727	0.01
1454.1	7.2705	0.12271	0.00727	0.01
1454.2	7.271	0.12271	0.00727	0.01
1454.3	7.2715	0.12272	0.00727	0.01
1454.4	7.272	0.12272	0.00727	0.01
1454.5	7.2725	0.12273	0.00727	0.01
1454.6	7.273	0.12273	0.00727	0.01
1454.7	7.2735	0.12274	0.00727	0.01
1454.8	7.274	0.12274	0.00727	0.01
1454.9	7.2745	0.12275	0.00727	0.01
1455.0	7.275	0.12275	0.00728	0.01
1455.1	7.2755	0.12276	0.00728	0.01
1455.2	7.276	0.12276	0.00728	0.01
1455.3	7.2765	0.12277	0.00728	0.01
1455.4	7.277	0.12277	0.00728	0.01
1455.5	7.2775	0.12278	0.00728	0.01
1455.6	7.278	0.12278	0.00728	0.01
1455.7	7.2785	0.12279	0.00728	0.01
1455.8	7.279	0.12279	0.00728	0.01
1455.9	7.2795	0.1228	0.00728	0.01
1456.0	7.28	0.1228	0.00728	0.01
1456.1	7.2805	0.12281	0.00728	0.01
1456.2	7.281	0.12281	0.00728	0.01
1456.3	7.2815	0.12282	0.00728	0.01
1456.4	7.282	0.12282	0.00728	0.01
1456.5	7.2825	0.12283	0.00728	0.01
1456.6	7.283	0.12283	0.00728	0.01
1456.7	7.2835	0.12284	0.00728	0.01
1456.8	7.284	0.12284	0.00728	0.01
1456.9	7.2845	0.12285	0.00728	0.01
1457.0	7.285	0.12285	0.00729	0.01
1457.1	7.2855	0.12286	0.00729	0.01
1457.2	7.286	0.12286	0.00729	0.01
1457.3	7.2865	0.12287	0.00729	0.01
1457.4	7.287	0.12287	0.00729	0.01
1457.5	7.2875	0.12288	0.00729	0.01
1457.6	7.288	0.12288	0.00729	0.01
1457.7	7.2885	0.12289	0.00729	0.01
1457.8	7.289	0.12289	0.00729	0.01
1457.9	7.2895	0.1229	0.00729	0.01
1458.0	7.29	0.1229	0.00729	0.01
1458.1	7.2905	0.12291	0.00729	0.01
1458.2	7.291	0.12291	0.00729	0.01
1458.3	7.2915	0.12292	0.00729	0.01
1458.4	7.292	0.12292	0.00729	0.01
1458.5	7.2925	0.12293	0.00729	0.01
1458.6	7.293	0.12293	0.00729	0.01
1458.7	7.2935	0.12294	0.00729	0.01
1458.8	7.294	0.12294	0.00729	0.01
1458.9	7.2945	0.12295	0.00729	0.01
1459.0	7.295	0.12295	0.0073	0.01
1459.1	7.2955	0.12296	0.0073	0.01
1459.2	7.296	0.12296	0.0073	0.01
1459.3	7.2965	0.12297	0.0073	0.01
1459.4	7.297	0.12297	0.0073	0.01
1459.5	7.2975	0.12298	0.0073	0.01
1459.6	7.298	0.12298	0.0073	0.01
1459.7	7.2985	0.12299	0.0073	0.01
1459.8	7.299	0.12299	0.0073	0.01
1459.9	7.2995	0.123	0.0073	0.01
1460.0	7.3	0.123	0.0073	0.01
1460.1	7.3005	0.12301	0.0073	0.01
1460.2	7.301	0.12301	0.0073	0.01
1460.3	7.3015	0.12302	0.0073	0.01
1460.4	7.302	0.12302	0.0073	0.01
1460.5	7.3025	0.12303	0.0073	0.01
1460.6	7.303	0.12303	0.0073	0.01
1460.7	7.3035	0.12304	0.0073	0.01
1460.8	7.304	0.12304	0.0073	0.01
1460.9	7.3045	0.12305	0.0073	0.01
1461.0	7.305	0.12305	0.00731	0.01
1461.1	7.3055	0.12306	0.00731	0.01
1461.2	7.306	0.12306	0.00731	0.01
1461.3	7.3065	0.12307	0.00731	0.01
1461.4	7.307	0.12307	0.00731	0.01
1461.5	7.3075	0.12308	0.00731	0.01
1461.6	7.308	0.12308	0.00731	0.01
1461.7	7.3085	0.12309	0.00731	0.01
1461.8	7.309	0.12309	0.00731	0.01
1461.9	7.3095	0.1231	0.00731	0.01
1462.0	7.31	0.1231	0.00731	0.01
1462.1	7.3105	0.12311	0.00731	0.01
1462.2	7.311	0.12311	0.00731	0.01
1462.3	7.3115	0.12312	0.00731	0.01
1462.4	7.312	0.12312	0.00731	0.01
1462.5	7.3125	0.12313	0.00731	0.01
1462.6	7.313	0.12313	0.00731	0.01
1462.7	7.3135	0.12314	0.00731	0.01
1462.8	7.314	0.12314	0.00731	0.01
1462.9	7.3145	0.12315	0.00731	0.01
1463.0	7.315	0.12315	0.00732	0.01
1463.1	7.3155	0.12316	0.00732	0.01
1463.2	7.316	0.12316	0.00732	0.01
1463.3	7.3165	0.12317	0.00732	0.01
1463.4	7.317	0.12317	0.00732	0.01
1463.5	7.3175	0.12318	0.00732	0.01
1463.6	7.318	0.12318	0.00732	0.01
1463.7	7.3185	0.12319	0.00732	0.01
1463.8	7.319	0.12319	0.00732	0.01
1463.9	7.3195	0.1232	0.00732	0.01
1464.0	7.32	0.1232	0.00732	0.01
1464.1	7.3205	0.12321	0.00732	0.01
1464.2	7.321	0.12321	0.00732	0.01
1464.3	7.3215	0.12322	0.00732	0.01
1464.4	7.322	0.12322	0.00732	0.01
1464.5	7.3225	0.12323	0.00732	0.01
1464.6	7.323	0.12323	0.00732	0.01
1464.7	7.3235	0.12324	0.00732	0.01
1464.8	7.324	0.12324	0.00732	0.01
1464.9	7.3245	0.12325	0.00732	0.01
1465.0	7.325	0.12325	0.00733	0.01
1465.1	7.3255	0.12326	0.00733	0.01
1465.2	7.326	0.12326	0.00733	0.01
1465.3	7.3265	0.12327	0.00733	0.01
1465.4	7.327	0.12327	0.00733	0.01
1465.5	7.3275	0.12328	0.00733	0.01
1465.6	7.328	0.12328	0.00733	0.01
1465.7	7.3285	0.12329	0.00733	0.01
1465.8	7.329	0.12329	0.00733	0.01
1465.9	7.3295	0.1233	0.00733	0.01
1466.0	7.33	0.1233	0.00733	0.01
1466.1	7.3305	0.12331	0.00733	0.01
1466.2	7.331	0.12331	0.00733	0.01
1466.3	7.3315	0.12332	0.00733	0.01
1466.4	7.332	0.12332	0.00733	0.01
1466.5	7.3325	0.12333	0.00733	0.01
1466.6	7.333	0.12333	0.00733	0.01
1466.7	7.3335	0.12334	0.00733	0.01
1466.8	7.334	0.12334	0.00733	0.01
1466.9	7.3345	0.12335	0.00733	0.01
1467.0	7.335	0.12335	0.00734	0.01
1467.1	7.3355	0.12336	0.00734	0.01
1467.2	7.336	0.12336	0.00734	0.01
1467.3	7.3365	0.12337	0.00734	0.01
1467.4	7.337	0.12337	0.00734	0.01
1467.5	7.3375	0.12338	0.00734	0.01
1467.6	7.338	0.12338	0.00734	0.01
1467.7	7.3385	0.12339	0.00734	0.01
1467.8	7.339	0.12339	0.00734	0.01
1467.9	7.3395	0.1234	0.00734	0.01
1468.0	7.34	0.1234	0.00734	0.01
1468.1	7.3405	0.12341	0.00734	0.01
1468.2	7.341	0.12341	0.00734	0.01
1468.3	7.3415	0.12342	0.00734	0.01
1468.4	7.342	0.12342	0.00734	0.01
1468.5	7.3425	0.12343	0.00734	0.01
1468.6	7.343	0.12343	0.00734	0.01
1468.7	7.3435	0.12344	0.00734	0.01
1468.8	7.344	0.12344	0.00734	0.01
1468.9	7.3445	0.12345	0.00734	0.01
1469.0	7.345	0.12345	0.00735	0.01
1469.1	7.3455	0.12346	0.00735	0.01
1469.2	7.346	0.12346	0.00735	0.01
1469.3	7.3465	0.12347	0.00735	0.01
1469.4	7.347	0.12347	0.00735	0.01
1469.5	7.3475	0.12348	0.00735	0.01
1469.6	7.348	0.12348	0.00735	0.01
1469.7	7.3485	0.12349	0.00735	0.01
1469.8	7.349	0.12349	0.00735	0.01
1469.9	7.3495	0.1235	0.00735	0.01
1470.0	7.35	0.1235	0.00735	0.01
1470.1	7.3505	0.12351	0.00735	0.01
1470.2	7.351	0.12351	0.00735	0.01
1470.3	7.3515	0.12352	0.00735	0.01
1470.4	7.352	0.12352	0.00735	0.01
1470.5	7.3525	0.12353	0.00735	0.01
1470.6	7.353	0.12353	0.00735	0.01
1470.7	7.3535	0.12354	0.00735	0.01
1470.8	7.354	0.12354	0.00735	0.01
1470.9	7.3545	0.12355	0.00735	0.01
1471.0	7.355	0.12355	0.00736	0.01
1471.1	7.3555	0.12356	0.00736	0.01
1471.2	7.356	0.12356	0.00736	0.01
1471.3	7.3565	0.12357	0.00736	0.01
1471.4	7.357	0.12357	0.00736	0.01
1471.5	7.3575	0.12358	0.00736	0.01
1471.6	7.358	0.12358	0.00736	0.01
1471.7	7.3585	0.12359	0.00736	0.01
1471.8	7.359	0.12359	0.00736	0.01
1471.9	7.3595	0.1236	0.00736	0.01
1472.0	7.36	0.1236	0.00736	0.01
1472.1	7.3605	0.12361	0.00736	0.01
1472.2	7.361	0.12361	0.00736	0.01
1472.3	7.3615	0.12362	0.00736	0.01
1472.4	7.362	0.12362	0.00736	0.01
1472.5	7.3625	0.12363	0.00736	0.01
1472.6	7.363	0.12363	0.00736	0.01
1472.7	7.3635	0.12364	0.00736	0.01
1472.8	7.364	0.12364	0.00736	0.01
1472.9	7.3645	0.12365	0.00736	0.01
1473.0	7.365	0.12365	0.00737	0.01
1473.1	7.3655	0.12366	0.00737	0.01
1473.2	7.366	0.12366	0.00737	0.01
1473.3	7.3665	0.12367	0.00737	0.01
1473.4	7.367	0.12367	0.00737	0.01
1473.5	7.3675	0.12368	0.00737	0.01
1473.6	7.368	0.12368	0.00737	0.01
1473.7	7.3685	0.12369	0.00737	0.01
1473.8	7.369	0.12369	0.00737	0.01
1473.9	7.3695	0.1237	0.00737	0.01
1474.0	7.37	0.1237	0.00737	0.01
1474.1	7.3705	0.12371	0.00737	0.01
1474.2	7.371	0.12371	0.00737	0.01
1474.3	7.3715	0.12372	0.00737	0.01
1474.4	7.372	0.12372	0.00737	0.01
1474.5	7.3725	0.12373	0.00737	0.01
1474.6	7.373	0.12373	0.00737	0.01
1474.7	7.3735	0.12374	0.00737	0.01
1474.8	7.374	0.12374	0.00737	0.01
1474.9	7.3745	0.12375	0.00737	0.01
1475.0	7.375	0.12375	0.00738	0.01
1475.1	7.3755	0.12376	0.00738	0.01
1475.2	7.376	0.12376	0.00738	0.01
1475.3	7.3765	0.12377	0.00738	0.01
1475.4	7.377	0.12377	0.00738	0.01
1475.5	7.3775	0.12378	0.00738	0.01
1475.6	7.378	0.12378	0.00738	0.01
1475.7	7.3785	0.12379	0.00738	0.01
1475.8	7.379	0.12379	0.00738	0.01
1475.9	7.3795	0.1238	0.00738	0.01
1476.0	7.38	0.1238	0.00738	0.01
1476.1	7.3805	0.12381	0.00738	0.01
1476.2	7.381	0.12381	0.00738	0.01
1476.3	7.3815	0.12382	0.00738	0.01
1476.4	7.382	0.12382	0.00738	0.01
1476.5	7.3825	0.12383	0.00738	0.01
1476.6	7.383	0.12383	0.00738	0.01
1476.7	7.3835	0.12384	0.00738	0.01
1476.8	7.384	0.12384	0.00738	0.01
1476.9	7.3845	0.12385	0.00738	0.01
1477.0	7.385	0.12385	0.00739	0.01
1477.1	7.3855	0.12386	0.00739	0.01
1477.2	7.386	0.12386	0.00739	0.01
1477.3	7.3865	0.12387	0.00739	0.01
1477.4	7.387	0.12387	0.00739	0.01
1477.5	7.3875	0.12388	0.00739	0.01
1477.6	7.388	0.12388	0.00739	0.01
1477.7	7.3885	0.12389	0.00739	0.01
1477.8	7.389	0.12389	0.00739	0.01
1477.9	7.3895	0.1239	0.00739	0.01
1478.0	7.39	0.1239	0.00739	0.01
1478.1	7.3905	0.12391	0.00739	0.01
1478.2	7.391	0.12391	0.00739	0.01
1478.3	7.3915	0.12392	0.00739	0.01
1478.4	7.392	0.12392	0.00739	0.01
1478.5	7.3925	0.12393	0.00739	0.01
1478.6	7.393	0.12393	0.00739	0.01
1478.7	7.3935	0.12394	0.00739	0.01
1478.8	7.394	0.12394	0.00739	0.01
1478.9	7.3945	0.12395	0.00739	0.01
1479.0	7.395	0.12395	0.0074	0.01
1479.1	7.3955	0.12396	0.0074	0.01
1479.2	7.396	0.12396	0.0074	0.01
1479.3	7.3965	0.12397	0.0074	0.01
1479.4	7.397	0.12397	0.0074	0.01
1479.5	7.3975	0.12398	0.0074	0.01
1479.6	7.398	0.12398	0.0074	0.01
1479.7	7.3985	0.12399	0.0074	0.01
1479.8	7.399	0.12399	0.0074	0.01
1479.9	7.3995	0.124	0.0074	0.01
1480.0	7.4	0.124	0.0074	0.01
1480.1	7.4005	0.12401	0.0074	0.01
1480.2	7.401	0.12401	0.0074	0.01
1480.3	7.4015	0.12402	0.0074	0.01
1480.4	7.402	0.12402	0.0074	0.01
1480.5	7.4025	0.12403	0.0074	0.01
1480.6	7.403	0.12403	0.0074	0.01
1480.7	7.4035	0.12404	0.0074	0.01
1480.8	7.404	0.12404	0.0074	0.01
1480.9	7.4045	0.12405	0.0074	0.01
1481.0	7.405	0.12405	0.00741	0.01
1481.1	7.4055	0.12406	0.00741	0.01
1481.2	7.406	0.12406	0.00741	0.01
1481.3	7.4065	0.12407	0.00741	0.01
1481.4	7.407	0.12407	0.00741	0.01
1481.5	7.4075	0.12408	0.00741	0.01
1481.6	7.408	0.12408	0.00741	0.01
1481.7	7.4085	0.12409	0.00741	0.01
1481.8	7.409	0.12409	0.00741	0.01
1481.9	7.4095	0.1241	0.00741	0.01
1482.0	7.41	0.1241	0.00741	0.01
1482.1	7.4105	0.12411	0.00741	0.01
1482.2	7.411	0.12411	0.00741	0.01
1482.3	7.4115	0.12412	0.00741	0.01
1482.4	7.412	0.12412	0.00741	0.01
1482.5	7.4125	0.12413	0.00741	0.01
1482.6	7.413	0.12413	0.00741	0.01
1482.7	7.4135	0.12414	0.00741	0.01
1482.8	7.414	0.12414	0.00741	0.01
1482.9	7.4145	0.12415	0.00741	0.01
1483.0	7.415	0.12415	0.00742	0.01
1483.1	7.4155	0.12416	0.00742	0.01
1483.2	7.416	0.12416	0.00742	0.01
1483.3	7.4165	0.12417	0.00742	0.01
1483.4	7.417	0.12417	0.00742	0.01
1483.5	7.4175	0.12418	0.00742	0.01
1483.6	7.418	0.12418	0.00742	0.01
1483.7	7.4185	0.12419	0.00742	0.01
1483.8	7.419	0.12419	0.00742	0.01
1483.9	7.4195	0.1242	0.00742	0.01
1484.0	7.42	0.1242	0.00742	0.01
1484.1	7.4205	0.12421	0.00742	0.01
1484.2	7.421	0.12421	0.00742	0.01
1484.3	7.4215	0.12422	0.00742	0.01
1484.4	7.422	0.12422	0.00742	0.01
1484.5	7.4225	0.12423	0.00742	0.01
1484.6	7.423	0.12423	0.00742	0.01
1484.7	7.4235	0.12424	0.00742	0.01
1484.8	7.424	0.12424	0.00742	0.01
1484.9	7.4245	0.12425	0.00742	0.01
1485.0	7.425	0.12425	0.00743	0.01
1485.1	7.4255	0.12426	0.00743	0.01
1485.2	7.426	0.12426	0.00743	0.01
1485.3	7.4265	0.12427	0.00743	0.01
1485.4	7.427	0.12427	0.00743	0.01
1485.5	7.4275	0.12428	0.00743	0.01
1485.6	7.428	0.12428	0.00743	0.01
1485.7	7.4285	0.12429	0.00743	0.01
1485.8	7.429	0.12429	0.00743	0.01
1485.9	7.4295	0.1243	0.00743	0.01
1486.0	7.43	0.1243	0.00743	0.01
1486.1	7.4305	0.12431	0.00743	0.01
1486.2	7.431	0.12431	0.00743	0.01
1486.3	7.4315	0.12432	0.00743	0.01
1486.4	7.432	0.12432	0.00743	0.01
1486.5	7.4325	0.12433	0.00743	0.01
1486.6	7.433	0.12433	0.00743	0.01
1486.7	7.4335	0.12434	0.00743	0.01
1486.8	7.434	0.12434	0.00743	0.01
1486.9	7.4345	0.12435	0.00743	0.01
1487.0	7.435	0.12435	0.00744	0.01
1487.1	7.4355	0.12436	0.00744	0.01
1487.2	7.436	0.12436	0.00744	0.01
1487.3	7.4365	0.12437	0.00744	0.01
1487.4	7.437	0.12437	0.00744	0.01
1487.5	7.4375	0.12438	0.00744	0.01
1487.6	7.438	0.12438	0.00744	0.01
1487.7	7.4385	0.12439	0.00744	0.01
1487.8	7.439	0.12439	0.00744	0.01
1487.9	7.4395	0.1244	0.00744	0.01
1488.0	7.44	0.1244	0.00744	0.01
1488.1	7.4405	0.12441	0.00744	0.01
1488.2	7.441	0.12441	0.00744	0.01
1488.3	7.4415	0.12442	0.00744	0.01
1488.4	7.442	0.12442	0.00744	0.01
1488.5	7.4425	0.12443	0.00744	0.01
1488.6	7.443	0.12443	0.00744	0.01
1488.7	7.4435	0.12444	0.00744	0.01
1488.8	7.444	0.12444	0.00744	0.01
1488.9	7.4445	0.12445	0.00744	0.01
1489.0	7.445	0.12445	0.00745	0.01
1489.1	7.4455	0.12446	0.00745	0.01
1489.2	7.446	0.12446	0.00745	0.01
1489.3	7.4465	0.12447	0.00745	0.01
1489.4	7.447	0.12447	0.00745	0.01
1489.5	7.4475	0.12448	0.00745	0.01
1489.6	7.448	0.12448	0.00745	0.01
1489.7	7.4485	0.12449	0.00745	0.01
1489.8	7.449	0.12449	0.00745	0.01
1489.9	7.4495	0.1245	0.00745	0.01
1490.0	7.45	0.1245	0.00745	0.01
1490.1	7.4505	0.12451	0.00745	0.01
1490.2	7.451	0.12451	0.00745	0.01
1490.3	7.4515	0.12452	0.00745	0.01
1490.4	7.452	0.12452	0.00745	0.01
1490.5	7.4525	0.12453	0.00745	0.01
1490.6	7.453	0.12453	0.00745	0.01
1490.7	7.4535	0.12454	0.00745	0.01
1490.8	7.454	0.12454	0.00745	0.01
1490.9	7.4545	0.12455	0.00745	0.01
1491.0	7.455	0.12455	0.00746	0.01
1491.1	7.4555	0.12456	0.00746	0.01
1491.2	7.456	0.12456	0.00746	0.01
1491.3	7.4565	0.12457	0.00746	0.01
1491.4	7.457	0.12457	0.00746	0.01
1491.5	7.4575	0.12458	0.00746	0.01
1491.6	7.458	0.12458	0.00746	0.01
1491.7	7.4585	0.12459	0.00746	0.01
1491.8	7.459	0.12459	0.00746	0.01
1491.9	7.4595	0.1246	0.00746	0.01
1492.0	7.46	0.1246	0.00746	0.01
1492.1	7.4605	0.12461	0.00746	0.01
1492.2	7.461	0.12461	0.00746	0.01
1492.3	7.4615	0.12462	0.00746	0.01
1492.4	7.462	0.12462	0.00746	0.01
1492.5	7.4625	0.12463	0.00746	0.01
1492.6	7.463	0.12463	0.00746	0.01
1492.7	7.4635	0.12464	0.00746	0.01
1492.8	7.464	0.12464	0.00746	0.01
1492.9	7.4645	0.12465	0.00746	0.01
1493.0	7.465	0.12465	0.00747	0.01
1493.1	7.4655	0.12466	0.00747	0.01
1493.2	7.466	0.12466	0.00747	0.01
1493.3	7.4665	0.12467	0.00747	0.01
1493.4	7.467	0.12467	0.00747	0.01
1493.5	7.4675	0.12468	0.00747	0.01
1493.6	7.468	0.12468	0.00747	0.01
1493.7	7.4685	0.12469	0.00747	0.01
1493.8	7.469	0.12469	0.00747	0.01
1493.9	7.4695	0.1247	0.00747	0.01
1494.0	7.47	0.1247	0.00747	0.01
1494.1	7.4705	0.12471	0.00747	0.01
1494.2	7.471	0.12471	0.00747	0.01
1494.3	7.4715	0.12472	0.00747	0.01
1494.4	7.472	0.12472	0.00747	0.01
1494.5	7.4725	0.12473	0.00747	0.01
1494.6	7.473	0.12473	0.00747	0.01
1494.7	7.4735	0.12474	0.00747	0.01
1494.8	7.474	0.12474	0.00747	0.01
1494.9	7.4745	0.12475	0.00747	0.01
1495.0	7.475	0.12475	0.00748	0.01
1495.1	7.4755	0.12476	0.00748	0.01
1495.2	7.476	0.12476	0.00748	0.01
1495.3	7.4765	0.12477	0.00748	0.01
1495.4	7.477	0.12477	0.00748	0.01
1495.5	7.4775	0.12478	0.00748	0.01
1495.6	7.478	0.12478	0.00748	0.01
1495.7	7.4785	0.12479	0.00748	0.01
1495.8	7.479	0.12479	0.00748	0.01
1495.9	7.4795	0.1248	0.00748	0.01
1496.0	7.48	0.1248	0.00748	0.01
1496.1	7.4805	0.12481	0.00748	0.01
1496.2	7.481	0.12481	0.00748	0.01
1496.3	7.4815	0.12482	0.00748	0.01
1496.4	7.482	0.12482	0.00748	0.01
1496.5	7.4825	0.12483	0.00748	0.01
1496.6	7.483	0.12483	0.00748	0.01
1496.7	7.4835	0.12484	0.00748	0.01
1496.8	7.484	0.12484	0.00748	0.01
1496.9	7.4845	0.12485	0.00748	0.01
1497.0	7.485	0.12485	0.00749	0.01
1497.1	7.4855	0.12486	0.00749	0.01
1497.2	7.486	0.12486	0.00749	0.01
1497.3	7.4865	0.12487	0.00749	0.01
1497.4	7.487	0.12487	0.00749	0.01
1497.5	7.4875	0.12488	0.00749	0.01
1497.6	7.488	0.12488	0.00749	0.01
1497.7	7.4885	0.12489	0.00749	0.01
1497.8	7.489	0.12489	0.00749	0.01
1497.9	7.4895	0.1249	0.00749	0.01
1498.0	7.49	0.1249	0.00749	0.01
1498.1	7.4905	0.12491	0.00749	0.01
1498.2	7.491	0.12491	0.00749	0.01
1498.3	7.4915	0.12492	0.00749	0.01
1498.4	7.492	0.12492	0.00749	0.01
1498.5	7.4925	0.12493	0.00749	0.01
1498.6	7.493	0.12493	0.00749	0.01
1498.7	7.4935	0.12494	0.00749	0.01
1498.8	7.494	0.12494	0.00749	0.01
1498.9	7.4945	0.12495	0.00749	0.01
1499.0	7.495	0.12495	0.0075	0.01
1499.1	7.4955	0.12496	0.0075	0.01
1499.2	7.496	0.12496	0.0075	0.01
1499.3	7.4965	0.12497	0.0075	0.01
1499.4	7.497	0.12497	0.0075	0.01
1499.5	7.4975	0.12498	0.0075	0.01
1499.6	7.498	0.12498	0.0075	0.01
1499.7	7.4985	0.12499	0.0075	0.01
1499.8	7.499	0.12499	0.0075	0.01
1499.9	7.4995	0.125	0.0075	0.01
1500.0	7.5	0.125	0.0075	0.01
1500.1	7.5005	0.12501	0.0075	0.01
1500.2	7.501	0.12501	0.0075	0.01
1500.3	7.5015	0.12502	0.0075	0.01
1500.4	7.502	0.12502	0.0075	0.01
1500.5	7.5025	0.12503	0.0075	0.01
1500.6	7.503	0.12503	0.0075	0.01
1500.7	7.5035	0.12504	0.0075	0.01
1500.8	7.504	0.12504	0.0075	0.01
1500.9	7.5045	0.12505	0.0075	0.01
1501.0	7.505	0.12505	0.00751	0.01
1501.1	7.5055	0.12506	0.00751	0.01
1501.2	7.506	0.12506	0.00751	0.01
1501.3	7.5065	0.12507	0.00751	0.01
1501.4	7.507	0.12507	0.00751	0.01
1501.5	7.5075	0.12508	0.00751	0.01
1501.6	7.508	0.12508	0.00751	0.01
1501.7	7.5085	0.12509	0.00751	0.01
1501.8	7.509	0.12509	0.00751	0.01
1501.9	7.5095	0.1251	0.00751	0.01
1502.0	7.51	0.1251	0.00751	0.01
1502.1	7.5105	0.12511	0.00751	0.01
1502.2	7.511	0.12511	0.00751	0.01
1502.3	7.5115	0.12512	0.00751	0.01
1502.4	7.512	0.12512	0.00751	0.01
1502.5	7.5125	0.12513	0.00751	0.01
1502.6	7.513	0.12513	0.00751	0.01
1502.7	7.5135	0.12514	0.00751	0.01
1502.8	7.514	0.12514	0.00751	0.01
1502.9	7.5145	0.12515	0.00751	0.01
1503.0	7.515	0.12515	0.00752	0.01
1503.1	7.5155	0.12516	0.00752	0.01
1503.2	7.516	0.12516	0.00752	0.01
1503.3	7.5165	0.12517	0.00752	0.01
1503.4	7.517	0.12517	0.00752	0.01
1503.5	7.5175	0.12518	0.00752	0.01
1503.6	7.518	0.12518	0.00752	0.01
1503.7	7.5185	0.12519	0.00752	0.01
1503.8	7.519	0.12519	0.00752	0.01
1503.9	7.5195	0.1252	0.00752	0.01
1504.0	7.52	0.1252	0.00752	0.01
1504.1	7.5205	0.12521	0.00752	0.01
1504.2	7.521	0.12521	0.00752	0.01
1504.3	7.5215	0.12522	0.00752	0.01
1504.4	7.522	0.12522	0.00752	0.01
1504.5	7.5225	0.12523	0.00752	0.01
1504.6	7.523	0.12523	0.00752	0.01
1504.7	7.5235	0.12524	0.00752	0.01
1504.8	7.524	0.12524	0.00752	0.01
1504.9	7.5245	0.12525	0.00752	0.01
1505.0	7.525	0.12525	0.00753	0.01
1505.1	7.5255	0.12526	0.00753	0.01
1505.2	7.526	0.12526	0.00753	0.01
1505.3	7.5265	0.12527	0.00753	0.01
1505.4	7.527	0.12527	0.00753	0.01
1505.5	7.5275	0.12528	0.00753	0.01
1505.6	7.528	0.12528	0.00753	0.01
1505.7	7.5285	0.12529	0.00753	0.01
1505.8	7.529	0.12529	0.00753	0.01
1505.9	7.5295	0.1253	0.00753	0.01
1506.0	7.53	0.1253	0.00753	0.01
1506.1	7.5305	0.12531	0.00753	0.01
1506.2	7.531	0.12531	0.00753	0.01
1506.3	7.5315	0.12532	0.00753	0.01
1506.4	7.532	0.12532	0.00753	0.01
1506.5	7.5325	0.12533	0.00753	0.01
1506.6	7.533	0.12533	0.00753	0.01
1506.7	7.5335	0.12534	0.00753	0.01
1506.8	7.534	0.12534	0.00753	0.01
1506.9	7.5345	0.12535	0.00753	0.01
1507.0	7.535	0.12535	0.00754	0.01
1507.1	7.5355	0.12536	0.00754	0.01
1507.2	7.536	0.12536	0.00754	0.01
1507.3	7.5365	0.12537	0.00754	0.01
1507.4	7.537	0.12537	0.00754	0.01
1507.5	7.5375	0.12538	0.00754	0.01
1507.6	7.538	0.12538	0.00754	0.01
1507.7	7.5385	0.12539	0.00754	0.01
1507.8	7.539	0.12539	0.00754	0.01
1507.9	7.5395	0.1254	0.00754	0.01
1508.0	7.54	0.1254	0.00754	0.01
1508.1	7.5405	0.12541	0.00754	0.01
1508.2	7.541	0.12541	0.00754	0.01
1508.3	7.5415	0.12542	0.00754	0.01
1508.4	7.542	0.12542	0.00754	0.01
1508.5	7.5425	0.12543	0.00754	0.01
1508.6	7.543	0.12543	0.00754	0.01
1508.7	7.5435	0.12544	0.00754	0.01
1508.8	7.544	0.12544	0.00754	0.01
1508.9	7.5445	0.12545	0.00754	0.01
1509.0	7.545	0.12545	0.00755	0.01
1509.1	7.5455	0.12546	0.00755	0.01
1509.2	7.546	0.12546	0.00755	0.01
1509.3	7.5465	0.12547	0.00755	0.01
1509.4	7.547	0.12547	0.00755	0.01
1509.5	7.5475	0.12548	0.00755	0.01
1509.6	7.548	0.12548	0.00755	0.01
1509.7	7.5485	0.12549	0.00755	0.01
1509.8	7.549	0.12549	0.00755	0.01
1509.9	7.5495	0.1255	0.00755	0.01
1510.0	7.55	0.1255	0.00755	0.01
1510.1	7.5505	0.12551	0.00755	0.01
1510.2	7.551	0.12551	0.00755	0.01
1510.3	7.5515	0.12552	0.00755	0.01
1510.4	7.552	0.12552	0.00755	0.01
1510.5	7.5525	0.12553	0.00755	0.01
1510.6	7.553	0.12553	0.00755	0.01
1510.7	7.5535	0.12554	0.00755	0.01
1510.8	7.554	0.12554	0.00755	0.01
1510.9	7.5545	0.12555	0.00755	0.01
1511.0	7.555	0.12555	0.00756	0.01
1511.1	7.5555	0.12556	0.00756	0.01
1511.2	7.556	0.12556	0.00756	0.01
1511.3	7.5565	0.12557	0.00756	0.01
1511.4	7.557	0.12557	0.00756	0.01
1511.5	7.5575	0.12558	0.00756	0.01
1511.6	7.558	0.12558	0.00756	0.01
1511.7	7.5585	0.12559	0.00756	0.01
1511.8	7.559	0.12559	0.00756	0.01
1511.9	7.5595	0.1256	0.00756	0.01
1512.0	7.56	0.1256	0.00756	0.01
1512.1	7.5605	0.12561	0.00756	0.01
1512.2	7.561	0.12561	0.00756	0.01
1512.3	7.5615	0.12562	0.00756	0.01
1512.4	7.562	0.12562	0.00756	0.01
1512.5	7.5625	0.12563	0.00756	0.01
1512.6	7.563	0.12563	0.00756	0.01
1512.7	7.5635	0.12564	0.00756	0.01
1512.8	7.564	0.12564	0.00756	0.01
1512.9	7.5645	0.12565	0.00756	0.01
1513.0	7.565	0.12565	0.00757	0.01
1513.1	7.5655	0.12566	0.00757	0.01
1513.2	7.566	0.12566	0.00757	0.01
1513.3	7.5665	0.12567	0.00757	0.01
1513.4	7.567	0.12567	0.00757	0.01
1513.5	7.5675	0.12568	0.00757	0.01
1513.6	7.568	0.12568	0.00757	0.01
1513.7	7.5685	0.12569	0.00757	0.01
1513.8	7.569	0.12569	0.00757	0.01
1513.9	7.5695	0.1257	0.00757	0.01
1514.0	7.57	0.1257	0.00757	0.01
1514.1	7.5705	0.12571	0.00757	0.01
1514.2	7.571	0.12571	0.00757	0.01
1514.3	7.5715	0.12572	0.00757	0.01
1514.4	7.572	0.12572	0.00757	0.01
1514.5	7.5725	0.12573	0.00757	0.01
1514.6	7.573	0.12573	0.00757	0.01
1514.7	7.5735	0.12574	0.00757	0.01
1514.8	7.574	0.12574	0.00757	0.01
1514.9	7.5745	0.12575	0.00757	0.01
1515.0	7.575	0.12575	0.00758	0.01
1515.1	7.5755	0.12576	0.00758	0.01
1515.2	7.576	0.12576	0.00758	0.01
1515.3	7.5765	0.12577	0.00758	0.01
1515.4	7.577	0.12577	0.00758	0.01
1515.5	7.5775	0.12578	0.00758	0.01
1515.6	7.578	0.12578	0.00758	0.01
1515.7	7.5785	0.12579	0.00758	0.01
1515.8	7.579	0.12579	0.00758	0.01
1515.9	7.5795	0.1258	0.00758	0.01
1516.0	7.58	0.1258	0.00758	0.01
1516.1	7.5805	0.12581	0.00758	0.01
1516.2	7.581	0.12581	0.00758	0.01
1516.3	7.5815	0.12582	0.00758	0.01
1516.4	7.582	0.12582	0.00758	0.01
1516.5	7.5825	0.12583	0.00758	0.01
1516.6	7.583	0.12583	0.00758	0.01
1516.7	7.5835	0.12584	0.00758	0.01
1516.8	7.584	0.12584	0.00758	0.01
1516.9	7.5845	0.12585	0.00758	0.01
1517.0	7.585	0.12585	0.00759	0.01
1517.1	7.5855	0.12586	0.00759	0.01
1517.2	7.586	0.12586	0.00759	0.01
1517.3	7.5865	0.12587	0.00759	0.01
1517.4	7.587	0.12587	0.00759	0.01
1517.5	7.5875	0.12588	0.00759	0.01
1517.6	7.588	0.12588	0.00759	0.01
1517.7	7.5885	0.12589	0.00759	0.01
1517.8	7.589	0.12589	0.00759	0.01
1517.9	7.5895	0.1259	0.00759	0.01
1518.0	7.59	0.1259	0.00759	0.01
1518.1	7.5905	0.12591	0.00759	0.01
1518.2	7.591	0.12591	0.00759	0.01
1518.3	7.5915	0.12592	0.00759	0.01
1518.4	7.592	0.12592	0.00759	0.01
1518.5	7.5925	0.12593	0.00759	0.01
1518.6	7.593	0.12593	0.00759	0.01
1518.7	7.5935	0.12594	0.00759	0.01
1518.8	7.594	0.12594	0.00759	0.01
1518.9	7.5945	0.12595	0.00759	0.01
1519.0	7.595	0.12595	0.0076	0.01
1519.1	7.5955	0.12596	0.0076	0.01
1519.2	7.596	0.12596	0.0076	0.01
1519.3	7.5965	0.12597	0.0076	0.01
1519.4	7.597	0.12597	0.0076	0.01
1519.5	7.5975	0.12598	0.0076	0.01
1519.6	7.598	0.12598	0.0076	0.01
1519.7	7.5985	0.12599	0.0076	0.01
1519.8	7.599	0.12599	0.0076	0.01
1519.9	7.5995	0.126	0.0076	0.01
1520.0	7.6	0.126	0.0076	0.01
1520.1	7.6005	0.12601	0.0076	0.01
1520.2	7.601	0.12601	0.0076	0.01
1520.3	7.6015	0.12602	0.0076	0.01
1520.4	7.602	0.12602	0.0076	0.01
1520.5	7.6025	0.12603	0.0076	0.01
1520.6	7.603	0.12603	0.0076	0.01
1520.7	7.6035	0.12604	0.0076	0.01
1520.8	7.604	0.12604	0.0076	0.01
1520.9	7.6045	0.12605	0.0076	0.01
1521.0	7.605	0.12605	0.00761	0.01
1521.1	7.6055	0.12606	0.00761	0.01
1521.2	7.606	0.12606	0.00761	0.01
1521.3	7.6065	0.12607	0.00761	0.01
1521.4	7.607	0.12607	0.00761	0.01
1521.5	7.6075	0.12608	0.00761	0.01
1521.6	7.608	0.12608	0.00761	0.01
1521.7	7.6085	0.12609	0.00761	0.01
1521.8	7.609	0.12609	0.00761	0.01
1521.9	7.6095	0.1261	0.00761	0.01
1522.0	7.61	0.1261	0.00761	0.01
1522.1	7.6105	0.12611	0.00761	0.01
1522.2	7.611	0.12611	0.00761	0.01
1522.3	7.6115	0.12612	0.00761	0.01
1522.4	7.612	0.12612	0.00761	0.01
1522.5	7.6125	0.12613	0.00761	0.01
1522.6	7.613	0.12613	0.00761	0.01
1522.7	7.6135	0.12614	0.00761	0.01
1522.8	7.614	0.12614	0.00761	0.01
1522.9	7.6145	0.12615	0.00761	0.01
1523.0	7.615	0.12615	0.00762	0.01
1523.1	7.6155	0.12616	0.00762	0.01
1523.2	7.616	0.12616	0.00762	0.01
1523.3	7.6165	0.12617	0.00762	0.01
1523.4	7.617	0.12617	0.00762	0.01
1523.5	7.6175	0.12618	0.00762	0.01
1523.6	7.618	0.12618	0.00762	0.01
1523.7	7.6185	0.12619	0.00762	0.01
1523.8	7.619	0.12619	0.00762	0.01
1523.9	7.6195	0.1262	0.00762	0.01
1524.0	7.62	0.1262	0.00762	0.01
1524.1	7.6205	0.12621	0.00762	0.01
1524.2	7.621	0.12621	0.00762	0.01
1524.3	7.6215	0.12622	0.00762	0.01
1524.4	7.622	0.12622	0.00762	0.01
1524.5	7.6225	0.12623	0.00762	0.01
1524.6	7.623	0.12623	0.00762	0.01
1524.7	7.6235	0.12624	0.00762	0.01
1524.8	7.624	0.12624	0.00762	0.01
1524.9	7.6245	0.12625	0.00762	0.01
1525.0	7.625	0.12625	0.00763	0.01
1525.1	7.6255	0.12626	0.00763	0.01
1525.2	7.626	0.12626	0.00763	0.01
1525.3	7.6265	0.12627	0.00763	0.01
1525.4	7.627	0.12627	0.00763	0.01
1525.5	7.6275	0.12628	0.00763	0.01
1525.6	7.628	0.12628	0.00763	0.01
1525.7	7.6285	0.12629	0.00763	0.01
1525.8	7.629	0.12629	0.00763	0.01
1525.9	7.6295	0.1263	0.00763	0.01
1526.0	7.63	0.1263	0.00763	0.01
1526.1	7.6305	0.12631	0.00763	0.01
1526.2	7.631	0.12631	0.00763	0.01
1526.3	7.6315	0.12632	0.00763	0.01
1526.4	7.632	0.12632	0.00763	0.01
1526.5	7.6325	0.12633	0.00763	0.01
1526.6	7.633	0.12633	0.00763	0.01
1526.7	7.6335	0.12634	0.00763	0.01
1526.8	7.634	0.12634	0.00763	0.01
1526.9	7.6345	0.12635	0.00763	0.01
1527.0	7.635	0.12635	0.00764	0.01
1527.1	7.6355	0.12636	0.00764	0.01
1527.2	7.636	0.12636	0.00764	0.01
1527.3	7.6365	0.12637	0.00764	0.01
1527.4	7.637	0.12637	0.00764	0.01
1527.5	7.6375	0.12638	0.00764	0.01
1527.6	7.638	0.12638	0.00764	0.01
1527.7	7.6385	0.12639	0.00764	0.01
1527.8	7.639	0.12639	0.00764	0.01
1527.9	7.6395	0.1264	0.00764	0.01
1528.0	7.64	0.1264	0.00764	0.01
1528.1	7.6405	0.12641	0.00764	0.01
1528.2	7.641	0.12641	0.00764	0.01
1528.3	7.6415	0.12642	0.00764	0.01
1528.4	7.642	0.12642	0.00764	0.01
1528.5	7.6425	0.12643	0.00764	0.01
1528.6	7.643	0.12643	0.00764	0.01
1528.7	7.6435	0.12644	0.00764	0.01
1528.8	7.644	0.12644	0.00764	0.01
1528.9	7.6445	0.12645	0.00764	0.01
1529.0	7.645	0.12645	0.00765	0.01
1529.1	7.6455	0.12646	0.00765	0.01
1529.2	7.646	0.12646	0.00765	0.01
1529.3	7.6465	0.12647	0.00765	0.01
1529.4	7.647	0.12647	0.00765	0.01
1529.5	7.6475	0.12648	0.00765	0.01
1529.6	7.648	0.12648	0.00765	0.01
1529.7	7.6485	0.12649	0.00765	0.01
1529.8	7.649	0.12649	0.00765	0.01
1529.9	7.6495	0.1265	0.00765	0.01
1530.0	7.65	0.1265	0.00765	0.01
1530.1	7.6505	0.12651	0.00765	0.01
1530.2	7.651	0.12651	0.00765	0.01
1530.3	7.6515	0.12652	0.00765	0.01
1530.4	7.652	0.12652	0.00765	0.01
1530.5	7.6525	0.12653	0.00765	0.01
1530.6	7.653	0.12653	0.00765	0.01
1530.7	7.6535	0.12654	0.00765	0.01
1530.8	7.654	0.12654	0.00765	0.01
1530.9	7.6545	0.12655	0.00765	0.01
1531.0	7.655	0.12655	0.00766	0.01
1531.1	7.6555	0.12656	0.00766	0.01
1531.2	7.656	0.12656	0.00766	0.01
1531.3	7.6565	0.12657	0.00766	0.01
1531.4	7.657	0.12657	0.00766	0.01
1531.5	7.6575	0.12658	0.00766	0.01
1531.6	7.658	0.12658	0.00766	0.01
1531.7	7.6585	0.12659	0.00766	0.01
1531.8	7.659	0.12659	0.00766	0.01
1531.9	7.6595	0.1266	0.00766	0.01
1532.0	7.66	0.1266	0.00766	0.01
1532.1	7.6605	0.12661	0.00766	0.01
1532.2	7.661	0.12661	0.00766	0.01
1532.3	7.6615	0.12662	0.00766	0.01
1532.4	7.662	0.12662	0.00766	0.01
1532.5	7.6625	0.12663	0.00766	0.01
1532.6	7.663	0.12663	0.00766	0.01
1532.7	7.6635	0.12664	0.00766	0.01
1532.8	7.664	0.12664	0.00766	0.01
1532.9	7.6645	0.12665	0.00766	0.01
1533.0	7.665	0.12665	0.00767	0.01
1533.1	7.6655	0.12666	0.00767	0.01
1533.2	7.666	0.12666	0.00767	0.01
1533.3	7.6665	0.12667	0.00767	0.01
1533.4	7.667	0.12667	0.00767	0.01
1533.5	7.6675	0.12668	0.00767	0.01
1533.6	7.668	0.12668	0.00767	0.01
1533.7	7.6685	0.12669	0.00767	0.01
1533.8	7.669	0.12669	0.00767	0.01
1533.9	7.6695	0.1267	0.00767	0.01
1534.0	7.67	0.1267	0.00767	0.01
1534.1	7.6705	0.12671	0.00767	0.01
1534.2	7.671	0.12671	0.00767	0.01
1534.3	7.6715	0.12672	0.00767	0.01
1534.4	7.672	0.12672	0.00767	0.01
1534.5	7.6725	0.12673	0.00767	0.01
1534.6	7.673	0.12673	0.00767	0.01
1534.7	7.6735	0.12674	0.00767	0.01
1534.8	7.674	0.12674	0.00767	0.01
1534.9	7.6745	0.12675	0.00767	0.01
1535.0	7.675	0.12675	0.00768	0.01
1535.1	7.6755	0.12676	0.00768	0.01
1535.2	7.676	0.12676	0.00768	0.01
1535.3	7.6765	0.12677	0.00768	0.01
1535.4	7.677	0.12677	0.00768	0.01
1535.5	7.6775	0.12678	0.00768	0.01
1535.6	7.678	0.12678	0.00768	0.01
1535.7	7.6785	0.12679	0.00768	0.01
1535.8	7.679	0.12679	0.00768	0.01
1535.9	7.6795	0.1268	0.00768	0.01
1536.0	7.68	0.1268	0.00768	0.01
1536.1	7.6805	0.12681	0.00768	0.01
1536.2	7.681	0.12681	0.00768	0.01
1536.3	7.6815	0.12682	0.00768	0.01
1536.4	7.682	0.12682	0.00768	0.01
1536.5	7.6825	0.12683	0.00768	0.01
1536.6	7.683	0.12683	0.00768	0.01
1536.7	7.6835	0.12684	0.00768	0.01
1536.8	7.684	0.12684	0.00768	0.01
1536.9	7.6845	0.12685	0.00768	0.01
1537.0	7.685	0.12685	0.00769	0.01
1537.1	7.6855	0.12686	0.00769	0.01
1537.2	7.686	0.12686	0.00769	0.01
1537.3	7.6865	0.12687	0.00769	0.01
1537.4	7.687	0.12687	0.00769	0.01
1537.5	7.6875	0.12688	0.00769	0.01
1537.6	7.688	0.12688	0.00769	0.01
1537.7	7.6885	0.12689	0.00769	0.01
1537.8	7.689	0.12689	0.00769	0.01
1537.9	7.6895	0.1269	0.00769	0.01
1538.0	7.69	0.1269	0.00769	0.01
1538.1	7.6905	0.12691	0.00769	0.01
1538.2	7.691	0.12691	0.00769	0.01
1538.3	7.6915	0.12692	0.00769	0.01
1538.4	7.692	0.12692	0.00769	0.01
1538.5	7.6925	0.12693	0.00769	0.01
1538.6	7.693	0.12693	0.00769	0.01
1538.7	7.6935	0.12694	0.00769	0.01
1538.8	7.694	0.12694	0.00769	0.01
1538.9	7.6945	0.12695	0.00769	0.01
1539.0	7.695	0.12695	0.0077	0.01
1539.1	7.6955	0.12696	0.0077	0.01
1539.2	7.696	0.12696	0.0077	0.01
1539.3	7.6965	0.12697	0.0077	0.01
1539.4	7.697	0.12697	0.0077	0.01
1539.5	7.6975	0.12698	0.0077	0.01
1539.6	7.698	0.12698	0.0077	0.01
1539.7	7.6985	0.12699	0.0077	0.01
1539.8	7.699	0.12699	0.0077	0.01
1539.9	7.6995	0.127	0.0077	0.01
1540.0	7.7	0.127	0.0077	0.01
1540.1	7.7005	0.12701	0.0077	0.01
1540.2	7.701	0.12701	0.0077	0.01
1540.3	7.7015	0.12702	0.0077	0.01
1540.4	7.702	0.12702	0.0077	0.01
1540.5	7.7025	0.12703	0.0077	0.01
1540.6	7.703	0.12703	0.0077	0.01
1540.7	7.7035	0.12704	0.0077	0.01
1540.8	7.704	0.12704	0.0077	0.01
1540.9	7.7045	0.12705	0.0077	0.01
1541.0	7.705	0.12705	0.00771	0.01
1541.1	7.7055	0.12706	0.00771	0.01
1541.2	7.706	0.12706	0.00771	0.01
1541.3	7.7065	0.12707	0.00771	0.01
1541.4	7.707	0.12707	0.00771	0.01
1541.5	7.7075	0.12708	0.00771	0.01
1541.6	7.708	0.12708	0.00771	0.01
1541.7	7.7085	0.12709	0.00771	0.01
1541.8	7.709	0.12709	0.00771	0.01
1541.9	7.7095	0.1271	0.00771	0.01
1542.0	7.71	0.1271	0.00771	0.01
1542.1	7.7105	0.12711	0.00771	0.01
1542.2	7.711	0.12711	0.00771	0.01
1542.3	7.7115	0.12712	0.00771	0.01
1542.4	7.712	0.12712	0.00771	0.01
1542.5	7.7125	0.12713	0.00771	0.01
1542.6	7.713	0.12713	0.00771	0.01
1542.7	7.7135	0.12714	0.00771	0.01
1542.8	7.714	0.12714	0.00771	0.01
1542.9	7.7145	0.12715	0.00771	0.01
1543.0	7.715	0.12715	0.00772	0.01
1543.1	7.7155	0.12716	0.00772	0.01
1543.2	7.716	0.12716	0.00772	0.01
1543.3	7.7165	0.12717	0.00772	0.01
1543.4	7.717	0.12717	0.00772	0.01
1543.5	7.7175	0.12718	0.00772	0.01
1543.6	7.718	0.12718	0.00772	0.01
1543.7	7.7185	0.12719	0.00772	0.01
1543.8	7.719	0.12719	0.00772	0.01
1543.9	7.7195	0.1272	0.00772	0.01
1544.0	7.72	0.1272	0.00772	0.01
1544.1	7.7205	0.12721	0.00772	0.01
1544.2	7.721	0.12721	0.00772	0.01
1544.3	7.7215	0.12722	0.00772	0.01
1544.4	7.722	0.12722	0.00772	0.01
1544.5	7.7225	0.12723	0.00772	0.01
1544.6	7.723	0.12723	0.00772	0.01
1544.7	7.7235	0.12724	0.00772	0.01
1544.8	7.724	0.12724	0.00772	0.01
1544.9	7.7245	0.12725	0.00772	0.01
1545.0	7.725	0.12725	0.00773	0.01
1545.1	7.7255	0.12726	0.00773	0.01
1545.2	7.726	0.12726	0.00773	0.01
1545.3	7.7265	0.12727	0.00773	0.01
1545.4	7.727	0.12727	0.00773	0.01
1545.5	7.7275	0.12728	0.00773	0.01
1545.6	7.728	0.12728	0.00773	0.01
1545.7	7.7285	0.12729	0.00773	0.01
1545.8	7.729	0.12729	0.00773	0.01
1545.9	7.7295	0.1273	0.00773	0.01
1546.0	7.73	0.1273	0.00773	0.01
1546.1	7.7305	0.12731	0.00773	0.01
1546.2	7.731	0.12731	0.00773	0.01
1546.3	7.7315	0.12732	0.00773	0.01
1546.4	7.732	0.12732	0.00773	0.01
1546.5	7.7325	0.12733	0.00773	0.01
1546.6	7.733	0.12733	0.00773	0.01
1546.7	7.7335	0.12734	0.00773	0.01
1546.8	7.734	0.12734	0.00773	0.01
1546.9	7.7345	0.12735	0.00773	0.01
1547.0	7.735	0.12735	0.00774	0.01
1547.1	7.7355	0.12736	0.00774	0.01
1547.2	7.736	0.12736	0.00774	0.01
1547.3	7.7365	0.12737	0.00774	0.01
1547.4	7.737	0.12737	0.00774	0.01
1547.5	7.7375	0.12738	0.00774	0.01
1547.6	7.738	0.12738	0.00774	0.01
1547.7	7.7385	0.12739	0.00774	0.01
1547.8	7.739	0.12739	0.00774	0.01
1547.9	7.7395	0.1274	0.00774	0.01
1548.0	7.74	0.1274	0.00774	0.01
1548.1	7.7405	0.12741	0.00774	0.01
1548.2	7.741	0.12741	0.00774	0.01
1548.3	7.7415	0.12742	0.00774	0.01
1548.4	7.742	0.12742	0.00774	0.01
1548.5	7.7425	0.12743	0.00774	0.01
1548.6	7.743	0.12743	0.00774	0.01
1548.7	7.7435	0.12744	0.00774	0.01
1548.8	7.744	0.12744	0.00774	0.01
1548.9	7.7445	0.12745	0.00774	0.01
1549.0	7.745	0.12745	0.00775	0.01
1549.1	7.7455	0.12746	0.00775	0.01
1549.2	7.746	0.12746	0.00775	0.01
1549.3	7.7465	0.12747	0.00775	0.01
1549.4	7.747	0.12747	0.00775	0.01
1549.5	7.7475	0.12748	0.00775	0.01
1549.6	7.748	0.12748	0.00775	0.01
1549.7	7.7485	0.12749	0.00775	0.01
1549.8	7.749	0.12749	0.00775	0.01
1549.9	7.7495	0.1275	0.00775	0.01
1550.0	7.75	0.1275	0.00775	0.01
1550.1	7.7505	0.12751	0.00775	0.01
1550.2	7.751	0.12751	0.00775	0.01
1550.3	7.7515	0.12752	0.00775	0.01
1550.4	7.752	0.12752	0.00775	0.01
1550.5	7.7525	0.12753	0.00775	0.01
1550.6	7.753	0.12753	0.00775	0.01
1550.7	7.7535	0.12754	0.00775	0.01
1550.8	7.754	0.12754	0.00775	0.01
1550.9	7.7545	0.12755	0.00775	0.01
1551.0	7.755	0.12755	0.00776	0.01
1551.1	7.7555	0.12756	0.00776	0.01
1551.2	7.756	0.12756	0.00776	0.01
1551.3	7.7565	0.12757	0.00776	0.01
1551.4	7.757	0.12757	0.00776	0.01
1551.5	7.7575	0.12758	0.00776	0.01
1551.6	7.758	0.12758	0.00776	0.01
1551.7	7.7585	0.12759	0.00776	0.01
1551.8	7.759	0.12759	0.00776	0.01
1551.9	7.7595	0.1276	0.00776	0.01
1552.0	7.76	0.1276	0.00776	0.01
1552.1	7.7605	0.12761	0.00776	0.01
1552.2	7.761	0.12761	0.00776	0.01
1552.3	7.7615	0.12762	0.00776	0.01
1552.4	7.762	0.12762	0.00776	0.01
1552.5	7.7625	0.12763	0.00776	0.01
1552.6	7.763	0.12763	0.00776	0.01
1552.7	7.7635	0.12764	0.00776	0.01
1552.8	7.764	0.12764	0.00776	0.01
1552.9	7.7645	0.12765	0.00776	0.01
1553.0	7.765	0.12765	0.00777	0.01
1553.1	7.7655	0.12766	0.00777	0.01
1553.2	7.766	0.12766	0.00777	0.01
1553.3	7.7665	0.12767	0.00777	0.01
1553.4	7.767	0.12767	0.00777	0.01
1553.5	7.7675	0.12768	0.00777	0.01
1553.6	7.768	0.12768	0.00777	0.01
1553.7	7.7685	0.12769	0.00777	0.01
1553.8	7.769	0.12769	0.00777	0.01
1553.9	7.7695	0.1277	0.00777	0.01
1554.0	7.77	0.1277	0.00777	0.01
1554.1	7.7705	0.12771	0.00777	0.01
1554.2	7.771	0.12771	0.00777	0.01
1554.3	7.7715	0.12772	0.00777	0.01
1554.4	7.772	0.12772	0.00777	0.01
1554.5	7.7725	0.12773	0.00777	0.01
1554.6	7.773	0.12773	0.00777	0.01
1554.7	7.7735	0.12774	0.00777	0.01
1554.8	7.774	0.12774	0.00777	0.01
1554.9	7.7745	0.12775	0.00777	0.01
1555.0	7.775	0.12775	0.00778	0.01
1555.1	7.7755	0.12776	0.00778	0.01
1555.2	7.776	0.12776	0.00778	0.01
1555.3	7.7765	0.12777	0.00778	0.01
1555.4	7.777	0.12777	0.00778	0.01
1555.5	7.7775	0.12778	0.00778	0.01
1555.6	7.778	0.12778	0.00778	0.01
1555.7	7.7785	0.12779	0.00778	0.01
1555.8	7.779	0.12779	0.00778	0.01
1555.9	7.7795	0.1278	0.00778	0.01
1556.0	7.78	0.1278	0.00778	0.01
1556.1	7.7805	0.12781	0.00778	0.01
1556.2	7.781	0.12781	0.00778	0.01
1556.3	7.7815	0.12782	0.00778	0.01
1556.4	7.782	0.12782	0.00778	0.01
1556.5	7.7825	0.12783	0.00778	0.01
1556.6	7.783	0.12783	0.00778	0.01
1556.7	7.7835	0.12784	0.00778	0.01
1556.8	7.784	0.12784	0.00778	0.01
1556.9	7.7845	0.12785	0.00778	0.01
1557.0	7.785	0.12785	0.00779	0.01
1557.1	7.7855	0.12786	0.00779	0.01
1557.2	7.786	0.12786	0.00779	0.01
1557.3	7.7865	0.12787	0.00779	0.01
1557.4	7.787	0.12787	0.00779	0.01
1557.5	7.7875	0.12788	0.00779	0.01
1557.6	7.788	0.12788	0.00779	0.01
1557.7	7.7885	0.12789	0.00779	0.01
1557.8	7.789	0.12789	0.00779	0.01
1557.9	7.7895	0.1279	0.00779	0.01
1558.0	7.79	0.1279	0.00779	0.01
1558.1	7.7905	0.12791	0.00779	0.01
1558.2	7.791	0.12791	0.00779	0.01
1558.3	7.7915	0.12792	0.00779	0.01
1558.4	7.792	0.12792	0.00779	0.01
1558.5	7.7925	0.12793	0.00779	0.01
1558.6	7.793	0.12793	0.00779	0.01
1558.7	7.7935	0.12794	0.00779	0.01
1558.8	7.794	0.12794	0.00779	0.01
1558.9	7.7945	0.12795	0.00779	0.01
1559.0	7.795	0.12795	0.0078	0.01
1559.1	7.7955	0.12796	0.0078	0.01
1559.2	7.796	0.12796	0.0078	0.01
1559.3	7.7965	0.12797	0.0078	0.01
1559.4	7.797	0.12797	0.0078	0.01
1559.5	7.7975	0.12798	0.0078	0.01
1559.6	7.798	0.12798	0.0078	0.01
1559.7	7.7985	0.12799	0.0078	0.01
1559.8	7.799	0.12799	0.0078	0.01
1559.9	7.7995	0.128	0.0078	0.01
1560.0	7.8	0.128	0.0078	0.01
1560.1	7.8005	0.12801	0.0078	0.01
1560.2	7.801	0.12801	0.0078	0.01
1560.3	7.8015	0.12802	0.0078	0.01
1560.4	7.802	0.12802	0.0078	0.01
1560.5	7.8025	0.12803	0.0078	0.01
1560.6	7.803	0.12803	0.0078	0.01
1560.7	7.8035	0.12804	0.0078	0.01
1560.8	7.804	0.12804	0.0078	0.01
1560.9	7.8045	0.12805	0.0078	0.01
1561.0	7.805	0.12805	0.00781	0.01
1561.1	7.8055	0.12806	0.00781	0.01
1561.2	7.806	0.12806	0.00781	0.01
1561.3	7.8065	0.12807	0.00781	0.01
1561.4	7.807	0.12807	0.00781	0.01
1561.5	7.8075	0.12808	0.00781	0.01
1561.6	7.808	0.12808	0.00781	0.01
1561.7	7.8085	0.12809	0.00781	0.01
1561.8	7.809	0.12809	0.00781	0.01
1561.9	7.8095	0.1281	0.00781	0.01
1562.0	7.81	0.1281	0.00781	0.01
1562.1	7.8105	0.12811	0.00781	0.01
1562.2	7.811	0.12811	0.00781	0.01
1562.3	7.8115	0.12812	0.00781	0.01
1562.4	7.812	0.12812	0.00781	0.01
1562.5	7.8125	0.12813	0.00781	0.01
1562.6	7.813	0.12813	0.00781	0.01
1562.7	7.8135	0.12814	0.00781	0.01
1562.8	7.814	0.12814	0.00781	0.01
1562.9	7.8145	0.12815	0.00781	0.01
1563.0	7.815	0.12815	0.00782	0.01
1563.1	7.8155	0.12816	0.00782	0.01
1563.2	7.816	0.12816	0.00782	0.01
1563.3	7.8165	0.12817	0.00782	0.01
1563.4	7.817	0.12817	0.00782	0.01
1563.5	7.8175	0.12818	0.00782	0.01
1563.6	7.818	0.12818	0.00782	0.01
1563.7	7.8185	0.12819	0.00782	0.01
1563.8	7.819	0.12819	0.00782	0.01
1563.9	7.8195	0.1282	0.00782	0.01
1564.0	7.82	0.1282	0.00782	0.01
1564.1	7.8205	0.12821	0.00782	0.01
1564.2	7.821	0.12821	0.00782	0.01
1564.3	7.8215	0.12822	0.00782	0.01
1564.4	7.822	0.12822	0.00782	0.01
1564.5	7.8225	0.12823	0.00782	0.01
1564.6	7.823	0.12823	0.00782	0.01
1564.7	7.8235	0.12824	0.00782	0.01
1564.8	7.824	0.12824	0.00782	0.01
1564.9	7.8245	0.12825	0.00782	0.01
1565.0	7.825	0.12825	0.00783	0.01
1565.1	7.8255	0.12826	0.00783	0.01
1565.2	7.826	0.12826	0.00783	0.01
1565.3	7.8265	0.12827	0.00783	0.01
1565.4	7.827	0.12827	0.00783	0.01
1565.5	7.8275	0.12828	0.00783	0.01
1565.6	7.828	0.12828	0.00783	0.01
1565.7	7.8285	0.12829	0.00783	0.01
1565.8	7.829	0.12829	0.00783	0.01
1565.9	7.8295	0.1283	0.00783	0.01
1566.0	7.83	0.1283	0.00783	0.01
1566.1	7.8305	0.12831	0.00783	0.01
1566.2	7.831	0.12831	0.00783	0.01
1566.3	7.8315	0.12832	0.00783	0.01
1566.4	7.832	0.12832	0.00783	0.01
1566.5	7.8325	0.12833	0.00783	0.01
1566.6	7.833	0.12833	0.00783	0.01
1566.7	7.8335	0.12834	0.00783	0.01
1566.8	7.834	0.12834	0.00783	0.01
1566.9	7.8345	0.12835	0.00783	0.01
1567.0	7.835	0.12835	0.00784	0.01
1567.1	7.8355	0.12836	0.00784	0.01
1567.2	7.836	0.12836	0.00784	0.01
1567.3	7.8365	0.12837	0.00784	0.01
1567.4	7.837	0.12837	0.00784	0.01
1567.5	7.8375	0.12838	0.00784	0.01
1567.6	7.838	0.12838	0.00784	0.01
1567.7	7.8385	0.12839	0.00784	0.01
1567.8	7.839	0.12839	0.00784	0.01
1567.9	7.8395	0.1284	0.00784	0.01
1568.0	7.84	0.1284	0.00784	0.01
1568.1	7.8405	0.12841	0.00784	0.01
1568.2	7.841	0.12841	0.00784	0.01
1568.3	7.8415	0.12842	0.00784	0.01
1568.4	7.842	0.12842	0.00784	0.01
1568.5	7.8425	0.12843	0.00784	0.01
1568.6	7.843	0.12843	0.00784	0.01
1568.7	7.8435	0.12844	0.00784	0.01
1568.8	7.844	0.12844	0.00784	0.01
1568.9	7.8445	0.12845	0.00784	0.01
1569.0	7.845	0.12845	0.00785	0.01
1569.1	7.8455	0.12846	0.00785	0.01
1569.2	7.846	0.12846	0.00785	0.01
1569.3	7.8465	0.12847	0.00785	0.01
1569.4	7.847	0.12847	0.00785	0.01
1569.5	7.8475	0.12848	0.00785	0.01
1569.6	7.848	0.12848	0.00785	0.01
1569.7	7.8485	0.12849	0.00785	0.01
1569.8	7.849	0.12849	0.00785	0.01
1569.9	7.8495	0.1285	0.00785	0.01
1570.0	7.85	0.1285	0.00785	0.01
1570.1	7.8505	0.12851	0.00785	0.01
1570.2	7.851	0.12851	0.00785	0.01
1570.3	7.8515	0.12852	0.00785	0.01
1570.4	7.852	0.12852	0.00785	0.01
1570.5	7.8525	0.12853	0.00785	0.01
1570.6	7.853	0.12853	0.00785	0.01
1570.7	7.8535	0.12854	0.00785	0.01
1570.8	7.854	0.12854	0.00785	0.01
1570.9	7.8545	0.12855	0.00785	0.01
1571.0	7.855	0.12855	0.00786	0.01
1571.1	7.8555	0.12856	0.00786	0.01
1571.2	7.856	0.12856	0.00786	0.01
1571.3	7.8565	0.12857	0.00786	0.01
1571.4	7.857	0.12857	0.00786	0.01
1571.5	7.8575	0.12858	0.00786	0.01
1571.6	7.858	0.12858	0.00786	0.01
1571.7	7.8585	0.12859	0.00786	0.01
1571.8	7.859	0.12859	0.00786	0.01
1571.9	7.8595	0.1286	0.00786	0.01
1572.0	7.86	0.1286	0.00786	0.01
1572.1	7.8605	0.12861	0.00786	0.01
1572.2	7.861	0.12861	0.00786	0.01
1572.3	7.8615	0.12862	0.00786	0.01
1572.4	7.862	0.12862	0.00786	0.01
1572.5	7.8625	0.12863	0.00786	0.01
1572.6	7.863	0.12863	0.00786	0.01
1572.7	7.8635	0.12864	0.00786	0.01
1572.8	7.864	0.12864	0.00786	0.01
1572.9	7.8645	0.12865	0.00786	0.01
1573.0	7.865	0.12865	0.00787	0.01
1573.1	7.8655	0.12866	0.00787	0.01
1573.2	7.866	0.12866	0.00787	0.01
1573.3	7.8665	0.12867	0.00787	0.01
1573.4	7.867	0.12867	0.00787	0.01
1573.5	7.8675	0.12868	0.00787	0.01
1573.6	7.868	0.12868	0.00787	0.01
1573.7	7.8685	0.12869	0.00787	0.01
1573.8	7.869	0.12869	0.00787	0.01
1573.9	7.8695	0.1287	0.00787	0.01
1574.0	7.87	0.1287	0.00787	0.01
1574.1	7.8705	0.12871	0.00787	0.01
1574.2	7.871	0.12871	0.00787	0.01
1574.3	7.8715	0.12872	0.00787	0.01
1574.4	7.872	0.12872	0.00787	0.01
1574.5	7.8725	0.12873	0.00787	0.01
1574.6	7.873	0.12873	0.00787	0.01
1574.7	7.8735	0.12874	0.00787	0.01
1574.8	7.874	0.12874	0.00787	0.01
1574.9	7.8745	0.12875	0.00787	0.01
1575.0	7.875	0.12875	0.00788	0.01
1575.1	7.8755	0.12876	0.00788	0.01
1575.2	7.876	0.12876	0.00788	0.01
1575.3	7.8765	0.12877	0.00788	0.01
1575.4	7.877	0.12877	0.00788	0.01
1575.5	7.8775	0.12878	0.00788	0.01
1575.6	7.878	0.12878	0.00788	0.01
1575.7	7.8785	0.12879	0.00788	0.01
1575.8	7.879	0.12879	0.00788	0.01
1575.9	7.8795	0.1288	0.00788	0.01
1576.0	7.88	0.1288	0.00788	0.01
1576.1	7.8805	0.12881	0.00788	0.01
1576.2	7.881	0.12881	0.00788	0.01
1576.3	7.8815	0.12882	0.00788	0.01
1576.4	7.882	0.12882	0.00788	0.01
1576.5	7.8825	0.12883	0.00788	0.01
1576.6	7.883	0.12883	0.00788	0.01
1576.7	7.8835	0.12884	0.00788	0.01
1576.8	7.884	0.12884	0.00788	0.01
1576.9	7.8845	0.12885	0.00788	0.01
1577.0	7.885	0.12885	0.00789	0.01
1577.1	7.8855	0.12886	0.00789	0.01
1577.2	7.886	0.12886	0.00789	0.01
1577.3	7.8865	0.12887	0.00789	0.01
1577.4	7.887	0.12887	0.00789	0.01
1577.5	7.8875	0.12888	0.00789	0.01
1577.6	7.888	0.12888	0.00789	0.01
1577.7	7.8885	0.12889	0.00789	0.01
1577.8	7.889	0.12889	0.00789	0.01
1577.9	7.8895	0.1289	0.00789	0.01
1578.0	7.89	0.1289	0.00789	0.01
1578.1	7.8905	0.12891	0.00789	0.01
1578.2	7.891	0.12891	0.00789	0.01
1578.3	7.8915	0.12892	0.00789	0.01
1578.4	7.892	0.12892	0.00789	0.01
1578.5	7.8925	0.12893	0.00789	0.01
1578.6	7.893	0.12893	0.00789	0.01
1578.7	7.8935	0.12894	0.00789	0.01
1578.8	7.894	0.12894	0.00789	0.01
1578.9	7.8945	0.12895	0.00789	0.01
1579.0	7.895	0.12895	0.0079	0.01
1579.1	7.8955	0.12896	0.0079	0.01
1579.2	7.896	0.12896	0.0079	0.01
1579.3	7.8965	0.12897	0.0079	0.01
1579.4	7.897	0.12897	0.0079	0.01
1579.5	7.8975	0.12898	0.0079	0.01
1579.6	7.898	0.12898	0.0079	0.01
1579.7	7.8985	0.12899	0.0079	0.01
1579.8	7.899	0.12899	0.0079	0.01
1579.9	7.8995	0.129	0.0079	0.01
1580.0	7.9	0.129	0.0079	0.01
1580.1	7.9005	0.12901	0.0079	0.01
1580.2	7.901	0.12901	0.0079	0.01
1580.3	7.9015	0.12902	0.0079	0.01
1580.4	7.902	0.12902	0.0079	0.01
1580.5	7.9025	0.12903	0.0079	0.01
1580.6	7.903	0.12903	0.0079	0.01
1580.7	7.9035	0.12904	0.0079	0.01
1580.8	7.904	0.12904	0.0079	0.01
1580.9	7.9045	0.12905	0.0079	0.01
1581.0	7.905	0.12905	0.00791	0.01
1581.1	7.9055	0.12906	0.00791	0.01
1581.2	7.906	0.12906	0.00791	0.01
1581.3	7.9065	0.12907	0.00791	0.01
1581.4	7.907	0.12907	0.00791	0.01
1581.5	7.9075	0.12908	0.00791	0.01
1581.6	7.908	0.12908	0.00791	0.01
1581.7	7.9085	0.12909	0.00791	0.01
1581.8	7.909	0.12909	0.00791	0.01
1581.9	7.9095	0.1291	0.00791	0.01
1582.0	7.91	0.1291	0.00791	0.01
1582.1	7.9105	0.12911	0.00791	0.01
1582.2	7.911	0.12911	0.00791	0.01
1582.3	7.9115	0.12912	0.00791	0.01
1582.4	7.912	0.12912	0.00791	0.01
1582.5	7.9125	0.12913	0.00791	0.01
1582.6	7.913	0.12913	0.00791	0.01
1582.7	7.9135	0.12914	0.00791	0.01
1582.8	7.914	0.12914	0.00791	0.01
1582.9	7.9145	0.12915	0.00791	0.01
1583.0	7.915	0.12915	0.00792	0.01
1583.1	7.9155	0.12916	0.00792	0.01
1583.2	7.916	0.12916	0.00792	0.01
1583.3	7.9165	0.12917	0.00792	0.01
1583.4	7.917	0.12917	0.00792	0.01
1583.5	7.9175	0.12918	0.00792	0.01
1583.6	7.918	0.12918	0.00792	0.01
1583.7	7.9185	0.12919	0.00792	0.01
1583.8	7.919	0.12919	0.00792	0.01
1583.9	7.9195	0.1292	0.00792	0.01
1584.0	7.92	0.1292	0.00792	0.01
1584.1	7.9205	0.12921	0.00792	0.01
1584.2	7.921	0.12921	0.00792	0.01
1584.3	7.9215	0.12922	0.00792	0.01
1584.4	7.922	0.12922	0.00792	0.01
1584.5	7.9225	0.12923	0.00792	0.01
1584.6	7.923	0.12923	0.00792	0.01
1584.7	7.9235	0.12924	0.00792	0.01
1584.8	7.924	0.12924	0.00792	0.01
1584.9	7.9245	0.12925	0.00792	0.01
1585.0	7.925	0.12925	0.00793	0.01
1585.1	7.9255	0.12926	0.00793	0.01
1585.2	7.926	0.12926	0.00793	0.01
1585.3	7.9265	0.12927	0.00793	0.01
1585.4	7.927	0.12927	0.00793	0.01
1585.5	7.9275	0.12928	0.00793	0.01
1585.6	7.928	0.12928	0.00793	0.01
1585.7	7.9285	0.12929	0.00793	0.01
1585.8	7.929	0.12929	0.00793	0.01
1585.9	7.9295	0.1293	0.00793	0.01
1586.0	7.93	0.1293	0.00793	0.01
1586.1	7.9305	0.12931	0.00793	0.01
1586.2	7.931	0.12931	0.00793	0.01
1586.3	7.9315	0.12932	0.00793	0.01
1586.4	7.932	0.12932	0.00793	0.01
1586.5	7.9325	0.12933	0.00793	0.01
1586.6	7.933	0.12933	0.00793	0.01
1586.7	7.9335	0.12934	0.00793	0.01
1586.8	7.934	0.12934	0.00793	0.01
1586.9	7.9345	0.12935	0.00793	0.01
1587.0	7.935	0.12935	0.00794	0.01
1587.1	7.9355	0.12936	0.00794	0.01
1587.2	7.936	0.12936	0.00794	0.01
1587.3	7.9365	0.12937	0.00794	0.01
1587.4	7.937	0.12937	0.00794	0.01
1587.5	7.9375	0.12938	0.00794	0.01
1587.6	7.938	0.12938	0.00794	0.01
1587.7	7.9385	0.12939	0.00794	0.01
1587.8	7.939	0.12939	0.00794	0.01
1587.9	7.9395	0.1294	0.00794	0.01
1588.0	7.94	0.1294	0.00794	0.01
1588.1	7.9405	0.12941	0.00794	0.01
1588.2	7.941	0.12941	0.00794	0.01
1588.3	7.9415	0.12942	0.00794	0.01
1588.4	7.942	0.12942	0.00794	0.01
1588.5	7.9425	0.12943	0.00794	0.01
1588.6	7.943	0.12943	0.00794	0.01
1588.7	7.9435	0.12944	0.00794	0.01
1588.8	7.944	0.12944	0.00794	0.01
1588.9	7.9445	0.12945	0.00794	0.01
1589.0	7.945	0.12945	0.00795	0.01
1589.1	7.9455	0.12946	0.00795	0.01
1589.2	7.946	0.12946	0.00795	0.01
1589.3	7.9465	0.12947	0.00795	0.01
1589.4	7.947	0.12947	0.00795	0.01
1589.5	7.9475	0.12948	0.00795	0.01
1589.6	7.948	0.12948	0.00795	0.01
1589.7	7.9485	0.12949	0.00795	0.01
1589.8	7.949	0.12949	0.00795	0.01
1589.9	7.9495	0.1295	0.00795	0.01
1590.0	7.95	0.1295	0.00795	0.01
1590.1	7.9505	0.12951	0.00795	0.01
1590.2	7.951	0.12951	0.00795	0.01
1590.3	7.9515	0.12952	0.00795	0.01
1590.4	7.952	0.12952	0.00795	0.01
1590.5	7.9525	0.12953	0.00795	0.01
1590.6	7.953	0.12953	0.00795	0.01
1590.7	7.9535	0.12954	0.00795	0.01
1590.8	7.954	0.12954	0.00795	0.01
1590.9	7.9545	0.12955	0.00795	0.01
1591.0	7.955	0.12955	0.00796	0.01
1591.1	7.9555	0.12956	0.00796	0.01
1591.2	7.956	0.12956	0.00796	0.01
1591.3	7.9565	0.12957	0.00796	0.01
1591.4	7.957	0.12957	0.00796	0.01
1591.5	7.9575	0.12958	0.00796	0.01
1591.6	7.958	0.12958	0.00796	0.01
1591.7	7.9585	0.12959	0.00796	0.01
1591.8	7.959	0.12959	0.00796	0.01
1591.9	7.9595	0.1296	0.00796	0.01
1592.0	7.96	0.1296	0.00796	0.01
1592.1	7.9605	0.12961	0.00796	0.01
1592.2	7.961	0.12961	0.00796	0.01
1592.3	7.9615	0.12962	0.00796	0.01
1592.4	7.962	0.12962	0.00796	0.01
1592.5	7.9625	0.12963	0.00796	0.01
1592.6	7.963	0.12963	0.00796	0.01
1592.7	7.9635	0.12964	0.00796	0.01
1592.8	7.964	0.12964	0.00796	0.01
1592.9	7.9645	0.12965	0.00796	0.01
1593.0	7.965	0.12965	0.00797	0.01
1593.1	7.9655	0.12966	0.00797	0.01
1593.2	7.966	0.12966	0.00797	0.01
1593.3	7.9665	0.12967	0.00797	0.01
1593.4	7.967	0.12967	0.00797	0.01
1593.5	7.9675	0.12968	0.00797	0.01
1593.6	7.968	0.12968	0.00797	0.01
1593.7	7.9685	0.12969	0.00797	0.01
1593.8	7.969	0.12969	0.00797	0.01
1593.9	7.9695	0.1297	0.00797	0.01
1594.0	7.97	0.1297	0.00797	0.01
1594.1	7.9705	0.12971	0.00797	0.01
1594.2	7.971	0.12971	0.00797	0.01
1594.3	7.9715	0.12972	0.00797	0.01
1594.4	7.972	0.12972	0.00797	0.01
1594.5	7.9725	0.12973	0.00797	0.01
1594.6	7.973	0.12973	0.00797	0.01
1594.7	7.9735	0.12974	0.00797	0.01
1594.8	7.974	0.12974	0.00797	0.01
1594.9	7.9745	0.12975	0.00797	0.01
1595.0	7.975	0.12975	0.00798	0.01
1595.1	7.9755	0.12976	0.00798	0.01
1595.2	7.976	0.12976	0.00798	0.01
1595.3	7.9765	0.12977	0.00798	0.01
1595.4	7.977	0.12977	0.00798	0.01
1595.5	7.9775	0.12978	0.00798	0.01
1595.6	7.978	0.12978	0.00798	0.01
1595.7	7.9785	0.12979	0.00798	0.01
1595.8	7.979	0.12979	0.00798	0.01
1595.9	7.9795	0.1298	0.00798	0.01
1596.0	7.98	0.1298	0.00798	0.01
1596.1	7.9805	0.12981	0.00798	0.01
1596.2	7.981	0.12981	0.00798	0.01
1596.3	7.9815	0.12982	0.00798	0.01
1596.4	7.982	0.12982	0.00798	0.01
1596.5	7.9825	0.12983	0.00798	0.01
1596.6	7.983	0.12983	0.00798	0.01
1596.7	7.9835	0.12984	0.00798	0.01
1596.8	7.984	0.12984	0.00798	0.01
1596.9	7.9845	0.12985	0.00798	0.01
1597.0	7.985	0.12985	0.00799	0.01
1597.1	7.9855	0.12986	0.00799	0.01
1597.2	7.986	0.12986	0.00799	0.01
1597.3	7.9865	0.12987	0.00799	0.01
1597.4	7.987	0.12987	0.00799	0.01
1597.5	7.9875	0.12988	0.00799	0.01
1597.6	7.988	0.12988	0.00799	0.01
1597.7	7.9885	0.12989	0.00799	0.01
1597.8	7.989	0.12989	0.00799	0.01
1597.9	7.9895	0.1299	0.00799	0.01
1598.0	7.99	0.1299	0.00799	0.01
1598.1	7.9905	0.12991	0.00799	0.01
1598.2	7.991	0.12991	0.00799	0.01
1598.3	7.9915	0.12992	0.00799	0.01
1598.4	7.992	0.12992	0.00799	0.01
1598.5	7.9925	0.12993	0.00799	0.01
1598.6	7.993	0.12993	0.00799	0.01
1598.7	7.9935	0.12994	0.00799	0.01
1598.8	7.994	0.12994	0.00799	0.01
1598.9	7.9945	0.12995	0.00799	0.01
1599.0	7.995	0.12995	0.008	0.01
1599.1	7.9955	0.12996	0.008	0.01
1599.2	7.996	0.12996	0.008	0.01
1599.3	7.9965	0.12997	0.008	0.01
1599.4	7.997	0.12997	0.008	0.01
1599.5	7.9975	0.12998	0.008	0.01
1599.6	7.998	0.12998	0.008	0.01
1599.7	7.9985	0.12999	0.008	0.01
1599.8	7.999	0.12999	0.008	0.01
1599.9	7.9995	0.13	0.008	0.01
1600.0	8.0	0.13	0.008	0.01
1600.1	8.0005	0.13001	0.008	0.01
1600.2	8.001	0.13001	0.008	0.01
1600.3	8.0015	0.13002	0.008	0.01
1600.4	8.002	0.13002	0.008	0.01
1600.5	8.0025	0.13003	0.008	0.01
1600.6	8.003	0.13003	0.008	0.01
1600.7	8.0035	0.13004	0.008	0.01
1600.8	8.004	0.13004	0.008	0.01
1600.9	8.0045	0.13005	0.008	0.01
1601.0	8.005	0.13005	0.00801	0.01
1601.1	8.0055	0.13006	0.00801	0.01
1601.2	8.006	0.13006	0.00801	0.01
1601.3	8.0065	0.13007	0.00801	0.01
1601.4	8.007	0.13007	0.00801	0.01
1601.5	8.0075	0.13008	0.00801	0.01
1601.6	8.008	0.13008	0.00801	0.01
1601.7	8.0085	0.13009	0.00801	0.01
1601.8	8.009	0.13009	0.00801	0.01
1601.9	8.0095	0.1301	0.00801	0.01
1602.0	8.01	0.1301	0.00801	0.01
1602.1	8.0105	0.13011	0.00801	0.01
1602.2	8.011	0.13011	0.00801	0.01
1602.3	8.0115	0.13012	0.00801	0.01
1602.4	8.012	0.13012	0.00801	0.01
1602.5	8.0125	0.13013	0.00801	0.01
1602.6	8.013	0.13013	0.00801	0.01
1602.7	8.0135	0.13014	0.00801	0.01
1602.8	8.014	0.13014	0.00801	0.01
1602.9	8.0145	0.13015	0.00801	0.01
1603.0	8.015	0.13015	0.00802	0.01
1603.1	8.0155	0.13016	0.00802	0.01
1603.2	8.016	0.13016	0.00802	0.01
1603.3	8.0165	0.13017	0.00802	0.01
1603.4	8.017	0.13017	0.00802	0.01
1603.5	8.0175	0.13018	0.00802	0.01
1603.6	8.018	0.13018	0.00802	0.01
1603.7	8.0185	0.13019	0.00802	0.01
1603.8	8.019	0.13019	0.00802	0.01
1603.9	8.0195	0.1302	0.00802	0.01
1604.0	8.02	0.1302	0.00802	0.01
1604.1	8.0205	0.13021	0.00802	0.01
1604.2	8.021	0.13021	0.00802	0.01
1604.3	8.0215	0.13022	0.00802	0.01
1604.4	8.022	0.13022	0.00802	0.01
1604.5	8.0225	0.13023	0.00802	0.01
1604.6	8.023	0.13023	0.00802	0.01
1604.7	8.0235	0.13024	0.00802	0.01
1604.8	8.024	0.13024	0.00802	0.01
1604.9	8.0245	0.13025	0.00802	0.01
1605.0	8.025	0.13025	0.00803	0.01
1605.1	8.0255	0.13026	0.00803	0.01
1605.2	8.026	0.13026	0.00803	0.01
1605.3	8.0265	0.13027	0.00803	0.01
1605.4	8.027	0.13027	0.00803	0.01
1605.5	8.0275	0.13028	0.00803	0.01
1605.6	8.028	0.13028	0.00803	0.01
1605.7	8.0285	0.13029	0.00803	0.01
1605.8	8.029	0.13029	0.00803	0.01
1605.9	8.0295	0.1303	0.00803	0.01
1606.0	8.03	0.1303	0.00803	0.01
1606.1	8.0305	0.13031	0.00803	0.01
1606.2	8.031	0.13031	0.00803	0.01
1606.3	8.0315	0.13032	0.00803	0.01
1606.4	8.032	0.13032	0.00803	0.01
1606.5	8.0325	0.13033	0.00803	0.01
1606.6	8.033	0.13033	0.00803	0.01
1606.7	8.0335	0.13034	0.00803	0.01
1606.8	8.034	0.13034	0.00803	0.01
1606.9	8.0345	0.13035	0.00803	0.01
1607.0	8.035	0.13035	0.00804	0.01
1607.1	8.0355	0.13036	0.00804	0.01
1607.2	8.036	0.13036	0.00804	0.01
1607.3	8.0365	0.13037	0.00804	0.01
1607.4	8.037	0.13037	0.00804	0.01
1607.5	8.0375	0.13038	0.00804	0.01
1607.6	8.038	0.13038	0.00804	0.01
1607.7	8.0385	0.13039	0.00804	0.01
1607.8	8.039	0.13039	0.00804	0.01
1607.9	8.0395	0.1304	0.00804	0.01
1608.0	8.04	0.1304	0.00804	0.01
1608.1	8.0405	0.13041	0.00804	0.01
1608.2	8.041	0.13041	0.00804	0.01
1608.3	8.0415	0.13042	0.00804	0.01
1608.4	8.042	0.13042	0.00804	0.01
1608.5	8.0425	0.13043	0.00804	0.01
1608.6	8.043	0.13043	0.00804	0.01
1608.7	8.0435	0.13044	0.00804	0.01
1608.8	8.044	0.13044	0.00804	0.01
1608.9	8.0445	0.13045	0.00804	0.01
1609.0	8.045	0.13045	0.00805	0.01
1609.1	8.0455	0.13046	0.00805	0.01
1609.2	8.046	0.13046	0.00805	0.01
1609.3	8.0465	0.13047	0.00805	0.01
1609.4	8.047	0.13047	0.00805	0.01
1609.5	8.0475	0.13048	0.00805	0.01
1609.6	8.048	0.13048	0.00805	0.01
1609.7	8.0485	0.13049	0.00805	0.01
1609.8	8.049	0.13049	0.00805	0.01
1609.9	8.0495	0.1305	0.00805	0.01
1610.0	8.05	0.1305	0.00805	0.01
1610.1	8.0505	0.13051	0.00805	0.01
1610.2	8.051	0.13051	0.00805	0.01
1610.3	8.0515	0.13052	0.00805	0.01
1610.4	8.052	0.13052	0.00805	0.01
1610.5	8.0525	0.13053	0.00805	0.01
1610.6	8.053	0.13053	0.00805	0.01
1610.7	8.0535	0.13054	0.00805	0.01
1610.8	8.054	0.13054	0.00805	0.01
1610.9	8.0545	0.13055	0.00805	0.01
1611.0	8.055	0.13055	0.00806	0.01
1611.1	8.0555	0.13056	0.00806	0.01
1611.2	8.056	0.13056	0.00806	0.01
1611.3	8.0565	0.13057	0.00806	0.01
1611.4	8.057	0.13057	0.00806	0.01
1611.5	8.0575	0.13058	0.00806	0.01
1611.6	8.058	0.13058	0.00806	0.01
1611.7	8.0585	0.13059	0.00806	0.01
1611.8	8.059	0.13059	0.00806	0.01
1611.9	8.0595	0.1306	0.00806	0.01
1612.0	8.06	0.1306	0.00806	0.01
1612.1	8.0605	0.13061	0.00806	0.01
1612.2	8.061	0.13061	0.00806	0.01
1612.3	8.0615	0.13062	0.00806	0.01
1612.4	8.062	0.13062	0.00806	0.01
1612.5	8.0625	0.13063	0.00806	0.01
1612.6	8.063	0.13063	0.00806	0.01
1612.7	8.0635	0.13064	0.00806	0.01
1612.8	8.064	0.13064	0.00806	0.01
1612.9	8.0645	0.13065	0.00806	0.01
1613.0	8.065	0.13065	0.00807	0.01
1613.1	8.0655	0.13066	0.00807	0.01
1613.2	8.066	0.13066	0.00807	0.01
1613.3	8.0665	0.13067	0.00807	0.01
1613.4	8.067	0.13067	0.00807	0.01
1613.5	8.0675	0.13068	0.00807	0.01
1613.6	8.068	0.13068	0.00807	0.01
1613.7	8.0685	0.13069	0.00807	0.01
1613.8	8.069	0.13069	0.00807	0.01
1613.9	8.0695	0.1307	0.00807	0.01
1614.0	8.07	0.1307	0.00807	0.01
1614.1	8.0705	0.13071	0.00807	0.01
1614.2	8.071	0.13071	0.00807	0.01
1614.3	8.0715	0.13072	0.00807	0.01
1614.4	8.072	0.13072	0.00807	0.01
1614.5	8.0725	0.13073	0.00807	0.01
1614.6	8.073	0.13073	0.00807	0.01
1614.7	8.0735	0.13074	0.00807	0.01
1614.8	8.074	0.13074	0.00807	0.01
1614.9	8.0745	0.13075	0.00807	0.01
1615.0	8.075	0.13075	0.00808	0.01
1615.1	8.0755	0.13076	0.00808	0.01
1615.2	8.076	0.13076	0.00808	0.01
1615.3	8.0765	0.13077	0.00808	0.01
1615.4	8.077	0.13077	0.00808	0.01
1615.5	8.0775	0.13078	0.00808	0.01
1615.6	8.078	0.13078	0.00808	0.01
1615.7	8.0785	0.13079	0.00808	0.01
1615.8	8.079	0.13079	0.00808	0.01
1615.9	8.0795	0.1308	0.00808	0.01
1616.0	8.08	0.1308	0.00808	0.01
1616.1	8.0805	0.13081	0.00808	0.01
1616.2	8.081	0.13081	0.00808	0.01
1616.3	8.0815	0.13082	0.00808	0.01
1616.4	8.082	0.13082	0.00808	0.01
1616.5	8.0825	0.13083	0.00808	0.01
1616.6	8.083	0.13083	0.00808	0.01
1616.7	8.0835	0.13084	0.00808	0.01
1616.8	8.084	0.13084	0.00808	0.01
1616.9	8.0845	0.13085	0.00808	0.01
1617.0	8.085	0.13085	0.00809	0.01
1617.1	8.0855	0.13086	0.00809	0.01
1617.2	8.086	0.13086	0.00809	0.01
1617.3	8.0865	0.13087	0.00809	0.01
1617.4	8.087	0.13087	0.00809	0.01
1617.5	8.0875	0.13088	0.00809	0.01
1617.6	8.088	0.13088	0.00809	0.01
1617.7	8.0885	0.13089	0.00809	0.01
1617.8	8.089	0.13089	0.00809	0.01
1617.9	8.0895	0.1309	0.00809	0.01
1618.0	8.09	0.1309	0.00809	0.01
1618.1	8.0905	0.13091	0.00809	0.01
1618.2	8.091	0.13091	0.00809	0.01
1618.3	8.0915	0.13092	0.00809	0.01
1618.4	8.092	0.13092	0.00809	0.01
1618.5	8.0925	0.13093	0.00809	0.01
1618.6	8.093	0.13093	0.00809	0.01
1618.7	8.0935	0.13094	0.00809	0.01
1618.8	8.094	0.13094	0.00809	0.01
1618.9	8.0945	0.13095	0.00809	0.01
1619.0	8.095	0.13095	0.0081	0.01
1619.1	8.0955	0.13096	0.0081	0.01
1619.2	8.096	0.13096	0.0081	0.01
1619.3	8.0965	0.13097	0.0081	0.01
1619.4	8.097	0.13097	0.0081	0.01
1619.5	8.0975	0.13098	0.0081	0.01
1619.6	8.098	0.13098	0.0081	0.01
1619.7	8.0985	0.13099	0.0081	0.01
1619.8	8.099	0.13099	0.0081	0.01
1619.9	8.0995	0.131	0.0081	0.01
1620.0	8.1	0.131	0.0081	0.01
1620.1	8.1005	0.13101	0.0081	0.01
1620.2	8.101	0.13101	0.0081	0.01
1620.3	8.1015	0.13102	0.0081	0.01
1620.4	8.102	0.13102	0.0081	0.01
1620.5	8.1025	0.13103	0.0081	0.01
1620.6	8.103	0.13103	0.0081	0.01
1620.7	8.1035	0.13104	0.0081	0.01
1620.8	8.104	0.13104	0.0081	0.01
1620.9	8.1045	0.13105	0.0081	0.01
1621.0	8.105	0.13105	0.00811	0.01
1621.1	8.1055	0.13106	0.00811	0.01
1621.2	8.106	0.13106	0.00811	0.01
1621.3	8.1065	0.13107	0.00811	0.01
1621.4	8.107	0.13107	0.00811	0.01
1621.5	8.1075	0.13108	0.00811	0.01
1621.6	8.108	0.13108	0.00811	0.01
1621.7	8.1085	0.13109	0.00811	0.01
1621.8	8.109	0.13109	0.00811	0.01
1621.9	8.1095	0.1311	0.00811	0.01
1622.0	8.11	0.1311	0.00811	0.01
1622.1	8.1105	0.13111	0.00811	0.01
1622.2	8.111	0.13111	0.00811	0.01
1622.3	8.1115	0.13112	0.00811	0.01
1622.4	8.112	0.13112	0.00811	0.01
1622.5	8.1125	0.13113	0.00811	0.01
1622.6	8.113	0.13113	0.00811	0.01
1622.7	8.1135	0.13114	0.00811	0.01
1622.8	8.114	0.13114	0.00811	0.01
1622.9	8.1145	0.13115	0.00811	0.01
1623.0	8.115	0.13115	0.00812	0.01
1623.1	8.1155	0.13116	0.00812	0.01
1623.2	8.116	0.13116	0.00812	0.01
1623.3	8.1165	0.13117	0.00812	0.01
1623.4	8.117	0.13117	0.00812	0.01
1623.5	8.1175	0.13118	0.00812	0.01
1623.6	8.118	0.13118	0.00812	0.01
1623.7	8.1185	0.13119	0.00812	0.01
1623.8	8.119	0.13119	0.00812	0.01
1623.9	8.1195	0.1312	0.00812	0.01
1624.0	8.12	0.1312	0.00812	0.01
1624.1	8.1205	0.13121	0.00812	0.01
1624.2	8.121	0.13121	0.00812	0.01
1624.3	8.1215	0.13122	0.00812	0.01
1624.4	8.122	0.13122	0.00812	0.01
1624.5	8.1225	0.13123	0.00812	0.01
1624.6	8.123	0.13123	0.00812	0.01
1624.7	8.1235	0.13124	0.00812	0.01
1624.8	8.124	0.13124	0.00812	0.01
1624.9	8.1245	0.13125	0.00812	0.01
1625.0	8.125	0.13125	0.00813	0.01
1625.1	8.1255	0.13126	0.00813	0.01
1625.2	8.126	0.13126	0.00813	0.01
1625.3	8.1265	0.13127	0.00813	0.01
1625.4	8.127	0.13127	0.00813	0.01
1625.5	8.1275	0.13128	0.00813	0.01
1625.6	8.128	0.13128	0.00813	0.01
1625.7	8.1285	0.13129	0.00813	0.01
1625.8	8.129	0.13129	0.00813	0.01
1625.9	8.1295	0.1313	0.00813	0.01
1626.0	8.13	0.1313	0.00813	0.01
1626.1	8.1305	0.13131	0.00813	0.01
1626.2	8.131	0.13131	0.00813	0.01
1626.3	8.1315	0.13132	0.00813	0.01
1626.4	8.132	0.13132	0.00813	0.01
1626.5	8.1325	0.13133	0.00813	0.01
1626.6	8.133	0.13133	0.00813	0.01
1626.7	8.1335	0.13134	0.00813	0.01
1626.8	8.134	0.13134	0.00813	0.01
1626.9	8.1345	0.13135	0.00813	0.01
1627.0	8.135	0.13135	0.00814	0.01
1627.1	8.1355	0.13136	0.00814	0.01
1627.2	8.136	0.13136	0.00814	0.01
1627.3	8.1365	0.13137	0.00814	0.01
1627.4	8.137	0.13137	0.00814	0.01
1627.5	8.1375	0.13138	0.00814	0.01
1627.6	8.138	0.13138	0.00814	0.01
1627.7	8.1385	0.13139	0.00814	0.01
1627.8	8.139	0.13139	0.00814	0.01
1627.9	8.1395	0.1314	0.00814	0.01
1628.0	8.14	0.1314	0.00814	0.01
1628.1	8.1405	0.13141	0.00814	0.01
1628.2	8.141	0.13141	0.00814	0.01
1628.3	8.1415	0.13142	0.00814	0.01
1628.4	8.142	0.13142	0.00814	0.01
1628.5	8.1425	0.13143	0.00814	0.01
1628.6	8.143	0.13143	0.00814	0.01
1628.7	8.1435	0.13144	0.00814	0.01
1628.8	8.144	0.13144	0.00814	0.01
1628.9	8.1445	0.13145	0.00814	0.01
1629.0	8.145	0.13145	0.00815	0.01
1629.1	8.1455	0.13146	0.00815	0.01
1629.2	8.146	0.13146	0.00815	0.01
1629.3	8.1465	0.13147	0.00815	0.01
1629.4	8.147	0.13147	0.00815	0.01
1629.5	8.1475	0.13148	0.00815	0.01
1629.6	8.148	0.13148	0.00815	0.01
1629.7	8.1485	0.13149	0.00815	0.01
1629.8	8.149	0.13149	0.00815	0.01
1629.9	8.1495	0.1315	0.00815	0.01
1630.0	8.15	0.1315	0.00815	0.01
1630.1	8.1505	0.13151	0.00815	0.01
1630.2	8.151	0.13151	0.00815	0.01
1630.3	8.1515	0.13152	0.00815	0.01
1630.4	8.152	0.13152	0.00815	0.01
1630.5	8.1525	0.13153	0.00815	0.01
1630.6	8.153	0.13153	0.00815	0.01
1630.7	8.1535	0.13154	0.00815	0.01
1630.8	8.154	0.13154	0.00815	0.01
1630.9	8.1545	0.13155	0.00815	0.01
1631.0	8.155	0.13155	0.00816	0.01
1631.1	8.1555	0.13156	0.00816	0.01
1631.2	8.156	0.13156	0.00816	0.01
1631.3	8.1565	0.13157	0.00816	0.01
1631.4	8.157	0.13157	0.00816	0.01
1631.5	8.1575	0.13158	0.00816	0.01
1631.6	8.158	0.13158	0.00816	0.01
1631.7	8.1585	0.13159	0.00816	0.01
1631.8	8.159	0.13159	0.00816	0.01
1631.9	8.1595	0.1316	0.00816	0.01
1632.0	8.16	0.1316	0.00816	0.01
1632.1	8.1605	0.13161	0.00816	0.01
1632.2	8.161	0.13161	0.00816	0.01
1632.3	8.1615	0.13162	0.00816	0.01
1632.4	8.162	0.13162	0.00816	0.01
1632.5	8.1625	0.13163	0.00816	0.01
1632.6	8.163	0.13163	0.00816	0.01
1632.7	8.1635	0.13164	0.00816	0.01
1632.8	8.164	0.13164	0.00816	0.01
1632.9	8.1645	0.13165	0.00816	0.01
1633.0	8.165	0.13165	0.00817	0.01
1633.1	8.1655	0.13166	0.00817	0.01
1633.2	8.166	0.13166	0.00817	0.01
1633.3	8.1665	0.13167	0.00817	0.01
1633.4	8.167	0.13167	0.00817	0.01
1633.5	8.1675	0.13168	0.00817	0.01
1633.6	8.168	0.13168	0.00817	0.01
1633.7	8.1685	0.13169	0.00817	0.01
1633.8	8.169	0.13169	0.00817	0.01
1633.9	8.1695	0.1317	0.00817	0.01
1634.0	8.17	0.1317	0.00817	0.01
1634.1	8.1705	0.13171	0.00817	0.01
1634.2	8.171	0.13171	0.00817	0.01
1634.3	8.1715	0.13172	0.00817	0.01
1634.4	8.172	0.13172	0.00817	0.01
1634.5	8.1725	0.13173	0.00817	0.01
1634.6	8.173	0.13173	0.00817	0.01
1634.7	8.1735	0.13174	0.00817	0.01
1634.8	8.174	0.13174	0.00817	0.01
1634.9	8.1745	0.13175	0.00817	0.01
1635.0	8.175	0.13175	0.00818	0.01
1635.1	8.1755	0.13176	0.00818	0.01
1635.2	8.176	0.13176	0.00818	0.01
1635.3	8.1765	0.13177	0.00818	0.01
1635.4	8.177	0.13177	0.00818	0.01
1635.5	8.1775	0.13178	0.00818	0.01
1635.6	8.178	0.13178	0.00818	0.01
1635.7	8.1785	0.13179	0.00818	0.01
1635.8	8.179	0.13179	0.00818	0.01
1635.9	8.1795	0.1318	0.00818	0.01
1636.0	8.18	0.1318	0.00818	0.01
1636.1	8.1805	0.13181	0.00818	0.01
1636.2	8.181	0.13181	0.00818	0.01
1636.3	8.1815	0.13182	0.00818	0.01
1636.4	8.182	0.13182	0.00818	0.01
1636.5	8.1825	0.13183	0.00818	0.01
1636.6	8.183	0.13183	0.00818	0.01
1636.7	8.1835	0.13184	0.00818	0.01
1636.8	8.184	0.13184	0.00818	0.01
1636.9	8.1845	0.13185	0.00818	0.01
1637.0	8.185	0.13185	0.00819	0.01
1637.1	8.1855	0.13186	0.00819	0.01
1637.2	8.186	0.13186	0.00819	0.01
1637.3	8.1865	0.13187	0.00819	0.01
1637.4	8.187	0.13187	0.00819	0.01
1637.5	8.1875	0.13188	0.00819	0.01
1637.6	8.188	0.13188	0.00819	0.01
1637.7	8.1885	0.13189	0.00819	0.01
1637.8	8.189	0.13189	0.00819	0.01
1637.9	8.1895	0.1319	0.00819	0.01
1638.0	8.19	0.1319	0.00819	0.01
1638.1	8.1905	0.13191	0.00819	0.01
1638.2	8.191	0.13191	0.00819	0.01
1638.3	8.1915	0.13192	0.00819	0.01
1638.4	8.192	0.13192	0.00819	0.01
1638.5	8.1925	0.13193	0.00819	0.01
1638.6	8.193	0.13193	0.00819	0.01
1638.7	8.1935	0.13194	0.00819	0.01
1638.8	8.194	0.13194	0.00819	0.01
1638.9	8.1945	0.13195	0.00819	0.01
1639.0	8.195	0.13195	0.0082	0.01
1639.1	8.1955	0.13196	0.0082	0.01
1639.2	8.196	0.13196	0.0082	0.01
1639.3	8.1965	0.13197	0.0082	0.01
1639.4	8.197	0.13197	0.0082	0.01
1639.5	8.1975	0.13198	0.0082	0.01
1639.6	8.198	0.13198	0.0082	0.01
1639.7	8.1985	0.13199	0.0082	0.01
1639.8	8.199	0.13199	0.0082	0.01
1639.9	8.1995	0.132	0.0082	0.01
1640.0	8.2	0.132	0.0082	0.01
1640.1	8.2005	0.13201	0.0082	0.01
1640.2	8.201	0.13201	0.0082	0.01
1640.3	8.2015	0.13202	0.0082	0.01
1640.4	8.202	0.13202	0.0082	0.01
1640.5	8.2025	0.13203	0.0082	0.01
1640.6	8.203	0.13203	0.0082	0.01
1640.7	8.2035	0.13204	0.0082	0.01
1640.8	8.204	0.13204	0.0082	0.01
1640.9	8.2045	0.13205	0.0082	0.01
1641.0	8.205	0.13205	0.00821	0.01
1641.1	8.2055	0.13206	0.00821	0.01
1641.2	8.206	0.13206	0.00821	0.01
1641.3	8.2065	0.13207	0.00821	0.01
1641.4	8.207	0.13207	0.00821	0.01
1641.5	8.2075	0.13208	0.00821	0.01
1641.6	8.208	0.13208	0.00821	0.01
1641.7	8.2085	0.13209	0.00821	0.01
1641.8	8.209	0.13209	0.00821	0.01
1641.9	8.2095	0.1321	0.00821	0.01
1642.0	8.21	0.1321	0.00821	0.01
1642.1	8.2105	0.13211	0.00821	0.01
1642.2	8.211	0.13211	0.00821	0.01
1642.3	8.2115	0.13212	0.00821	0.01
1642.4	8.212	0.13212	0.00821	0.01
1642.5	8.2125	0.13213	0.00821	0.01
1642.6	8.213	0.13213	0.00821	0.01
1642.7	8.2135	0.13214	0.00821	0.01
1642.8	8.214	0.13214	0.00821	0.01
1642.9	8.2145	0.13215	0.00821	0.01
1643.0	8.215	0.13215	0.00822	0.01
1643.1	8.2155	0.13216	0.00822	0.01
1643.2	8.216	0.13216	0.00822	0.01
1643.3	8.2165	0.13217	0.00822	0.01
1643.4	8.217	0.13217	0.00822	0.01
1643.5	8.2175	0.13218	0.00822	0.01
1643.6	8.218	0.13218	0.00822	0.01
1643.7	8.2185	0.13219	0.00822	0.01
1643.8	8.219	0.13219	0.00822	0.01
1643.9	8.2195	0.1322	0.00822	0.01
1644.0	8.22	0.1322	0.00822	0.01
1644.1	8.2205	0.13221	0.00822	0.01
1644.2	8.221	0.13221	0.00822	0.01
1644.3	8.2215	0.13222	0.00822	0.01
1644.4	8.222	0.13222	0.00822	0.01
1644.5	8.2225	0.13223	0.00822	0.01
1644.6	8.223	0.13223	0.00822	0.01
1644.7	8.2235	0.13224	0.00822	0.01
1644.8	8.224	0.13224	0.00822	0.01
1644.9	8.2245	0.13225	0.00822	0.01
1645.0	8.225	0.13225	0.00823	0.01
1645.1	8.2255	0.13226	0.00823	0.01
1645.2	8.226	0.13226	0.00823	0.01
1645.3	8.2265	0.13227	0.00823	0.01
1645.4	8.227	0.13227	0.00823	0.01
1645.5	8.2275	0.13228	0.00823	0.01
1645.6	8.228	0.13228	0.00823	0.01
1645.7	8.2285	0.13229	0.00823	0.01
1645.8	8.229	0.13229	0.00823	0.01
1645.9	8.2295	0.1323	0.00823	0.01
1646.0	8.23	0.1323	0.00823	0.01
1646.1	8.2305	0.13231	0.00823	0.01
1646.2	8.231	0.13231	0.00823	0.01
1646.3	8.2315	0.13232	0.00823	0.01
1646.4	8.232	0.13232	0.00823	0.01
1646.5	8.2325	0.13233	0.00823	0.01
1646.6	8.233	0.13233	0.00823	0.01
1646.7	8.2335	0.13234	0.00823	0.01
1646.8	8.234	0.13234	0.00823	0.01
1646.9	8.2345	0.13235	0.00823	0.01
1647.0	8.235	0.13235	0.00824	0.01
1647.1	8.2355	0.13236	0.00824	0.01
1647.2	8.236	0.13236	0.00824	0.01
1647.3	8.2365	0.13237	0.00824	0.01
1647.4	8.237	0.13237	0.00824	0.01
1647.5	8.2375	0.13238	0.00824	0.01
1647.6	8.238	0.13238	0.00824	0.01
1647.7	8.2385	0.13239	0.00824	0.01
1647.8	8.239	0.13239	0.00824	0.01
1647.9	8.2395	0.1324	0.00824	0.01
1648.0	8.24	0.1324	0.00824	0.01
1648.1	8.2405	0.13241	0.00824	0.01
1648.2	8.241	0.13241	0.00824	0.01
1648.3	8.2415	0.13242	0.00824	0.01
1648.4	8.242	0.13242	0.00824	0.01
1648.5	8.2425	0.13243	0.00824	0.01
1648.6	8.243	0.13243	0.00824	0.01
1648.7	8.2435	0.13244	0.00824	0.01
1648.8	8.244	0.13244	0.00824	0.01
1648.9	8.2445	0.13245	0.00824	0.01
1649.0	8.245	0.13245	0.00825	0.01
1649.1	8.2455	0.13246	0.00825	0.01
1649.2	8.246	0.13246	0.00825	0.01
1649.3	8.2465	0.13247	0.00825	0.01
1649.4	8.247	0.13247	0.00825	0.01
1649.5	8.2475	0.13248	0.00825	0.01
1649.6	8.248	0.13248	0.00825	0.01
1649.7	8.2485	0.13249	0.00825	0.01
1649.8	8.249	0.13249	0.00825	0.01
1649.9	8.2495	0.1325	0.00825	0.01
1650.0	8.25	0.1325	0.00825	0.01
1650.1	8.2505	0.13251	0.00825	0.01
1650.2	8.251	0.13251	0.00825	0.01
1650.3	8.2515	0.13252	0.00825	0.01
1650.4	8.252	0.13252	0.00825	0.01
1650.5	8.2525	0.13253	0.00825	0.01
1650.6	8.253	0.13253	0.00825	0.01
1650.7	8.2535	0.13254	0.00825	0.01
1650.8	8.254	0.13254	0.00825	0.01
1650.9	8.2545	0.13255	0.00825	0.01
1651.0	8.255	0.13255	0.00826	0.01
1651.1	8.2555	0.13256	0.00826	0.01
1651.2	8.256	0.13256	0.00826	0.01
1651.3	8.2565	0.13257	0.00826	0.01
1651.4	8.257	0.13257	0.00826	0.01
1651.5	8.2575	0.13258	0.00826	0.01
1651.6	8.258	0.13258	0.00826	0.01
1651.7	8.2585	0.13259	0.00826	0.01
1651.8	8.259	0.13259	0.00826	0.01
1651.9	8.2595	0.1326	0.00826	0.01
1652.0	8.26	0.1326	0.00826	0.01
1652.1	8.2605	0.13261	0.00826	0.01
1652.2	8.261	0.13261	0.00826	0.01
1652.3	8.2615	0.13262	0.00826	0.01
1652.4	8.262	0.13262	0.00826	0.01
1652.5	8.2625	0.13263	0.00826	0.01
1652.6	8.263	0.13263	0.00826	0.01
1652.7	8.2635	0.13264	0.00826	0.01
1652.8	8.264	0.13264	0.00826	0.01
1652.9	8.2645	0.13265	0.00826	0.01
1653.0	8.265	0.13265	0.00827	0.01
1653.1	8.2655	0.13266	0.00827	0.01
1653.2	8.266	0.13266	0.00827	0.01
1653.3	8.2665	0.13267	0.00827	0.01
1653.4	8.267	0.13267	0.00827	0.01
1653.5	8.2675	0.13268	0.00827	0.01
1653.6	8.268	0.13268	0.00827	0.01
1653.7	8.2685	0.13269	0.00827	0.01
1653.8	8.269	0.13269	0.00827	0.01
1653.9	8.2695	0.1327	0.00827	0.01
1654.0	8.27	0.1327	0.00827	0.01
1654.1	8.2705	0.13271	0.00827	0.01
1654.2	8.271	0.13271	0.00827	0.01
1654.3	8.2715	0.13272	0.00827	0.01
1654.4	8.272	0.13272	0.00827	0.01
1654.5	8.2725	0.13273	0.00827	0.01
1654.6	8.273	0.13273	0.00827	0.01
1654.7	8.2735	0.13274	0.00827	0.01
1654.8	8.274	0.13274	0.00827	0.01
1654.9	8.2745	0.13275	0.00827	0.01
1655.0	8.275	0.13275	0.00828	0.01
1655.1	8.2755	0.13276	0.00828	0.01
1655.2	8.276	0.13276	0.00828	0.01
1655.3	8.2765	0.13277	0.00828	0.01
1655.4	8.277	0.13277	0.00828	0.01
1655.5	8.2775	0.13278	0.00828	0.01
1655.6	8.278	0.13278	0.00828	0.01
1655.7	8.2785	0.13279	0.00828	0.01
1655.8	8.279	0.13279	0.00828	0.01
1655.9	8.2795	0.1328	0.00828	0.01
1656.0	8.28	0.1328	0.00828	0.01
1656.1	8.2805	0.13281	0.00828	0.01
1656.2	8.281	0.13281	0.00828	0.01
1656.3	8.2815	0.13282	0.00828	0.01
1656.4	8.282	0.13282	0.00828	0.01
1656.5	8.2825	0.13283	0.00828	0.01
1656.6	8.283	0.13283	0.00828	0.01
1656.7	8.2835	0.13284	0.00828	0.01
1656.8	8.284	0.13284	0.00828	0.01
1656.9	8.2845	0.13285	0.00828	0.01
1657.0	8.285	0.13285	0.00829	0.01
1657.1	8.2855	0.13286	0.00829	0.01
1657.2	8.286	0.13286	0.00829	0.01
1657.3	8.2865	0.13287	0.00829	0.01
1657.4	8.287	0.13287	0.00829	0.01
1657.5	8.2875	0.13288	0.00829	0.01
1657.6	8.288	0.13288	0.00829	0.01
1657.7	8.2885	0.13289	0.00829	0.01
1657.8	8.289	0.13289	0.00829	0.01
1657.9	8.2895	0.1329	0.00829	0.01
1658.0	8.29	0.1329	0.00829	0.01
1658.1	8.2905	0.13291	0.00829	0.01
1658.2	8.291	0.13291	0.00829	0.01
1658.3	8.2915	0.13292	0.00829	0.01
1658.4	8.292	0.13292	0.00829	0.01
1658.5	8.2925	0.13293	0.00829	0.01
1658.6	8.293	0.13293	0.00829	0.01
1658.7	8.2935	0.13294	0.00829	0.01
1658.8	8.294	0.13294	0.00829	0.01
1658.9	8.2945	0.13295	0.00829	0.01
1659.0	8.295	0.13295	0.0083	0.01
1659.1	8.2955	0.13296	0.0083	0.01
1659.2	8.296	0.13296	0.0083	0.01
1659.3	8.2965	0.13297	0.0083	0.01
1659.4	8.297	0.13297	0.0083	0.01
1659.5	8.2975	0.13298	0.0083	0.01
1659.6	8.298	0.13298	0.0083	0.01
1659.7	8.2985	0.13299	0.0083	0.01
1659.8	8.299	0.13299	0.0083	0.01
1659.9	8.2995	0.133	0.0083	0.01
1660.0	8.3	0.133	0.0083	0.01
1660.1	8.3005	0.13301	0.0083	0.01
1660.2	8.301	0.13301	0.0083	0.01
1660.3	8.3015	0.13302	0.0083	0.01
1660.4	8.302	0.13302	0.0083	0.01
1660.5	8.3025	0.13303	0.0083	0.01
1660.6	8.303	0.13303	0.0083	0.01
1660.7	8.3035	0.13304	0.0083	0.01
1660.8	8.304	0.13304	0.0083	0.01
1660.9	8.3045	0.13305	0.0083	0.01
1661.0	8.305	0.13305	0.00831	0.01
1661.1	8.3055	0.13306	0.00831	0.01
1661.2	8.306	0.13306	0.00831	0.01
1661.3	8.3065	0.13307	0.00831	0.01
1661.4	8.307	0.13307	0.00831	0.01
1661.5	8.3075	0.13308	0.00831	0.01
1661.6	8.308	0.13308	0.00831	0.01
1661.7	8.3085	0.13309	0.00831	0.01
1661.8	8.309	0.13309	0.00831	0.01
1661.9	8.3095	0.1331	0.00831	0.01
1662.0	8.31	0.1331	0.00831	0.01
1662.1	8.3105	0.13311	0.00831	0.01
1662.2	8.311	0.13311	0.00831	0.01
1662.3	8.3115	0.13312	0.00831	0.01
1662.4	8.312	0.13312	0.00831	0.01
1662.5	8.3125	0.13313	0.00831	0.01
1662.6	8.313	0.13313	0.00831	0.01
1662.7	8.3135	0.13314	0.00831	0.01
1662.8	8.314	0.13314	0.00831	0.01
1662.9	8.3145	0.13315	0.00831	0.01
1663.0	8.315	0.13315	0.00832	0.01
1663.1	8.3155	0.13316	0.00832	0.01
1663.2	8.316	0.13316	0.00832	0.01
1663.3	8.3165	0.13317	0.00832	0.01
1663.4	8.317	0.13317	0.00832	0.01
1663.5	8.3175	0.13318	0.00832	0.01
1663.6	8.318	0.13318	0.00832	0.01
1663.7	8.3185	0.13319	0.00832	0.01
1663.8	8.319	0.13319	0.00832	0.01
1663.9	8.3195	0.1332	0.00832	0.01
1664.0	8.32	0.1332	0.00832	0.01
1664.1	8.3205	0.13321	0.00832	0.01
1664.2	8.321	0.13321	0.00832	0.01
1664.3	8.3215	0.13322	0.00832	0.01
1664.4	8.322	0.13322	0.00832	0.01
1664.5	8.3225	0.13323	0.00832	0.01
1664.6	8.323	0.13323	0.00832	0.01
1664.7	8.3235	0.13324	0.00832	0.01
1664.8	8.324	0.13324	0.00832	0.01
1664.9	8.3245	0.13325	0.00832	0.01
1665.0	8.325	0.13325	0.00833	0.01
1665.1	8.3255	0.13326	0.00833	0.01
1665.2	8.326	0.13326	0.00833	0.01
1665.3	8.3265	0.13327	0.00833	0.01
1665.4	8.327	0.13327	0.00833	0.01
1665.5	8.3275	0.13328	0.00833	0.01
1665.6	8.328	0.13328	0.00833	0.01
1665.7	8.3285	0.13329	0.00833	0.01
1665.8	8.329	0.13329	0.00833	0.01
1665.9	8.3295	0.1333	0.00833	0.01
1666.0	8.33	0.1333	0.00833	0.01
1666.1	8.3305	0.13331	0.00833	0.01
1666.2	8.331	0.13331	0.00833	0.01
1666.3	8.3315	0.13332	0.00833	0.01
1666.4	8.332	0.13332	0.00833	0.01
1666.5	8.3325	0.13333	0.00833	0.01
1666.6	8.333	0.13333	0.00833	0.01
1666.7	8.3335	0.13334	0.00833	0.01
1666.8	8.334	0.13334	0.00833	0.01
1666.9	8.3345	0.13335	0.00833	0.01
1667.0	8.335	0.13335	0.00834	0.01
1667.1	8.3355	0.13336	0.00834	0.01
1667.2	8.336	0.13336	0.00834	0.01
1667.3	8.3365	0.13337	0.00834	0.01
1667.4	8.337	0.13337	0.00834	0.01
1667.5	8.3375	0.13338	0.00834	0.01
1667.6	8.338	0.13338	0.00834	0.01
1667.7	8.3385	0.13339	0.00834	0.01
1667.8	8.339	0.13339	0.00834	0.01
1667.9	8.3395	0.1334	0.00834	0.01
1668.0	8.34	0.1334	0.00834	0.01
1668.1	8.3405	0.13341	0.00834	0.01
1668.2	8.341	0.13341	0.00834	0.01
1668.3	8.3415	0.13342	0.00834	0.01
1668.4	8.342	0.13342	0.00834	0.01
1668.5	8.3425	0.13343	0.00834	0.01
1668.6	8.343	0.13343	0.00834	0.01
1668.7	8.3435	0.13344	0.00834	0.01
1668.8	8.344	0.13344	0.00834	0.01
1668.9	8.3445	0.13345	0.00834	0.01
1669.0	8.345	0.13345	0.00835	0.01
1669.1	8.3455	0.13346	0.00835	0.01
1669.2	8.346	0.13346	0.00835	0.01
1669.3	8.3465	0.13347	0.00835	0.01
1669.4	8.347	0.13347	0.00835	0.01
1669.5	8.3475	0.13348	0.00835	0.01
1669.6	8.348	0.13348	0.00835	0.01
1669.7	8.3485	0.13349	0.00835	0.01
1669.8	8.349	0.13349	0.00835	0.01
1669.9	8.3495	0.1335	0.00835	0.01
1670.0	8.35	0.1335	0.00835	0.01
1670.1	8.3505	0.13351	0.00835	0.01
1670.2	8.351	0.13351	0.00835	0.01
1670.3	8.3515	0.13352	0.00835	0.01
1670.4	8.352	0.13352	0.00835	0.01
1670.5	8.3525	0.13353	0.00835	0.01
1670.6	8.353	0.13353	0.00835	0.01
1670.7	8.3535	0.13354	0.00835	0.01
1670.8	8.354	0.13354	0.00835	0.01
1670.9	8.3545	0.13355	0.00835	0.01
1671.0	8.355	0.13355	0.00836	0.01
1671.1	8.3555	0.13356	0.00836	0.01
1671.2	8.356	0.13356	0.00836	0.01
1671.3	8.3565	0.13357	0.00836	0.01
1671.4	8.357	0.13357	0.00836	0.01
1671.5	8.3575	0.13358	0.00836	0.01
1671.6	8.358	0.13358	0.00836	0.01
1671.7	8.3585	0.13359	0.00836	0.01
1671.8	8.359	0.13359	0.00836	0.01
1671.9	8.3595	0.1336	0.00836	0.01
1672.0	8.36	0.1336	0.00836	0.01
1672.1	8.3605	0.13361	0.00836	0.01
1672.2	8.361	0.13361	0.00836	0.01
1672.3	8.3615	0.13362	0.00836	0.01
1672.4	8.362	0.13362	0.00836	0.01
1672.5	8.3625	0.13363	0.00836	0.01
1672.6	8.363	0.13363	0.00836	0.01
1672.7	8.3635	0.13364	0.00836	0.01
1672.8	8.364	0.13364	0.00836	0.01
1672.9	8.3645	0.13365	0.00836	0.01
1673.0	8.365	0.13365	0.00837	0.01
1673.1	8.3655	0.13366	0.00837	0.01
1673.2	8.366	0.13366	0.00837	0.01
1673.3	8.3665	0.13367	0.00837	0.01
1673.4	8.367	0.13367	0.00837	0.01
1673.5	8.3675	0.13368	0.00837	0.01
1673.6	8.368	0.13368	0.00837	0.01
1673.7	8.3685	0.13369	0.00837	0.01
1673.8	8.369	0.13369	0.00837	0.01
1673.9	8.3695	0.1337	0.00837	0.01
1674.0	8.37	0.1337	0.00837	0.01
1674.1	8.3705	0.13371	0.00837	0.01
1674.2	8.371	0.13371	0.00837	0.01
1674.3	8.3715	0.13372	0.00837	0.01
1674.4	8.372	0.13372	0.00837	0.01
1674.5	8.3725	0.13373	0.00837	0.01
1674.6	8.373	0.13373	0.00837	0.01
1674.7	8.3735	0.13374	0.00837	0.01
1674.8	8.374	0.13374	0.00837	0.01
1674.9	8.3745	0.13375	0.00837	0.01
1675.0	8.375	0.13375	0.00838	0.01
1675.1	8.3755	0.13376	0.00838	0.01
1675.2	8.376	0.13376	0.00838	0.01
1675.3	8.3765	0.13377	0.00838	0.01
1675.4	8.377	0.13377	0.00838	0.01
1675.5	8.3775	0.13378	0.00838	0.01
1675.6	8.378	0.13378	0.00838	0.01
1675.7	8.3785	0.13379	0.00838	0.01
1675.8	8.379	0.13379	0.00838	0.01
1675.9	8.3795	0.1338	0.00838	0.01
1676.0	8.38	0.1338	0.00838	0.01
1676.1	8.3805	0.13381	0.00838	0.01
1676.2	8.381	0.13381	0.00838	0.01
1676.3	8.3815	0.13382	0.00838	0.01
1676.4	8.382	0.13382	0.00838	0.01
1676.5	8.3825	0.13383	0.00838	0.01
1676.6	8.383	0.13383	0.00838	0.01
1676.7	8.3835	0.13384	0.00838	0.01
1676.8	8.384	0.13384	0.00838	0.01
1676.9	8.3845	0.13385	0.00838	0.01
1677.0	8.385	0.13385	0.00839	0.01
1677.1	8.3855	0.13386	0.00839	0.01
1677.2	8.386	0.13386	0.00839	0.01
1677.3	8.3865	0.13387	0.00839	0.01
1677.4	8.387	0.13387	0.00839	0.01
1677.5	8.3875	0.13388	0.00839	0.01
1677.6	8.388	0.13388	0.00839	0.01
1677.7	8.3885	0.13389	0.00839	0.01
1677.8	8.389	0.13389	0.00839	0.01
1677.9	8.3895	0.1339	0.00839	0.01
1678.0	8.39	0.1339	0.00839	0.01
1678.1	8.3905	0.13391	0.00839	0.01
1678.2	8.391	0.13391	0.00839	0.01
1678.3	8.3915	0.13392	0.00839	0.01
1678.4	8.392	0.13392	0.00839	0.01
1678.5	8.3925	0.13393	0.00839	0.01
1678.6	8.393	0.13393	0.00839	0.01
1678.7	8.3935	0.13394	0.00839	0.01
1678.8	8.394	0.13394	0.00839	0.01
1678.9	8.3945	0.13395	0.00839	0.01
1679.0	8.395	0.13395	0.0084	0.01
1679.1	8.3955	0.13396	0.0084	0.01
1679.2	8.396	0.13396	0.0084	0.01
1679.3	8.3965	0.13397	0.0084	0.01
1679.4	8.397	0.13397	0.0084	0.01
1679.5	8.3975	0.13398	0.0084	0.01
1679.6	8.398	0.13398	0.0084	0.01
1679.7	8.3985	0.13399	0.0084	0.01
1679.8	8.399	0.13399	0.0084	0.01
1679.9	8.3995	0.134	0.0084	0.01
1680.0	8.4	0.134	0.0084	0.01
1680.1	8.4005	0.13401	0.0084	0.01
1680.2	8.401	0.13401	0.0084	0.01
1680.3	8.4015	0.13402	0.0084	0.01
1680.4	8.402	0.13402	0.0084	0.01
1680.5	8.4025	0.13403	0.0084	0.01
1680.6	8.403	0.13403	0.0084	0.01
1680.7	8.4035	0.13404	0.0084	0.01
1680.8	8.404	0.13404	0.0084	0.01
1680.9	8.4045	0.13405	0.0084	0.01
1681.0	8.405	0.13405	0.00841	0.01
1681.1	8.4055	0.13406	0.00841	0.01
1681.2	8.406	0.13406	0.00841	0.01
1681.3	8.4065	0.13407	0.00841	0.01
1681.4	8.407	0.13407	0.00841	0.01
1681.5	8.4075	0.13408	0.00841	0.01
1681.6	8.408	0.13408	0.00841	0.01
1681.7	8.4085	0.13409	0.00841	0.01
1681.8	8.409	0.13409	0.00841	0.01
1681.9	8.4095	0.1341	0.00841	0.01
1682.0	8.41	0.1341	0.00841	0.01
1682.1	8.4105	0.13411	0.00841	0.01
1682.2	8.411	0.13411	0.00841	0.01
1682.3	8.4115	0.13412	0.00841	0.01
1682.4	8.412	0.13412	0.00841	0.01
1682.5	8.4125	0.13413	0.00841	0.01
1682.6	8.413	0.13413	0.00841	0.01
1682.7	8.4135	0.13414	0.00841	0.01
1682.8	8.414	0.13414	0.00841	0.01
1682.9	8.4145	0.13415	0.00841	0.01
1683.0	8.415	0.13415	0.00842	0.01
1683.1	8.4155	0.13416	0.00842	0.01
1683.2	8.416	0.13416	0.00842	0.01
1683.3	8.4165	0.13417	0.00842	0.01
1683.4	8.417	0.13417	0.00842	0.01
1683.5	8.4175	0.13418	0.00842	0.01
1683.6	8.418	0.13418	0.00842	0.01
1683.7	8.4185	0.13419	0.00842	0.01
1683.8	8.419	0.13419	0.00842	0.01
1683.9	8.4195	0.1342	0.00842	0.01
1684.0	8.42	0.1342	0.00842	0.01
1684.1	8.4205	0.13421	0.00842	0.01
1684.2	8.421	0.13421	0.00842	0.01
1684.3	8.4215	0.13422	0.00842	0.01
1684.4	8.422	0.13422	0.00842	0.01
1684.5	8.4225	0.13423	0.00842	0.01
1684.6	8.423	0.13423	0.00842	0.01
1684.7	8.4235	0.13424	0.00842	0.01
1684.8	8.424	0.13424	0.00842	0.01
1684.9	8.4245	0.13425	0.00842	0.01
1685.0	8.425	0.13425	0.00843	0.01
1685.1	8.4255	0.13426	0.00843	0.01
1685.2	8.426	0.13426	0.00843	0.01
1685.3	8.4265	0.13427	0.00843	0.01
1685.4	8.427	0.13427	0.00843	0.01
1685.5	8.4275	0.13428	0.00843	0.01
1685.6	8.428	0.13428	0.00843	0.01
1685.7	8.4285	0.13429	0.00843	0.01
1685.8	8.429	0.13429	0.00843	0.01
1685.9	8.4295	0.1343	0.00843	0.01
1686.0	8.43	0.1343	0.00843	0.01
1686.1	8.4305	0.13431	0.00843	0.01
1686.2	8.431	0.13431	0.00843	0.01
1686.3	8.4315	0.13432	0.00843	0.01
1686.4	8.432	0.13432	0.00843	0.01
1686.5	8.4325	0.13433	0.00843	0.01
1686.6	8.433	0.13433	0.00843	0.01
1686.7	8.4335	0.13434	0.00843	0.01
1686.8	8.434	0.13434	0.00843	0.01
1686.9	8.4345	0.13435	0.00843	0.01
1687.0	8.435	0.13435	0.00844	0.01
1687.1	8.4355	0.13436	0.00844	0.01
1687.2	8.436	0.13436	0.00844	0.01
1687.3	8.4365	0.13437	0.00844	0.01
1687.4	8.437	0.13437	0.00844	0.01
1687.5	8.4375	0.13438	0.00844	0.01
1687.6	8.438	0.13438	0.00844	0.01
1687.7	8.4385	0.13439	0.00844	0.01
1687.8	8.439	0.13439	0.00844	0.01
1687.9	8.4395	0.1344	0.00844	0.01
1688.0	8.44	0.1344	0.00844	0.01
1688.1	8.4405	0.13441	0.00844	0.01
1688.2	8.441	0.13441	0.00844	0.01
1688.3	8.4415	0.13442	0.00844	0.01
1688.4	8.442	0.13442	0.00844	0.01
1688.5	8.4425	0.13443	0.00844	0.01
1688.6	8.443	0.13443	0.00844	0.01
1688.7	8.4435	0.13444	0.00844	0.01
1688.8	8.444	0.13444	0.00844	0.01
1688.9	8.4445	0.13445	0.00844	0.01
1689.0	8.445	0.13445	0.00845	0.01
1689.1	8.4455	0.13446	0.00845	0.01
1689.2	8.446	0.13446	0.00845	0.01
1689.3	8.4465	0.13447	0.00845	0.01
1689.4	8.447	0.13447	0.00845	0.01
1689.5	8.4475	0.13448	0.00845	0.01
1689.6	8.448	0.13448	0.00845	0.01
1689.7	8.4485	0.13449	0.00845	0.01
1689.8	8.449	0.13449	0.00845	0.01
1689.9	8.4495	0.1345	0.00845	0.01
1690.0	8.45	0.1345	0.00845	0.01
1690.1	8.4505	0.13451	0.00845	0.01
1690.2	8.451	0.13451	0.00845	0.01
1690.3	8.4515	0.13452	0.00845	0.01
1690.4	8.452	0.13452	0.00845	0.01
1690.5	8.4525	0.13453	0.00845	0.01
1690.6	8.453	0.13453	0.00845	0.01
1690.7	8.4535	0.13454	0.00845	0.01
1690.8	8.454	0.13454	0.00845	0.01
1690.9	8.4545	0.13455	0.00845	0.01
1691.0	8.455	0.13455	0.00846	0.01
1691.1	8.4555	0.13456	0.00846	0.01
1691.2	8.456	0.13456	0.00846	0.01
1691.3	8.4565	0.13457	0.00846	0.01
1691.4	8.457	0.13457	0.00846	0.01
1691.5	8.4575	0.13458	0.00846	0.01
1691.6	8.458	0.13458	0.00846	0.01
1691.7	8.4585	0.13459	0.00846	0.01
1691.8	8.459	0.13459	0.00846	0.01
1691.9	8.4595	0.1346	0.00846	0.01
1692.0	8.46	0.1346	0.00846	0.01
1692.1	8.4605	0.13461	0.00846	0.01
1692.2	8.461	0.13461	0.00846	0.01
1692.3	8.4615	0.13462	0.00846	0.01
1692.4	8.462	0.13462	0.00846	0.01
1692.5	8.4625	0.13463	0.00846	0.01
1692.6	8.463	0.13463	0.00846	0.01
1692.7	8.4635	0.13464	0.00846	0.01
1692.8	8.464	0.13464	0.00846	0.01
1692.9	8.4645	0.13465	0.00846	0.01
1693.0	8.465	0.13465	0.00847	0.01
1693.1	8.4655	0.13466	0.00847	0.01
1693.2	8.466	0.13466	0.00847	0.01
1693.3	8.4665	0.13467	0.00847	0.01
1693.4	8.467	0.13467	0.00847	0.01
1693.5	8.4675	0.13468	0.00847	0.01
1693.6	8.468	0.13468	0.00847	0.01
1693.7	8.4685	0.13469	0.00847	0.01
1693.8	8.469	0.13469	0.00847	0.01
1693.9	8.4695	0.1347	0.00847	0.01
1694.0	8.47	0.1347	0.00847	0.01
1694.1	8.4705	0.13471	0.00847	0.01
1694.2	8.471	0.13471	0.00847	0.01
1694.3	8.4715	0.13472	0.00847	0.01
1694.4	8.472	0.13472	0.00847	0.01
1694.5	8.4725	0.13473	0.00847	0.01
1694.6	8.473	0.13473	0.00847	0.01
1694.7	8.4735	0.13474	0.00847	0.01
1694.8	8.474	0.13474	0.00847	0.01
1694.9	8.4745	0.13475	0.00847	0.01
1695.0	8.475	0.13475	0.00848	0.01
1695.1	8.4755	0.13476	0.00848	0.01
1695.2	8.476	0.13476	0.00848	0.01
1695.3	8.4765	0.13477	0.00848	0.01
1695.4	8.477	0.13477	0.00848	0.01
1695.5	8.4775	0.13478	0.00848	0.01
1695.6	8.478	0.13478	0.00848	0.01
1695.7	8.4785	0.13479	0.00848	0.01
1695.8	8.479	0.13479	0.00848	0.01
1695.9	8.4795	0.1348	0.00848	0.01
1696.0	8.48	0.1348	0.00848	0.01
1696.1	8.4805	0.13481	0.00848	0.01
1696.2	8.481	0.13481	0.00848	0.01
1696.3	8.4815	0.13482	0.00848	0.01
1696.4	8.482	0.13482	0.00848	0.01
1696.5	8.4825	0.13483	0.00848	0.01
1696.6	8.483	0.13483	0.00848	0.01
1696.7	8.4835	0.13484	0.00848	0.01
1696.8	8.484	0.13484	0.00848	0.01
1696.9	8.4845	0.13485	0.00848	0.01
1697.0	8.485	0.13485	0.00849	0.01
1697.1	8.4855	0.13486	0.00849	0.01
1697.2	8.486	0.13486	0.00849	0.01
1697.3	8.4865	0.13487	0.00849	0.01
1697.4	8.487	0.13487	0.00849	0.01
1697.5	8.4875	0.13488	0.00849	0.01
1697.6	8.488	0.13488	0.00849	0.01
1697.7	8.4885	0.13489	0.00849	0.01
1697.8	8.489	0.13489	0.00849	0.01
1697.9	8.4895	0.1349	0.00849	0.01
1698.0	8.49	0.1349	0.00849	0.01
1698.1	8.4905	0.13491	0.00849	0.01
1698.2	8.491	0.13491	0.00849	0.01
1698.3	8.4915	0.13492	0.00849	0.01
1698.4	8.492	0.13492	0.00849	0.01
1698.5	8.4925	0.13493	0.00849	0.01
1698.6	8.493	0.13493	0.00849	0.01
1698.7	8.4935	0.13494	0.00849	0.01
1698.8	8.494	0.13494	0.00849	0.01
1698.9	8.4945	0.13495	0.00849	0.01
1699.0	8.495	0.13495	0.0085	0.01
1699.1	8.4955	0.13496	0.0085	0.01
1699.2	8.496	0.13496	0.0085	0.01
1699.3	8.4965	0.13497	0.0085	0.01
1699.4	8.497	0.13497	0.0085	0.01
1699.5	8.4975	0.13498	0.0085	0.01
1699.6	8.498	0.13498	0.0085	0.01
1699.7	8.4985	0.13499	0.0085	0.01
1699.8	8.499	0.13499	0.0085	0.01
1699.9	8.4995	0.135	0.0085	0.01
1700.0	8.5	0.135	0.0085	0.01
1700.1	8.5005	0.13501	0.0085	0.01
1700.2	8.501	0.13501	0.0085	0.01
1700.3	8.5015	0.13502	0.0085	0.01
1700.4	8.502	0.13502	0.0085	0.01
1700.5	8.5025	0.13503	0.0085	0.01
1700.6	8.503	0.13503	0.0085	0.01
1700.7	8.5035	0.13504	0.0085	0.01
1700.8	8.504	0.13504	0.0085	0.01
1700.9	8.5045	0.13505	0.0085	0.01
1701.0	8.505	0.13505	0.00851	0.01
1701.1	8.5055	0.13506	0.00851	0.01
1701.2	8.506	0.13506	0.00851	0.01
1701.3	8.5065	0.13507	0.00851	0.01
1701.4	8.507	0.13507	0.00851	0.01
1701.5	8.5075	0.13508	0.00851	0.01
1701.6	8.508	0.13508	0.00851	0.01
1701.7	8.5085	0.13509	0.00851	0.01
1701.8	8.509	0.13509	0.00851	0.01
1701.9	8.5095	0.1351	0.00851	0.01
1702.0	8.51	0.1351	0.00851	0.01
1702.1	8.5105	0.13511	0.00851	0.01
1702.2	8.511	0.13511	0.00851	0.01
1702.3	8.5115	0.13512	0.00851	0.01
1702.4	8.512	0.13512	0.00851	0.01
1702.5	8.5125	0.13513	0.00851	0.01
1702.6	8.513	0.13513	0.00851	0.01
1702.7	8.5135	0.13514	0.00851	0.01
1702.8	8.514	0.13514	0.00851	0.01
1702.9	8.5145	0.13515	0.00851	0.01
1703.0	8.515	0.13515	0.00852	0.01
1703.1	8.5155	0.13516	0.00852	0.01
1703.2	8.516	0.13516	0.00852	0.01
1703.3	8.5165	0.13517	0.00852	0.01
1703.4	8.517	0.13517	0.00852	0.01
1703.5	8.5175	0.13518	0.00852	0.01
1703.6	8.518	0.13518	0.00852	0.01
1703.7	8.5185	0.13519	0.00852	0.01
1703.8	8.519	0.13519	0.00852	0.01
1703.9	8.5195	0.1352	0.00852	0.01
1704.0	8.52	0.1352	0.00852	0.01
1704.1	8.5205	0.13521	0.00852	0.01
1704.2	8.521	0.13521	0.00852	0.01
1704.3	8.5215	0.13522	0.00852	0.01
1704.4	8.522	0.13522	0.00852	0.01
1704.5	8.5225	0.13523	0.00852	0.01
1704.6	8.523	0.13523	0.00852	0.01
1704.7	8.5235	0.13524	0.00852	0.01
1704.8	8.524	0.13524	0.00852	0.01
1704.9	8.5245	0.13525	0.00852	0.01
1705.0	8.525	0.13525	0.00853	0.01
1705.1	8.5255	0.13526	0.00853	0.01
1705.2	8.526	0.13526	0.00853	0.01
1705.3	8.5265	0.13527	0.00853	0.01
1705.4	8.527	0.13527	0.00853	0.01
1705.5	8.5275	0.13528	0.00853	0.01
1705.6	8.528	0.13528	0.00853	0.01
1705.7	8.5285	0.13529	0.00853	0.01
1705.8	8.529	0.13529	0.00853	0.01
1705.9	8.5295	0.1353	0.00853	0.01
1706.0	8.53	0.1353	0.00853	0.01
1706.1	8.5305	0.13531	0.00853	0.01
1706.2	8.531	0.13531	0.00853	0.01
1706.3	8.5315	0.13532	0.00853	0.01
1706.4	8.532	0.13532	0.00853	0.01
1706.5	8.5325	0.13533	0.00853	0.01
1706.6	8.533	0.13533	0.00853	0.01
1706.7	8.5335	0.13534	0.00853	0.01
1706.8	8.534	0.13534	0.00853	0.01
1706.9	8.5345	0.13535	0.00853	0.01
1707.0	8.535	0.13535	0.00854	0.01
1707.1	8.5355	0.13536	0.00854	0.01
1707.2	8.536	0.13536	0.00854	0.01
1707.3	8.5365	0.13537	0.00854	0.01
1707.4	8.537	0.13537	0.00854	0.01
1707.5	8.5375	0.13538	0.00854	0.01
1707.6	8.538	0.13538	0.00854	0.01
1707.7	8.5385	0.13539	0.00854	0.01
1707.8	8.539	0.13539	0.00854	0.01
1707.9	8.5395	0.1354	0.00854	0.01
1708.0	8.54	0.1354	0.00854	0.01
1708.1	8.5405	0.13541	0.00854	0.01
1708.2	8.541	0.13541	0.00854	0.01
1708.3	8.5415	0.13542	0.00854	0.01
1708.4	8.542	0.13542	0.00854	0.01
1708.5	8.5425	0.13543	0.00854	0.01
1708.6	8.543	0.13543	0.00854	0.01
1708.7	8.5435	0.13544	0.00854	0.01
1708.8	8.544	0.13544	0.00854	0.01
1708.9	8.5445	0.13545	0.00854	0.01
1709.0	8.545	0.13545	0.00855	0.01
1709.1	8.5455	0.13546	0.00855	0.01
1709.2	8.546	0.13546	0.00855	0.01
1709.3	8.5465	0.13547	0.00855	0.01
1709.4	8.547	0.13547	0.00855	0.01
1709.5	8.5475	0.13548	0.00855	0.01
1709.6	8.548	0.13548	0.00855	0.01
1709.7	8.5485	0.13549	0.00855	0.01
1709.8	8.549	0.13549	0.00855	0.01
1709.9	8.5495	0.1355	0.00855	0.01
1710.0	8.55	0.1355	0.00855	0.01
1710.1	8.5505	0.13551	0.00855	0.01
1710.2	8.551	0.13551	0.00855	0.01
1710.3	8.5515	0.13552	0.00855	0.01
1710.4	8.552	0.13552	0.00855	0.01
1710.5	8.5525	0.13553	0.00855	0.01
1710.6	8.553	0.13553	0.00855	0.01
1710.7	8.5535	0.13554	0.00855	0.01
1710.8	8.554	0.13554	0.00855	0.01
1710.9	8.5545	0.13555	0.00855	0.01
1711.0	8.555	0.13555	0.00856	0.01
1711.1	8.5555	0.13556	0.00856	0.01
1711.2	8.556	0.13556	0.00856	0.01
1711.3	8.5565	0.13557	0.00856	0.01
1711.4	8.557	0.13557	0.00856	0.01
1711.5	8.5575	0.13558	0.00856	0.01
1711.6	8.558	0.13558	0.00856	0.01
1711.7	8.5585	0.13559	0.00856	0.01
1711.8	8.559	0.13559	0.00856	0.01
1711.9	8.5595	0.1356	0.00856	0.01
1712.0	8.56	0.1356	0.00856	0.01
1712.1	8.5605	0.13561	0.00856	0.01
1712.2	8.561	0.13561	0.00856	0.01
1712.3	8.5615	0.13562	0.00856	0.01
1712.4	8.562	0.13562	0.00856	0.01
1712.5	8.5625	0.13563	0.00856	0.01
1712.6	8.563	0.13563	0.00856	0.01
1712.7	8.5635	0.13564	0.00856	0.01
1712.8	8.564	0.13564	0.00856	0.01
1712.9	8.5645	0.13565	0.00856	0.01
1713.0	8.565	0.13565	0.00857	0.01
1713.1	8.5655	0.13566	0.00857	0.01
1713.2	8.566	0.13566	0.00857	0.01
1713.3	8.5665	0.13567	0.00857	0.01
1713.4	8.567	0.13567	0.00857	0.01
1713.5	8.5675	0.13568	0.00857	0.01
1713.6	8.568	0.13568	0.00857	0.01
1713.7	8.5685	0.13569	0.00857	0.01
1713.8	8.569	0.13569	0.00857	0.01
1713.9	8.5695	0.1357	0.00857	0.01
1714.0	8.57	0.1357	0.00857	0.01
1714.1	8.5705	0.13571	0.00857	0.01
1714.2	8.571	0.13571	0.00857	0.01
1714.3	8.5715	0.13572	0.00857	0.01
1714.4	8.572	0.13572	0.00857	0.01
1714.5	8.5725	0.13573	0.00857	0.01
1714.6	8.573	0.13573	0.00857	0.01
1714.7	8.5735	0.13574	0.00857	0.01
1714.8	8.574	0.13574	0.00857	0.01
1714.9	8.5745	0.13575	0.00857	0.01
1715.0	8.575	0.13575	0.00858	0.01
1715.1	8.5755	0.13576	0.00858	0.01
1715.2	8.576	0.13576	0.00858	0.01
1715.3	8.5765	0.13577	0.00858	0.01
1715.4	8.577	0.13577	0.00858	0.01
1715.5	8.5775	0.13578	0.00858	0.01
1715.6	8.578	0.13578	0.00858	0.01
1715.7	8.5785	0.13579	0.00858	0.01
1715.8	8.579	0.13579	0.00858	0.01
1715.9	8.5795	0.1358	0.00858	0.01
1716.0	8.58	0.1358	0.00858	0.01
1716.1	8.5805	0.13581	0.00858	0.01
1716.2	8.581	0.13581	0.00858	0.01
1716.3	8.5815	0.13582	0.00858	0.01
1716.4	8.582	0.13582	0.00858	0.01
1716.5	8.5825	0.13583	0.00858	0.01
1716.6	8.583	0.13583	0.00858	0.01
1716.7	8.5835	0.13584	0.00858	0.01
1716.8	8.584	0.13584	0.00858	0.01
1716.9	8.5845	0.13585	0.00858	0.01
1717.0	8.585	0.13585	0.00859	0.01
1717.1	8.5855	0.13586	0.00859	0.01
1717.2	8.586	0.13586	0.00859	0.01
1717.3	8.5865	0.13587	0.00859	0.01
1717.4	8.587	0.13587	0.00859	0.01
1717.5	8.5875	0.13588	0.00859	0.01
1717.6	8.588	0.13588	0.00859	0.01
1717.7	8.5885	0.13589	0.00859	0.01
1717.8	8.589	0.13589	0.00859	0.01
1717.9	8.5895	0.1359	0.00859	0.01
1718.0	8.59	0.1359	0.00859	0.01
1718.1	8.5905	0.13591	0.00859	0.01
1718.2	8.591	0.13591	0.00859	0.01
1718.3	8.5915	0.13592	0.00859	0.01
1718.4	8.592	0.13592	0.00859	0.01
1718.5	8.5925	0.13593	0.00859	0.01
1718.6	8.593	0.13593	0.00859	0.01
1718.7	8.5935	0.13594	0.00859	0.01
1718.8	8.594	0.13594	0.00859	0.01
1718.9	8.5945	0.13595	0.00859	0.01
1719.0	8.595	0.13595	0.0086	0.01
1719.1	8.5955	0.13596	0.0086	0.01
1719.2	8.596	0.13596	0.0086	0.01
1719.3	8.5965	0.13597	0.0086	0.01
1719.4	8.597	0.13597	0.0086	0.01
1719.5	8.5975	0.13598	0.0086	0.01
1719.6	8.598	0.13598	0.0086	0.01
1719.7	8.5985	0.13599	0.0086	0.01
1719.8	8.599	0.13599	0.0086	0.01
1719.9	8.5995	0.136	0.0086	0.01
1720.0	8.6	0.136	0.0086	0.01
1720.1	8.6005	0.13601	0.0086	0.01
1720.2	8.601	0.13601	0.0086	0.01
1720.3	8.6015	0.13602	0.0086	0.01
1720.4	8.602	0.13602	0.0086	0.01
1720.5	8.6025	0.13603	0.0086	0.01
1720.6	8.603	0.13603	0.0086	0.01
1720.7	8.6035	0.13604	0.0086	0.01
1720.8	8.604	0.13604	0.0086	0.01
1720.9	8.6045	0.13605	0.0086	0.01
1721.0	8.605	0.13605	0.00861	0.01
1721.1	8.6055	0.13606	0.00861	0.01
1721.2	8.606	0.13606	0.00861	0.01
1721.3	8.6065	0.13607	0.00861	0.01
1721.4	8.607	0.13607	0.00861	0.01
1721.5	8.6075	0.13608	0.00861	0.01
1721.6	8.608	0.13608	0.00861	0.01
1721.7	8.6085	0.13609	0.00861	0.01
1721.8	8.609	0.13609	0.00861	0.01
1721.9	8.6095	0.1361	0.00861	0.01
1722.0	8.61	0.1361	0.00861	0.01
1722.1	8.6105	0.13611	0.00861	0.01
1722.2	8.611	0.13611	0.00861	0.01
1722.3	8.6115	0.13612	0.00861	0.01
1722.4	8.612	0.13612	0.00861	0.01
1722.5	8.6125	0.13613	0.00861	0.01
1722.6	8.613	0.13613	0.00861	0.01
1722.7	8.6135	0.13614	0.00861	0.01
1722.8	8.614	0.13614	0.00861	0.01
1722.9	8.6145	0.13615	0.00861	0.01
1723.0	8.615	0.13615	0.00862	0.01
1723.1	8.6155	0.13616	0.00862	0.01
1723.2	8.616	0.13616	0.00862	0.01
1723.3	8.6165	0.13617	0.00862	0.01
1723.4	8.617	0.13617	0.00862	0.01
1723.5	8.6175	0.13618	0.00862	0.01
1723.6	8.618	0.13618	0.00862	0.01
1723.7	8.6185	0.13619	0.00862	0.01
1723.8	8.619	0.13619	0.00862	0.01
1723.9	8.6195	0.1362	0.00862	0.01
1724.0	8.62	0.1362	0.00862	0.01
1724.1	8.6205	0.13621	0.00862	0.01
1724.2	8.621	0.13621	0.00862	0.01
1724.3	8.6215	0.13622	0.00862	0.01
1724.4	8.622	0.13622	0.00862	0.01
1724.5	8.6225	0.13623	0.00862	0.01
1724.6	8.623	0.13623	0.00862	0.01
1724.7	8.6235	0.13624	0.00862	0.01
1724.8	8.624	0.13624	0.00862	0.01
1724.9	8.6245	0.13625	0.00862	0.01
1725.0	8.625	0.13625	0.00863	0.01
1725.1	8.6255	0.13626	0.00863	0.01
1725.2	8.626	0.13626	0.00863	0.01
1725.3	8.6265	0.13627	0.00863	0.01
1725.4	8.627	0.13627	0.00863	0.01
1725.5	8.6275	0.13628	0.00863	0.01
1725.6	8.628	0.13628	0.00863	0.01
1725.7	8.6285	0.13629	0.00863	0.01
1725.8	8.629	0.13629	0.00863	0.01
1725.9	8.6295	0.1363	0.00863	0.01
1726.0	8.63	0.1363	0.00863	0.01
1726.1	8.6305	0.13631	0.00863	0.01
1726.2	8.631	0.13631	0.00863	0.01
1726.3	8.6315	0.13632	0.00863	0.01
1726.4	8.632	0.13632	0.00863	0.01
1726.5	8.6325	0.13633	0.00863	0.01
1726.6	8.633	0.13633	0.00863	0.01
1726.7	8.6335	0.13634	0.00863	0.01
1726.8	8.634	0.13634	0.00863	0.01
1726.9	8.6345	0.13635	0.00863	0.01
1727.0	8.635	0.13635	0.00864	0.01
1727.1	8.6355	0.13636	0.00864	0.01
1727.2	8.636	0.13636	0.00864	0.01
1727.3	8.6365	0.13637	0.00864	0.01
1727.4	8.637	0.13637	0.00864	0.01
1727.5	8.6375	0.13638	0.00864	0.01
1727.6	8.638	0.13638	0.00864	0.01
1727.7	8.6385	0.13639	0.00864	0.01
1727.8	8.639	0.13639	0.00864	0.01
1727.9	8.6395	0.1364	0.00864	0.01
1728.0	8.64	0.1364	0.00864	0.01
1728.1	8.6405	0.13641	0.00864	0.01
1728.2	8.641	0.13641	0.00864	0.01
1728.3	8.6415	0.13642	0.00864	0.01
1728.4	8.642	0.13642	0.00864	0.01
1728.5	8.6425	0.13643	0.00864	0.01
1728.6	8.643	0.13643	0.00864	0.01
1728.7	8.6435	0.13644	0.00864	0.01
1728.8	8.644	0.13644	0.00864	0.01
1728.9	8.6445	0.13645	0.00864	0.01
1729.0	8.645	0.13645	0.00865	0.01
1729.1	8.6455	0.13646	0.00865	0.01
1729.2	8.646	0.13646	0.00865	0.01
1729.3	8.6465	0.13647	0.00865	0.01
1729.4	8.647	0.13647	0.00865	0.01
1729.5	8.6475	0.13648	0.00865	0.01
1729.6	8.648	0.13648	0.00865	0.01
1729.7	8.6485	0.13649	0.00865	0.01
1729.8	8.649	0.13649	0.00865	0.01
1729.9	8.6495	0.1365	0.00865	0.01
1730.0	8.65	0.1365	0.00865	0.01
1730.1	8.6505	0.13651	0.00865	0.01
1730.2	8.651	0.13651	0.00865	0.01
1730.3	8.6515	0.13652	0.00865	0.01
1730.4	8.652	0.13652	0.00865	0.01
1730.5	8.6525	0.13653	0.00865	0.01
1730.6	8.653	0.13653	0.00865	0.01
1730.7	8.6535	0.13654	0.00865	0.01
1730.8	8.654	0.13654	0.00865	0.01
1730.9	8.6545	0.13655	0.00865	0.01
1731.0	8.655	0.13655	0.00866	0.01
1731.1	8.6555	0.13656	0.00866	0.01
1731.2	8.656	0.13656	0.00866	0.01
1731.3	8.6565	0.13657	0.00866	0.01
1731.4	8.657	0.13657	0.00866	0.01
1731.5	8.6575	0.13658	0.00866	0.01
1731.6	8.658	0.13658	0.00866	0.01
1731.7	8.6585	0.13659	0.00866	0.01
1731.8	8.659	0.13659	0.00866	0.01
1731.9	8.6595	0.1366	0.00866	0.01
1732.0	8.66	0.1366	0.00866	0.01
1732.1	8.6605	0.13661	0.00866	0.01
1732.2	8.661	0.13661	0.00866	0.01
1732.3	8.6615	0.13662	0.00866	0.01
1732.4	8.662	0.13662	0.00866	0.01
1732.5	8.6625	0.13663	0.00866	0.01
1732.6	8.663	0.13663	0.00866	0.01
1732.7	8.6635	0.13664	0.00866	0.01
1732.8	8.664	0.13664	0.00866	0.01
1732.9	8.6645	0.13665	0.00866	0.01
1733.0	8.665	0.13665	0.00867	0.01
1733.1	8.6655	0.13666	0.00867	0.01
1733.2	8.666	0.13666	0.00867	0.01
1733.3	8.6665	0.13667	0.00867	0.01
1733.4	8.667	0.13667	0.00867	0.01
1733.5	8.6675	0.13668	0.00867	0.01
1733.6	8.668	0.13668	0.00867	0.01
1733.7	8.6685	0.13669	0.00867	0.01
1733.8	8.669	0.13669	0.00867	0.01
1733.9	8.6695	0.1367	0.00867	0.01
1734.0	8.67	0.1367	0.00867	0.01
1734.1	8.6705	0.13671	0.00867	0.01
1734.2	8.671	0.13671	0.00867	0.01
1734.3	8.6715	0.13672	0.00867	0.01
1734.4	8.672	0.13672	0.00867	0.01
1734.5	8.6725	0.13673	0.00867	0.01
1734.6	8.673	0.13673	0.00867	0.01
1734.7	8.6735	0.13674	0.00867	0.01
1734.8	8.674	0.13674	0.00867	0.01
1734.9	8.6745	0.13675	0.00867	0.01
1735.0	8.675	0.13675	0.00868	0.01
1735.1	8.6755	0.13676	0.00868	0.01
1735.2	8.676	0.13676	0.00868	0.01
1735.3	8.6765	0.13677	0.00868	0.01
1735.4	8.677	0.13677	0.00868	0.01
1735.5	8.6775	0.13678	0.00868	0.01
1735.6	8.678	0.13678	0.00868	0.01
1735.7	8.6785	0.13679	0.00868	0.01
1735.8	8.679	0.13679	0.00868	0.01
1735.9	8.6795	0.1368	0.00868	0.01
1736.0	8.68	0.1368	0.00868	0.01
1736.1	8.6805	0.13681	0.00868	0.01
1736.2	8.681	0.13681	0.00868	0.01
1736.3	8.6815	0.13682	0.00868	0.01
1736.4	8.682	0.13682	0.00868	0.01
1736.5	8.6825	0.13683	0.00868	0.01
1736.6	8.683	0.13683	0.00868	0.01
1736.7	8.6835	0.13684	0.00868	0.01
1736.8	8.684	0.13684	0.00868	0.01
1736.9	8.6845	0.13685	0.00868	0.01
1737.0	8.685	0.13685	0.00869	0.01
1737.1	8.6855	0.13686	0.00869	0.01
1737.2	8.686	0.13686	0.00869	0.01
1737.3	8.6865	0.13687	0.00869	0.01
1737.4	8.687	0.13687	0.00869	0.01
1737.5	8.6875	0.13688	0.00869	0.01
1737.6	8.688	0.13688	0.00869	0.01
1737.7	8.6885	0.13689	0.00869	0.01
1737.8	8.689	0.13689	0.00869	0.01
1737.9	8.6895	0.1369	0.00869	0.01
1738.0	8.69	0.1369	0.00869	0.01
1738.1	8.6905	0.13691	0.00869	0.01
1738.2	8.691	0.13691	0.00869	0.01
1738.3	8.6915	0.13692	0.00869	0.01
1738.4	8.692	0.13692	0.00869	0.01
1738.5	8.6925	0.13693	0.00869	0.01
1738.6	8.693	0.13693	0.00869	0.01
1738.7	8.6935	0.13694	0.00869	0.01
1738.8	8.694	0.13694	0.00869	0.01
1738.9	8.6945	0.13695	0.00869	0.01
1739.0	8.695	0.13695	0.0087	0.01
1739.1	8.6955	0.13696	0.0087	0.01
1739.2	8.696	0.13696	0.0087	0.01
1739.3	8.6965	0.13697	0.0087	0.01
1739.4	8.697	0.13697	0.0087	0.01
1739.5	8.6975	0.13698	0.0087	0.01
1739.6	8.698	0.13698	0.0087	0.01
1739.7	8.6985	0.13699	0.0087	0.01
1739.8	8.699	0.13699	0.0087	0.01
1739.9	8.6995	0.137	0.0087	0.01
1740.0	8.7	0.137	0.0087	0.01
1740.1	8.7005	0.13701	0.0087	0.01
1740.2	8.701	0.13701	0.0087	0.01
1740.3	8.7015	0.13702	0.0087	0.01
1740.4	8.702	0.13702	0.0087	0.01
1740.5	8.7025	0.13703	0.0087	0.01
1740.6	8.703	0.13703	0.0087	0.01
1740.7	8.7035	0.13704	0.0087	0.01
1740.8	8.704	0.13704	0.0087	0.01
1740.9	8.7045	0.13705	0.0087	0.01
1741.0	8.705	0.13705	0.00871	0.01
1741.1	8.7055	0.13706	0.00871	0.01
1741.2	8.706	0.13706	0.00871	0.01
1741.3	8.7065	0.13707	0.00871	0.01
1741.4	8.707	0.13707	0.00871	0.01
1741.5	8.7075	0.13708	0.00871	0.01
1741.6	8.708	0.13708	0.00871	0.01
1741.7	8.7085	0.13709	0.00871	0.01
1741.8	8.709	0.13709	0.00871	0.01
1741.9	8.7095	0.1371	0.00871	0.01
1742.0	8.71	0.1371	0.00871	0.01
1742.1	8.7105	0.13711	0.00871	0.01
1742.2	8.711	0.13711	0.00871	0.01
1742.3	8.7115	0.13712	0.00871	0.01
1742.4	8.712	0.13712	0.00871	0.01
1742.5	8.7125	0.13713	0.00871	0.01
1742.6	8.713	0.13713	0.00871	0.01
1742.7	8.7135	0.13714	0.00871	0.01
1742.8	8.714	0.13714	0.00871	0.01
1742.9	8.7145	0.13715	0.00871	0.01
1743.0	8.715	0.13715	0.00872	0.01
1743.1	8.7155	0.13716	0.00872	0.01
1743.2	8.716	0.13716	0.00872	0.01
1743.3	8.7165	0.13717	0.00872	0.01
1743.4	8.717	0.13717	0.00872	0.01
1743.5	8.7175	0.13718	0.00872	0.01
1743.6	8.718	0.13718	0.00872	0.01
1743.7	8.7185	0.13719	0.00872	0.01
1743.8	8.719	0.13719	0.00872	0.01
1743.9	8.7195	0.1372	0.00872	0.01
1744.0	8.72	0.1372	0.00872	0.01
1744.1	8.7205	0.13721	0.00872	0.01
1744.2	8.721	0.13721	0.00872	0.01
1744.3	8.7215	0.13722	0.00872	0.01
1744.4	8.722	0.13722	0.00872	0.01
1744.5	8.7225	0.13723	0.00872	0.01
1744.6	8.723	0.13723	0.00872	0.01
1744.7	8.7235	0.13724	0.00872	0.01
1744.8	8.724	0.13724	0.00872	0.01
1744.9	8.7245	0.13725	0.00872	0.01
1745.0	8.725	0.13725	0.00873	0.01
1745.1	8.7255	0.13726	0.00873	0.01
1745.2	8.726	0.13726	0.00873	0.01
1745.3	8.7265	0.13727	0.00873	0.01
1745.4	8.727	0.13727	0.00873	0.01
1745.5	8.7275	0.13728	0.00873	0.01
1745.6	8.728	0.13728	0.00873	0.01
1745.7	8.7285	0.13729	0.00873	0.01
1745.8	8.729	0.13729	0.00873	0.01
1745.9	8.7295	0.1373	0.00873	0.01
1746.0	8.73	0.1373	0.00873	0.01
1746.1	8.7305	0.13731	0.00873	0.01
1746.2	8.731	0.13731	0.00873	0.01
1746.3	8.7315	0.13732	0.00873	0.01
1746.4	8.732	0.13732	0.00873	0.01
1746.5	8.7325	0.13733	0.00873	0.01
1746.6	8.733	0.13733	0.00873	0.01
1746.7	8.7335	0.13734	0.00873	0.01
1746.8	8.734	0.13734	0.00873	0.01
1746.9	8.7345	0.13735	0.00873	0.01
1747.0	8.735	0.13735	0.00874	0.01
1747.1	8.7355	0.13736	0.00874	0.01
1747.2	8.736	0.13736	0.00874	0.01
1747.3	8.7365	0.13737	0.00874	0.01
1747.4	8.737	0.13737	0.00874	0.01
1747.5	8.7375	0.13738	0.00874	0.01
1747.6	8.738	0.13738	0.00874	0.01
1747.7	8.7385	0.13739	0.00874	0.01
1747.8	8.739	0.13739	0.00874	0.01
1747.9	8.7395	0.1374	0.00874	0.01
1748.0	8.74	0.1374	0.00874	0.01
1748.1	8.7405	0.13741	0.00874	0.01
1748.2	8.741	0.13741	0.00874	0.01
1748.3	8.7415	0.13742	0.00874	0.01
1748.4	8.742	0.13742	0.00874	0.01
1748.5	8.7425	0.13743	0.00874	0.01
1748.6	8.743	0.13743	0.00874	0.01
1748.7	8.7435	0.13744	0.00874	0.01
1748.8	8.744	0.13744	0.00874	0.01
1748.9	8.7445	0.13745	0.00874	0.01
1749.0	8.745	0.13745	0.00875	0.01
1749.1	8.7455	0.13746	0.00875	0.01
1749.2	8.746	0.13746	0.00875	0.01
1749.3	8.7465	0.13747	0.00875	0.01
1749.4	8.747	0.13747	0.00875	0.01
1749.5	8.7475	0.13748	0.00875	0.01
1749.6	8.748	0.13748	0.00875	0.01
1749.7	8.7485	0.13749	0.00875	0.01
1749.8	8.749	0.13749	0.00875	0.01
1749.9	8.7495	0.1375	0.00875	0.01
1750.0	8.75	0.1375	0.00875	0.01
1750.1	8.7505	0.13751	0.00875	0.01
1750.2	8.751	0.13751	0.00875	0.01
1750.3	8.7515	0.13752	0.00875	0.01
1750.4	8.752	0.13752	0.00875	0.01
1750.5	8.7525	0.13753	0.00875	0.01
1750.6	8.753	0.13753	0.00875	0.01
1750.7	8.7535	0.13754	0.00875	0.01
1750.8	8.754	0.13754	0.00875	0.01
1750.9	8.7545	0.13755	0.00875	0.01
1751.0	8.755	0.13755	0.00876	0.01
1751.1	8.7555	0.13756	0.00876	0.01
1751.2	8.756	0.13756	0.00876	0.01
1751.3	8.7565	0.13757	0.00876	0.01
1751.4	8.757	0.13757	0.00876	0.01
1751.5	8.7575	0.13758	0.00876	0.01
1751.6	8.758	0.13758	0.00876	0.01
1751.7	8.7585	0.13759	0.00876	0.01
1751.8	8.759	0.13759	0.00876	0.01
1751.9	8.7595	0.1376	0.00876	0.01
1752.0	8.76	0.1376	0.00876	0.01
1752.1	8.7605	0.13761	0.00876	0.01
1752.2	8.761	0.13761	0.00876	0.01
1752.3	8.7615	0.13762	0.00876	0.01
1752.4	8.762	0.13762	0.00876	0.01
1752.5	8.7625	0.13763	0.00876	0.01
1752.6	8.763	0.13763	0.00876	0.01
1752.7	8.7635	0.13764	0.00876	0.01
1752.8	8.764	0.13764	0.00876	0.01
1752.9	8.7645	0.13765	0.00876	0.01
1753.0	8.765	0.13765	0.00877	0.01
1753.1	8.7655	0.13766	0.00877	0.01
1753.2	8.766	0.13766	0.00877	0.01
1753.3	8.7665	0.13767	0.00877	0.01
1753.4	8.767	0.13767	0.00877	0.01
1753.5	8.7675	0.13768	0.00877	0.01
1753.6	8.768	0.13768	0.00877	0.01
1753.7	8.7685	0.13769	0.00877	0.01
1753.8	8.769	0.13769	0.00877	0.01
1753.9	8.7695	0.1377	0.00877	0.01
1754.0	8.77	0.1377	0.00877	0.01
1754.1	8.7705	0.13771	0.00877	0.01
1754.2	8.771	0.13771	0.00877	0.01
1754.3	8.7715	0.13772	0.00877	0.01
1754.4	8.772	0.13772	0.00877	0.01
1754.5	8.7725	0.13773	0.00877	0.01
1754.6	8.773	0.13773	0.00877	0.01
1754.7	8.7735	0.13774	0.00877	0.01
1754.8	8.774	0.13774	0.00877	0.01
1754.9	8.7745	0.13775	0.00877	0.01
1755.0	8.775	0.13775	0.00878	0.01
1755.1	8.7755	0.13776	0.00878	0.01
1755.2	8.776	0.13776	0.00878	0.01
1755.3	8.7765	0.13777	0.00878	0.01
1755.4	8.777	0.13777	0.00878	0.01
1755.5	8.7775	0.13778	0.00878	0.01
1755.6	8.778	0.13778	0.00878	0.01
1755.7	8.7785	0.13779	0.00878	0.01
1755.8	8.779	0.13779	0.00878	0.01
1755.9	8.7795	0.1378	0.00878	0.01
1756.0	8.78	0.1378	0.00878	0.01
1756.1	8.7805	0.13781	0.00878	0.01
1756.2	8.781	0.13781	0.00878	0.01
1756.3	8.7815	0.13782	0.00878	0.01
1756.4	8.782	0.13782	0.00878	0.01
1756.5	8.7825	0.13783	0.00878	0.01
1756.6	8.783	0.13783	0.00878	0.01
1756.7	8.7835	0.13784	0.00878	0.01
1756.8	8.784	0.13784	0.00878	0.01
1756.9	8.7845	0.13785	0.00878	0.01
1757.0	8.785	0.13785	0.00879	0.01
1757.1	8.7855	0.13786	0.00879	0.01
1757.2	8.786	0.13786	0.00879	0.01
1757.3	8.7865	0.13787	0.00879	0.01
1757.4	8.787	0.13787	0.00879	0.01
1757.5	8.7875	0.13788	0.00879	0.01
1757.6	8.788	0.13788	0.00879	0.01
1757.7	8.7885	0.13789	0.00879	0.01
1757.8	8.789	0.13789	0.00879	0.01
1757.9	8.7895	0.1379	0.00879	0.01
1758.0	8.79	0.1379	0.00879	0.01
1758.1	8.7905	0.13791	0.00879	0.01
1758.2	8.791	0.13791	0.00879	0.01
1758.3	8.7915	0.13792	0.00879	0.01
1758.4	8.792	0.13792	0.00879	0.01
1758.5	8.7925	0.13793	0.00879	0.01
1758.6	8.793	0.13793	0.00879	0.01
1758.7	8.7935	0.13794	0.00879	0.01
1758.8	8.794	0.13794	0.00879	0.01
1758.9	8.7945	0.13795	0.00879	0.01
1759.0	8.795	0.13795	0.0088	0.01
1759.1	8.7955	0.13796	0.0088	0.01
1759.2	8.796	0.13796	0.0088	0.01
1759.3	8.7965	0.13797	0.0088	0.01
1759.4	8.797	0.13797	0.0088	0.01
1759.5	8.7975	0.13798	0.0088	0.01
1759.6	8.798	0.13798	0.0088	0.01
1759.7	8.7985	0.13799	0.0088	0.01
1759.8	8.799	0.13799	0.0088	0.01
1759.9	8.7995	0.138	0.0088	0.01
1760.0	8.8	0.138	0.0088	0.01
1760.1	8.8005	0.13801	0.0088	0.01
1760.2	8.801	0.13801	0.0088	0.01
1760.3	8.8015	0.13802	0.0088	0.01
1760.4	8.802	0.13802	0.0088	0.01
1760.5	8.8025	0.13803	0.0088	0.01
1760.6	8.803	0.13803	0.0088	0.01
1760.7	8.8035	0.13804	0.0088	0.01
1760.8	8.804	0.13804	0.0088	0.01
1760.9	8.8045	0.13805	0.0088	0.01
1761.0	8.805	0.13805	0.00881	0.01
1761.1	8.8055	0.13806	0.00881	0.01
1761.2	8.806	0.13806	0.00881	0.01
1761.3	8.8065	0.13807	0.00881	0.01
1761.4	8.807	0.13807	0.00881	0.01
1761.5	8.8075	0.13808	0.00881	0.01
1761.6	8.808	0.13808	0.00881	0.01
1761.7	8.8085	0.13809	0.00881	0.01
1761.8	8.809	0.13809	0.00881	0.01
1761.9	8.8095	0.1381	0.00881	0.01
1762.0	8.81	0.1381	0.00881	0.01
1762.1	8.8105	0.13811	0.00881	0.01
1762.2	8.811	0.13811	0.00881	0.01
1762.3	8.8115	0.13812	0.00881	0.01
1762.4	8.812	0.13812	0.00881	0.01
1762.5	8.8125	0.13813	0.00881	0.01
1762.6	8.813	0.13813	0.00881	0.01
1762.7	8.8135	0.13814	0.00881	0.01
1762.8	8.814	0.13814	0.00881	0.01
1762.9	8.8145	0.13815	0.00881	0.01
1763.0	8.815	0.13815	0.00882	0.01
1763.1	8.8155	0.13816	0.00882	0.01
1763.2	8.816	0.13816	0.00882	0.01
1763.3	8.8165	0.13817	0.00882	0.01
1763.4	8.817	0.13817	0.00882	0.01
1763.5	8.8175	0.13818	0.00882	0.01
1763.6	8.818	0.13818	0.00882	0.01
1763.7	8.8185	0.13819	0.00882	0.01
1763.8	8.819	0.13819	0.00882	0.01
1763.9	8.8195	0.1382	0.00882	0.01
1764.0	8.82	0.1382	0.00882	0.01
1764.1	8.8205	0.13821	0.00882	0.01
1764.2	8.821	0.13821	0.00882	0.01
1764.3	8.8215	0.13822	0.00882	0.01
1764.4	8.822	0.13822	0.00882	0.01
1764.5	8.8225	0.13823	0.00882	0.01
1764.6	8.823	0.13823	0.00882	0.01
1764.7	8.8235	0.13824	0.00882	0.01
1764.8	8.824	0.13824	0.00882	0.01
1764.9	8.8245	0.13825	0.00882	0.01
1765.0	8.825	0.13825	0.00883	0.01
1765.1	8.8255	0.13826	0.00883	0.01
1765.2	8.826	0.13826	0.00883	0.01
1765.3	8.8265	0.13827	0.00883	0.01
1765.4	8.827	0.13827	0.00883	0.01
1765.5	8.8275	0.13828	0.00883	0.01
1765.6	8.828	0.13828	0.00883	0.01
1765.7	8.8285	0.13829	0.00883	0.01
1765.8	8.829	0.13829	0.00883	0.01
1765.9	8.8295	0.1383	0.00883	0.01
1766.0	8.83	0.1383	0.00883	0.01
1766.1	8.8305	0.13831	0.00883	0.01
1766.2	8.831	0.13831	0.00883	0.01
1766.3	8.8315	0.13832	0.00883	0.01
1766.4	8.832	0.13832	0.00883	0.01
1766.5	8.8325	0.13833	0.00883	0.01
1766.6	8.833	0.13833	0.00883	0.01
1766.7	8.8335	0.13834	0.00883	0.01
1766.8	8.834	0.13834	0.00883	0.01
1766.9	8.8345	0.13835	0.00883	0.01
1767.0	8.835	0.13835	0.00884	0.01
1767.1	8.8355	0.13836	0.00884	0.01
1767.2	8.836	0.13836	0.00884	0.01
1767.3	8.8365	0.13837	0.00884	0.01
1767.4	8.837	0.13837	0.00884	0.01
1767.5	8.8375	0.13838	0.00884	0.01
1767.6	8.838	0.13838	0.00884	0.01
1767.7	8.8385	0.13839	0.00884	0.01
1767.8	8.839	0.13839	0.00884	0.01
1767.9	8.8395	0.1384	0.00884	0.01
1768.0	8.84	0.1384	0.00884	0.01
1768.1	8.8405	0.13841	0.00884	0.01
1768.2	8.841	0.13841	0.00884	0.01
1768.3	8.8415	0.13842	0.00884	0.01
1768.4	8.842	0.13842	0.00884	0.01
1768.5	8.8425	0.13843	0.00884	0.01
1768.6	8.843	0.13843	0.00884	0.01
1768.7	8.8435	0.13844	0.00884	0.01
1768.8	8.844	0.13844	0.00884	0.01
1768.9	8.8445	0.13845	0.00884	0.01
1769.0	8.845	0.13845	0.00885	0.01
1769.1	8.8455	0.13846	0.00885	0.01
1769.2	8.846	0.13846	0.00885	0.01
1769.3	8.8465	0.13847	0.00885	0.01
1769.4	8.847	0.13847	0.00885	0.01
1769.5	8.8475	0.13848	0.00885	0.01
1769.6	8.848	0.13848	0.00885	0.01
1769.7	8.8485	0.13849	0.00885	0.01
1769.8	8.849	0.13849	0.00885	0.01
1769.9	8.8495	0.1385	0.00885	0.01
1770.0	8.85	0.1385	0.00885	0.01
1770.1	8.8505	0.13851	0.00885	0.01
1770.2	8.851	0.13851	0.00885	0.01
1770.3	8.8515	0.13852	0.00885	0.01
1770.4	8.852	0.13852	0.00885	0.01
1770.5	8.8525	0.13853	0.00885	0.01
1770.6	8.853	0.13853	0.00885	0.01
1770.7	8.8535	0.13854	0.00885	0.01
1770.8	8.854	0.13854	0.00885	0.01
1770.9	8.8545	0.13855	0.00885	0.01
1771.0	8.855	0.13855	0.00886	0.01
1771.1	8.8555	0.13856	0.00886	0.01
1771.2	8.856	0.13856	0.00886	0.01
1771.3	8.8565	0.13857	0.00886	0.01
1771.4	8.857	0.13857	0.00886	0.01
1771.5	8.8575	0.13858	0.00886	0.01
1771.6	8.858	0.13858	0.00886	0.01
1771.7	8.8585	0.13859	0.00886	0.01
1771.8	8.859	0.13859	0.00886	0.01
1771.9	8.8595	0.1386	0.00886	0.01
1772.0	8.86	0.1386	0.00886	0.01
1772.1	8.8605	0.13861	0.00886	0.01
1772.2	8.861	0.13861	0.00886	0.01
1772.3	8.8615	0.13862	0.00886	0.01
1772.4	8.862	0.13862	0.00886	0.01
1772.5	8.8625	0.13863	0.00886	0.01
1772.6	8.863	0.13863	0.00886	0.01
1772.7	8.8635	0.13864	0.00886	0.01
1772.8	8.864	0.13864	0.00886	0.01
1772.9	8.8645	0.13865	0.00886	0.01
1773.0	8.865	0.13865	0.00887	0.01
1773.1	8.8655	0.13866	0.00887	0.01
1773.2	8.866	0.13866	0.00887	0.01
1773.3	8.8665	0.13867	0.00887	0.01
1773.4	8.867	0.13867	0.00887	0.01
1773.5	8.8675	0.13868	0.00887	0.01
1773.6	8.868	0.13868	0.00887	0.01
1773.7	8.8685	0.13869	0.00887	0.01
1773.8	8.869	0.13869	0.00887	0.01
1773.9	8.8695	0.1387	0.00887	0.01
1774.0	8.87	0.1387	0.00887	0.01
1774.1	8.8705	0.13871	0.00887	0.01
1774.2	8.871	0.13871	0.00887	0.01
1774.3	8.8715	0.13872	0.00887	0.01
1774.4	8.872	0.13872	0.00887	0.01
1774.5	8.8725	0.13873	0.00887	0.01
1774.6	8.873	0.13873	0.00887	0.01
1774.7	8.8735	0.13874	0.00887	0.01
1774.8	8.874	0.13874	0.00887	0.01
1774.9	8.8745	0.13875	0.00887	0.01
1775.0	8.875	0.13875	0.00888	0.01
1775.1	8.8755	0.13876	0.00888	0.01
1775.2	8.876	0.13876	0.00888	0.01
1775.3	8.8765	0.13877	0.00888	0.01
1775.4	8.877	0.13877	0.00888	0.01
1775.5	8.8775	0.13878	0.00888	0.01
1775.6	8.878	0.13878	0.00888	0.01
1775.7	8.8785	0.13879	0.00888	0.01
1775.8	8.879	0.13879	0.00888	0.01
1775.9	8.8795	0.1388	0.00888	0.01
1776.0	8.88	0.1388	0.00888	0.01
1776.1	8.8805	0.13881	0.00888	0.01
1776.2	8.881	0.13881	0.00888	0.01
1776.3	8.8815	0.13882	0.00888	0.01
1776.4	8.882	0.13882	0.00888	0.01
1776.5	8.8825	0.13883	0.00888	0.01
1776.6	8.883	0.13883	0.00888	0.01
1776.7	8.8835	0.13884	0.00888	0.01
1776.8	8.884	0.13884	0.00888	0.01
1776.9	8.8845	0.13885	0.00888	0.01
1777.0	8.885	0.13885	0.00889	0.01
1777.1	8.8855	0.13886	0.00889	0.01
1777.2	8.886	0.13886	0.00889	0.01
1777.3	8.8865	0.13887	0.00889	0.01
1777.4	8.887	0.13887	0.00889	0.01
1777.5	8.8875	0.13888	0.00889	0.01
1777.6	8.888	0.13888	0.00889	0.01
1777.7	8.8885	0.13889	0.00889	0.01
1777.8	8.889	0.13889	0.00889	0.01
1777.9	8.8895	0.1389	0.00889	0.01
1778.0	8.89	0.1389	0.00889	0.01
1778.1	8.8905	0.13891	0.00889	0.01
1778.2	8.891	0.13891	0.00889	0.01
1778.3	8.8915	0.13892	0.00889	0.01
1778.4	8.892	0.13892	0.00889	0.01
1778.5	8.8925	0.13893	0.00889	0.01
1778.6	8.893	0.13893	0.00889	0.01
1778.7	8.8935	0.13894	0.00889	0.01
1778.8	8.894	0.13894	0.00889	0.01
1778.9	8.8945	0.13895	0.00889	0.01
1779.0	8.895	0.13895	0.0089	0.01
1779.1	8.8955	0.13896	0.0089	0.01
1779.2	8.896	0.13896	0.0089	0.01
1779.3	8.8965	0.13897	0.0089	0.01
1779.4	8.897	0.13897	0.0089	0.01
1779.5	8.8975	0.13898	0.0089	0.01
1779.6	8.898	0.13898	0.0089	0.01
1779.7	8.8985	0.13899	0.0089	0.01
1779.8	8.899	0.13899	0.0089	0.01
1779.9	8.8995	0.139	0.0089	0.01
1780.0	8.9	0.139	0.0089	0.01
1780.1	8.9005	0.13901	0.0089	0.01
1780.2	8.901	0.13901	0.0089	0.01
1780.3	8.9015	0.13902	0.0089	0.01
1780.4	8.902	0.13902	0.0089	0.01
1780.5	8.9025	0.13903	0.0089	0.01
1780.6	8.903	0.13903	0.0089	0.01
1780.7	8.9035	0.13904	0.0089	0.01
1780.8	8.904	0.13904	0.0089	0.01
1780.9	8.9045	0.13905	0.0089	0.01
1781.0	8.905	0.13905	0.00891	0.01
1781.1	8.9055	0.13906	0.00891	0.01
1781.2	8.906	0.13906	0.00891	0.01
1781.3	8.9065	0.13907	0.00891	0.01
1781.4	8.907	0.13907	0.00891	0.01
1781.5	8.9075	0.13908	0.00891	0.01
1781.6	8.908	0.13908	0.00891	0.01
1781.7	8.9085	0.13909	0.00891	0.01
1781.8	8.909	0.13909	0.00891	0.01
1781.9	8.9095	0.1391	0.00891	0.01
1782.0	8.91	0.1391	0.00891	0.01
1782.1	8.9105	0.13911	0.00891	0.01
1782.2	8.911	0.13911	0.00891	0.01
1782.3	8.9115	0.13912	0.00891	0.01
1782.4	8.912	0.13912	0.00891	0.01
1782.5	8.9125	0.13913	0.00891	0.01
1782.6	8.913	0.13913	0.00891	0.01
1782.7	8.9135	0.13914	0.00891	0.01
1782.8	8.914	0.13914	0.00891	0.01
1782.9	8.9145	0.13915	0.00891	0.01
1783.0	8.915	0.13915	0.00892	0.01
1783.1	8.9155	0.13916	0.00892	0.01
1783.2	8.916	0.13916	0.00892	0.01
1783.3	8.9165	0.13917	0.00892	0.01
1783.4	8.917	0.13917	0.00892	0.01
1783.5	8.9175	0.13918	0.00892	0.01
1783.6	8.918	0.13918	0.00892	0.01
1783.7	8.9185	0.13919	0.00892	0.01
1783.8	8.919	0.13919	0.00892	0.01
1783.9	8.9195	0.1392	0.00892	0.01
1784.0	8.92	0.1392	0.00892	0.01
1784.1	8.9205	0.13921	0.00892	0.01
1784.2	8.921	0.13921	0.00892	0.01
1784.3	8.9215	0.13922	0.00892	0.01
1784.4	8.922	0.13922	0.00892	0.01
1784.5	8.9225	0.13923	0.00892	0.01
1784.6	8.923	0.13923	0.00892	0.01
1784.7	8.9235	0.13924	0.00892	0.01
1784.8	8.924	0.13924	0.00892	0.01
1784.9	8.9245	0.13925	0.00892	0.01
1785.0	8.925	0.13925	0.00893	0.01
1785.1	8.9255	0.13926	0.00893	0.01
1785.2	8.926	0.13926	0.00893	0.01
1785.3	8.9265	0.13927	0.00893	0.01
1785.4	8.927	0.13927	0.00893	0.01
1785.5	8.9275	0.13928	0.00893	0.01
1785.6	8.928	0.13928	0.00893	0.01
1785.7	8.9285	0.13929	0.00893	0.01
1785.8	8.929	0.13929	0.00893	0.01
1785.9	8.9295	0.1393	0.00893	0.01
1786.0	8.93	0.1393	0.00893	0.01
1786.1	8.9305	0.13931	0.00893	0.01
1786.2	8.931	0.13931	0.00893	0.01
1786.3	8.9315	0.13932	0.00893	0.01
1786.4	8.932	0.13932	0.00893	0.01
1786.5	8.9325	0.13933	0.00893	0.01
1786.6	8.933	0.13933	0.00893	0.01
1786.7	8.9335	0.13934	0.00893	0.01
1786.8	8.934	0.13934	0.00893	0.01
1786.9	8.9345	0.13935	0.00893	0.01
1787.0	8.935	0.13935	0.00894	0.01
1787.1	8.9355	0.13936	0.00894	0.01
1787.2	8.936	0.13936	0.00894	0.01
1787.3	8.9365	0.13937	0.00894	0.01
1787.4	8.937	0.13937	0.00894	0.01
1787.5	8.9375	0.13938	0.00894	0.01
1787.6	8.938	0.13938	0.00894	0.01
1787.7	8.9385	0.13939	0.00894	0.01
1787.8	8.939	0.13939	0.00894	0.01
1787.9	8.9395	0.1394	0.00894	0.01
1788.0	8.94	0.1394	0.00894	0.01
1788.1	8.9405	0.13941	0.00894	0.01
1788.2	8.941	0.13941	0.00894	0.01
1788.3	8.9415	0.13942	0.00894	0.01
1788.4	8.942	0.13942	0.00894	0.01
1788.5	8.9425	0.13943	0.00894	0.01
1788.6	8.943	0.13943	0.00894	0.01
1788.7	8.9435	0.13944	0.00894	0.01
1788.8	8.944	0.13944	0.00894	0.01
1788.9	8.9445	0.13945	0.00894	0.01
1789.0	8.945	0.13945	0.00895	0.01
1789.1	8.9455	0.13946	0.00895	0.01
1789.2	8.946	0.13946	0.00895	0.01
1789.3	8.9465	0.13947	0.00895	0.01
1789.4	8.947	0.13947	0.00895	0.01
1789.5	8.9475	0.13948	0.00895	0.01
1789.6	8.948	0.13948	0.00895	0.01
1789.7	8.9485	0.13949	0.00895	0.01
1789.8	8.949	0.13949	0.00895	0.01
1789.9	8.9495	0.1395	0.00895	0.01
1790.0	8.95	0.1395	0.00895	0.01
1790.1	8.9505	0.13951	0.00895	0.01
1790.2	8.951	0.13951	0.00895	0.01
1790.3	8.9515	0.13952	0.00895	0.01
1790.4	8.952	0.13952	0.00895	0.01
1790.5	8.9525	0.13953	0.00895	0.01
1790.6	8.953	0.13953	0.00895	0.01
1790.7	8.9535	0.13954	0.00895	0.01
1790.8	8.954	0.13954	0.00895	0.01
1790.9	8.9545	0.13955	0.00895	0.01
1791.0	8.955	0.13955	0.00896	0.01
1791.1	8.9555	0.13956	0.00896	0.01
1791.2	8.956	0.13956	0.00896	0.01
1791.3	8.9565	0.13957	0.00896	0.01
1791.4	8.957	0.13957	0.00896	0.01
1791.5	8.9575	0.13958	0.00896	0.01
1791.6	8.958	0.13958	0.00896	0.01
1791.7	8.9585	0.13959	0.00896	0.01
1791.8	8.959	0.13959	0.00896	0.01
1791.9	8.9595	0.1396	0.00896	0.01
1792.0	8.96	0.1396	0.00896	0.01
1792.1	8.9605	0.13961	0.00896	0.01
1792.2	8.961	0.13961	0.00896	0.01
1792.3	8.9615	0.13962	0.00896	0.01
1792.4	8.962	0.13962	0.00896	0.01
1792.5	8.9625	0.13963	0.00896	0.01
1792.6	8.963	0.13963	0.00896	0.01
1792.7	8.9635	0.13964	0.00896	0.01
1792.8	8.964	0.13964	0.00896	0.01
1792.9	8.9645	0.13965	0.00896	0.01
1793.0	8.965	0.13965	0.00897	0.01
1793.1	8.9655	0.13966	0.00897	0.01
1793.2	8.966	0.13966	0.00897	0.01
1793.3	8.9665	0.13967	0.00897	0.01
1793.4	8.967	0.13967	0.00897	0.01
1793.5	8.9675	0.13968	0.00897	0.01
1793.6	8.968	0.13968	0.00897	0.01
1793.7	8.9685	0.13969	0.00897	0.01
1793.8	8.969	0.13969	0.00897	0.01
1793.9	8.9695	0.1397	0.00897	0.01
1794.0	8.97	0.1397	0.00897	0.01
1794.1	8.9705	0.13971	0.00897	0.01
1794.2	8.971	0.13971	0.00897	0.01
1794.3	8.9715	0.13972	0.00897	0.01
1794.4	8.972	0.13972	0.00897	0.01
1794.5	8.9725	0.13973	0.00897	0.01
1794.6	8.973	0.13973	0.00897	0.01
1794.7	8.9735	0.13974	0.00897	0.01
1794.8	8.974	0.13974	0.00897	0.01
1794.9	8.9745	0.13975	0.00897	0.01
1795.0	8.975	0.13975	0.00898	0.01
1795.1	8.9755	0.13976	0.00898	0.01
1795.2	8.976	0.13976	0.00898	0.01
1795.3	8.9765	0.13977	0.00898	0.01
1795.4	8.977	0.13977	0.00898	0.01
1795.5	8.9775	0.13978	0.00898	0.01
1795.6	8.978	0.13978	0.00898	0.01
1795.7	8.9785	0.13979	0.00898	0.01
1795.8	8.979	0.13979	0.00898	0.01
1795.9	8.9795	0.1398	0.00898	0.01
1796.0	8.98	0.1398	0.00898	0.01
1796.1	8.9805	0.13981	0.00898	0.01
1796.2	8.981	0.13981	0.00898	0.01
1796.3	8.9815	0.13982	0.00898	0.01
1796.4	8.982	0.13982	0.00898	0.01
1796.5	8.9825	0.13983	0.00898	0.01
1796.6	8.983	0.13983	0.00898	0.01
1796.7	8.9835	0.13984	0.00898	0.01
1796.8	8.984	0.13984	0.00898	0.01
1796.9	8.9845	0.13985	0.00898	0.01
1797.0	8.985	0.13985	0.00899	0.01
1797.1	8.9855	0.13986	0.00899	0.01
1797.2	8.986	0.13986	0.00899	0.01
1797.3	8.9865	0.13987	0.00899	0.01
1797.4	8.987	0.13987	0.00899	0.01
1797.5	8.9875	0.13988	0.00899	0.01
1797.6	8.988	0.13988	0.00899	0.01
1797.7	8.9885	0.13989	0.00899	0.01
1797.8	8.989	0.13989	0.00899	0.01
1797.9	8.9895	0.1399	0.00899	0.01
1798.0	8.99	0.1399	0.00899	0.01
1798.1	8.9905	0.13991	0.00899	0.01
1798.2	8.991	0.13991	0.00899	0.01
1798.3	8.9915	0.13992	0.00899	0.01
1798.4	8.992	0.13992	0.00899	0.01
1798.5	8.9925	0.13993	0.00899	0.01
1798.6	8.993	0.13993	0.00899	0.01
1798.7	8.9935	0.13994	0.00899	0.01
1798.8	8.994	0.13994	0.00899	0.01
1798.9	8.9945	0.13995	0.00899	0.01
1799.0	8.995	0.13995	0.009	0.01
1799.1	8.9955	0.13996	0.009	0.01
1799.2	8.996	0.13996	0.009	0.01
1799.3	8.9965	0.13997	0.009	0.01
1799.4	8.997	0.13997	0.009	0.01
1799.5	8.9975	0.13998	0.009	0.01
1799.6	8.998	0.13998	0.009	0.01
1799.7	8.9985	0.13999	0.009	0.01
1799.8	8.999	0.13999	0.009	0.01
1799.9	8.9995	0.14	0.009	0.01
1800.0	9.0	0.14	0.009	0.01
1800.1	9.0005	0.14001	0.009	0.01
1800.2	9.001	0.14001	0.009	0.01
1800.3	9.0015	0.14002	0.009	0.01
1800.4	9.002	0.14002	0.009	0.01
1800.5	9.0025	0.14003	0.009	0.01
1800.6	9.003	0.14003	0.009	0.01
1800.7	9.0035	0.14004	0.009	0.01
1800.8	9.004	0.14004	0.009	0.01
1800.9	9.0045	0.14005	0.009	0.01
1801.0	9.005	0.14005	0.00901	0.01
1801.1	9.0055	0.14006	0.00901	0.01
1801.2	9.006	0.14006	0.00901	0.01
1801.3	9.0065	0.14007	0.00901	0.01
1801.4	9.007	0.14007	0.00901	0.01
1801.5	9.0075	0.14008	0.00901	0.01
1801.6	9.008	0.14008	0.00901	0.01
1801.7	9.0085	0.14009	0.00901	0.01
1801.8	9.009	0.14009	0.00901	0.01
1801.9	9.0095	0.1401	0.00901	0.01
1802.0	9.01	0.1401	0.00901	0.01
1802.1	9.0105	0.14011	0.00901	0.01
1802.2	9.011	0.14011	0.00901	0.01
1802.3	9.0115	0.14012	0.00901	0.01
1802.4	9.012	0.14012	0.00901	0.01
1802.5	9.0125	0.14013	0.00901	0.01
1802.6	9.013	0.14013	0.00901	0.01
1802.7	9.0135	0.14014	0.00901	0.01
1802.8	9.014	0.14014	0.00901	0.01
1802.9	9.0145	0.14015	0.00901	0.01
1803.0	9.015	0.14015	0.00902	0.01
1803.1	9.0155	0.14016	0.00902	0.01
1803.2	9.016	0.14016	0.00902	0.01
1803.3	9.0165	0.14017	0.00902	0.01
1803.4	9.017	0.14017	0.00902	0.01
1803.5	9.0175	0.14018	0.00902	0.01
1803.6	9.018	0.14018	0.00902	0.01
1803.7	9.0185	0.14019	0.00902	0.01
1803.8	9.019	0.14019	0.00902	0.01
1803.9	9.0195	0.1402	0.00902	0.01
1804.0	9.02	0.1402	0.00902	0.01
1804.1	9.0205	0.14021	0.00902	0.01
1804.2	9.021	0.14021	0.00902	0.01
1804.3	9.0215	0.14022	0.00902	0.01
1804.4	9.022	0.14022	0.00902	0.01
1804.5	9.0225	0.14023	0.00902	0.01
1804.6	9.023	0.14023	0.00902	0.01
1804.7	9.0235	0.14024	0.00902	0.01
1804.8	9.024	0.14024	0.00902	0.01
1804.9	9.0245	0.14025	0.00902	0.01
1805.0	9.025	0.14025	0.00903	0.01
1805.1	9.0255	0.14026	0.00903	0.01
1805.2	9.026	0.14026	0.00903	0.01
1805.3	9.0265	0.14027	0.00903	0.01
1805.4	9.027	0.14027	0.00903	0.01
1805.5	9.0275	0.14028	0.00903	0.01
1805.6	9.028	0.14028	0.00903	0.01
1805.7	9.0285	0.14029	0.00903	0.01
1805.8	9.029	0.14029	0.00903	0.01
1805.9	9.0295	0.1403	0.00903	0.01
1806.0	9.03	0.1403	0.00903	0.01
1806.1	9.0305	0.14031	0.00903	0.01
1806.2	9.031	0.14031	0.00903	0.01
1806.3	9.0315	0.14032	0.00903	0.01
1806.4	9.032	0.14032	0.00903	0.01
1806.5	9.0325	0.14033	0.00903	0.01
1806.6	9.033	0.14033	0.00903	0.01
1806.7	9.0335	0.14034	0.00903	0.01
1806.8	9.034	0.14034	0.00903	0.01
1806.9	9.0345	0.14035	0.00903	0.01
1807.0	9.035	0.14035	0.00904	0.01
1807.1	9.0355	0.14036	0.00904	0.01
1807.2	9.036	0.14036	0.00904	0.01
1807.3	9.0365	0.14037	0.00904	0.01
1807.4	9.037	0.14037	0.00904	0.01
1807.5	9.0375	0.14038	0.00904	0.01
1807.6	9.038	0.14038	0.00904	0.01
1807.7	9.0385	0.14039	0.00904	0.01
1807.8	9.039	0.14039	0.00904	0.01
1807.9	9.0395	0.1404	0.00904	0.01
1808.0	9.04	0.1404	0.00904	0.01
1808.1	9.0405	0.14041	0.00904	0.01
1808.2	9.041	0.14041	0.00904	0.01
1808.3	9.0415	0.14042	0.00904	0.01
1808.4	9.042	0.14042	0.00904	0.01
1808.5	9.0425	0.14043	0.00904	0.01
1808.6	9.043	0.14043	0.00904	0.01
1808.7	9.0435	0.14044	0.00904	0.01
1808.8	9.044	0.14044	0.00904	0.01
1808.9	9.0445	0.14045	0.00904	0.01
1809.0	9.045	0.14045	0.00905	0.01
1809.1	9.0455	0.14046	0.00905	0.01
1809.2	9.046	0.14046	0.00905	0.01
1809.3	9.0465	0.14047	0.00905	0.01
1809.4	9.047	0.14047	0.00905	0.01
1809.5	9.0475	0.14048	0.00905	0.01
1809.6	9.048	0.14048	0.00905	0.01
1809.7	9.0485	0.14049	0.00905	0.01
1809.8	9.049	0.14049	0.00905	0.01
1809.9	9.0495	0.1405	0.00905	0.01
1810.0	9.05	0.1405	0.00905	0.01
1810.1	9.0505	0.14051	0.00905	0.01
1810.2	9.051	0.14051	0.00905	0.01
1810.3	9.0515	0.14052	0.00905	0.01
1810.4	9.052	0.14052	0.00905	0.01
1810.5	9.0525	0.14053	0.00905	0.01
1810.6	9.053	0.14053	0.00905	0.01
1810.7	9.0535	0.14054	0.00905	0.01
1810.8	9.054	0.14054	0.00905	0.01
1810.9	9.0545	0.14055	0.00905	0.01
1811.0	9.055	0.14055	0.00906	0.01
1811.1	9.0555	0.14056	0.00906	0.01
1811.2	9.056	0.14056	0.00906	0.01
1811.3	9.0565	0.14057	0.00906	0.01
1811.4	9.057	0.14057	0.00906	0.01
1811.5	9.0575	0.14058	0.00906	0.01
1811.6	9.058	0.14058	0.00906	0.01
1811.7	9.0585	0.14059	0.00906	0.01
1811.8	9.059	0.14059	0.00906	0.01
1811.9	9.0595	0.1406	0.00906	0.01
1812.0	9.06	0.1406	0.00906	0.01
1812.1	9.0605	0.14061	0.00906	0.01
1812.2	9.061	0.14061	0.00906	0.01
1812.3	9.0615	0.14062	0.00906	0.01
1812.4	9.062	0.14062	0.00906	0.01
1812.5	9.0625	0.14063	0.00906	0.01
1812.6	9.063	0.14063	0.00906	0.01
1812.7	9.0635	0.14064	0.00906	0.01
1812.8	9.064	0.14064	0.00906	0.01
1812.9	9.0645	0.14065	0.00906	0.01
1813.0	9.065	0.14065	0.00907	0.01
1813.1	9.0655	0.14066	0.00907	0.01
1813.2	9.066	0.14066	0.00907	0.01
1813.3	9.0665	0.14067	0.00907	0.01
1813.4	9.067	0.14067	0.00907	0.01
1813.5	9.0675	0.14068	0.00907	0.01
1813.6	9.068	0.14068	0.00907	0.01
1813.7	9.0685	0.14069	0.00907	0.01
1813.8	9.069	0.14069	0.00907	0.01
1813.9	9.0695	0.1407	0.00907	0.01
1814.0	9.07	0.1407	0.00907	0.01
1814.1	9.0705	0.14071	0.00907	0.01
1814.2	9.071	0.14071	0.00907	0.01
1814.3	9.0715	0.14072	0.00907	0.01
1814.4	9.072	0.14072	0.00907	0.01
1814.5	9.0725	0.14073	0.00907	0.01
1814.6	9.073	0.14073	0.00907	0.01
1814.7	9.0735	0.14074	0.00907	0.01
1814.8	9.074	0.14074	0.00907	0.01
1814.9	9.0745	0.14075	0.00907	0.01
1815.0	9.075	0.14075	0.00908	0.01
1815.1	9.0755	0.14076	0.00908	0.01
1815.2	9.076	0.14076	0.00908	0.01
1815.3	9.0765	0.14077	0.00908	0.01
1815.4	9.077	0.14077	0.00908	0.01
1815.5	9.0775	0.14078	0.00908	0.01
1815.6	9.078	0.14078	0.00908	0.01
1815.7	9.0785	0.14079	0.00908	0.01
1815.8	9.079	0.14079	0.00908	0.01
1815.9	9.0795	0.1408	0.00908	0.01
1816.0	9.08	0.1408	0.00908	0.01
1816.1	9.0805	0.14081	0.00908	0.01
1816.2	9.081	0.14081	0.00908	0.01
1816.3	9.0815	0.14082	0.00908	0.01
1816.4	9.082	0.14082	0.00908	0.01
1816.5	9.0825	0.14083	0.00908	0.01
1816.6	9.083	0.14083	0.00908	0.01
1816.7	9.0835	0.14084	0.00908	0.01
1816.8	9.084	0.14084	0.00908	0.01
1816.9	9.0845	0.14085	0.00908	0.01
1817.0	9.085	0.14085	0.00909	0.01
1817.1	9.0855	0.14086	0.00909	0.01
1817.2	9.086	0.14086	0.00909	0.01
1817.3	9.0865	0.14087	0.00909	0.01
1817.4	9.087	0.14087	0.00909	0.01
1817.5	9.0875	0.14088	0.00909	0.01
1817.6	9.088	0.14088	0.00909	0.01
1817.7	9.0885	0.14089	0.00909	0.01
1817.8	9.089	0.14089	0.00909	0.01
1817.9	9.0895	0.1409	0.00909	0.01
1818.0	9.09	0.1409	0.00909	0.01
1818.1	9.0905	0.14091	0.00909	0.01
1818.2	9.091	0.14091	0.00909	0.01
1818.3	9.0915	0.14092	0.00909	0.01
1818.4	9.092	0.14092	0.00909	0.01
1818.5	9.0925	0.14093	0.00909	0.01
1818.6	9.093	0.14093	0.00909	0.01
1818.7	9.0935	0.14094	0.00909	0.01
1818.8	9.094	0.14094	0.00909	0.01
1818.9	9.0945	0.14095	0.00909	0.01
1819.0	9.095	0.14095	0.0091	0.01
1819.1	9.0955	0.14096	0.0091	0.01
1819.2	9.096	0.14096	0.0091	0.01
1819.3	9.0965	0.14097	0.0091	0.01
1819.4	9.097	0.14097	0.0091	0.01
1819.5	9.0975	0.14098	0.0091	0.01
1819.6	9.098	0.14098	0.0091	0.01
1819.7	9.0985	0.14099	0.0091	0.01
1819.8	9.099	0.14099	0.0091	0.01
1819.9	9.0995	0.141	0.0091	0.01
1820.0	9.1	0.141	0.0091	0.01
1820.1	9.1005	0.14101	0.0091	0.01
1820.2	9.101	0.14101	0.0091	0.01
1820.3	9.1015	0.14102	0.0091	0.01
1820.4	9.102	0.14102	0.0091	0.01
1820.5	9.1025	0.14103	0.0091	0.01
1820.6	9.103	0.14103	0.0091	0.01
1820.7	9.1035	0.14104	0.0091	0.01
1820.8	9.104	0.14104	0.0091	0.01
1820.9	9.1045	0.14105	0.0091	0.01
1821.0	9.105	0.14105	0.00911	0.01
1821.1	9.1055	0.14106	0.00911	0.01
1821.2	9.106	0.14106	0.00911	0.01
1821.3	9.1065	0.14107	0.00911	0.01
1821.4	9.107	0.14107	0.00911	0.01
1821.5	9.1075	0.14108	0.00911	0.01
1821.6	9.108	0.14108	0.00911	0.01
1821.7	9.1085	0.14109	0.00911	0.01
1821.8	9.109	0.14109	0.00911	0.01
1821.9	9.1095	0.1411	0.00911	0.01
1822.0	9.11	0.1411	0.00911	0.01
1822.1	9.1105	0.14111	0.00911	0.01
1822.2	9.111	0.14111	0.00911	0.01
1822.3	9.1115	0.14112	0.00911	0.01
1822.4	9.112	0.14112	0.00911	0.01
1822.5	9.1125	0.14113	0.00911	0.01
1822.6	9.113	0.14113	0.00911	0.01
1822.7	9.1135	0.14114	0.00911	0.01
1822.8	9.114	0.14114	0.00911	0.01
1822.9	9.1145	0.14115	0.00911	0.01
1823.0	9.115	0.14115	0.00912	0.01
1823.1	9.1155	0.14116	0.00912	0.01
1823.2	9.116	0.14116	0.00912	0.01
1823.3	9.1165	0.14117	0.00912	0.01
1823.4	9.117	0.14117	0.00912	0.01
1823.5	9.1175	0.14118	0.00912	0.01
1823.6	9.118	0.14118	0.00912	0.01
1823.7	9.1185	0.14119	0.00912	0.01
1823.8	9.119	0.14119	0.00912	0.01
1823.9	9.1195	0.1412	0.00912	0.01
1824.0	9.12	0.1412	0.00912	0.01
1824.1	9.1205	0.14121	0.00912	0.01
1824.2	9.121	0.14121	0.00912	0.01
1824.3	9.1215	0.14122	0.00912	0.01
1824.4	9.122	0.14122	0.00912	0.01
1824.5	9.1225	0.14123	0.00912	0.01
1824.6	9.123	0.14123	0.00912	0.01
1824.7	9.1235	0.14124	0.00912	0.01
1824.8	9.124	0.14124	0.00912	0.01
1824.9	9.1245	0.14125	0.00912	0.01
1825.0	9.125	0.14125	0.00913	0.01
1825.1	9.1255	0.14126	0.00913	0.01
1825.2	9.126	0.14126	0.00913	0.01
1825.3	9.1265	0.14127	0.00913	0.01
1825.4	9.127	0.14127	0.00913	0.01
1825.5	9.1275	0.14128	0.00913	0.01
1825.6	9.128	0.14128	0.00913	0.01
1825.7	9.1285	0.14129	0.00913	0.01
1825.8	9.129	0.14129	0.00913	0.01
1825.9	9.1295	0.1413	0.00913	0.01
1826.0	9.13	0.1413	0.00913	0.01
1826.1	9.1305	0.14131	0.00913	0.01
1826.2	9.131	0.14131	0.00913	0.01
1826.3	9.1315	0.14132	0.00913	0.01
1826.4	9.132	0.14132	0.00913	0.01
1826.5	9.1325	0.14133	0.00913	0.01
1826.6	9.133	0.14133	0.00913	0.01
1826.7	9.1335	0.14134	0.00913	0.01
1826.8	9.134	0.14134	0.00913	0.01
1826.9	9.1345	0.14135	0.00913	0.01
1827.0	9.135	0.14135	0.00914	0.01
1827.1	9.1355	0.14136	0.00914	0.01
1827.2	9.136	0.14136	0.00914	0.01
1827.3	9.1365	0.14137	0.00914	0.01
1827.4	9.137	0.14137	0.00914	0.01
1827.5	9.1375	0.14138	0.00914	0.01
1827.6	9.138	0.14138	0.00914	0.01
1827.7	9.1385	0.14139	0.00914	0.01
1827.8	9.139	0.14139	0.00914	0.01
1827.9	9.1395	0.1414	0.00914	0.01
1828.0	9.14	0.1414	0.00914	0.01
1828.1	9.1405	0.14141	0.00914	0.01
1828.2	9.141	0.14141	0.00914	0.01
1828.3	9.1415	0.14142	0.00914	0.01
1828.4	9.142	0.14142	0.00914	0.01
1828.5	9.1425	0.14143	0.00914	0.01
1828.6	9.143	0.14143	0.00914	0.01
1828.7	9.1435	0.14144	0.00914	0.01
1828.8	9.144	0.14144	0.00914	0.01
1828.9	9.1445	0.14145	0.00914	0.01
1829.0	9.145	0.14145	0.00915	0.01
1829.1	9.1455	0.14146	0.00915	0.01
1829.2	9.146	0.14146	0.00915	0.01
1829.3	9.1465	0.14147	0.00915	0.01
1829.4	9.147	0.14147	0.00915	0.01
1829.5	9.1475	0.14148	0.00915	0.01
1829.6	9.148	0.14148	0.00915	0.01
1829.7	9.1485	0.14149	0.00915	0.01
1829.8	9.149	0.14149	0.00915	0.01
1829.9	9.1495	0.1415	0.00915	0.01
1830.0	9.15	0.1415	0.00915	0.01
1830.1	9.1505	0.14151	0.00915	0.01
1830.2	9.151	0.14151	0.00915	0.01
1830.3	9.1515	0.14152	0.00915	0.01
1830.4	9.152	0.14152	0.00915	0.01
1830.5	9.1525	0.14153	0.00915	0.01
1830.6	9.153	0.14153	0.00915	0.01
1830.7	9.1535	0.14154	0.00915	0.01
1830.8	9.154	0.14154	0.00915	0.01
1830.9	9.1545	0.14155	0.00915	0.01
1831.0	9.155	0.14155	0.00916	0.01
1831.1	9.1555	0.14156	0.00916	0.01
1831.2	9.156	0.14156	0.00916	0.01
1831.3	9.1565	0.14157	0.00916	0.01
1831.4	9.157	0.14157	0.00916	0.01
1831.5	9.1575	0.14158	0.00916	0.01
1831.6	9.158	0.14158	0.00916	0.01
1831.7	9.1585	0.14159	0.00916	0.01
1831.8	9.159	0.14159	0.00916	0.01
1831.9	9.1595	0.1416	0.00916	0.01
1832.0	9.16	0.1416	0.00916	0.01
1832.1	9.1605	0.14161	0.00916	0.01
1832.2	9.161	0.14161	0.00916	0.01
1832.3	9.1615	0.14162	0.00916	0.01
1832.4	9.162	0.14162	0.00916	0.01
1832.5	9.1625	0.14163	0.00916	0.01
1832.6	9.163	0.14163	0.00916	0.01
1832.7	9.1635	0.14164	0.00916	0.01
1832.8	9.164	0.14164	0.00916	0.01
1832.9	9.1645	0.14165	0.00916	0.01
1833.0	9.165	0.14165	0.00917	0.01
1833.1	9.1655	0.14166	0.00917	0.01
1833.2	9.166	0.14166	0.00917	0.01
1833.3	9.1665	0.14167	0.00917	0.01
1833.4	9.167	0.14167	0.00917	0.01
1833.5	9.1675	0.14168	0.00917	0.01
1833.6	9.168	0.14168	0.00917	0.01
1833.7	9.1685	0.14169	0.00917	0.01
1833.8	9.169	0.14169	0.00917	0.01
1833.9	9.1695	0.1417	0.00917	0.01
1834.0	9.17	0.1417	0.00917	0.01
1834.1	9.1705	0.14171	0.00917	0.01
1834.2	9.171	0.14171	0.00917	0.01
1834.3	9.1715	0.14172	0.00917	0.01
1834.4	9.172	0.14172	0.00917	0.01
1834.5	9.1725	0.14173	0.00917	0.01
1834.6	9.173	0.14173	0.00917	0.01
1834.7	9.1735	0.14174	0.00917	0.01
1834.8	9.174	0.14174	0.00917	0.01
1834.9	9.1745	0.14175	0.00917	0.01
1835.0	9.175	0.14175	0.00918	0.01
1835.1	9.1755	0.14176	0.00918	0.01
1835.2	9.176	0.14176	0.00918	0.01
1835.3	9.1765	0.14177	0.00918	0.01
1835.4	9.177	0.14177	0.00918	0.01
1835.5	9.1775	0.14178	0.00918	0.01
1835.6	9.178	0.14178	0.00918	0.01
1835.7	9.1785	0.14179	0.00918	0.01
1835.8	9.179	0.14179	0.00918	0.01
1835.9	9.1795	0.1418	0.00918	0.01
1836.0	9.18	0.1418	0.00918	0.01
1836.1	9.1805	0.14181	0.00918	0.01
1836.2	9.181	0.14181	0.00918	0.01
1836.3	9.1815	0.14182	0.00918	0.01
1836.4	9.182	0.14182	0.00918	0.01
1836.5	9.1825	0.14183	0.00918	0.01
1836.6	9.183	0.14183	0.00918	0.01
1836.7	9.1835	0.14184	0.00918	0.01
1836.8	9.184	0.14184	0.00918	0.01
1836.9	9.1845	0.14185	0.00918	0.01
1837.0	9.185	0.14185	0.00919	0.01
1837.1	9.1855	0.14186	0.00919	0.01
1837.2	9.186	0.14186	0.00919	0.01
1837.3	9.1865	0.14187	0.00919	0.01
1837.4	9.187	0.14187	0.00919	0.01
1837.5	9.1875	0.14188	0.00919	0.01
1837.6	9.188	0.14188	0.00919	0.01
1837.7	9.1885	0.14189	0.00919	0.01
1837.8	9.189	0.14189	0.00919	0.01
1837.9	9.1895	0.1419	0.00919	0.01
1838.0	9.19	0.1419	0.00919	0.01
1838.1	9.1905	0.14191	0.00919	0.01
1838.2	9.191	0.14191	0.00919	0.01
1838.3	9.1915	0.14192	0.00919	0.01
1838.4	9.192	0.14192	0.00919	0.01
1838.5	9.1925	0.14193	0.00919	0.01
1838.6	9.193	0.14193	0.00919	0.01
1838.7	9.1935	0.14194	0.00919	0.01
1838.8	9.194	0.14194	0.00919	0.01
1838.9	9.1945	0.14195	0.00919	0.01
1839.0	9.195	0.14195	0.0092	0.01
1839.1	9.1955	0.14196	0.0092	0.01
1839.2	9.196	0.14196	0.0092	0.01
1839.3	9.1965	0.14197	0.0092	0.01
1839.4	9.197	0.14197	0.0092	0.01
1839.5	9.1975	0.14198	0.0092	0.01
1839.6	9.198	0.14198	0.0092	0.01
1839.7	9.1985	0.14199	0.0092	0.01
1839.8	9.199	0.14199	0.0092	0.01
1839.9	9.1995	0.142	0.0092	0.01
1840.0	9.2	0.142	0.0092	0.01
1840.1	9.2005	0.14201	0.0092	0.01
1840.2	9.201	0.14201	0.0092	0.01
1840.3	9.2015	0.14202	0.0092	0.01
1840.4	9.202	0.14202	0.0092	0.01
1840.5	9.2025	0.14203	0.0092	0.01
1840.6	9.203	0.14203	0.0092	0.01
1840.7	9.2035	0.14204	0.0092	0.01
1840.8	9.204	0.14204	0.0092	0.01
1840.9	9.2045	0.14205	0.0092	0.01
1841.0	9.205	0.14205	0.00921	0.01
1841.1	9.2055	0.14206	0.00921	0.01
1841.2	9.206	0.14206	0.00921	0.01
1841.3	9.2065	0.14207	0.00921	0.01
1841.4	9.207	0.14207	0.00921	0.01
1841.5	9.2075	0.14208	0.00921	0.01
1841.6	9.208	0.14208	0.00921	0.01
1841.7	9.2085	0.14209	0.00921	0.01
1841.8	9.209	0.14209	0.00921	0.01
1841.9	9.2095	0.1421	0.00921	0.01
1842.0	9.21	0.1421	0.00921	0.01
1842.1	9.2105	0.14211	0.00921	0.01
1842.2	9.211	0.14211	0.00921	0.01
1842.3	9.2115	0.14212	0.00921	0.01
1842.4	9.212	0.14212	0.00921	0.01
1842.5	9.2125	0.14213	0.00921	0.01
1842.6	9.213	0.14213	0.00921	0.01
1842.7	9.2135	0.14214	0.00921	0.01
1842.8	9.214	0.14214	0.00921	0.01
1842.9	9.2145	0.14215	0.00921	0.01
1843.0	9.215	0.14215	0.00922	0.01
1843.1	9.2155	0.14216	0.00922	0.01
1843.2	9.216	0.14216	0.00922	0.01
1843.3	9.2165	0.14217	0.00922	0.01
1843.4	9.217	0.14217	0.00922	0.01
1843.5	9.2175	0.14218	0.00922	0.01
1843.6	9.218	0.14218	0.00922	0.01
1843.7	9.2185	0.14219	0.00922	0.01
1843.8	9.219	0.14219	0.00922	0.01
1843.9	9.2195	0.1422	0.00922	0.01
1844.0	9.22	0.1422	0.00922	0.01
1844.1	9.2205	0.14221	0.00922	0.01
1844.2	9.221	0.14221	0.00922	0.01
1844.3	9.2215	0.14222	0.00922	0.01
1844.4	9.222	0.14222	0.00922	0.01
1844.5	9.2225	0.14223	0.00922	0.01
1844.6	9.223	0.14223	0.00922	0.01
1844.7	9.2235	0.14224	0.00922	0.01
1844.8	9.224	0.14224	0.00922	0.01
1844.9	9.2245	0.14225	0.00922	0.01
1845.0	9.225	0.14225	0.00923	0.01
1845.1	9.2255	0.14226	0.00923	0.01
1845.2	9.226	0.14226	0.00923	0.01
1845.3	9.2265	0.14227	0.00923	0.01
1845.4	9.227	0.14227	0.00923	0.01
1845.5	9.2275	0.14228	0.00923	0.01
1845.6	9.228	0.14228	0.00923	0.01
1845.7	9.2285	0.14229	0.00923	0.01
1845.8	9.229	0.14229	0.00923	0.01
1845.9	9.2295	0.1423	0.00923	0.01
1846.0	9.23	0.1423	0.00923	0.01
1846.1	9.2305	0.14231	0.00923	0.01
1846.2	9.231	0.14231	0.00923	0.01
1846.3	9.2315	0.14232	0.00923	0.01
1846.4	9.232	0.14232	0.00923	0.01
1846.5	9.2325	0.14233	0.00923	0.01
1846.6	9.233	0.14233	0.00923	0.01
1846.7	9.2335	0.14234	0.00923	0.01
1846.8	9.234	0.14234	0.00923	0.01
1846.9	9.2345	0.14235	0.00923	0.01
1847.0	9.235	0.14235	0.00924	0.01
1847.1	9.2355	0.14236	0.00924	0.01
1847.2	9.236	0.14236	0.00924	0.01
1847.3	9.2365	0.14237	0.00924	0.01
1847.4	9.237	0.14237	0.00924	0.01
1847.5	9.2375	0.14238	0.00924	0.01
1847.6	9.238	0.14238	0.00924	0.01
1847.7	9.2385	0.14239	0.00924	0.01
1847.8	9.239	0.14239	0.00924	0.01
1847.9	9.2395	0.1424	0.00924	0.01
1848.0	9.24	0.1424	0.00924	0.01
1848.1	9.2405	0.14241	0.00924	0.01
1848.2	9.241	0.14241	0.00924	0.01
1848.3	9.2415	0.14242	0.00924	0.01
1848.4	9.242	0.14242	0.00924	0.01
1848.5	9.2425	0.14243	0.00924	0.01
1848.6	9.243	0.14243	0.00924	0.01
1848.7	9.2435	0.14244	0.00924	0.01
1848.8	9.244	0.14244	0.00924	0.01
1848.9	9.2445	0.14245	0.00924	0.01
1849.0	9.245	0.14245	0.00925	0.01
1849.1	9.2455	0.14246	0.00925	0.01
1849.2	9.246	0.14246	0.00925	0.01
1849.3	9.2465	0.14247	0.00925	0.01
1849.4	9.247	0.14247	0.00925	0.01
1849.5	9.2475	0.14248	0.00925	0.01
1849.6	9.248	0.14248	0.00925	0.01
1849.7	9.2485	0.14249	0.00925	0.01
1849.8	9.249	0.14249	0.00925	0.01
1849.9	9.2495	0.1425	0.00925	0.01
1850.0	9.25	0.1425	0.00925	0.01
1850.1	9.2505	0.14251	0.00925	0.01
1850.2	9.251	0.14251	0.00925	0.01
1850.3	9.2515	0.14252	0.00925	0.01
1850.4	9.252	0.14252	0.00925	0.01
1850.5	9.2525	0.14253	0.00925	0.01
1850.6	9.253	0.14253	0.00925	0.01
1850.7	9.2535	0.14254	0.00925	0.01
1850.8	9.254	0.14254	0.00925	0.01
1850.9	9.2545	0.14255	0.00925	0.01
1851.0	9.255	0.14255	0.00926	0.01
1851.1	9.2555	0.14256	0.00926	0.01
1851.2	9.256	0.14256	0.00926	0.01
1851.3	9.2565	0.14257	0.00926	0.01
1851.4	9.257	0.14257	0.00926	0.01
1851.5	9.2575	0.14258	0.00926	0.01
1851.6	9.258	0.14258	0.00926	0.01
1851.7	9.2585	0.14259	0.00926	0.01
1851.8	9.259	0.14259	0.00926	0.01
1851.9	9.2595	0.1426	0.00926	0.01
1852.0	9.26	0.1426	0.00926	0.01
1852.1	9.2605	0.14261	0.00926	0.01
1852.2	9.261	0.14261	0.00926	0.01
1852.3	9.2615	0.14262	0.00926	0.01
1852.4	9.262	0.14262	0.00926	0.01
1852.5	9.2625	0.14263	0.00926	0.01
1852.6	9.263	0.14263	0.00926	0.01
1852.7	9.2635	0.14264	0.00926	0.01
1852.8	9.264	0.14264	0.00926	0.01
1852.9	9.2645	0.14265	0.00926	0.01
1853.0	9.265	0.14265	0.00927	0.01
1853.1	9.2655	0.14266	0.00927	0.01
1853.2	9.266	0.14266	0.00927	0.01
1853.3	9.2665	0.14267	0.00927	0.01
1853.4	9.267	0.14267	0.00927	0.01
1853.5	9.2675	0.14268	0.00927	0.01
1853.6	9.268	0.14268	0.00927	0.01
1853.7	9.2685	0.14269	0.00927	0.01
1853.8	9.269	0.14269	0.00927	0.01
1853.9	9.2695	0.1427	0.00927	0.01
1854.0	9.27	0.1427	0.00927	0.01
1854.1	9.2705	0.14271	0.00927	0.01
1854.2	9.271	0.14271	0.00927	0.01
1854.3	9.2715	0.14272	0.00927	0.01
1854.4	9.272	0.14272	0.00927	0.01
1854.5	9.2725	0.14273	0.00927	0.01
1854.6	9.273	0.14273	0.00927	0.01
1854.7	9.2735	0.14274	0.00927	0.01
1854.8	9.274	0.14274	0.00927	0.01
1854.9	9.2745	0.14275	0.00927	0.01
1855.0	9.275	0.14275	0.00928	0.01
1855.1	9.2755	0.14276	0.00928	0.01
1855.2	9.276	0.14276	0.00928	0.01
1855.3	9.2765	0.14277	0.00928	0.01
1855.4	9.277	0.14277	0.00928	0.01
1855.5	9.2775	0.14278	0.00928	0.01
1855.6	9.278	0.14278	0.00928	0.01
1855.7	9.2785	0.14279	0.00928	0.01
1855.8	9.279	0.14279	0.00928	0.01
1855.9	9.2795	0.1428	0.00928	0.01
1856.0	9.28	0.1428	0.00928	0.01
1856.1	9.2805	0.14281	0.00928	0.01
1856.2	9.281	0.14281	0.00928	0.01
1856.3	9.2815	0.14282	0.00928	0.01
1856.4	9.282	0.14282	0.00928	0.01
1856.5	9.2825	0.14283	0.00928	0.01
1856.6	9.283	0.14283	0.00928	0.01
1856.7	9.2835	0.14284	0.00928	0.01
1856.8	9.284	0.14284	0.00928	0.01
1856.9	9.2845	0.14285	0.00928	0.01
1857.0	9.285	0.14285	0.00929	0.01
1857.1	9.2855	0.14286	0.00929	0.01
1857.2	9.286	0.14286	0.00929	0.01
1857.3	9.2865	0.14287	0.00929	0.01
1857.4	9.287	0.14287	0.00929	0.01
1857.5	9.2875	0.14288	0.00929	0.01
1857.6	9.288	0.14288	0.00929	0.01
1857.7	9.2885	0.14289	0.00929	0.01
1857.8	9.289	0.14289	0.00929	0.01
1857.9	9.2895	0.1429	0.00929	0.01
1858.0	9.29	0.1429	0.00929	0.01
1858.1	9.2905	0.14291	0.00929	0.01
1858.2	9.291	0.14291	0.00929	0.01
1858.3	9.2915	0.14292	0.00929	0.01
1858.4	9.292	0.14292	0.00929	0.01
1858.5	9.2925	0.14293	0.00929	0.01
1858.6	9.293	0.14293	0.00929	0.01
1858.7	9.2935	0.14294	0.00929	0.01
1858.8	9.294	0.14294	0.00929	0.01
1858.9	9.2945	0.14295	0.00929	0.01
1859.0	9.295	0.14295	0.0093	0.01
1859.1	9.2955	0.14296	0.0093	0.01
1859.2	9.296	0.14296	0.0093	0.01
1859.3	9.2965	0.14297	0.0093	0.01
1859.4	9.297	0.14297	0.0093	0.01
1859.5	9.2975	0.14298	0.0093	0.01
1859.6	9.298	0.14298	0.0093	0.01
1859.7	9.2985	0.14299	0.0093	0.01
1859.8	9.299	0.14299	0.0093	0.01
1859.9	9.2995	0.143	0.0093	0.01
1860.0	9.3	0.143	0.0093	0.01
1860.1	9.3005	0.14301	0.0093	0.01
1860.2	9.301	0.14301	0.0093	0.01
1860.3	9.3015	0.14302	0.0093	0.01
1860.4	9.302	0.14302	0.0093	0.01
1860.5	9.3025	0.14303	0.0093	0.01
1860.6	9.303	0.14303	0.0093	0.01
1860.7	9.3035	0.14304	0.0093	0.01
1860.8	9.304	0.14304	0.0093	0.01
1860.9	9.3045	0.14305	0.0093	0.01
1861.0	9.305	0.14305	0.00931	0.01
1861.1	9.3055	0.14306	0.00931	0.01
1861.2	9.306	0.14306	0.00931	0.01
1861.3	9.3065	0.14307	0.00931	0.01
1861.4	9.307	0.14307	0.00931	0.01
1861.5	9.3075	0.14308	0.00931	0.01
1861.6	9.308	0.14308	0.00931	0.01
1861.7	9.3085	0.14309	0.00931	0.01
1861.8	9.309	0.14309	0.00931	0.01
1861.9	9.3095	0.1431	0.00931	0.01
1862.0	9.31	0.1431	0.00931	0.01
1862.1	9.3105	0.14311	0.00931	0.01
1862.2	9.311	0.14311	0.00931	0.01
1862.3	9.3115	0.14312	0.00931	0.01
1862.4	9.312	0.14312	0.00931	0.01
1862.5	9.3125	0.14313	0.00931	0.01
1862.6	9.313	0.14313	0.00931	0.01
1862.7	9.3135	0.14314	0.00931	0.01
1862.8	9.314	0.14314	0.00931	0.01
1862.9	9.3145	0.14315	0.00931	0.01
1863.0	9.315	0.14315	0.00932	0.01
1863.1	9.3155	0.14316	0.00932	0.01
1863.2	9.316	0.14316	0.00932	0.01
1863.3	9.3165	0.14317	0.00932	0.01
1863.4	9.317	0.14317	0.00932	0.01
1863.5	9.3175	0.14318	0.00932	0.01
1863.6	9.318	0.14318	0.00932	0.01
1863.7	9.3185	0.14319	0.00932	0.01
1863.8	9.319	0.14319	0.00932	0.01
1863.9	9.3195	0.1432	0.00932	0.01
1864.0	9.32	0.1432	0.00932	0.01
1864.1	9.3205	0.14321	0.00932	0.01
1864.2	9.321	0.14321	0.00932	0.01
1864.3	9.3215	0.14322	0.00932	0.01
1864.4	9.322	0.14322	0.00932	0.01
1864.5	9.3225	0.14323	0.00932	0.01
1864.6	9.323	0.14323	0.00932	0.01
1864.7	9.3235	0.14324	0.00932	0.01
1864.8	9.324	0.14324	0.00932	0.01
1864.9	9.3245	0.14325	0.00932	0.01
1865.0	9.325	0.14325	0.00933	0.01
1865.1	9.3255	0.14326	0.00933	0.01
1865.2	9.326	0.14326	0.00933	0.01
1865.3	9.3265	0.14327	0.00933	0.01
1865.4	9.327	0.14327	0.00933	0.01
1865.5	9.3275	0.14328	0.00933	0.01
1865.6	9.328	0.14328	0.00933	0.01
1865.7	9.3285	0.14329	0.00933	0.01
1865.8	9.329	0.14329	0.00933	0.01
1865.9	9.3295	0.1433	0.00933	0.01
1866.0	9.33	0.1433	0.00933	0.01
1866.1	9.3305	0.14331	0.00933	0.01
1866.2	9.331	0.14331	0.00933	0.01
1866.3	9.3315	0.14332	0.00933	0.01
1866.4	9.332	0.14332	0.00933	0.01
1866.5	9.3325	0.14333	0.00933	0.01
1866.6	9.333	0.14333	0.00933	0.01
1866.7	9.3335	0.14334	0.00933	0.01
1866.8	9.334	0.14334	0.00933	0.01
1866.9	9.3345	0.14335	0.00933	0.01
1867.0	9.335	0.14335	0.00934	0.01
1867.1	9.3355	0.14336	0.00934	0.01
1867.2	9.336	0.14336	0.00934	0.01
1867.3	9.3365	0.14337	0.00934	0.01
1867.4	9.337	0.14337	0.00934	0.01
1867.5	9.3375	0.14338	0.00934	0.01
1867.6	9.338	0.14338	0.00934	0.01
1867.7	9.3385	0.14339	0.00934	0.01
1867.8	9.339	0.14339	0.00934	0.01
1867.9	9.3395	0.1434	0.00934	0.01
1868.0	9.34	0.1434	0.00934	0.01
1868.1	9.3405	0.14341	0.00934	0.01
1868.2	9.341	0.14341	0.00934	0.01
1868.3	9.3415	0.14342	0.00934	0.01
1868.4	9.342	0.14342	0.00934	0.01
1868.5	9.3425	0.14343	0.00934	0.01
1868.6	9.343	0.14343	0.00934	0.01
1868.7	9.3435	0.14344	0.00934	0.01
1868.8	9.344	0.14344	0.00934	0.01
1868.9	9.3445	0.14345	0.00934	0.01
1869.0	9.345	0.14345	0.00935	0.01
1869.1	9.3455	0.14346	0.00935	0.01
1869.2	9.346	0.14346	0.00935	0.01
1869.3	9.3465	0.14347	0.00935	0.01
1869.4	9.347	0.14347	0.00935	0.01
1869.5	9.3475	0.14348	0.00935	0.01
1869.6	9.348	0.14348	0.00935	0.01
1869.7	9.3485	0.14349	0.00935	0.01
1869.8	9.349	0.14349	0.00935	0.01
1869.9	9.3495	0.1435	0.00935	0.01
1870.0	9.35	0.1435	0.00935	0.01
1870.1	9.3505	0.14351	0.00935	0.01
1870.2	9.351	0.14351	0.00935	0.01
1870.3	9.3515	0.14352	0.00935	0.01
1870.4	9.352	0.14352	0.00935	0.01
1870.5	9.3525	0.14353	0.00935	0.01
1870.6	9.353	0.14353	0.00935	0.01
1870.7	9.3535	0.14354	0.00935	0.01
1870.8	9.354	0.14354	0.00935	0.01
1870.9	9.3545	0.14355	0.00935	0.01
1871.0	9.355	0.14355	0.00936	0.01
1871.1	9.3555	0.14356	0.00936	0.01
1871.2	9.356	0.14356	0.00936	0.01
1871.3	9.3565	0.14357	0.00936	0.01
1871.4	9.357	0.14357	0.00936	0.01
1871.5	9.3575	0.14358	0.00936	0.01
1871.6	9.358	0.14358	0.00936	0.01
1871.7	9.3585	0.14359	0.00936	0.01
1871.8	9.359	0.14359	0.00936	0.01
1871.9	9.3595	0.1436	0.00936	0.01
1872.0	9.36	0.1436	0.00936	0.01
1872.1	9.3605	0.14361	0.00936	0.01
1872.2	9.361	0.14361	0.00936	0.01
1872.3	9.3615	0.14362	0.00936	0.01
1872.4	9.362	0.14362	0.00936	0.01
1872.5	9.3625	0.14363	0.00936	0.01
1872.6	9.363	0.14363	0.00936	0.01
1872.7	9.3635	0.14364	0.00936	0.01
1872.8	9.364	0.14364	0.00936	0.01
1872.9	9.3645	0.14365	0.00936	0.01
1873.0	9.365	0.14365	0.00937	0.01
1873.1	9.3655	0.14366	0.00937	0.01
1873.2	9.366	0.14366	0.00937	0.01
1873.3	9.3665	0.14367	0.00937	0.01
1873.4	9.367	0.14367	0.00937	0.01
1873.5	9.3675	0.14368	0.00937	0.01
1873.6	9.368	0.14368	0.00937	0.01
1873.7	9.3685	0.14369	0.00937	0.01
1873.8	9.369	0.14369	0.00937	0.01
1873.9	9.3695	0.1437	0.00937	0.01
1874.0	9.37	0.1437	0.00937	0.01
1874.1	9.3705	0.14371	0.00937	0.01
1874.2	9.371	0.14371	0.00937	0.01
1874.3	9.3715	0.14372	0.00937	0.01
1874.4	9.372	0.14372	0.00937	0.01
1874.5	9.3725	0.14373	0.00937	0.01
1874.6	9.373	0.14373	0.00937	0.01
1874.7	9.3735	0.14374	0.00937	0.01
1874.8	9.374	0.14374	0.00937	0.01
1874.9	9.3745	0.14375	0.00937	0.01
1875.0	9.375	0.14375	0.00938	0.01
1875.1	9.3755	0.14376	0.00938	0.01
1875.2	9.376	0.14376	0.00938	0.01
1875.3	9.3765	0.14377	0.00938	0.01
1875.4	9.377	0.14377	0.00938	0.01
1875.5	9.3775	0.14378	0.00938	0.01
1875.6	9.378	0.14378	0.00938	0.01
1875.7	9.3785	0.14379	0.00938	0.01
1875.8	9.379	0.14379	0.00938	0.01
1875.9	9.3795	0.1438	0.00938	0.01
1876.0	9.38	0.1438	0.00938	0.01
1876.1	9.3805	0.14381	0.00938	0.01
1876.2	9.381	0.14381	0.00938	0.01
1876.3	9.3815	0.14382	0.00938	0.01
1876.4	9.382	0.14382	0.00938	0.01
1876.5	9.3825	0.14383	0.00938	0.01
1876.6	9.383	0.14383	0.00938	0.01
1876.7	9.3835	0.14384	0.00938	0.01
1876.8	9.384	0.14384	0.00938	0.01
1876.9	9.3845	0.14385	0.00938	0.01
1877.0	9.385	0.14385	0.00939	0.01
1877.1	9.3855	0.14386	0.00939	0.01
1877.2	9.386	0.14386	0.00939	0.01
1877.3	9.3865	0.14387	0.00939	0.01
1877.4	9.387	0.14387	0.00939	0.01
1877.5	9.3875	0.14388	0.00939	0.01
1877.6	9.388	0.14388	0.00939	0.01
1877.7	9.3885	0.14389	0.00939	0.01
1877.8	9.389	0.14389	0.00939	0.01
1877.9	9.3895	0.1439	0.00939	0.01
1878.0	9.39	0.1439	0.00939	0.01
1878.1	9.3905	0.14391	0.00939	0.01
1878.2	9.391	0.14391	0.00939	0.01
1878.3	9.3915	0.14392	0.00939	0.01
1878.4	9.392	0.14392	0.00939	0.01
1878.5	9.3925	0.14393	0.00939	0.01
1878.6	9.393	0.14393	0.00939	0.01
1878.7	9.3935	0.14394	0.00939	0.01
1878.8	9.394	0.14394	0.00939	0.01
1878.9	9.3945	0.14395	0.00939	0.01
1879.0	9.395	0.14395	0.0094	0.01
1879.1	9.3955	0.14396	0.0094	0.01
1879.2	9.396	0.14396	0.0094	0.01
1879.3	9.3965	0.14397	0.0094	0.01
1879.4	9.397	0.14397	0.0094	0.01
1879.5	9.3975	0.14398	0.0094	0.01
1879.6	9.398	0.14398	0.0094	0.01
1879.7	9.3985	0.14399	0.0094	0.01
1879.8	9.399	0.14399	0.0094	0.01
1879.9	9.3995	0.144	0.0094	0.01
1880.0	9.4	0.144	0.0094	0.01
1880.1	9.4005	0.14401	0.0094	0.01
1880.2	9.401	0.14401	0.0094	0.01
1880.3	9.4015	0.14402	0.0094	0.01
1880.4	9.402	0.14402	0.0094	0.01
1880.5	9.4025	0.14403	0.0094	0.01
1880.6	9.403	0.14403	0.0094	0.01
1880.7	9.4035	0.14404	0.0094	0.01
1880.8	9.404	0.14404	0.0094	0.01
1880.9	9.4045	0.14405	0.0094	0.01
1881.0	9.405	0.14405	0.00941	0.01
1881.1	9.4055	0.14406	0.00941	0.01
1881.2	9.406	0.14406	0.00941	0.01
1881.3	9.4065	0.14407	0.00941	0.01
1881.4	9.407	0.14407	0.00941	0.01
1881.5	9.4075	0.14408	0.00941	0.01
1881.6	9.408	0.14408	0.00941	0.01
1881.7	9.4085	0.14409	0.00941	0.01
1881.8	9.409	0.14409	0.00941	0.01
1881.9	9.4095	0.1441	0.00941	0.01
1882.0	9.41	0.1441	0.00941	0.01
1882.1	9.4105	0.14411	0.00941	0.01
1882.2	9.411	0.14411	0.00941	0.01
1882.3	9.4115	0.14412	0.00941	0.01
1882.4	9.412	0.14412	0.00941	0.01
1882.5	9.4125	0.14413	0.00941	0.01
1882.6	9.413	0.14413	0.00941	0.01
1882.7	9.4135	0.14414	0.00941	0.01
1882.8	9.414	0.14414	0.00941	0.01
1882.9	9.4145	0.14415	0.00941	0.01
1883.0	9.415	0.14415	0.00942	0.01
1883.1	9.4155	0.14416	0.00942	0.01
1883.2	9.416	0.14416	0.00942	0.01
1883.3	9.4165	0.14417	0.00942	0.01
1883.4	9.417	0.14417	0.00942	0.01
1883.5	9.4175	0.14418	0.00942	0.01
1883.6	9.418	0.14418	0.00942	0.01
1883.7	9.4185	0.14419	0.00942	0.01
1883.8	9.419	0.14419	0.00942	0.01
1883.9	9.4195	0.1442	0.00942	0.01
1884.0	9.42	0.1442	0.00942	0.01
1884.1	9.4205	0.14421	0.00942	0.01
1884.2	9.421	0.14421	0.00942	0.01
1884.3	9.4215	0.14422	0.00942	0.01
1884.4	9.422	0.14422	0.00942	0.01
1884.5	9.4225	0.14423	0.00942	0.01
1884.6	9.423	0.14423	0.00942	0.01
1884.7	9.4235	0.14424	0.00942	0.01
1884.8	9.424	0.14424	0.00942	0.01
1884.9	9.4245	0.14425	0.00942	0.01
1885.0	9.425	0.14425	0.00943	0.01
1885.1	9.4255	0.14426	0.00943	0.01
1885.2	9.426	0.14426	0.00943	0.01
1885.3	9.4265	0.14427	0.00943	0.01
1885.4	9.427	0.14427	0.00943	0.01
1885.5	9.4275	0.14428	0.00943	0.01
1885.6	9.428	0.14428	0.00943	0.01
1885.7	9.4285	0.14429	0.00943	0.01
1885.8	9.429	0.14429	0.00943	0.01
1885.9	9.4295	0.1443	0.00943	0.01
1886.0	9.43	0.1443	0.00943	0.01
1886.1	9.4305	0.14431	0.00943	0.01
1886.2	9.431	0.14431	0.00943	0.01
1886.3	9.4315	0.14432	0.00943	0.01
1886.4	9.432	0.14432	0.00943	0.01
1886.5	9.4325	0.14433	0.00943	0.01
1886.6	9.433	0.14433	0.00943	0.01
1886.7	9.4335	0.14434	0.00943	0.01
1886.8	9.434	0.14434	0.00943	0.01
1886.9	9.4345	0.14435	0.00943	0.01
1887.0	9.435	0.14435	0.00944	0.01
1887.1	9.4355	0.14436	0.00944	0.01
1887.2	9.436	0.14436	0.00944	0.01
1887.3	9.4365	0.14437	0.00944	0.01
1887.4	9.437	0.14437	0.00944	0.01
1887.5	9.4375	0.14438	0.00944	0.01
1887.6	9.438	0.14438	0.00944	0.01
1887.7	9.4385	0.14439	0.00944	0.01
1887.8	9.439	0.14439	0.00944	0.01
1887.9	9.4395	0.1444	0.00944	0.01
1888.0	9.44	0.1444	0.00944	0.01
1888.1	9.4405	0.14441	0.00944	0.01
1888.2	9.441	0.14441	0.00944	0.01
1888.3	9.4415	0.14442	0.00944	0.01
1888.4	9.442	0.14442	0.00944	0.01
1888.5	9.4425	0.14443	0.00944	0.01
1888.6	9.443	0.14443	0.00944	0.01
1888.7	9.4435	0.14444	0.00944	0.01
1888.8	9.444	0.14444	0.00944	0.01
1888.9	9.4445	0.14445	0.00944	0.01
1889.0	9.445	0.14445	0.00945	0.01
1889.1	9.4455	0.14446	0.00945	0.01
1889.2	9.446	0.14446	0.00945	0.01
1889.3	9.4465	0.14447	0.00945	0.01
1889.4	9.447	0.14447	0.00945	0.01
1889.5	9.4475	0.14448	0.00945	0.01
1889.6	9.448	0.14448	0.00945	0.01
1889.7	9.4485	0.14449	0.00945	0.01
1889.8	9.449	0.14449	0.00945	0.01
1889.9	9.4495	0.1445	0.00945	0.01
1890.0	9.45	0.1445	0.00945	0.01
1890.1	9.4505	0.14451	0.00945	0.01
1890.2	9.451	0.14451	0.00945	0.01
1890.3	9.4515	0.14452	0.00945	0.01
1890.4	9.452	0.14452	0.00945	0.01
1890.5	9.4525	0.14453	0.00945	0.01
1890.6	9.453	0.14453	0.00945	0.01
1890.7	9.4535	0.14454	0.00945	0.01
1890.8	9.454	0.14454	0.00945	0.01
1890.9	9.4545	0.14455	0.00945	0.01
1891.0	9.455	0.14455	0.00946	0.01
1891.1	9.4555	0.14456	0.00946	0.01
1891.2	9.456	0.14456	0.00946	0.01
1891.3	9.4565	0.14457	0.00946	0.01
1891.4	9.457	0.14457	0.00946	0.01
1891.5	9.4575	0.14458	0.00946	0.01
1891.6	9.458	0.14458	0.00946	0.01
1891.7	9.4585	0.14459	0.00946	0.01
1891.8	9.459	0.14459	0.00946	0.01
1891.9	9.4595	0.1446	0.00946	0.01
1892.0	9.46	0.1446	0.00946	0.01
1892.1	9.4605	0.14461	0.00946	0.01
1892.2	9.461	0.14461	0.00946	0.01
1892.3	9.4615	0.14462	0.00946	0.01
1892.4	9.462	0.14462	0.00946	0.01
1892.5	9.4625	0.14463	0.00946	0.01
1892.6	9.463	0.14463	0.00946	0.01
1892.7	9.4635	0.14464	0.00946	0.01
1892.8	9.464	0.14464	0.00946	0.01
1892.9	9.4645	0.14465	0.00946	0.01
1893.0	9.465	0.14465	0.00947	0.01
1893.1	9.4655	0.14466	0.00947	0.01
1893.2	9.466	0.14466	0.00947	0.01
1893.3	9.4665	0.14467	0.00947	0.01
1893.4	9.467	0.14467	0.00947	0.01
1893.5	9.4675	0.14468	0.00947	0.01
1893.6	9.468	0.14468	0.00947	0.01
1893.7	9.4685	0.14469	0.00947	0.01
1893.8	9.469	0.14469	0.00947	0.01
1893.9	9.4695	0.1447	0.00947	0.01
1894.0	9.47	0.1447	0.00947	0.01
1894.1	9.4705	0.14471	0.00947	0.01
1894.2	9.471	0.14471	0.00947	0.01
1894.3	9.4715	0.14472	0.00947	0.01
1894.4	9.472	0.14472	0.00947	0.01
1894.5	9.4725	0.14473	0.00947	0.01
1894.6	9.473	0.14473	0.00947	0.01
1894.7	9.4735	0.14474	0.00947	0.01
1894.8	9.474	0.14474	0.00947	0.01
1894.9	9.4745	0.14475	0.00947	0.01
1895.0	9.475	0.14475	0.00948	0.01
1895.1	9.4755	0.14476	0.00948	0.01
1895.2	9.476	0.14476	0.00948	0.01
1895.3	9.4765	0.14477	0.00948	0.01
1895.4	9.477	0.14477	0.00948	0.01
1895.5	9.4775	0.14478	0.00948	0.01
1895.6	9.478	0.14478	0.00948	0.01
1895.7	9.4785	0.14479	0.00948	0.01
1895.8	9.479	0.14479	0.00948	0.01
1895.9	9.4795	0.1448	0.00948	0.01
1896.0	9.48	0.1448	0.00948	0.01
1896.1	9.4805	0.14481	0.00948	0.01
1896.2	9.481	0.14481	0.00948	0.01
1896.3	9.4815	0.14482	0.00948	0.01
1896.4	9.482	0.14482	0.00948	0.01
1896.5	9.4825	0.14483	0.00948	0.01
1896.6	9.483	0.14483	0.00948	0.01
1896.7	9.4835	0.14484	0.00948	0.01
1896.8	9.484	0.14484	0.00948	0.01
1896.9	9.4845	0.14485	0.00948	0.01
1897.0	9.485	0.14485	0.00949	0.01
1897.1	9.4855	0.14486	0.00949	0.01
1897.2	9.486	0.14486	0.00949	0.01
1897.3	9.4865	0.14487	0.00949	0.01
1897.4	9.487	0.14487	0.00949	0.01
1897.5	9.4875	0.14488	0.00949	0.01
1897.6	9.488	0.14488	0.00949	0.01
1897.7	9.4885	0.14489	0.00949	0.01
1897.8	9.489	0.14489	0.00949	0.01
1897.9	9.4895	0.1449	0.00949	0.01
1898.0	9.49	0.1449	0.00949	0.01
1898.1	9.4905	0.14491	0.00949	0.01
1898.2	9.491	0.14491	0.00949	0.01
1898.3	9.4915	0.14492	0.00949	0.01
1898.4	9.492	0.14492	0.00949	0.01
1898.5	9.4925	0.14493	0.00949	0.01
1898.6	9.493	0.14493	0.00949	0.01
1898.7	9.4935	0.14494	0.00949	0.01
1898.8	9.494	0.14494	0.00949	0.01
1898.9	9.4945	0.14495	0.00949	0.01
1899.0	9.495	0.14495	0.0095	0.01
1899.1	9.4955	0.14496	0.0095	0.01
1899.2	9.496	0.14496	0.0095	0.01
1899.3	9.4965	0.14497	0.0095	0.01
1899.4	9.497	0.14497	0.0095	0.01
1899.5	9.4975	0.14498	0.0095	0.01
1899.6	9.498	0.14498	0.0095	0.01
1899.7	9.4985	0.14499	0.0095	0.01
1899.8	9.499	0.14499	0.0095	0.01
1899.9	9.4995	0.145	0.0095	0.01
1900.0	9.5	0.145	0.0095	0.01
1900.1	9.5005	0.14501	0.0095	0.01
1900.2	9.501	0.14501	0.0095	0.01
1900.3	9.5015	0.14502	0.0095	0.01
1900.4	9.502	0.14502	0.0095	0.01
1900.5	9.5025	0.14503	0.0095	0.01
1900.6	9.503	0.14503	0.0095	0.01
1900.7	9.5035	0.14504	0.0095	0.01
1900.8	9.504	0.14504	0.0095	0.01
1900.9	9.5045	0.14505	0.0095	0.01
1901.0	9.505	0.14505	0.00951	0.01
1901.1	9.5055	0.14506	0.00951	0.01
1901.2	9.506	0.14506	0.00951	0.01
1901.3	9.5065	0.14507	0.00951	0.01
1901.4	9.507	0.14507	0.00951	0.01
1901.5	9.5075	0.14508	0.00951	0.01
1901.6	9.508	0.14508	0.00951	0.01
1901.7	9.5085	0.14509	0.00951	0.01
1901.8	9.509	0.14509	0.00951	0.01
1901.9	9.5095	0.1451	0.00951	0.01
1902.0	9.51	0.1451	0.00951	0.01
1902.1	9.5105	0.14511	0.00951	0.01
1902.2	9.511	0.14511	0.00951	0.01
1902.3	9.5115	0.14512	0.00951	0.01
1902.4	9.512	0.14512	0.00951	0.01
1902.5	9.5125	0.14513	0.00951	0.01
1902.6	9.513	0.14513	0.00951	0.01
1902.7	9.5135	0.14514	0.00951	0.01
1902.8	9.514	0.14514	0.00951	0.01
1902.9	9.5145	0.14515	0.00951	0.01
1903.0	9.515	0.14515	0.00952	0.01
1903.1	9.5155	0.14516	0.00952	0.01
1903.2	9.516	0.14516	0.00952	0.01
1903.3	9.5165	0.14517	0.00952	0.01
1903.4	9.517	0.14517	0.00952	0.01
1903.5	9.5175	0.14518	0.00952	0.01
1903.6	9.518	0.14518	0.00952	0.01
1903.7	9.5185	0.14519	0.00952	0.01
1903.8	9.519	0.14519	0.00952	0.01
1903.9	9.5195	0.1452	0.00952	0.01
1904.0	9.52	0.1452	0.00952	0.01
1904.1	9.5205	0.14521	0.00952	0.01
1904.2	9.521	0.14521	0.00952	0.01
1904.3	9.5215	0.14522	0.00952	0.01
1904.4	9.522	0.14522	0.00952	0.01
1904.5	9.5225	0.14523	0.00952	0.01
1904.6	9.523	0.14523	0.00952	0.01
1904.7	9.5235	0.14524	0.00952	0.01
1904.8	9.524	0.14524	0.00952	0.01
1904.9	9.5245	0.14525	0.00952	0.01
1905.0	9.525	0.14525	0.00953	0.01
1905.1	9.5255	0.14526	0.00953	0.01
1905.2	9.526	0.14526	0.00953	0.01
1905.3	9.5265	0.14527	0.00953	0.01
1905.4	9.527	0.14527	0.00953	0.01
1905.5	9.5275	0.14528	0.00953	0.01
1905.6	9.528	0.14528	0.00953	0.01
1905.7	9.5285	0.14529	0.00953	0.01
1905.8	9.529	0.14529	0.00953	0.01
1905.9	9.5295	0.1453	0.00953	0.01
1906.0	9.53	0.1453	0.00953	0.01
1906.1	9.5305	0.14531	0.00953	0.01
1906.2	9.531	0.14531	0.00953	0.01
1906.3	9.5315	0.14532	0.00953	0.01
1906.4	9.532	0.14532	0.00953	0.01
1906.5	9.5325	0.14533	0.00953	0.01
1906.6	9.533	0.14533	0.00953	0.01
1906.7	9.5335	0.14534	0.00953	0.01
1906.8	9.534	0.14534	0.00953	0.01
1906.9	9.5345	0.14535	0.00953	0.01
1907.0	9.535	0.14535	0.00954	0.01
1907.1	9.5355	0.14536	0.00954	0.01
1907.2	9.536	0.14536	0.00954	0.01
1907.3	9.5365	0.14537	0.00954	0.01
1907.4	9.537	0.14537	0.00954	0.01
1907.5	9.5375	0.14538	0.00954	0.01
1907.6	9.538	0.14538	0.00954	0.01
1907.7	9.5385	0.14539	0.00954	0.01
1907.8	9.539	0.14539	0.00954	0.01
1907.9	9.5395	0.1454	0.00954	0.01
1908.0	9.54	0.1454	0.00954	0.01
1908.1	9.5405	0.14541	0.00954	0.01
1908.2	9.541	0.14541	0.00954	0.01
1908.3	9.5415	0.14542	0.00954	0.01
1908.4	9.542	0.14542	0.00954	0.01
1908.5	9.5425	0.14543	0.00954	0.01
1908.6	9.543	0.14543	0.00954	0.01
1908.7	9.5435	0.14544	0.00954	0.01
1908.8	9.544	0.14544	0.00954	0.01
1908.9	9.5445	0.14545	0.00954	0.01
1909.0	9.545	0.14545	0.00955	0.01
1909.1	9.5455	0.14546	0.00955	0.01
1909.2	9.546	0.14546	0.00955	0.01
1909.3	9.5465	0.14547	0.00955	0.01
1909.4	9.547	0.14547	0.00955	0.01
1909.5	9.5475	0.14548	0.00955	0.01
1909.6	9.548	0.14548	0.00955	0.01
1909.7	9.5485	0.14549	0.00955	0.01
1909.8	9.549	0.14549	0.00955	0.01
1909.9	9.5495	0.1455	0.00955	0.01
1910.0	9.55	0.1455	0.00955	0.01
1910.1	9.5505	0.14551	0.00955	0.01
1910.2	9.551	0.14551	0.00955	0.01
1910.3	9.5515	0.14552	0.00955	0.01
1910.4	9.552	0.14552	0.00955	0.01
1910.5	9.5525	0.14553	0.00955	0.01
1910.6	9.553	0.14553	0.00955	0.01
1910.7	9.5535	0.14554	0.00955	0.01
1910.8	9.554	0.14554	0.00955	0.01
1910.9	9.5545	0.14555	0.00955	0.01
1911.0	9.555	0.14555	0.00956	0.01
1911.1	9.5555	0.14556	0.00956	0.01
1911.2	9.556	0.14556	0.00956	0.01
1911.3	9.5565	0.14557	0.00956	0.01
1911.4	9.557	0.14557	0.00956	0.01
1911.5	9.5575	0.14558	0.00956	0.01
1911.6	9.558	0.14558	0.00956	0.01
1911.7	9.5585	0.14559	0.00956	0.01
1911.8	9.559	0.14559	0.00956	0.01
1911.9	9.5595	0.1456	0.00956	0.01
1912.0	9.56	0.1456	0.00956	0.01
1912.1	9.5605	0.14561	0.00956	0.01
1912.2	9.561	0.14561	0.00956	0.01
1912.3	9.5615	0.14562	0.00956	0.01
1912.4	9.562	0.14562	0.00956	0.01
1912.5	9.5625	0.14563	0.00956	0.01
1912.6	9.563	0.14563	0.00956	0.01
1912.7	9.5635	0.14564	0.00956	0.01
1912.8	9.564	0.14564	0.00956	0.01
1912.9	9.5645	0.14565	0.00956	0.01
1913.0	9.565	0.14565	0.00957	0.01
1913.1	9.5655	0.14566	0.00957	0.01
1913.2	9.566	0.14566	0.00957	0.01
1913.3	9.5665	0.14567	0.00957	0.01
1913.4	9.567	0.14567	0.00957	0.01
1913.5	9.5675	0.14568	0.00957	0.01
1913.6	9.568	0.14568	0.00957	0.01
1913.7	9.5685	0.14569	0.00957	0.01
1913.8	9.569	0.14569	0.00957	0.01
1913.9	9.5695	0.1457	0.00957	0.01
1914.0	9.57	0.1457	0.00957	0.01
1914.1	9.5705	0.14571	0.00957	0.01
1914.2	9.571	0.14571	0.00957	0.01
1914.3	9.5715	0.14572	0.00957	0.01
1914.4	9.572	0.14572	0.00957	0.01
1914.5	9.5725	0.14573	0.00957	0.01
1914.6	9.573	0.14573	0.00957	0.01
1914.7	9.5735	0.14574	0.00957	0.01
1914.8	9.574	0.14574	0.00957	0.01
1914.9	9.5745	0.14575	0.00957	0.01
1915.0	9.575	0.14575	0.00958	0.01
1915.1	9.5755	0.14576	0.00958	0.01
1915.2	9.576	0.14576	0.00958	0.01
1915.3	9.5765	0.14577	0.00958	0.01
1915.4	9.577	0.14577	0.00958	0.01
1915.5	9.5775	0.14578	0.00958	0.01
1915.6	9.578	0.14578	0.00958	0.01
1915.7	9.5785	0.14579	0.00958	0.01
1915.8	9.579	0.14579	0.00958	0.01
1915.9	9.5795	0.1458	0.00958	0.01
1916.0	9.58	0.1458	0.00958	0.01
1916.1	9.5805	0.14581	0.00958	0.01
1916.2	9.581	0.14581	0.00958	0.01
1916.3	9.5815	0.14582	0.00958	0.01
1916.4	9.582	0.14582	0.00958	0.01
1916.5	9.5825	0.14583	0.00958	0.01
1916.6	9.583	0.14583	0.00958	0.01
1916.7	9.5835	0.14584	0.00958	0.01
1916.8	9.584	0.14584	0.00958	0.01
1916.9	9.5845	0.14585	0.00958	0.01
1917.0	9.585	0.14585	0.00959	0.01
1917.1	9.5855	0.14586	0.00959	0.01
1917.2	9.586	0.14586	0.00959	0.01
1917.3	9.5865	0.14587	0.00959	0.01
1917.4	9.587	0.14587	0.00959	0.01
1917.5	9.5875	0.14588	0.00959	0.01
1917.6	9.588	0.14588	0.00959	0.01
1917.7	9.5885	0.14589	0.00959	0.01
1917.8	9.589	0.14589	0.00959	0.01
1917.9	9.5895	0.1459	0.00959	0.01
1918.0	9.59	0.1459	0.00959	0.01
1918.1	9.5905	0.14591	0.00959	0.01
1918.2	9.591	0.14591	0.00959	0.01
1918.3	9.5915	0.14592	0.00959	0.01
1918.4	9.592	0.14592	0.00959	0.01
1918.5	9.5925	0.14593	0.00959	0.01
1918.6	9.593	0.14593	0.00959	0.01
1918.7	9.5935	0.14594	0.00959	0.01
1918.8	9.594	0.14594	0.00959	0.01
1918.9	9.5945	0.14595	0.00959	0.01
1919.0	9.595	0.14595	0.0096	0.01
1919.1	9.5955	0.14596	0.0096	0.01
1919.2	9.596	0.14596	0.0096	0.01
1919.3	9.5965	0.14597	0.0096	0.01
1919.4	9.597	0.14597	0.0096	0.01
1919.5	9.5975	0.14598	0.0096	0.01
1919.6	9.598	0.14598	0.0096	0.01
1919.7	9.5985	0.14599	0.0096	0.01
1919.8	9.599	0.14599	0.0096	0.01
1919.9	9.5995	0.146	0.0096	0.01
1920.0	9.6	0.146	0.0096	0.01
1920.1	9.6005	0.14601	0.0096	0.01
1920.2	9.601	0.14601	0.0096	0.01
1920.3	9.6015	0.14602	0.0096	0.01
1920.4	9.602	0.14602	0.0096	0.01
1920.5	9.6025	0.14603	0.0096	0.01
1920.6	9.603	0.14603	0.0096	0.01
1920.7	9.6035	0.14604	0.0096	0.01
1920.8	9.604	0.14604	0.0096	0.01
1920.9	9.6045	0.14605	0.0096	0.01
1921.0	9.605	0.14605	0.00961	0.01
1921.1	9.6055	0.14606	0.00961	0.01
1921.2	9.606	0.14606	0.00961	0.01
1921.3	9.6065	0.14607	0.00961	0.01
1921.4	9.607	0.14607	0.00961	0.01
1921.5	9.6075	0.14608	0.00961	0.01
1921.6	9.608	0.14608	0.00961	0.01
1921.7	9.6085	0.14609	0.00961	0.01
1921.8	9.609	0.14609	0.00961	0.01
1921.9	9.6095	0.1461	0.00961	0.01
1922.0	9.61	0.1461	0.00961	0.01
1922.1	9.6105	0.14611	0.00961	0.01
1922.2	9.611	0.14611	0.00961	0.01
1922.3	9.6115	0.14612	0.00961	0.01
1922.4	9.612	0.14612	0.00961	0.01
1922.5	9.6125	0.14613	0.00961	0.01
1922.6	9.613	0.14613	0.00961	0.01
1922.7	9.6135	0.14614	0.00961	0.01
1922.8	9.614	0.14614	0.00961	0.01
1922.9	9.6145	0.14615	0.00961	0.01
1923.0	9.615	0.14615	0.00962	0.01
1923.1	9.6155	0.14616	0.00962	0.01
1923.2	9.616	0.14616	0.00962	0.01
1923.3	9.6165	0.14617	0.00962	0.01
1923.4	9.617	0.14617	0.00962	0.01
1923.5	9.6175	0.14618	0.00962	0.01
1923.6	9.618	0.14618	0.00962	0.01
1923.7	9.6185	0.14619	0.00962	0.01
1923.8	9.619	0.14619	0.00962	0.01
1923.9	9.6195	0.1462	0.00962	0.01
1924.0	9.62	0.1462	0.00962	0.01
1924.1	9.6205	0.14621	0.00962	0.01
1924.2	9.621	0.14621	0.00962	0.01
1924.3	9.6215	0.14622	0.00962	0.01
1924.4	9.622	0.14622	0.00962	0.01
1924.5	9.6225	0.14623	0.00962	0.01
1924.6	9.623	0.14623	0.00962	0.01
1924.7	9.6235	0.14624	0.00962	0.01
1924.8	9.624	0.14624	0.00962	0.01
1924.9	9.6245	0.14625	0.00962	0.01
1925.0	9.625	0.14625	0.00963	0.01
1925.1	9.6255	0.14626	0.00963	0.01
1925.2	9.626	0.14626	0.00963	0.01
1925.3	9.6265	0.14627	0.00963	0.01
1925.4	9.627	0.14627	0.00963	0.01
1925.5	9.6275	0.14628	0.00963	0.01
1925.6	9.628	0.14628	0.00963	0.01
1925.7	9.6285	0.14629	0.00963	0.01
1925.8	9.629	0.14629	0.00963	0.01
1925.9	9.6295	0.1463	0.00963	0.01
1926.0	9.63	0.1463	0.00963	0.01
1926.1	9.6305	0.14631	0.00963	0.01
1926.2	9.631	0.14631	0.00963	0.01
1926.3	9.6315	0.14632	0.00963	0.01
1926.4	9.632	0.14632	0.00963	0.01
1926.5	9.6325	0.14633	0.00963	0.01
1926.6	9.633	0.14633	0.00963	0.01
1926.7	9.6335	0.14634	0.00963	0.01
1926.8	9.634	0.14634	0.00963	0.01
1926.9	9.6345	0.14635	0.00963	0.01
1927.0	9.635	0.14635	0.00964	0.01
1927.1	9.6355	0.14636	0.00964	0.01
1927.2	9.636	0.14636	0.00964	0.01
1927.3	9.6365	0.14637	0.00964	0.01
1927.4	9.637	0.14637	0.00964	0.01
1927.5	9.6375	0.14638	0.00964	0.01
1927.6	9.638	0.14638	0.00964	0.01
1927.7	9.6385	0.14639	0.00964	0.01
1927.8	9.639	0.14639	0.00964	0.01
1927.9	9.6395	0.1464	0.00964	0.01
1928.0	9.64	0.1464	0.00964	0.01
1928.1	9.6405	0.14641	0.00964	0.01
1928.2	9.641	0.14641	0.00964	0.01
1928.3	9.6415	0.14642	0.00964	0.01
1928.4	9.642	0.14642	0.00964	0.01
1928.5	9.6425	0.14643	0.00964	0.01
1928.6	9.643	0.14643	0.00964	0.01
1928.7	9.6435	0.14644	0.00964	0.01
1928.8	9.644	0.14644	0.00964	0.01
1928.9	9.6445	0.14645	0.00964	0.01
1929.0	9.645	0.14645	0.00965	0.01
1929.1	9.6455	0.14646	0.00965	0.01
1929.2	9.646	0.14646	0.00965	0.01
1929.3	9.6465	0.14647	0.00965	0.01
1929.4	9.647	0.14647	0.00965	0.01
1929.5	9.6475	0.14648	0.00965	0.01
1929.6	9.648	0.14648	0.00965	0.01
1929.7	9.6485	0.14649	0.00965	0.01
1929.8	9.649	0.14649	0.00965	0.01
1929.9	9.6495	0.1465	0.00965	0.01
1930.0	9.65	0.1465	0.00965	0.01
1930.1	9.6505	0.14651	0.00965	0.01
1930.2	9.651	0.14651	0.00965	0.01
1930.3	9.6515	0.14652	0.00965	0.01
1930.4	9.652	0.14652	0.00965	0.01
1930.5	9.6525	0.14653	0.00965	0.01
1930.6	9.653	0.14653	0.00965	0.01
1930.7	9.6535	0.14654	0.00965	0.01
1930.8	9.654	0.14654	0.00965	0.01
1930.9	9.6545	0.14655	0.00965	0.01
1931.0	9.655	0.14655	0.00966	0.01
1931.1	9.6555	0.14656	0.00966	0.01
1931.2	9.656	0.14656	0.00966	0.01
1931.3	9.6565	0.14657	0.00966	0.01
1931.4	9.657	0.14657	0.00966	0.01
1931.5	9.6575	0.14658	0.00966	0.01
1931.6	9.658	0.14658	0.00966	0.01
1931.7	9.6585	0.14659	0.00966	0.01
1931.8	9.659	0.14659	0.00966	0.01
1931.9	9.6595	0.1466	0.00966	0.01
1932.0	9.66	0.1466	0.00966	0.01
1932.1	9.6605	0.14661	0.00966	0.01
1932.2	9.661	0.14661	0.00966	0.01
1932.3	9.6615	0.14662	0.00966	0.01
1932.4	9.662	0.14662	0.00966	0.01
1932.5	9.6625	0.14663	0.00966	0.01
1932.6	9.663	0.14663	0.00966	0.01
1932.7	9.6635	0.14664	0.00966	0.01
1932.8	9.664	0.14664	0.00966	0.01
1932.9	9.6645	0.14665	0.00966	0.01
1933.0	9.665	0.14665	0.00967	0.01
1933.1	9.6655	0.14666	0.00967	0.01
1933.2	9.666	0.14666	0.00967	0.01
1933.3	9.6665	0.14667	0.00967	0.01
1933.4	9.667	0.14667	0.00967	0.01
1933.5	9.6675	0.14668	0.00967	0.01
1933.6	9.668	0.14668	0.00967	0.01
1933.7	9.6685	0.14669	0.00967	0.01
1933.8	9.669	0.14669	0.00967	0.01
1933.9	9.6695	0.1467	0.00967	0.01
1934.0	9.67	0.1467	0.00967	0.01
1934.1	9.6705	0.14671	0.00967	0.01
1934.2	9.671	0.14671	0.00967	0.01
1934.3	9.6715	0.14672	0.00967	0.01
1934.4	9.672	0.14672	0.00967	0.01
1934.5	9.6725	0.14673	0.00967	0.01
1934.6	9.673	0.14673	0.00967	0.01
1934.7	9.6735	0.14674	0.00967	0.01
1934.8	9.674	0.14674	0.00967	0.01
1934.9	9.6745	0.14675	0.00967	0.01
1935.0	9.675	0.14675	0.00968	0.01
1935.1	9.6755	0.14676	0.00968	0.01
1935.2	9.676	0.14676	0.00968	0.01
1935.3	9.6765	0.14677	0.00968	0.01
1935.4	9.677	0.14677	0.00968	0.01
1935.5	9.6775	0.14678	0.00968	0.01
1935.6	9.678	0.14678	0.00968	0.01
1935.7	9.6785	0.14679	0.00968	0.01
1935.8	9.679	0.14679	0.00968	0.01
1935.9	9.6795	0.1468	0.00968	0.01
1936.0	9.68	0.1468	0.00968	0.01
1936.1	9.6805	0.14681	0.00968	0.01
1936.2	9.681	0.14681	0.00968	0.01
1936.3	9.6815	0.14682	0.00968	0.01
1936.4	9.682	0.14682	0.00968	0.01
1936.5	9.6825	0.14683	0.00968	0.01
1936.6	9.683	0.14683	0.00968	0.01
1936.7	9.6835	0.14684	0.00968	0.01
1936.8	9.684	0.14684	0.00968	0.01
1936.9	9.6845	0.14685	0.00968	0.01
1937.0	9.685	0.14685	0.00969	0.01
1937.1	9.6855	0.14686	0.00969	0.01
1937.2	9.686	0.14686	0.00969	0.01
1937.3	9.6865	0.14687	0.00969	0.01
1937.4	9.687	0.14687	0.00969	0.01
1937.5	9.6875	0.14688	0.00969	0.01
1937.6	9.688	0.14688	0.00969	0.01
1937.7	9.6885	0.14689	0.00969	0.01
1937.8	9.689	0.14689	0.00969	0.01
1937.9	9.6895	0.1469	0.00969	0.01
1938.0	9.69	0.1469	0.00969	0.01
1938.1	9.6905	0.14691	0.00969	0.01
1938.2	9.691	0.14691	0.00969	0.01
1938.3	9.6915	0.14692	0.00969	0.01
1938.4	9.692	0.14692	0.00969	0.01
1938.5	9.6925	0.14693	0.00969	0.01
1938.6	9.693	0.14693	0.00969	0.01
1938.7	9.6935	0.14694	0.00969	0.01
1938.8	9.694	0.14694	0.00969	0.01
1938.9	9.6945	0.14695	0.00969	0.01
1939.0	9.695	0.14695	0.0097	0.01
1939.1	9.6955	0.14696	0.0097	0.01
1939.2	9.696	0.14696	0.0097	0.01
1939.3	9.6965	0.14697	0.0097	0.01
1939.4	9.697	0.14697	0.0097	0.01
1939.5	9.6975	0.14698	0.0097	0.01
1939.6	9.698	0.14698	0.0097	0.01
1939.7	9.6985	0.14699	0.0097	0.01
1939.8	9.699	0.14699	0.0097	0.01
1939.9	9.6995	0.147	0.0097	0.01
1940.0	9.7	0.147	0.0097	0.01
1940.1	9.7005	0.14701	0.0097	0.01
1940.2	9.701	0.14701	0.0097	0.01
1940.3	9.7015	0.14702	0.0097	0.01
1940.4	9.702	0.14702	0.0097	0.01
1940.5	9.7025	0.14703	0.0097	0.01
1940.6	9.703	0.14703	0.0097	0.01
1940.7	9.7035	0.14704	0.0097	0.01
1940.8	9.704	0.14704	0.0097	0.01
1940.9	9.7045	0.14705	0.0097	0.01
1941.0	9.705	0.14705	0.00971	0.01
1941.1	9.7055	0.14706	0.00971	0.01
1941.2	9.706	0.14706	0.00971	0.01
1941.3	9.7065	0.14707	0.00971	0.01
1941.4	9.707	0.14707	0.00971	0.01
1941.5	9.7075	0.14708	0.00971	0.01
1941.6	9.708	0.14708	0.00971	0.01
1941.7	9.7085	0.14709	0.00971	0.01
1941.8	9.709	0.14709	0.00971	0.01
1941.9	9.7095	0.1471	0.00971	0.01
1942.0	9.71	0.1471	0.00971	0.01
1942.1	9.7105	0.14711	0.00971	0.01
1942.2	9.711	0.14711	0.00971	0.01
1942.3	9.7115	0.14712	0.00971	0.01
1942.4	9.712	0.14712	0.00971	0.01
1942.5	9.7125	0.14713	0.00971	0.01
1942.6	9.713	0.14713	0.00971	0.01
1942.7	9.7135	0.14714	0.00971	0.01
1942.8	9.714	0.14714	0.00971	0.01
1942.9	9.7145	0.14715	0.00971	0.01
1943.0	9.715	0.14715	0.00972	0.01
1943.1	9.7155	0.14716	0.00972	0.01
1943.2	9.716	0.14716	0.00972	0.01
1943.3	9.7165	0.14717	0.00972	0.01
1943.4	9.717	0.14717	0.00972	0.01
1943.5	9.7175	0.14718	0.00972	0.01
1943.6	9.718	0.14718	0.00972	0.01
1943.7	9.7185	0.14719	0.00972	0.01
1943.8	9.719	0.14719	0.00972	0.01
1943.9	9.7195	0.1472	0.00972	0.01
1944.0	9.72	0.1472	0.00972	0.01
1944.1	9.7205	0.14721	0.00972	0.01
1944.2	9.721	0.14721	0.00972	0.01
1944.3	9.7215	0.14722	0.00972	0.01
1944.4	9.722	0.14722	0.00972	0.01
1944.5	9.7225	0.14723	0.00972	0.01
1944.6	9.723	0.14723	0.00972	0.01
1944.7	9.7235	0.14724	0.00972	0.01
1944.8	9.724	0.14724	0.00972	0.01
1944.9	9.7245	0.14725	0.00972	0.01
1945.0	9.725	0.14725	0.00973	0.01
1945.1	9.7255	0.14726	0.00973	0.01
1945.2	9.726	0.14726	0.00973	0.01
1945.3	9.7265	0.14727	0.00973	0.01
1945.4	9.727	0.14727	0.00973	0.01
1945.5	9.7275	0.14728	0.00973	0.01
1945.6	9.728	0.14728	0.00973	0.01
1945.7	9.7285	0.14729	0.00973	0.01
1945.8	9.729	0.14729	0.00973	0.01
1945.9	9.7295	0.1473	0.00973	0.01
1946.0	9.73	0.1473	0.00973	0.01
1946.1	9.7305	0.14731	0.00973	0.01
1946.2	9.731	0.14731	0.00973	0.01
1946.3	9.7315	0.14732	0.00973	0.01
1946.4	9.732	0.14732	0.00973	0.01
1946.5	9.7325	0.14733	0.00973	0.01
1946.6	9.733	0.14733	0.00973	0.01
1946.7	9.7335	0.14734	0.00973	0.01
1946.8	9.734	0.14734	0.00973	0.01
1946.9	9.7345	0.14735	0.00973	0.01
1947.0	9.735	0.14735	0.00974	0.01
1947.1	9.7355	0.14736	0.00974	0.01
1947.2	9.736	0.14736	0.00974	0.01
1947.3	9.7365	0.14737	0.00974	0.01
1947.4	9.737	0.14737	0.00974	0.01
1947.5	9.7375	0.14738	0.00974	0.01
1947.6	9.738	0.14738	0.00974	0.01
1947.7	9.7385	0.14739	0.00974	0.01
1947.8	9.739	0.14739	0.00974	0.01
1947.9	9.7395	0.1474	0.00974	0.01
1948.0	9.74	0.1474	0.00974	0.01
1948.1	9.7405	0.14741	0.00974	0.01
1948.2	9.741	0.14741	0.00974	0.01
1948.3	9.7415	0.14742	0.00974	0.01
1948.4	9.742	0.14742	0.00974	0.01
1948.5	9.7425	0.14743	0.00974	0.01
1948.6	9.743	0.14743	0.00974	0.01
1948.7	9.7435	0.14744	0.00974	0.01
1948.8	9.744	0.14744	0.00974	0.01
1948.9	9.7445	0.14745	0.00974	0.01
1949.0	9.745	0.14745	0.00975	0.01
1949.1	9.7455	0.14746	0.00975	0.01
1949.2	9.746	0.14746	0.00975	0.01
1949.3	9.7465	0.14747	0.00975	0.01
1949.4	9.747	0.14747	0.00975	0.01
1949.5	9.7475	0.14748	0.00975	0.01
1949.6	9.748	0.14748	0.00975	0.01
1949.7	9.7485	0.14749	0.00975	0.01
1949.8	9.749	0.14749	0.00975	0.01
1949.9	9.7495	0.1475	0.00975	0.01
1950.0	9.75	0.1475	0.00975	0.01
1950.1	9.7505	0.14751	0.00975	0.01
1950.2	9.751	0.14751	0.00975	0.01
1950.3	9.7515	0.14752	0.00975	0.01
1950.4	9.752	0.14752	0.00975	0.01
1950.5	9.7525	0.14753	0.00975	0.01
1950.6	9.753	0.14753	0.00975	0.01
1950.7	9.7535	0.14754	0.00975	0.01
1950.8	9.754	0.14754	0.00975	0.01
1950.9	9.7545	0.14755	0.00975	0.01
1951.0	9.755	0.14755	0.00976	0.01
1951.1	9.7555	0.14756	0.00976	0.01
1951.2	9.756	0.14756	0.00976	0.01
1951.3	9.7565	0.14757	0.00976	0.01
1951.4	9.757	0.14757	0.00976	0.01
1951.5	9.7575	0.14758	0.00976	0.01
1951.6	9.758	0.14758	0.00976	0.01
1951.7	9.7585	0.14759	0.00976	0.01
1951.8	9.759	0.14759	0.00976	0.01
1951.9	9.7595	0.1476	0.00976	0.01
1952.0	9.76	0.1476	0.00976	0.01
1952.1	9.7605	0.14761	0.00976	0.01
1952.2	9.761	0.14761	0.00976	0.01
1952.3	9.7615	0.14762	0.00976	0.01
1952.4	9.762	0.14762	0.00976	0.01
1952.5	9.7625	0.14763	0.00976	0.01
1952.6	9.763	0.14763	0.00976	0.01
1952.7	9.7635	0.14764	0.00976	0.01
1952.8	9.764	0.14764	0.00976	0.01
1952.9	9.7645	0.14765	0.00976	0.01
1953.0	9.765	0.14765	0.00977	0.01
1953.1	9.7655	0.14766	0.00977	0.01
1953.2	9.766	0.14766	0.00977	0.01
1953.3	9.7665	0.14767	0.00977	0.01
1953.4	9.767	0.14767	0.00977	0.01
1953.5	9.7675	0.14768	0.00977	0.01
1953.6	9.768	0.14768	0.00977	0.01
1953.7	9.7685	0.14769	0.00977	0.01
1953.8	9.769	0.14769	0.00977	0.01
1953.9	9.7695	0.1477	0.00977	0.01
1954.0	9.77	0.1477	0.00977	0.01
1954.1	9.7705	0.14771	0.00977	0.01
1954.2	9.771	0.14771	0.00977	0.01
1954.3	9.7715	0.14772	0.00977	0.01
1954.4	9.772	0.14772	0.00977	0.01
1954.5	9.7725	0.14773	0.00977	0.01
1954.6	9.773	0.14773	0.00977	0.01
1954.7	9.7735	0.14774	0.00977	0.01
1954.8	9.774	0.14774	0.00977	0.01
1954.9	9.7745	0.14775	0.00977	0.01
1955.0	9.775	0.14775	0.00978	0.01
1955.1	9.7755	0.14776	0.00978	0.01
1955.2	9.776	0.14776	0.00978	0.01
1955.3	9.7765	0.14777	0.00978	0.01
1955.4	9.777	0.14777	0.00978	0.01
1955.5	9.7775	0.14778	0.00978	0.01
1955.6	9.778	0.14778	0.00978	0.01
1955.7	9.7785	0.14779	0.00978	0.01
1955.8	9.779	0.14779	0.00978	0.01
1955.9	9.7795	0.1478	0.00978	0.01
1956.0	9.78	0.1478	0.00978	0.01
1956.1	9.7805	0.14781	0.00978	0.01
1956.2	9.781	0.14781	0.00978	0.01
1956.3	9.7815	0.14782	0.00978	0.01
1956.4	9.782	0.14782	0.00978	0.01
1956.5	9.7825	0.14783	0.00978	0.01
1956.6	9.783	0.14783	0.00978	0.01
1956.7	9.7835	0.14784	0.00978	0.01
1956.8	9.784	0.14784	0.00978	0.01
1956.9	9.7845	0.14785	0.00978	0.01
1957.0	9.785	0.14785	0.00979	0.01
1957.1	9.7855	0.14786	0.00979	0.01
1957.2	9.786	0.14786	0.00979	0.01
1957.3	9.7865	0.14787	0.00979	0.01
1957.4	9.787	0.14787	0.00979	0.01
1957.5	9.7875	0.14788	0.00979	0.01
1957.6	9.788	0.14788	0.00979	0.01
1957.7	9.7885	0.14789	0.00979	0.01
1957.8	9.789	0.14789	0.00979	0.01
1957.9	9.7895	0.1479	0.00979	0.01
1958.0	9.79	0.1479	0.00979	0.01
1958.1	9.7905	0.14791	0.00979	0.01
1958.2	9.791	0.14791	0.00979	0.01
1958.3	9.7915	0.14792	0.00979	0.01
1958.4	9.792	0.14792	0.00979	0.01
1958.5	9.7925	0.14793	0.00979	0.01
1958.6	9.793	0.14793	0.00979	0.01
1958.7	9.7935	0.14794	0.00979	0.01
1958.8	9.794	0.14794	0.00979	0.01
1958.9	9.7945	0.14795	0.00979	0.01
1959.0	9.795	0.14795	0.0098	0.01
1959.1	9.7955	0.14796	0.0098	0.01
1959.2	9.796	0.14796	0.0098	0.01
1959.3	9.7965	0.14797	0.0098	0.01
1959.4	9.797	0.14797	0.0098	0.01
1959.5	9.7975	0.14798	0.0098	0.01
1959.6	9.798	0.14798	0.0098	0.01
1959.7	9.7985	0.14799	0.0098	0.01
1959.8	9.799	0.14799	0.0098	0.01
1959.9	9.7995	0.148	0.0098	0.01
1960.0	9.8	0.148	0.0098	0.01
1960.1	9.8005	0.14801	0.0098	0.01
1960.2	9.801	0.14801	0.0098	0.01
1960.3	9.8015	0.14802	0.0098	0.01
1960.4	9.802	0.14802	0.0098	0.01
1960.5	9.8025	0.14803	0.0098	0.01
1960.6	9.803	0.14803	0.0098	0.01
1960.7	9.8035	0.14804	0.0098	0.01
1960.8	9.804	0.14804	0.0098	0.01
1960.9	9.8045	0.14805	0.0098	0.01
1961.0	9.805	0.14805	0.00981	0.01
1961.1	9.8055	0.14806	0.00981	0.01
1961.2	9.806	0.14806	0.00981	0.01
1961.3	9.8065	0.14807	0.00981	0.01
1961.4	9.807	0.14807	0.00981	0.01
1961.5	9.8075	0.14808	0.00981	0.01
1961.6	9.808	0.14808	0.00981	0.01
1961.7	9.8085	0.14809	0.00981	0.01
1961.8	9.809	0.14809	0.00981	0.01
1961.9	9.8095	0.1481	0.00981	0.01
1962.0	9.81	0.1481	0.00981	0.01
1962.1	9.8105	0.14811	0.00981	0.01
1962.2	9.811	0.14811	0.00981	0.01
1962.3	9.8115	0.14812	0.00981	0.01
1962.4	9.812	0.14812	0.00981	0.01
1962.5	9.8125	0.14813	0.00981	0.01
1962.6	9.813	0.14813	0.00981	0.01
1962.7	9.8135	0.14814	0.00981	0.01
1962.8	9.814	0.14814	0.00981	0.01
1962.9	9.8145	0.14815	0.00981	0.01
1963.0	9.815	0.14815	0.00982	0.01
1963.1	9.8155	0.14816	0.00982	0.01
1963.2	9.816	0.14816	0.00982	0.01
1963.3	9.8165	0.14817	0.00982	0.01
1963.4	9.817	0.14817	0.00982	0.01
1963.5	9.8175	0.14818	0.00982	0.01
1963.6	9.818	0.14818	0.00982	0.01
1963.7	9.8185	0.14819	0.00982	0.01
1963.8	9.819	0.14819	0.00982	0.01
1963.9	9.8195	0.1482	0.00982	0.01
1964.0	9.82	0.1482	0.00982	0.01
1964.1	9.8205	0.14821	0.00982	0.01
1964.2	9.821	0.14821	0.00982	0.01
1964.3	9.8215	0.14822	0.00982	0.01
1964.4	9.822	0.14822	0.00982	0.01
1964.5	9.8225	0.14823	0.00982	0.01
1964.6	9.823	0.14823	0.00982	0.01
1964.7	9.8235	0.14824	0.00982	0.01
1964.8	9.824	0.14824	0.00982	0.01
1964.9	9.8245	0.14825	0.00982	0.01
1965.0	9.825	0.14825	0.00983	0.01
1965.1	9.8255	0.14826	0.00983	0.01
1965.2	9.826	0.14826	0.00983	0.01
1965.3	9.8265	0.14827	0.00983	0.01
1965.4	9.827	0.14827	0.00983	0.01
1965.5	9.8275	0.14828	0.00983	0.01
1965.6	9.828	0.14828	0.00983	0.01
1965.7	9.8285	0.14829	0.00983	0.01
1965.8	9.829	0.14829	0.00983	0.01
1965.9	9.8295	0.1483	0.00983	0.01
1966.0	9.83	0.1483	0.00983	0.01
1966.1	9.8305	0.14831	0.00983	0.01
1966.2	9.831	0.14831	0.00983	0.01
1966.3	9.8315	0.14832	0.00983	0.01
1966.4	9.832	0.14832	0.00983	0.01
1966.5	9.8325	0.14833	0.00983	0.01
1966.6	9.833	0.14833	0.00983	0.01
1966.7	9.8335	0.14834	0.00983	0.01
1966.8	9.834	0.14834	0.00983	0.01
1966.9	9.8345	0.14835	0.00983	0.01
1967.0	9.835	0.14835	0.00984	0.01
1967.1	9.8355	0.14836	0.00984	0.01
1967.2	9.836	0.14836	0.00984	0.01
1967.3	9.8365	0.14837	0.00984	0.01
1967.4	9.837	0.14837	0.00984	0.01
1967.5	9.8375	0.14838	0.00984	0.01
1967.6	9.838	0.14838	0.00984	0.01
1967.7	9.8385	0.14839	0.00984	0.01
1967.8	9.839	0.14839	0.00984	0.01
1967.9	9.8395	0.1484	0.00984	0.01
1968.0	9.84	0.1484	0.00984	0.01
1968.1	9.8405	0.14841	0.00984	0.01
1968.2	9.841	0.14841	0.00984	0.01
1968.3	9.8415	0.14842	0.00984	0.01
1968.4	9.842	0.14842	0.00984	0.01
1968.5	9.8425	0.14843	0.00984	0.01
1968.6	9.843	0.14843	0.00984	0.01
1968.7	9.8435	0.14844	0.00984	0.01
1968.8	9.844	0.14844	0.00984	0.01
1968.9	9.8445	0.14845	0.00984	0.01
1969.0	9.845	0.14845	0.00985	0.01
1969.1	9.8455	0.14846	0.00985	0.01
1969.2	9.846	0.14846	0.00985	0.01
1969.3	9.8465	0.14847	0.00985	0.01
1969.4	9.847	0.14847	0.00985	0.01
1969.5	9.8475	0.14848	0.00985	0.01
1969.6	9.848	0.14848	0.00985	0.01
1969.7	9.8485	0.14849	0.00985	0.01
1969.8	9.849	0.14849	0.00985	0.01
1969.9	9.8495	0.1485	0.00985	0.01
1970.0	9.85	0.1485	0.00985	0.01
1970.1	9.8505	0.14851	0.00985	0.01
1970.2	9.851	0.14851	0.00985	0.01
1970.3	9.8515	0.14852	0.00985	0.01
1970.4	9.852	0.14852	0.00985	0.01
1970.5	9.8525	0.14853	0.00985	0.01
1970.6	9.853	0.14853	0.00985	0.01
1970.7	9.8535	0.14854	0.00985	0.01
1970.8	9.854	0.14854	0.00985	0.01
1970.9	9.8545	0.14855	0.00985	0.01
1971.0	9.855	0.14855	0.00986	0.01
1971.1	9.8555	0.14856	0.00986	0.01
1971.2	9.856	0.14856	0.00986	0.01
1971.3	9.8565	0.14857	0.00986	0.01
1971.4	9.857	0.14857	0.00986	0.01
1971.5	9.8575	0.14858	0.00986	0.01
1971.6	9.858	0.14858	0.00986	0.01
1971.7	9.8585	0.14859	0.00986	0.01
1971.8	9.859	0.14859	0.00986	0.01
1971.9	9.8595	0.1486	0.00986	0.01
1972.0	9.86	0.1486	0.00986	0.01
1972.1	9.8605	0.14861	0.00986	0.01
1972.2	9.861	0.14861	0.00986	0.01
1972.3	9.8615	0.14862	0.00986	0.01
1972.4	9.862	0.14862	0.00986	0.01
1972.5	9.8625	0.14863	0.00986	0.01
1972.6	9.863	0.14863	0.00986	0.01
1972.7	9.8635	0.14864	0.00986	0.01
1972.8	9.864	0.14864	0.00986	0.01
1972.9	9.8645	0.14865	0.00986	0.01
1973.0	9.865	0.14865	0.00987	0.01
1973.1	9.8655	0.14866	0.00987	0.01
1973.2	9.866	0.14866	0.00987	0.01
1973.3	9.8665	0.14867	0.00987	0.01
1973.4	9.867	0.14867	0.00987	0.01
1973.5	9.8675	0.14868	0.00987	0.01
1973.6	9.868	0.14868	0.00987	0.01
1973.7	9.8685	0.14869	0.00987	0.01
1973.8	9.869	0.14869	0.00987	0.01
1973.9	9.8695	0.1487	0.00987	0.01
1974.0	9.87	0.1487	0.00987	0.01
1974.1	9.8705	0.14871	0.00987	0.01
1974.2	9.871	0.14871	0.00987	0.01
1974.3	9.8715	0.14872	0.00987	0.01
1974.4	9.872	0.14872	0.00987	0.01
1974.5	9.8725	0.14873	0.00987	0.01
1974.6	9.873	0.14873	0.00987	0.01
1974.7	9.8735	0.14874	0.00987	0.01
1974.8	9.874	0.14874	0.00987	0.01
1974.9	9.8745	0.14875	0.00987	0.01
1975.0	9.875	0.14875	0.00988	0.01
1975.1	9.8755	0.14876	0.00988	0.01
1975.2	9.876	0.14876	0.00988	0.01
1975.3	9.8765	0.14877	0.00988	0.01
1975.4	9.877	0.14877	0.00988	0.01
1975.5	9.8775	0.14878	0.00988	0.01
1975.6	9.878	0.14878	0.00988	0.01
1975.7	9.8785	0.14879	0.00988	0.01
1975.8	9.879	0.14879	0.00988	0.01
1975.9	9.8795	0.1488	0.00988	0.01
1976.0	9.88	0.1488	0.00988	0.01
1976.1	9.8805	0.14881	0.00988	0.01
1976.2	9.881	0.14881	0.00988	0.01
1976.3	9.8815	0.14882	0.00988	0.01
1976.4	9.882	0.14882	0.00988	0.01
1976.5	9.8825	0.14883	0.00988	0.01
1976.6	9.883	0.14883	0.00988	0.01
1976.7	9.8835	0.14884	0.00988	0.01
1976.8	9.884	0.14884	0.00988	0.01
1976.9	9.8845	0.14885	0.00988	0.01
1977.0	9.885	0.14885	0.00989	0.01
1977.1	9.8855	0.14886	0.00989	0.01
1977.2	9.886	0.14886	0.00989	0.01
1977.3	9.8865	0.14887	0.00989	0.01
1977.4	9.887	0.14887	0.00989	0.01
1977.5	9.8875	0.14888	0.00989	0.01
1977.6	9.888	0.14888	0.00989	0.01
1977.7	9.8885	0.14889	0.00989	0.01
1977.8	9.889	0.14889	0.00989	0.01
1977.9	9.8895	0.1489	0.00989	0.01
1978.0	9.89	0.1489	0.00989	0.01
1978.1	9.8905	0.14891	0.00989	0.01
1978.2	9.891	0.14891	0.00989	0.01
1978.3	9.8915	0.14892	0.00989	0.01
1978.4	9.892	0.14892	0.00989	0.01
1978.5	9.8925	0.14893	0.00989	0.01
1978.6	9.893	0.14893	0.00989	0.01
1978.7	9.8935	0.14894	0.00989	0.01
1978.8	9.894	0.14894	0.00989	0.01
1978.9	9.8945	0.14895	0.00989	0.01
1979.0	9.895	0.14895	0.0099	0.01
1979.1	9.8955	0.14896	0.0099	0.01
1979.2	9.896	0.14896	0.0099	0.01
1979.3	9.8965	0.14897	0.0099	0.01
1979.4	9.897	0.14897	0.0099	0.01
1979.5	9.8975	0.14898	0.0099	0.01
1979.6	9.898	0.14898	0.0099	0.01
1979.7	9.8985	0.14899	0.0099	0.01
1979.8	9.899	0.14899	0.0099	0.01
1979.9	9.8995	0.149	0.0099	0.01
1980.0	9.9	0.149	0.0099	0.01
1980.1	9.9005	0.14901	0.0099	0.01
1980.2	9.901	0.14901	0.0099	0.01
1980.3	9.9015	0.14902	0.0099	0.01
1980.4	9.902	0.14902	0.0099	0.01
1980.5	9.9025	0.14903	0.0099	0.01
1980.6	9.903	0.14903	0.0099	0.01
1980.7	9.9035	0.14904	0.0099	0.01
1980.8	9.904	0.14904	0.0099	0.01
1980.9	9.9045	0.14905	0.0099	0.01
1981.0	9.905	0.14905	0.00991	0.01
1981.1	9.9055	0.14906	0.00991	0.01
1981.2	9.906	0.14906	0.00991	0.01
1981.3	9.9065	0.14907	0.00991	0.01
1981.4	9.907	0.14907	0.00991	0.01
1981.5	9.9075	0.14908	0.00991	0.01
1981.6	9.908	0.14908	0.00991	0.01
1981.7	9.9085	0.14909	0.00991	0.01
1981.8	9.909	0.14909	0.00991	0.01
1981.9	9.9095	0.1491	0.00991	0.01
1982.0	9.91	0.1491	0.00991	0.01
1982.1	9.9105	0.14911	0.00991	0.01
1982.2	9.911	0.14911	0.00991	0.01
1982.3	9.9115	0.14912	0.00991	0.01
1982.4	9.912	0.14912	0.00991	0.01
1982.5	9.9125	0.14913	0.00991	0.01
1982.6	9.913	0.14913	0.00991	0.01
1982.7	9.9135	0.14914	0.00991	0.01
1982.8	9.914	0.14914	0.00991	0.01
1982.9	9.9145	0.14915	0.00991	0.01
1983.0	9.915	0.14915	0.00992	0.01
1983.1	9.9155	0.14916	0.00992	0.01
1983.2	9.916	0.14916	0.00992	0.01
1983.3	9.9165	0.14917	0.00992	0.01
1983.4	9.917	0.14917	0.00992	0.01
1983.5	9.9175	0.14918	0.00992	0.01
1983.6	9.918	0.14918	0.00992	0.01
1983.7	9.9185	0.14919	0.00992	0.01
1983.8	9.919	0.14919	0.00992	0.01
1983.9	9.9195	0.1492	0.00992	0.01
1984.0	9.92	0.1492	0.00992	0.01
1984.1	9.9205	0.14921	0.00992	0.01
1984.2	9.921	0.14921	0.00992	0.01
1984.3	9.9215	0.14922	0.00992	0.01
1984.4	9.922	0.14922	0.00992	0.01
1984.5	9.9225	0.14923	0.00992	0.01
1984.6	9.923	0.14923	0.00992	0.01
1984.7	9.9235	0.14924	0.00992	0.01
1984.8	9.924	0.14924	0.00992	0.01
1984.9	9.9245	0.14925	0.00992	0.01
1985.0	9.925	0.14925	0.00993	0.01
1985.1	9.9255	0.14926	0.00993	0.01
1985.2	9.926	0.14926	0.00993	0.01
1985.3	9.9265	0.14927	0.00993	0.01
1985.4	9.927	0.14927	0.00993	0.01
1985.5	9.9275	0.14928	0.00993	0.01
1985.6	9.928	0.14928	0.00993	0.01
1985.7	9.9285	0.14929	0.00993	0.01
1985.8	9.929	0.14929	0.00993	0.01
1985.9	9.9295	0.1493	0.00993	0.01
1986.0	9.93	0.1493	0.00993	0.01
1986.1	9.9305	0.14931	0.00993	0.01
1986.2	9.931	0.14931	0.00993	0.01
1986.3	9.9315	0.14932	0.00993	0.01
1986.4	9.932	0.14932	0.00993	0.01
1986.5	9.9325	0.14933	0.00993	0.01
1986.6	9.933	0.14933	0.00993	0.01
1986.7	9.9335	0.14934	0.00993	0.01
1986.8	9.934	0.14934	0.00993	0.01
1986.9	9.9345	0.14935	0.00993	0.01
1987.0	9.935	0.14935	0.00994	0.01
1987.1	9.9355	0.14936	0.00994	0.01
1987.2	9.936	0.14936	0.00994	0.01
1987.3	9.9365	0.14937	0.00994	0.01
1987.4	9.937	0.14937	0.00994	0.01
1987.5	9.9375	0.14938	0.00994	0.01
1987.6	9.938	0.14938	0.00994	0.01
1987.7	9.9385	0.14939	0.00994	0.01
1987.8	9.939	0.14939	0.00994	0.01
1987.9	9.9395	0.1494	0.00994	0.01
1988.0	9.94	0.1494	0.00994	0.01
1988.1	9.9405	0.14941	0.00994	0.01
1988.2	9.941	0.14941	0.00994	0.01
1988.3	9.9415	0.14942	0.00994	0.01
1988.4	9.942	0.14942	0.00994	0.01
1988.5	9.9425	0.14943	0.00994	0.01
1988.6	9.943	0.14943	0.00994	0.01
1988.7	9.9435	0.14944	0.00994	0.01
1988.8	9.944	0.14944	0.00994	0.01
1988.9	9.9445	0.14945	0.00994	0.01
1989.0	9.945	0.14945	0.00995	0.01
1989.1	9.9455	0.14946	0.00995	0.01
1989.2	9.946	0.14946	0.00995	0.01
1989.3	9.9465	0.14947	0.00995	0.01
1989.4	9.947	0.14947	0.00995	0.01
1989.5	9.9475	0.14948	0.00995	0.01
1989.6	9.948	0.14948	0.00995	0.01
1989.7	9.9485	0.14949	0.00995	0.01
1989.8	9.949	0.14949	0.00995	0.01
1989.9	9.9495	0.1495	0.00995	0.01
1990.0	9.95	0.1495	0.00995	0.01
1990.1	9.9505	0.14951	0.00995	0.01
1990.2	9.951	0.14951	0.00995	0.01
1990.3	9.9515	0.14952	0.00995	0.01
1990.4	9.952	0.14952	0.00995	0.01
1990.5	9.9525	0.14953	0.00995	0.01
1990.6	9.953	0.14953	0.00995	0.01
1990.7	9.9535	0.14954	0.00995	0.01
1990.8	9.954	0.14954	0.00995	0.01
1990.9	9.9545	0.14955	0.00995	0.01
1991.0	9.955	0.14955	0.00996	0.01
1991.1	9.9555	0.14956	0.00996	0.01
1991.2	9.956	0.14956	0.00996	0.01
1991.3	9.9565	0.14957	0.00996	0.01
1991.4	9.957	0.14957	0.00996	0.01
1991.5	9.9575	0.14958	0.00996	0.01
1991.6	9.958	0.14958	0.00996	0.01
1991.7	9.9585	0.14959	0.00996	0.01
1991.8	9.959	0.14959	0.00996	0.01
1991.9	9.9595	0.1496	0.00996	0.01
1992.0	9.96	0.1496	0.00996	0.01
1992.1	9.9605	0.14961	0.00996	0.01
1992.2	9.961	0.14961	0.00996	0.01
1992.3	9.9615	0.14962	0.00996	0.01
1992.4	9.962	0.14962	0.00996	0.01
1992.5	9.9625	0.14963	0.00996	0.01
1992.6	9.963	0.14963	0.00996	0.01
1992.7	9.9635	0.14964	0.00996	0.01
1992.8	9.964	0.14964	0.00996	0.01
1992.9	9.9645	0.14965	0.00996	0.01
1993.0	9.965	0.14965	0.00997	0.01
1993.1	9.9655	0.14966	0.00997	0.01
1993.2	9.966	0.14966	0.00997	0.01
1993.3	9.9665	0.14967	0.00997	0.01
1993.4	9.967	0.14967	0.00997	0.01
1993.5	9.9675	0.14968	0.00997	0.01
1993.6	9.968	0.14968	0.00997	0.01
1993.7	9.9685	0.14969	0.00997	0.01
1993.8	9.969	0.14969	0.00997	0.01
1993.9	9.9695	0.1497	0.00997	0.01
1994.0	9.97	0.1497	0.00997	0.01
1994.1	9.9705	0.14971	0.00997	0.01
1994.2	9.971	0.14971	0.00997	0.01
1994.3	9.9715	0.14972	0.00997	0.01
1994.4	9.972	0.14972	0.00997	0.01
1994.5	9.9725	0.14973	0.00997	0.01
1994.6	9.973	0.14973	0.00997	0.01
1994.7	9.9735	0.14974	0.00997	0.01
1994.8	9.974	0.14974	0.00997	0.01
1994.9	9.9745	0.14975	0.00997	0.01
1995.0	9.975	0.14975	0.00998	0.01
1995.1	9.9755	0.14976	0.00998	0.01
1995.2	9.976	0.14976	0.00998	0.01
1995.3	9.9765	0.14977	0.00998	0.01
1995.4	9.977	0.14977	0.00998	0.01
1995.5	9.9775	0.14978	0.00998	0.01
1995.6	9.978	0.14978	0.00998	0.01
1995.7	9.9785	0.14979	0.00998	0.01
1995.8	9.979	0.14979	0.00998	0.01
1995.9	9.9795	0.1498	0.00998	0.01
1996.0	9.98	0.1498	0.00998	0.01
1996.1	9.9805	0.14981	0.00998	0.01
1996.2	9.981	0.14981	0.00998	0.01
1996.3	9.9815	0.14982	0.00998	0.01
1996.4	9.982	0.14982	0.00998	0.01
1996.5	9.9825	0.14983	0.00998	0.01
1996.6	9.983	0.14983	0.00998	0.01
1996.7	9.9835	0.14984	0.00998	0.01
1996.8	9.984	0.14984	0.00998	0.01
1996.9	9.9845	0.14985	0.00998	0.01
1997.0	9.985	0.14985	0.00999	0.01
1997.1	9.9855	0.14986	0.00999	0.01
1997.2	9.986	0.14986	0.00999	0.01
1997.3	9.9865	0.14987	0.00999	0.01
1997.4	9.987	0.14987	0.00999	0.01
1997.5	9.9875	0.14988	0.00999	0.01
1997.6	9.988	0.14988	0.00999	0.01
1997.7	9.9885	0.14989	0.00999	0.01
1997.8	9.989	0.14989	0.00999	0.01
1997.9	9.9895	0.1499	0.00999	0.01
1998.0	9.99	0.1499	0.00999	0.01
1998.1	9.9905	0.14991	0.00999	0.01
1998.2	9.991	0.14991	0.00999	0.01
1998.3	9.9915	0.14992	0.00999	0.01
1998.4	9.992	0.14992	0.00999	0.01
1998.5	9.9925	0.14993	0.00999	0.01
1998.6	9.993	0.14993	0.00999	0.01
1998.7	9.9935	0.14994	0.00999	0.01
1998.8	9.994	0.14994	0.00999	0.01
1998.9	9.9945	0.14995	0.00999	0.01
1999.0	9.995	0.14995	0.01	0.01
1999.1	9.9955	0.14996	0.01	0.01
1999.2	9.996	0.14996	0.01	0.01
1999.3	9.9965	0.14997	0.01	0.01
1999.4	9.997	0.14997	0.01	0.01
1999.5	9.9975	0.14998	0.01	0.01
1999.6	9.998	0.14998	0.01	0.01
1999.7	9.9985	0.14999	0.01	0.01
1999.8	9.999	0.14999	0.01	0.01
1999.9	9.9995	0.15	0.01	0.01
2000.0	10.0	0.15	0.01	0.01
